# Blender v3.0.0 OBJ File: ''
# www.blender.org
mtllib gate.mtl
o movie
v 0.059710 4.579174 -0.173350
v 0.073472 4.609059 -0.179592
v 0.204548 4.608909 -0.179576
v 0.191168 4.579037 -0.173338
v 0.103043 4.673276 -0.193003
v 0.181736 4.844167 -0.228693
v 0.309819 4.843935 -0.228659
v 0.233299 4.673098 -0.192982
v 0.195177 4.873355 -0.234792
v 0.322967 4.873293 -0.234796
v 0.133128 4.449458 -0.146277
v 0.000000 4.449507 -0.146269
v 0.414427 4.608667 -0.179552
v 0.396797 4.578825 -0.173320
v 0.553165 4.843493 -0.228595
v 0.452316 4.672797 -0.192945
v 0.134552 4.392466 -0.134378
v 0.320324 4.449388 -0.146287
v 0.286670 4.392426 -0.134391
v 0.570233 4.872383 -0.234628
v 0.195215 4.871758 0.179459
v 0.195215 4.872854 0.251290
v 0.322280 4.872845 0.251290
v 0.322178 4.872658 0.174139
v 0.835376 4.871761 0.134122
v 0.872780 4.949778 0.073550
v 0.699930 4.980256 0.073550
v 0.687101 4.872051 0.146101
v 0.000000 4.872092 -0.177121
v 0.000000 4.872867 0.179459
v 0.195176 4.871865 -0.177121
v 0.350820 5.016950 0.073551
v 1.362662 4.752166 0.134122
v 1.690837 4.645535 0.134122
v 1.720088 4.725902 0.073550
v 1.386236 4.834377 0.073550
v 1.045630 4.919300 0.073550
v 1.027848 4.835644 0.134122
v 0.835241 4.871924 -0.132602
v 0.686984 4.873234 -0.144581
v 0.699930 4.980256 -0.073740
v 0.872780 4.949778 -0.073740
v 0.249619 5.024406 0.073551
v 0.323066 4.874288 -0.175020
v 0.350820 5.016950 -0.073740
v 1.362448 4.751420 -0.132602
v 1.386236 4.834377 -0.073740
v 1.720088 4.725902 -0.073740
v 1.690571 4.644806 -0.132602
v 1.027687 4.834885 -0.132602
v 1.045630 4.919300 -0.073740
v 0.131558 3.767306 -0.056137
v 0.000000 3.771899 -0.056137
v 0.000000 3.771899 -0.073740
v 0.131558 3.767306 -0.073740
v 1.290066 3.544426 -0.056137
v 1.039677 3.625783 -0.056137
v 1.039677 3.625783 -0.073740
v 1.290066 3.544426 -0.073740
v 0.654585 3.712333 -0.056137
v 0.524947 3.735192 -0.056137
v 0.524947 3.735192 -0.073740
v 0.654585 3.712333 -0.073740
v 0.784222 3.689475 -0.056137
v 0.784222 3.689475 -0.073740
v 0.835052 3.928611 -0.117349
v 1.107064 3.860790 -0.117349
v 1.373682 3.774160 -0.117349
v 0.000000 4.016378 -0.117349
v 0.140084 4.011486 -0.117349
v 0.558972 3.977290 -0.117349
v 0.697012 3.952951 -0.117349
v 1.107096 3.860901 0.118438
v 1.125020 3.923410 0.083660
v 0.848596 3.992331 0.083660
v 0.835076 3.928723 0.118438
v 1.373722 3.774269 0.118438
v 1.395962 3.835375 0.083660
v 0.140089 4.011601 0.118438
v 0.142357 4.076550 0.083660
v 0.000000 4.081521 0.083660
v 0.000000 4.016492 0.118438
v 0.697032 3.953063 0.118438
v 0.708317 4.017066 0.083660
v 0.568038 4.041800 0.083660
v 0.558988 3.977405 0.118438
v 0.697007 3.952918 -0.082589
v 0.558967 3.977257 -0.082589
v 0.577018 4.105696 -0.132220
v 0.719515 4.080571 -0.132220
v 1.107058 3.860769 -0.090389
v 0.835048 3.928589 -0.090389
v 0.835045 3.928578 -0.082589
v 1.107055 3.860758 -0.082589
v 1.373671 3.774129 -0.082589
v 1.373675 3.774140 -0.090389
v 0.140084 4.011464 -0.090389
v 0.000000 4.016356 -0.090389
v 0.000000 4.016344 -0.082589
v 0.140083 4.011453 -0.082589
v 0.697008 3.952929 -0.090389
v 0.558969 3.977268 -0.090389
v 1.125020 3.923410 0.065119
v 0.848596 3.992331 0.065119
v 1.395962 3.835375 0.065119
v 0.142357 4.076550 0.065119
v 0.000000 4.081521 0.065119
v 0.708317 4.017066 0.065119
v 0.568038 4.041800 0.065119
v 0.781688 4.433171 0.172356
v 0.781688 4.433171 0.184121
v 0.511336 4.472612 0.184081
v 0.511336 4.472612 0.172306
v 1.227162 4.279621 -0.199164
v 0.925641 4.354799 -0.199164
v 0.954715 4.491582 -0.196938
v 1.265707 4.414043 -0.196938
v 1.512021 4.268503 -0.197930
v 1.460254 4.203884 -0.199164
v 1.211355 4.224495 -0.186620
v 0.913718 4.298704 -0.186620
v 1.421868 4.156095 -0.186620
v 0.762674 4.325338 -0.186620
v 0.611630 4.351970 -0.186620
v 0.619611 4.408760 -0.199164
v 0.772626 4.381779 -0.199164
v 0.280166 4.006562 -0.082589
v 0.140655 4.146050 -0.134081
v 0.289214 4.135947 -0.132220
v 1.305732 3.857857 -0.105040
v 1.392774 3.826615 -0.103962
v 0.862012 4.055445 -0.132220
v 1.142806 3.985435 -0.132220
v 0.835241 4.871924 -0.293534
v 0.686988 4.873185 -0.293534
v 1.362448 4.751420 -0.293534
v 1.690571 4.644806 -0.293534
v 1.027687 4.834885 -0.293534
v 0.639073 4.544547 -0.196938
v 0.792849 4.520680 -0.196938
v 1.362662 4.752166 0.294625
v 1.027848 4.835644 0.294625
v 1.690837 4.645535 0.294625
v 0.835376 4.871761 0.294625
v 0.794406 4.871576 0.257550
v 0.794565 4.871854 0.293978
v 1.241555 4.329814 0.172182
v 1.540563 4.232661 0.172182
v 1.540563 4.232661 0.183898
v 1.241555 4.329814 0.183898
v 0.936498 4.405874 0.184121
v 0.936498 4.405874 0.172355
v 0.157102 4.498805 0.174287
v 0.000000 4.504278 0.175298
v 0.000000 4.504303 0.131047
v 0.157102 4.498817 0.131047
v 0.789347 4.525447 0.227643
v 0.573288 4.556636 0.227647
v 1.266087 4.415368 0.227421
v 1.571003 4.316294 0.227424
v 0.964229 4.491436 0.227642
v 1.341816 4.679051 -0.277697
v 1.011393 4.758836 -0.277697
v 1.664335 4.572722 -0.277698
v 0.825811 4.795176 -0.277697
v 0.678913 4.817921 -0.277697
v 0.641540 4.561210 -0.232348
v 0.794407 4.537090 -0.232081
v 1.269641 4.427764 -0.231715
v 1.575413 4.328413 -0.231715
v 1.570531 4.314999 -0.196938
v 0.957683 4.505544 -0.231715
v 1.039677 3.625783 0.073550
v 0.784222 3.689475 0.073550
v 0.784222 3.689475 0.055948
v 1.039677 3.625783 0.055948
v 0.654585 3.712333 0.073550
v 0.524947 3.735192 0.073550
v 0.524947 3.735192 0.055948
v 0.654585 3.712333 0.055948
v 1.290066 3.544426 0.055948
v 1.044835 3.643771 0.052093
v 1.296466 3.562010 0.052093
v 1.290066 3.544426 0.073550
v 0.131558 3.767306 0.073550
v 0.000000 3.771899 0.073551
v 0.000000 3.771899 0.055948
v 0.131558 3.767306 0.055948
v 0.788113 3.707779 -0.052282
v 0.657832 3.730751 -0.052282
v 0.788113 3.707779 0.052093
v 1.044835 3.643771 -0.052282
v 0.657832 3.730751 0.052093
v 0.527552 3.753723 0.052093
v 0.527552 3.753723 -0.052282
v 1.296466 3.562010 -0.052282
v 0.132210 3.785995 0.052093
v 0.000000 3.790612 0.052093
v 0.000000 3.790612 -0.052282
v 0.132210 3.785995 -0.052282
v 0.263115 3.762712 -0.056137
v 0.264420 3.781379 -0.052282
v 0.263115 3.762712 0.055948
v 0.264420 3.781379 0.052093
v 0.263115 3.762712 0.073550
v 0.395675 4.574554 -0.196941
v 0.403785 4.588772 -0.229573
v 0.547801 4.834694 -0.277697
v 0.570163 4.872884 -0.285552
v 0.311704 4.383328 -0.186622
v 0.316890 4.440373 -0.199167
v 0.284713 4.071579 0.065119
v 0.284713 4.071579 0.083660
v 0.280167 4.006573 -0.090389
v 0.000000 4.392417 -0.134349
v 0.280177 4.006710 0.118438
v 0.263115 3.762712 -0.073740
v 0.280169 4.006595 -0.117349
v 0.000000 4.146089 -0.132220
v 0.283866 4.385221 -0.186971
v 0.320413 4.582115 0.188395
v 0.160207 4.587709 0.188395
v 0.572176 4.554698 0.188382
v 0.000000 4.872867 0.251290
v 0.314205 4.493331 0.173275
v 0.314205 4.493331 0.131047
v 0.511336 4.472612 0.131047
v 0.000000 4.593303 0.188395
v 0.249619 5.024406 -0.073740
v 0.802156 4.600630 -0.240222
v 0.970972 4.568064 -0.239930
v 0.441073 4.648878 -0.239906
v 0.650713 4.624220 -0.239906
v 1.287244 4.489151 -0.239919
v 1.597230 4.388354 -0.239906
v 0.000000 4.844497 -0.228741
v 0.000000 4.873451 -0.234786
v 0.726120 4.118032 -0.140546
v 0.869925 4.092675 -0.140546
v 0.162573 4.182654 -0.142176
v 0.163063 4.183209 -0.090696
v 0.292656 4.173807 -0.140546
v 0.582315 4.143387 -0.140546
v 1.153297 4.022022 -0.140546
v 1.282274 3.980114 -0.140546
v 1.260518 3.947188 -0.132220
v 0.000000 4.579234 -0.173356
v 0.000000 4.609143 -0.179600
v 0.000000 4.673418 -0.193020
v -0.000490 4.182177 -0.142047
v 0.000000 4.182732 -0.090568
v 1.459765 4.203232 -0.150199
v 1.431049 3.931774 -0.140546
v 1.418031 3.896008 -0.132220
v 1.503089 4.129704 -0.186620
v 1.548743 4.255137 -0.197952
v 1.548743 4.255137 -0.100677
v 1.512071 4.268485 -0.100655
v 1.521653 4.180707 -0.150199
v 0.697010 3.952940 -0.109583
v 0.835050 3.928601 -0.109583
v 0.699449 3.966773 -0.106092
v 0.837972 3.942348 -0.106092
v 0.140084 4.011475 -0.109583
v 0.280168 4.006584 -0.109583
v 0.699448 3.966762 -0.093879
v 0.560925 3.991187 -0.093879
v 0.558971 3.977280 -0.109583
v 0.560927 3.991198 -0.106092
v 1.110932 3.874279 -0.093879
v 0.837970 3.942338 -0.093879
v 0.000000 4.016366 -0.109583
v 0.281147 4.020594 -0.093879
v 1.107061 3.860780 -0.109583
v 1.373678 3.774150 -0.109583
v 1.110935 3.874290 -0.106092
v 0.281148 4.020605 -0.106092
v 0.140574 4.025514 -0.106092
v 0.140574 4.025502 -0.093879
v 0.000000 4.030422 -0.106092
v 0.000000 4.030411 -0.093879
v 1.378482 3.787348 -0.093879
v 1.378486 3.787358 -0.106092
v 2.897696 3.546231 -0.173350
v 2.796906 3.630626 -0.173338
v 2.805857 3.662109 -0.179576
v 2.906364 3.577971 -0.179592
v 2.924989 3.646172 -0.193003
v 2.825092 3.729762 -0.192982
v 2.876287 3.909816 -0.228659
v 2.974553 3.827664 -0.228693
v 2.885085 3.940758 -0.234796
v 2.983019 3.858664 -0.234792
v 2.860088 3.408520 -0.146269
v 2.758075 3.494055 -0.146277
v 2.639249 3.762639 -0.173320
v 2.644924 3.796832 -0.179552
v 2.657122 3.870313 -0.192945
v 2.689589 4.065898 -0.228595
v 2.720350 3.451313 -0.134379
v 2.603795 3.549062 -0.134391
v 2.614630 3.614329 -0.146287
v 2.695084 4.099000 -0.234628
v 2.981963 3.857465 0.179459
v 2.885282 3.939764 0.174139
v 2.885324 3.939973 0.251290
v 2.982667 3.858304 0.251290
v 2.491573 4.268954 0.134122
v 2.605344 4.173867 0.146101
v 2.665070 4.265003 0.073550
v 2.513068 4.352762 0.073550
v 3.131721 3.732239 -0.177121
v 2.982061 3.857522 -0.177121
v 3.132219 3.732833 0.179459
v 2.956090 4.068709 0.073551
v 2.010774 4.516272 0.134122
v 2.045560 4.594403 0.073550
v 2.320915 4.365006 0.134122
v 2.361066 4.440520 0.073550
v 2.491781 4.268993 -0.132602
v 2.513068 4.352762 -0.073740
v 2.665070 4.265003 -0.073740
v 2.606194 4.174698 -0.144581
v 3.038407 4.009370 0.073551
v 2.956090 4.068709 -0.073740
v 2.885649 3.941584 -0.175019
v 2.010458 4.515563 -0.132602
v 2.045560 4.594403 -0.073740
v 2.361066 4.440520 -0.073740
v 2.320551 4.364322 -0.132602
v 2.320799 2.970487 -0.056138
v 2.320799 2.970487 -0.073741
v 2.424531 2.889443 -0.073741
v 2.424531 2.889443 -0.056138
v 1.534170 3.445802 -0.073740
v 1.534170 3.445802 -0.056137
v 1.884801 3.264571 -0.056137
v 1.884801 3.264571 -0.073740
v 1.998802 3.198752 -0.073740
v 1.998802 3.198752 -0.056137
v 1.770800 3.330390 -0.073740
v 1.770800 3.330390 -0.056137
v 1.633608 3.669144 -0.117349
v 1.885576 3.546252 -0.117349
v 2.471223 3.163021 -0.117349
v 2.581678 3.076724 -0.117349
v 2.006966 3.476167 -0.117349
v 2.128356 3.406081 -0.117349
v 1.633655 3.669249 0.118438
v 1.885629 3.546353 0.118438
v 1.916158 3.603770 0.083660
v 1.660104 3.728655 0.083660
v 2.471294 3.163111 0.118438
v 2.581752 3.076812 0.118437
v 2.623551 3.126626 0.083660
v 2.511305 3.214323 0.083660
v 2.007023 3.476266 0.118438
v 2.128417 3.406179 0.118438
v 2.162877 3.461326 0.083660
v 2.039518 3.532548 0.083660
v 2.006949 3.476138 -0.082589
v 2.071760 3.588394 -0.132220
v 2.197069 3.516046 -0.132220
v 2.128338 3.406053 -0.082589
v 1.633599 3.669123 -0.090389
v 1.633595 3.669113 -0.082589
v 1.885560 3.546222 -0.082589
v 1.885565 3.546233 -0.090389
v 2.471210 3.163004 -0.090389
v 2.471203 3.162995 -0.082589
v 2.581657 3.076698 -0.082589
v 2.581664 3.076707 -0.090389
v 2.006955 3.476147 -0.090389
v 2.128344 3.406063 -0.090389
v 1.916158 3.603770 0.065119
v 1.660104 3.728655 0.065119
v 2.623551 3.126626 0.065119
v 2.511305 3.214323 0.065119
v 2.162877 3.461326 0.065119
v 2.039518 3.532548 0.065119
v 2.250780 3.898465 0.172355
v 2.386917 3.819866 0.172182
v 2.386917 3.819866 0.183898
v 2.250780 3.898465 0.184121
v 1.810827 4.067184 -0.199164
v 1.867705 4.194934 -0.196938
v 2.155779 4.054430 -0.196938
v 2.090129 3.930959 -0.199164
v 1.583585 4.158995 -0.199164
v 1.585466 4.241771 -0.197930
v 1.787502 4.014795 -0.186620
v 2.063205 3.880325 -0.186620
v 1.582273 4.097713 -0.186620
v 2.196032 3.803638 -0.186620
v 2.224688 3.853272 -0.199164
v 2.359246 3.775584 -0.199164
v 2.328857 3.726950 -0.186620
v 2.360749 3.249292 -0.082589
v 2.436985 3.354222 -0.132220
v 2.557282 3.266470 -0.134081
v 1.479534 3.794598 -0.105040
v 1.686349 3.787601 -0.132220
v 1.946451 3.660742 -0.132220
v 2.491781 4.268993 -0.293534
v 2.606160 4.174664 -0.293534
v 2.010458 4.515563 -0.293534
v 2.320551 4.364322 -0.293534
v 2.298480 3.972675 -0.196938
v 2.431620 3.892113 -0.196938
v 2.010774 4.516272 0.294625
v 2.320915 4.365006 0.294625
v 2.491573 4.268955 0.294625
v 2.605379 4.173902 0.292273
v 1.832065 4.114886 0.172182
v 1.832065 4.114886 0.183898
v 2.114643 3.977064 0.172355
v 2.114643 3.977064 0.184121
v 2.771429 3.547268 0.174287
v 2.771437 3.547277 0.131047
v 2.895311 3.450496 0.131047
v 2.895294 3.450477 0.175298
v 2.304226 3.974076 0.227643
v 2.442241 3.890784 0.227642
v 2.695905 4.098459 0.251213
v 1.868265 4.196192 0.227421
v 2.148397 4.060434 0.227643
v 1.979746 4.446864 -0.277697
v 2.284149 4.295591 -0.277697
v 2.449672 4.204138 -0.277697
v 2.576823 4.127138 -0.277697
v 2.307834 3.986247 -0.232081
v 2.440441 3.906463 -0.232348
v 1.873510 4.207973 -0.231715
v 2.162480 4.067034 -0.231715
v 1.534170 3.445802 0.073550
v 1.534170 3.445802 0.055948
v 1.770800 3.330390 0.055948
v 1.770800 3.330390 0.073550
v 1.884801 3.264571 0.073550
v 1.884801 3.264571 0.055948
v 1.998802 3.198752 0.055948
v 1.998802 3.198752 0.073550
v 1.541781 3.462897 0.052093
v 2.320799 2.970487 0.073549
v 2.320799 2.970487 0.055947
v 2.424531 2.889443 0.055947
v 2.424531 2.889443 0.073550
v 1.894152 3.280767 -0.052282
v 1.779585 3.346913 -0.052282
v 1.541781 3.462897 -0.052282
v 1.779585 3.346913 0.052093
v 1.894152 3.280767 0.052093
v 2.008719 3.214622 -0.052282
v 2.008719 3.214622 0.052093
v 2.332312 2.985223 0.052092
v 2.332312 2.985223 -0.052283
v 2.436558 2.903777 -0.052283
v 2.436558 2.903777 0.052092
v 2.228066 3.066670 -0.052283
v 2.217067 3.051531 -0.056138
v 2.228066 3.066670 0.052093
v 2.217067 3.051531 0.055947
v 2.217067 3.051531 0.073550
v 2.640289 3.774751 -0.229573
v 2.637362 3.758647 -0.196941
v 2.695459 4.099339 -0.285552
v 2.688042 4.055710 -0.277697
v 2.635100 3.759753 0.226160
v 2.695961 4.098774 0.287631
v 2.617920 3.664053 0.172479
v 2.617920 3.664053 0.184279
v 2.611465 3.605215 -0.199167
v 2.578771 3.558183 -0.186622
v 2.399058 3.302020 0.083660
v 2.399058 3.302020 0.065119
v 2.360755 3.249300 -0.090389
v 2.823392 3.364787 -0.134349
v 2.360836 3.249411 0.118438
v 2.360768 3.249318 -0.117349
v 2.217067 3.051531 -0.073740
v 2.665055 3.176089 -0.132220
v 2.601312 3.541740 -0.186971
v 2.699877 3.716061 0.188395
v 2.826198 3.617368 0.188395
v 2.635100 3.759753 0.188395
v 3.132219 3.732833 0.251290
v 2.617920 3.664053 0.131047
v 2.647563 3.644058 0.131047
v 2.647563 3.644058 0.173275
v 2.952519 3.518675 0.188395
v 3.038407 4.009370 -0.073740
v 2.192487 4.123468 -0.239930
v 2.342741 4.039903 -0.240222
v 2.473916 3.960628 -0.239906
v 2.650360 3.844762 -0.239906
v 1.899485 4.266314 -0.239919
v 3.113983 3.711100 -0.228741
v 3.132594 3.733280 -0.234786
v 1.964320 3.694348 -0.140546
v 2.090779 3.621336 -0.140546
v 2.564002 3.309339 -0.090696
v 2.564020 3.308599 -0.142176
v 2.458684 3.385437 -0.140546
v 2.217239 3.548324 -0.140546
v 1.571591 3.833967 -0.132220
v 1.576089 3.873174 -0.140546
v 1.701830 3.822372 -0.140546
v 2.943475 3.507897 -0.173356
v 2.962701 3.530809 -0.179600
v 3.004015 3.580046 -0.193020
v 2.688609 3.204159 -0.090568
v 2.688627 3.203418 -0.142047
v 1.583541 4.158182 -0.150199
v 1.585415 4.241790 -0.100655
v 1.885570 3.546242 -0.109583
v 2.006960 3.476157 -0.109583
v 1.892169 3.558652 -0.106092
v 2.013983 3.488322 -0.106092
v 2.360762 3.249310 -0.109583
v 2.471216 3.163013 -0.109583
v 2.135792 3.417982 -0.093879
v 2.013978 3.488312 -0.093879
v 2.128350 3.406072 -0.109583
v 2.135798 3.417992 -0.106092
v 1.892164 3.558642 -0.093879
v 1.639316 3.681963 -0.093879
v 2.581671 3.076715 -0.109584
v 2.369017 3.260671 -0.093879
v 1.633604 3.669134 -0.109583
v 1.639320 3.681974 -0.106092
v 2.369023 3.260680 -0.106092
v 2.479857 3.174073 -0.093879
v 2.479864 3.174081 -0.106092
v 2.590699 3.087474 -0.093879
v 2.590705 3.087482 -0.106092
v 2.114643 3.977064 0.131047
v 2.250780 3.898465 0.131047
v 2.386917 3.819866 0.131047
v 1.832065 4.114886 0.131047
v 1.540563 4.232661 0.131047
v 0.936498 4.405874 0.131047
v 0.781688 4.433171 0.131047
v 0.511336 4.472612 0.131047
v 1.241555 4.329814 0.131047
v 2.989176 3.469470 -0.173350
v 3.018929 3.483517 -0.179592
v 3.119242 3.399148 -0.179576
v 3.089792 3.384866 -0.173338
v 3.082860 3.513702 -0.193003
v 3.252988 3.594029 -0.228693
v 3.350956 3.511521 -0.228659
v 3.182527 3.429839 -0.192982
v 3.282046 3.607750 -0.234792
v 3.379900 3.525560 -0.234796
v 2.962038 3.322909 -0.146277
v 3.279864 3.264055 -0.179552
v 3.247176 3.252527 -0.173320
v 3.537086 3.354763 -0.228595
v 3.350110 3.288827 -0.192945
v 2.926496 3.278336 -0.134378
v 3.105394 3.202529 -0.146287
v 3.042999 3.180526 -0.134391
v 3.568731 3.365923 -0.234628
v 3.281049 3.606501 0.179459
v 3.281754 3.607341 0.251290
v 3.379085 3.525658 0.251290
v 3.378887 3.525580 0.174139
v 3.771442 3.195016 0.134122
v 3.850244 3.230738 0.073550
v 3.737424 3.365191 0.073550
v 3.658044 3.290547 0.146101
v 3.281088 3.606608 -0.177121
v 3.493576 3.617704 0.073551
v 4.098493 2.764468 0.134121
v 4.281348 2.471837 0.134121
v 4.355415 2.514600 0.073549
v 4.169395 2.812293 0.073549
v 3.963064 3.096284 0.073550
v 3.895669 3.043630 0.134121
v 3.771444 3.195228 -0.132602
v 3.658714 3.291529 -0.144581
v 3.737424 3.365191 -0.073740
v 3.850244 3.230738 -0.073740
v 3.420846 3.688466 0.073551
v 3.380615 3.526258 -0.175020
v 3.493576 3.617704 -0.073740
v 4.097849 2.764034 -0.132603
v 4.169395 2.812293 -0.073741
v 4.355415 2.514600 -0.073741
v 4.280676 2.471450 -0.132603
v 3.895058 3.043152 -0.132603
v 3.963064 3.096284 -0.073740
v 2.522356 2.801360 -0.056138
v 2.522356 2.801360 -0.073741
v 3.266561 1.885950 -0.056138
v 3.127047 2.109220 -0.056138
v 3.127047 2.109220 -0.073741
v 3.266561 1.885950 -0.073741
v 2.887683 2.423053 -0.056138
v 2.803068 2.523893 -0.056138
v 2.803068 2.523893 -0.073741
v 2.887683 2.423053 -0.073741
v 2.972298 2.322213 -0.056138
v 2.972298 2.322213 -0.073741
v 3.164950 2.472729 -0.117350
v 3.329728 2.245930 -0.117350
v 3.478285 2.008189 -0.117350
v 2.685844 2.982932 -0.117350
v 2.984750 2.687481 -0.117350
v 3.074850 2.580105 -0.117350
v 3.329824 2.245994 0.118437
v 3.383734 2.282357 0.083659
v 3.216283 2.512835 0.083659
v 3.165040 2.472800 0.118437
v 3.478385 2.008246 0.118437
v 3.534701 2.040760 0.083659
v 2.685921 2.983017 0.118437
v 2.729407 3.031313 0.083659
v 3.074938 2.580178 0.118437
v 3.124722 2.621953 0.083659
v 3.033161 2.731070 0.083659
v 2.984836 2.687558 0.118437
v 3.074825 2.580084 -0.082590
v 2.984725 2.687459 -0.082590
v 3.081112 2.774246 -0.132221
v 3.174121 2.663403 -0.132221
v 3.329710 2.245917 -0.090390
v 3.164932 2.472716 -0.090390
v 3.164923 2.472709 -0.082590
v 3.329701 2.245911 -0.082590
v 3.478256 2.008172 -0.082590
v 3.478266 2.008178 -0.090390
v 2.685830 2.982916 -0.090390
v 2.685822 2.982907 -0.082590
v 3.074834 2.580091 -0.090390
v 2.984734 2.687466 -0.090390
v 3.383734 2.282357 0.065118
v 3.216283 2.512835 0.065118
v 3.534701 2.040760 0.065118
v 2.729407 3.031313 0.065118
v 3.124722 2.621953 0.065118
v 3.033161 2.731070 0.065118
v 3.448395 2.893547 0.172354
v 3.448395 2.893547 0.184120
v 3.347350 3.013967 0.183897
v 3.347350 3.013967 0.172181
v 3.690948 2.489575 -0.199165
v 3.508293 2.740979 -0.199165
v 3.618487 2.827072 -0.196939
v 3.806880 2.567772 -0.196939
v 3.902016 2.297955 -0.197931
v 3.820824 2.281729 -0.199165
v 3.643405 2.457507 -0.186621
v 3.463102 2.705672 -0.186621
v 3.760700 2.269794 -0.186621
v 3.364516 2.823163 -0.186621
v 3.265928 2.940654 -0.186621
v 3.308546 2.979028 -0.199165
v 3.408419 2.860003 -0.199165
v 2.789988 2.889117 -0.082590
v 2.772777 3.085647 -0.134081
v 2.880086 2.982416 -0.132221
v 3.480031 2.115981 -0.105041
v 3.526628 2.036099 -0.103963
v 3.267130 2.552561 -0.132221
v 3.437228 2.318439 -0.132221
v 3.771444 3.195228 -0.293534
v 3.658686 3.291489 -0.293534
v 4.097849 2.764034 -0.293535
v 4.280676 2.471450 -0.293535
v 3.895058 3.043152 -0.293534
v 3.410737 3.070537 -0.196938
v 3.513195 2.953408 -0.196939
v 4.098493 2.764468 0.294624
v 3.895669 3.043630 0.294625
v 4.281348 2.471837 0.294624
v 3.771443 3.195017 0.294625
v 3.658072 3.290587 0.292273
v 3.734237 2.518774 0.172181
v 3.900841 2.252151 0.172181
v 3.900841 2.252151 0.183897
v 3.734237 2.518774 0.183897
v 3.549440 2.773126 0.184120
v 3.549440 2.773126 0.172354
v 3.012124 3.345301 0.174287
v 3.012131 3.345310 0.131047
v 3.513576 2.959311 0.227642
v 3.407583 3.080765 0.227643
v 3.568056 3.366638 0.251203
v 3.808022 2.568543 0.227420
v 3.977918 2.296652 0.227423
v 3.625682 2.820845 0.227641
v 4.035526 2.721858 -0.277698
v 3.833693 2.995369 -0.277698
v 4.214243 2.433095 -0.277699
v 3.714887 3.142497 -0.277698
v 3.616977 3.254345 -0.277697
v 3.423337 3.081715 -0.232348
v 3.524936 2.964977 -0.232082
v 3.818713 2.575755 -0.231716
v 3.989086 2.303100 -0.231716
v 3.976725 2.295963 -0.196939
v 3.629735 2.835860 -0.231716
v 3.127047 2.109220 0.073549
v 2.972298 2.322213 0.073549
v 2.972298 2.322213 0.055947
v 3.127047 2.109220 0.055947
v 2.887683 2.423053 0.073549
v 2.803068 2.523893 0.073549
v 2.803068 2.523893 0.055947
v 2.887683 2.423053 0.055947
v 3.266561 1.885950 0.055947
v 3.142560 2.119684 0.052092
v 3.282766 1.895306 0.052092
v 3.266561 1.885950 0.073549
v 2.522356 2.801360 0.073549
v 2.522356 2.801360 0.055947
v 2.987044 2.333734 -0.052283
v 2.902009 2.435075 -0.052283
v 2.987044 2.333734 0.052092
v 3.142560 2.119684 -0.052283
v 2.902009 2.435075 0.052092
v 2.816974 2.536415 0.052092
v 2.816974 2.536415 -0.052283
v 3.282766 1.895306 -0.052283
v 2.534869 2.815257 0.052092
v 2.534869 2.815257 -0.052283
v 2.620182 2.713278 -0.056138
v 2.633181 2.726738 -0.052283
v 2.620182 2.713278 0.055947
v 2.633181 2.726738 0.052092
v 2.620182 2.713278 0.073549
v 3.243572 3.249977 -0.196941
v 3.258923 3.255656 -0.229573
v 3.527321 3.351470 -0.277697
v 3.568999 3.366352 -0.285552
v 3.568356 3.366748 0.287631
v 3.247152 3.248712 0.227660
v 3.153791 3.214404 0.184279
v 3.153791 3.214404 0.172479
v 3.056328 3.157465 -0.186622
v 3.096968 3.197830 -0.199167
v 2.835263 2.936001 0.065118
v 2.835263 2.936001 0.083659
v 2.789996 2.889125 -0.090390
v 2.790091 2.889223 0.118437
v 2.620182 2.713278 -0.073741
v 2.790011 2.889141 -0.117350
v 3.036220 3.176809 -0.186971
v 3.190777 3.304147 0.188395
v 3.071648 3.411410 0.188395
v 3.245054 3.247941 0.188395
v 3.128952 3.240124 0.173275
v 3.128952 3.240125 0.131047
v 3.153791 3.214404 0.131047
v 3.420846 3.688466 -0.073740
v 3.571715 3.008671 -0.240223
v 3.680103 2.875211 -0.239931
v 3.326122 3.277731 -0.239906
v 3.470867 3.124088 -0.239906
v 3.871657 2.611465 -0.239920
v 4.044329 2.334994 -0.239907
v 3.203260 2.687854 -0.140547
v 3.297122 2.575993 -0.140547
v 2.813096 3.099599 -0.142176
v 2.813829 3.099709 -0.090696
v 2.907058 3.009206 -0.140547
v 3.109398 2.799714 -0.140547
v 3.468782 2.339723 -0.140547
v 3.540648 2.224714 -0.140547
v 3.502816 2.213476 -0.132221
v 2.687876 3.204048 -0.142047
v 3.820030 2.281543 -0.150200
v 3.623543 2.092053 -0.140547
v 3.590580 2.073023 -0.132221
v 3.805956 2.197370 -0.186621
v 3.921556 2.264111 -0.197953
v 3.921556 2.264111 -0.100678
v 3.902043 2.297908 -0.100656
v 3.852960 2.224507 -0.150200
v 3.074841 2.580098 -0.109584
v 3.164941 2.472723 -0.109584
v 3.085602 2.589127 -0.106093
v 3.176017 2.481376 -0.106093
v 2.685837 2.982924 -0.109584
v 2.790004 2.889133 -0.109584
v 3.085593 2.589120 -0.093880
v 2.995179 2.696871 -0.093880
v 2.984743 2.687474 -0.109584
v 2.995188 2.696878 -0.106093
v 3.341362 2.253777 -0.093880
v 3.176008 2.481369 -0.093880
v 2.799759 2.899235 -0.093880
v 3.329719 2.245924 -0.109584
v 3.478275 2.008183 -0.109584
v 3.341372 2.253783 -0.106093
v 2.799767 2.899243 -0.106093
v 2.695236 2.993363 -0.106093
v 2.695229 2.993355 -0.093880
v 3.490439 2.015205 -0.093880
v 3.490448 2.015211 -0.106093
v 4.499237 0.853968 -0.173351
v 4.476276 0.983405 -0.173339
v 4.503369 1.001768 -0.179577
v 4.526279 0.872711 -0.179593
v 4.584385 0.912983 -0.193004
v 4.561590 1.041229 -0.192983
v 4.716545 1.146252 -0.228660
v 4.739014 1.020155 -0.228694
v 4.743173 1.164299 -0.234797
v 4.765426 1.038461 -0.234793
v 4.381909 0.772649 -0.146270
v 4.358743 0.903745 -0.146278
v 4.440359 1.185873 -0.173321
v 4.466686 1.208418 -0.179553
v 4.523263 1.256867 -0.192946
v 4.673853 1.385825 -0.228596
v 4.302370 0.895252 -0.134379
v 4.275916 1.045052 -0.134392
v 4.326168 1.088085 -0.146288
v 4.699340 1.407650 -0.234629
v 4.763847 1.038221 0.179458
v 4.742685 1.163411 0.174138
v 4.742851 1.163544 0.251289
v 4.764925 1.038411 0.251289
v 4.652686 1.668656 0.134121
v 4.678720 1.522685 0.146100
v 4.783053 1.554108 0.073549
v 4.723023 1.719040 0.073549
v 4.798074 0.846030 -0.177122
v 4.763958 1.038201 -0.177122
v 4.798838 0.846165 0.179458
v 4.879812 1.216674 0.073550
v 4.443346 2.167165 0.134121
v 4.520215 2.204656 0.073549
v 4.583696 1.851934 0.134121
v 4.662993 1.883971 0.073549
v 4.652871 1.668552 -0.132603
v 4.723023 1.719040 -0.073741
v 4.783053 1.554108 -0.073741
v 4.679904 1.522774 -0.144582
v 4.904728 1.118306 0.073550
v 4.879812 1.216674 -0.073741
v 4.744136 1.164569 -0.175020
v 4.442648 2.166824 -0.132603
v 4.520215 2.204656 -0.073741
v 4.662993 1.883971 -0.073741
v 4.582977 1.851643 -0.132603
v 3.687227 0.783744 -0.056138
v 3.687227 0.783744 -0.073741
v 3.714596 0.654983 -0.073741
v 3.714596 0.654983 -0.056138
v 3.390161 1.653492 -0.073741
v 3.390161 1.653492 -0.056138
v 3.542267 1.289280 -0.056138
v 3.542267 1.289280 -0.073741
v 3.587289 1.165581 -0.073741
v 3.587289 1.165581 -0.056138
v 3.497245 1.412979 -0.073741
v 3.497245 1.412979 -0.056138
v 3.609896 1.760664 -0.117350
v 3.723921 1.504562 -0.117350
v 3.926217 0.834543 -0.117350
v 3.955360 0.697437 -0.117350
v 3.771861 1.372846 -0.117350
v 3.819802 1.241129 -0.117350
v 3.610000 1.760714 0.118437
v 3.724027 1.504605 0.118437
v 3.784321 1.528965 0.083659
v 3.668447 1.789221 0.083659
v 3.926329 0.834567 0.118437
v 3.955473 0.697457 0.118437
v 4.019514 0.708749 0.083659
v 3.989898 0.848079 0.083659
v 3.771969 1.372885 0.118437
v 3.819911 1.241165 0.118437
v 3.881757 1.261259 0.083659
v 3.833039 1.395112 0.083659
v 3.771831 1.372834 -0.082590
v 3.893636 1.417168 -0.132221
v 3.943123 1.281199 -0.132221
v 3.819771 1.241119 -0.082590
v 3.609876 1.760654 -0.090390
v 3.609866 1.760650 -0.082590
v 3.723890 1.504549 -0.082590
v 3.723901 1.504554 -0.090390
v 3.926196 0.834539 -0.090390
v 3.926185 0.834536 -0.082590
v 3.955328 0.697431 -0.082590
v 3.955338 0.697433 -0.090390
v 3.771841 1.372838 -0.090390
v 3.819781 1.241122 -0.090390
v 3.784321 1.528965 0.065118
v 3.668447 1.789221 0.065118
v 4.019514 0.708749 0.065118
v 3.989898 0.848079 0.065118
v 3.881757 1.261259 0.065118
v 3.833039 1.395112 0.065118
v 4.230083 1.539624 0.172354
v 4.283847 1.391906 0.172181
v 4.283847 1.391906 0.183897
v 4.230083 1.539624 0.184120
v 4.001510 1.951667 -0.199165
v 4.127196 2.012968 -0.196939
v 4.257560 1.720166 -0.196939
v 4.127903 1.667781 -0.199165
v 3.886447 2.168066 -0.199165
v 3.941095 2.230268 -0.197931
v 3.949966 1.926527 -0.186621
v 4.074732 1.646298 -0.186621
v 3.846050 2.121964 -0.186621
v 4.127189 1.502174 -0.186621
v 4.181045 1.521776 -0.199165
v 4.234186 1.375771 -0.199165
v 4.179645 1.358049 -0.186621
v 3.897043 0.971642 -0.082590
v 4.022891 1.003019 -0.132221
v 4.058637 0.858472 -0.134082
v 3.572510 1.955804 -0.105041
v 3.726441 1.817507 -0.132221
v 3.844146 1.553136 -0.132221
v 4.652871 1.668552 -0.293535
v 4.679856 1.522771 -0.293535
v 4.442648 2.166824 -0.293535
v 4.582977 1.851643 -0.293535
v 4.314324 1.565811 -0.196939
v 4.364531 1.418516 -0.196939
v 4.443346 2.167165 0.294624
v 4.583696 1.851934 0.294624
v 4.652686 1.668657 0.294624
v 4.678769 1.522689 0.292272
v 4.048441 1.974557 0.172181
v 4.048441 1.974557 0.183897
v 4.176318 1.687342 0.172354
v 4.176318 1.687342 0.184120
v 4.403177 0.935925 0.174286
v 4.403190 0.935927 0.131046
v 4.435873 0.782164 0.131046
v 4.435848 0.782160 0.175297
v 4.319626 1.563191 0.227641
v 4.371812 1.410671 0.227641
v 4.699621 1.406708 0.251212
v 4.128434 2.013572 0.227420
v 4.255764 1.729510 0.227641
v 4.374962 2.133940 -0.277698
v 4.510912 1.822391 -0.277698
v 4.578926 1.645938 -0.277698
v 4.626834 1.505221 -0.277698
v 4.330214 1.570195 -0.232082
v 4.380513 1.423839 -0.232349
v 4.140025 2.019225 -0.231716
v 4.270794 1.725513 -0.231716
v 3.390161 1.653492 0.073549
v 3.390161 1.653492 0.055947
v 3.497245 1.412979 0.055947
v 3.497245 1.412979 0.073549
v 3.542267 1.289280 0.073549
v 3.542267 1.289280 0.055947
v 3.587289 1.165581 0.055947
v 3.587289 1.165581 0.073549
v 3.406979 1.661695 0.052092
v 3.687227 0.783744 0.073549
v 3.687227 0.783744 0.055947
v 3.714596 0.654983 0.055947
v 3.714596 0.654983 0.073550
v 3.559841 1.295676 -0.052283
v 3.514595 1.419989 -0.052283
v 3.406979 1.661695 -0.052283
v 3.514595 1.419989 0.052092
v 3.559841 1.295676 0.052092
v 3.605087 1.171364 -0.052283
v 3.605087 1.171364 0.052092
v 3.705519 0.787632 0.052092
v 3.705519 0.787632 -0.052283
v 3.733024 0.658233 -0.052283
v 3.733024 0.658233 0.052092
v 3.678015 0.917032 -0.052283
v 3.659859 0.912505 -0.056138
v 3.678015 0.917032 0.052092
v 3.659859 0.912505 0.055947
v 3.659859 0.912505 0.073549
v 4.448941 1.194482 -0.229574
v 4.436348 1.184027 -0.196942
v 4.699846 1.407668 -0.285553
v 4.666120 1.379015 -0.277698
v 4.435327 1.186329 0.226159
v 4.699868 1.406913 0.287630
v 4.360651 1.124061 0.172478
v 4.360651 1.124061 0.184278
v 4.317886 1.083138 -0.199168
v 4.262609 1.068125 -0.186623
v 3.960283 0.987410 0.083659
v 3.960283 0.987410 0.065118
v 3.897053 0.971644 -0.090390
v 4.325686 0.762735 -0.134350
v 3.897186 0.971678 0.118437
v 3.897075 0.971650 -0.117350
v 3.659859 0.912505 -0.073741
v 4.083101 0.719961 -0.132221
v 4.269307 1.041039 -0.186972
v 4.456863 1.111221 0.188394
v 4.490192 0.954420 0.188394
v 4.435327 1.186329 0.188394
v 4.798838 0.846165 0.251289
v 4.360651 1.124061 0.131046
v 4.370506 1.089689 0.131046
v 4.370506 1.089689 0.173274
v 4.523521 0.797619 0.188394
v 4.904728 1.118306 -0.073741
v 4.330057 1.749456 -0.239931
v 4.391443 1.588860 -0.240223
v 4.440972 1.443815 -0.239907
v 4.501659 1.241640 -0.239907
v 4.197423 2.047220 -0.239920
v 4.770898 0.841238 -0.228742
v 4.799412 0.846266 -0.234787
v 3.879437 1.567394 -0.140547
v 3.929380 1.430177 -0.140547
v 4.091341 0.886992 -0.090697
v 4.090879 0.886413 -0.142177
v 4.059578 1.012983 -0.140547
v 3.979322 1.292960 -0.140547
v 3.668334 1.926790 -0.132221
v 3.696983 1.953933 -0.140547
v 3.760651 1.834192 -0.140547
v 4.509666 0.795176 -0.173357
v 4.539120 0.800369 -0.179601
v 4.602418 0.811530 -0.193021
v 4.119187 0.726324 -0.090569
v 4.118724 0.725745 -0.142048
v 3.885890 2.167472 -0.150200
v 3.941068 2.230314 -0.100656
v 3.723911 1.504558 -0.109584
v 3.771851 1.372842 -0.109584
v 3.736943 1.509823 -0.106093
v 3.785051 1.377646 -0.106093
v 3.897064 0.971647 -0.109584
v 3.926206 0.834541 -0.109584
v 3.833148 1.245466 -0.093880
v 3.785040 1.377642 -0.093880
v 3.819792 1.241126 -0.109584
v 3.833159 1.245469 -0.106093
v 3.736933 1.509819 -0.093880
v 3.622509 1.766816 -0.093880
v 3.955349 0.697435 -0.109584
v 3.910691 0.975045 -0.093880
v 3.609886 1.760659 -0.109584
v 3.622519 1.766821 -0.106093
v 3.910702 0.975047 -0.106093
v 3.939935 0.837459 -0.093880
v 3.939946 0.837462 -0.106093
v 3.969180 0.699874 -0.093880
v 3.969191 0.699875 -0.106093
v 4.176318 1.687342 0.131046
v 4.230083 1.539624 0.131046
v 4.283847 1.391906 0.131046
v 4.048441 1.974557 0.131046
v 3.900841 2.252151 0.131046
v 3.549440 2.773126 0.131046
v 3.448395 2.893547 0.131046
v 3.347350 3.013967 0.131046
v 3.734237 2.518774 0.131046
v 4.519974 0.736362 -0.173351
v 4.551795 0.727999 -0.179593
v 4.574408 0.598888 -0.179577
v 4.542667 0.606878 -0.173339
v 4.620172 0.710028 -0.193004
v 4.802131 0.662206 -0.228694
v 4.824143 0.536028 -0.228660
v 4.642615 0.581721 -0.192983
v 4.833210 0.654038 -0.234793
v 4.855339 0.528178 -0.234797
v 4.404977 0.641535 -0.146278
v 4.610616 0.392156 -0.179553
v 4.578166 0.404336 -0.173321
v 4.865965 0.296303 -0.228596
v 4.680350 0.365979 -0.192946
v 4.349099 0.630236 -0.134379
v 4.437415 0.457171 -0.146288
v 4.375475 0.480422 -0.134392
v 4.897380 0.284510 -0.234629
v 4.831644 0.653723 0.179458
v 4.832723 0.653913 0.251289
v 4.854778 0.528777 0.251289
v 4.854577 0.528845 0.174138
v 4.942809 0.023288 0.134121
v 5.026136 -0.000000 0.073549
v 5.026136 0.175516 0.073549
v 4.917347 0.169360 0.146100
v 4.831742 0.653780 -0.177122
v 5.001650 0.525694 0.073550
v 4.916593 -0.516755 0.134121
v 4.868569 -0.858460 0.134121
v 4.952795 -0.873311 0.073549
v 5.001649 -0.525695 0.073549
v 5.026136 -0.175517 0.073549
v 4.940663 -0.172532 0.134121
v 4.942947 0.023449 -0.132603
v 4.918492 0.169681 -0.144582
v 5.026136 0.175516 -0.073741
v 5.026136 0.000000 -0.073741
v 4.991420 0.626652 0.073550
v 4.856337 0.528253 -0.175021
v 5.001650 0.525694 -0.073741
v 4.915822 -0.516674 -0.132603
v 5.001649 -0.525695 -0.073741
v 4.952795 -0.873311 -0.073741
v 4.867805 -0.858325 -0.132603
v 4.939888 -0.172505 -0.132603
v 5.026136 -0.175517 -0.073741
v 3.732916 0.524627 -0.056138
v 3.732916 0.524627 -0.073741
v 3.714596 -0.654984 -0.056138
v 3.751237 -0.394271 -0.056138
v 3.751237 -0.394271 -0.073741
v 3.714596 -0.654984 -0.073741
v 3.769601 0.000000 -0.056138
v 3.769602 0.131637 -0.056138
v 3.769602 0.131637 -0.073741
v 3.769601 0.000000 -0.073741
v 3.769602 -0.131638 -0.056138
v 3.769602 -0.131638 -0.073741
v 4.013932 -0.140170 -0.117350
v 3.994375 -0.419826 -0.117350
v 3.955360 -0.697437 -0.117350
v 3.974868 0.558631 -0.117350
v 4.013931 0.140169 -0.117350
v 4.013932 0.000000 -0.117350
v 3.994490 -0.419838 0.118437
v 4.059162 -0.426636 0.083659
v 4.079035 -0.142443 0.083659
v 4.014047 -0.140174 0.118437
v 3.955473 -0.697457 0.118437
v 4.019514 -0.708749 0.083659
v 3.974982 0.558647 0.118437
v 4.039338 0.567692 0.083659
v 4.014046 -0.000000 0.118437
v 4.079035 -0.000000 0.083659
v 4.079035 0.142443 0.083659
v 4.014046 0.140173 0.118437
v 4.013898 0.000000 -0.082590
v 4.013897 0.140168 -0.082590
v 4.143519 0.144695 -0.132221
v 4.143520 0.000000 -0.132221
v 3.994353 -0.419824 -0.090390
v 4.013909 -0.140169 -0.090390
v 4.013898 -0.140169 -0.082590
v 3.994342 -0.419822 -0.082590
v 3.955327 -0.697431 -0.082590
v 3.955338 -0.697433 -0.090390
v 3.974846 0.558628 -0.090390
v 3.974835 0.558626 -0.082590
v 4.013909 0.000000 -0.090390
v 4.013908 0.140169 -0.090390
v 4.059162 -0.426636 0.065118
v 4.079035 -0.142443 0.065118
v 4.019514 -0.708749 0.065118
v 4.039338 0.567692 0.065118
v 4.079035 -0.000000 0.065118
v 4.079035 0.142443 0.065118
v 4.501560 -0.000000 0.172355
v 4.501560 -0.000000 0.184120
v 4.501560 0.157198 0.183897
v 4.501560 0.157198 0.172181
v 4.427698 -0.465370 -0.199165
v 4.449375 -0.155375 -0.199165
v 4.589128 -0.160256 -0.196939
v 4.566772 -0.479987 -0.196939
v 4.466214 -0.747832 -0.197931
v 4.393588 -0.708073 -0.199165
v 4.370665 -0.459376 -0.186621
v 4.392063 -0.153374 -0.186621
v 4.339859 -0.678568 -0.186621
v 4.392063 0.000000 -0.186621
v 4.392062 0.153374 -0.186621
v 4.449375 0.155375 -0.199165
v 4.449375 0.000000 -0.199165
v 3.994343 0.419822 -0.082590
v 4.107486 0.581436 -0.134082
v 4.123333 0.433380 -0.132221
v 4.025985 -0.615985 -0.105041
v 4.010333 -0.707130 -0.103963
v 4.143521 -0.144695 -0.132221
v 4.123333 -0.433380 -0.132221
v 4.942947 0.023449 -0.293535
v 4.918444 0.169669 -0.293535
v 4.915822 -0.516674 -0.293535
v 4.867805 -0.858325 -0.293535
v 4.939888 -0.172505 -0.293535
v 4.586479 0.159789 -0.196939
v 4.589678 0.004204 -0.196939
v 4.916593 -0.516755 0.294624
v 4.940663 -0.172532 0.294624
v 4.868569 -0.858460 0.294624
v 4.942810 0.023288 0.294624
v 4.917394 0.169373 0.292272
v 4.479628 -0.470828 0.172181
v 4.435873 -0.782164 0.172181
v 4.435873 -0.782164 0.183897
v 4.479628 -0.470828 0.183897
v 4.501560 -0.157198 0.184120
v 4.501560 -0.157198 0.172354
v 4.457738 0.626494 0.174286
v 4.457750 0.626496 0.131046
v 4.593763 0.008480 0.227642
v 4.590638 0.169651 0.227642
v 4.897322 0.285492 0.251202
v 4.568142 -0.480131 0.227420
v 4.523521 -0.797619 0.227423
v 4.590638 -0.169651 0.227641
v 4.840970 -0.508922 -0.277698
v 4.862165 -0.169664 -0.277698
v 4.792261 -0.845005 -0.277699
v 4.865726 0.019409 -0.277698
v 4.862617 0.168025 -0.277698
v 4.603317 0.160252 -0.232349
v 4.606108 0.005519 -0.232082
v 4.580967 -0.481479 -0.231716
v 4.536222 -0.799858 -0.231716
v 4.522164 -0.797379 -0.196939
v 4.603395 -0.160754 -0.231716
v 3.751237 -0.394271 0.073549
v 3.769602 -0.131638 0.073549
v 3.769602 -0.131638 0.055947
v 3.751237 -0.394271 0.055947
v 3.769601 -0.000000 0.073549
v 3.769602 0.131637 0.073549
v 3.769602 0.131637 0.055947
v 3.769601 -0.000000 0.055947
v 3.714596 -0.654984 0.055947
v 3.769847 -0.396227 0.052092
v 3.733024 -0.658233 0.052092
v 3.714596 -0.654984 0.073549
v 3.732916 0.524627 0.073549
v 3.732916 0.524627 0.055947
v 3.788304 -0.132291 -0.052283
v 3.788304 0.000000 -0.052283
v 3.788304 -0.132291 0.052092
v 3.769847 -0.396227 -0.052283
v 3.788304 -0.000000 0.052092
v 3.788304 0.132291 0.052092
v 3.788304 0.132291 -0.052283
v 3.733024 -0.658233 -0.052283
v 3.751435 0.527230 0.052092
v 3.751435 0.527230 -0.052283
v 3.751237 0.394271 -0.056138
v 3.769847 0.396227 -0.052283
v 3.751237 0.394271 0.055947
v 3.769847 0.396227 0.052092
v 3.751237 0.394271 0.073549
v 4.573764 0.404699 -0.196942
v 4.589175 0.399182 -0.229574
v 4.856368 0.300057 -0.277698
v 4.897861 0.284667 -0.285553
v 4.897623 0.285384 0.287630
v 4.575694 0.401429 0.227659
v 4.482122 0.435159 0.184278
v 4.482122 0.435159 0.172478
v 4.370862 0.454189 -0.186623
v 4.427941 0.458988 -0.199168
v 4.059163 0.426635 0.065118
v 4.059163 0.426635 0.083659
v 3.994354 0.419823 -0.090390
v 3.994490 0.419838 0.118437
v 3.751237 0.394271 -0.073741
v 3.994376 0.419826 -0.117350
v 4.367893 0.481932 -0.186972
v 4.568141 0.480131 0.188394
v 4.545831 0.638875 0.188394
v 4.573592 0.402187 0.188394
v 4.479628 0.470828 0.173274
v 4.479628 0.470828 0.131046
v 4.482122 0.435159 0.131046
v 4.991420 0.626652 -0.073741
v 4.670029 0.008922 -0.240223
v 4.667272 -0.162985 -0.239931
v 4.654842 0.372897 -0.239907
v 4.666963 0.162160 -0.239907
v 4.644478 -0.488154 -0.239920
v 4.599041 -0.810935 -0.239907
v 4.181559 0.000000 -0.140547
v 4.181559 -0.146024 -0.140547
v 4.147340 0.566207 -0.142177
v 4.147973 0.565821 -0.090697
v 4.161216 0.436565 -0.140547
v 4.181558 0.146023 -0.140547
v 4.161186 -0.437358 -0.140547
v 4.142312 -0.571654 -0.140547
v 4.106108 -0.555946 -0.132221
v 4.118555 0.726710 -0.142048
v 4.392861 -0.707704 -0.150200
v 4.120541 -0.726562 -0.140547
v 4.083057 -0.719953 -0.132221
v 4.327973 -0.763138 -0.186621
v 4.459428 -0.786317 -0.197953
v 4.459428 -0.786317 -0.100678
v 4.466205 -0.747885 -0.100656
v 4.381424 -0.772563 -0.150200
v 4.013920 0.000000 -0.109584
v 4.013921 -0.140169 -0.109584
v 4.027966 0.000000 -0.106093
v 4.027967 -0.140660 -0.106093
v 3.974857 0.558630 -0.109584
v 3.994365 0.419824 -0.109584
v 4.027955 0.000000 -0.093880
v 4.027956 0.140659 -0.093880
v 4.013920 0.140169 -0.109584
v 4.027967 0.140659 -0.106093
v 4.008332 -0.421293 -0.093880
v 4.027956 -0.140660 -0.093880
v 4.008332 0.421293 -0.093880
v 3.994364 -0.419825 -0.109584
v 3.955349 -0.697435 -0.109584
v 4.008343 -0.421294 -0.106093
v 4.008344 0.421294 -0.106093
v 3.988767 0.560585 -0.106093
v 3.988756 0.560583 -0.093880
v 3.969180 -0.699874 -0.093880
v 3.969191 -0.699875 -0.106093
v 3.995535 -2.237876 -0.173351
v 4.061147 -2.123963 -0.173339
v 4.093706 -2.127311 -0.179577
v 4.028299 -2.240901 -0.179593
v 4.098697 -2.247400 -0.193004
v 4.163670 -2.134506 -0.192983
v 4.349879 -2.153656 -0.228660
v 4.286039 -2.264695 -0.228694
v 4.381878 -2.156948 -0.234797
v 4.318038 -2.267649 -0.234793
v 3.853386 -2.224753 -0.146270
v 3.919907 -2.109437 -0.146278
v 4.163777 -1.945776 -0.173321
v 4.198436 -1.945429 -0.179553
v 4.272919 -1.944681 -0.192946
v 4.471170 -1.942692 -0.228596
v 3.871263 -2.079707 -0.134379
v 3.947288 -1.947949 -0.134392
v 4.013444 -1.947286 -0.146288
v 4.504724 -1.942355 -0.234629
v 4.316674 -2.266819 0.179458
v 4.380934 -2.157314 0.174138
v 4.381147 -2.157320 0.251289
v 4.317623 -2.267366 0.251289
v 4.636756 -1.712424 0.134121
v 4.562870 -1.840978 0.146100
v 4.662993 -1.883971 0.073549
v 4.723023 -1.719039 0.073549
v 4.219356 -2.436046 -0.177122
v 4.316747 -2.266905 -0.177122
v 4.220027 -2.436434 0.179458
v 4.520216 -2.204656 0.073550
v 4.796826 -1.195983 0.134121
v 4.879811 -1.216673 0.073549
v 4.701715 -1.527679 0.134121
v 4.783053 -1.554108 0.073549
v 4.636831 -1.712623 -0.132603
v 4.723023 -1.719039 -0.073741
v 4.662993 -1.883971 -0.073741
v 4.563836 -1.841672 -0.144582
v 4.476072 -2.296026 0.073550
v 4.520216 -2.204656 -0.073741
v 4.382790 -2.157360 -0.175020
v 4.796074 -1.195796 -0.132603
v 4.879811 -1.216673 -0.073741
v 4.783053 -1.554108 -0.073741
v 4.700977 -1.527440 -0.132603
v 3.328361 -1.769721 -0.056138
v 3.328361 -1.769721 -0.073741
v 3.266561 -1.885950 -0.073741
v 3.266561 -1.885950 -0.056138
v 3.659858 -0.912505 -0.073741
v 3.659858 -0.912505 -0.056138
v 3.542267 -1.289279 -0.056138
v 3.542267 -1.289279 -0.073741
v 3.497244 -1.412978 -0.073741
v 3.497244 -1.412978 -0.056138
v 3.587290 -1.165581 -0.073741
v 3.587290 -1.165581 -0.056138
v 3.897074 -0.971649 -0.117350
v 3.819803 -1.241129 -0.117350
v 3.544091 -1.884426 -0.117350
v 3.478285 -2.008189 -0.117350
v 3.771862 -1.372845 -0.117350
v 3.723921 -1.504561 -0.117350
v 3.897186 -0.971678 0.118437
v 3.819912 -1.241164 0.118437
v 3.881758 -1.261259 0.083659
v 3.960283 -0.987409 0.083659
v 3.544192 -1.884480 0.118437
v 3.478385 -2.008246 0.118437
v 3.534700 -2.040761 0.083659
v 3.601574 -1.914991 0.083659
v 3.771970 -1.372884 0.118437
v 3.724027 -1.504604 0.118437
v 3.784320 -1.528964 0.083659
v 3.833039 -1.395112 0.083659
v 3.771831 -1.372834 -0.082590
v 3.893636 -1.417167 -0.132221
v 3.844146 -1.553135 -0.132221
v 3.723890 -1.504549 -0.082590
v 3.897053 -0.971644 -0.090390
v 3.897042 -0.971641 -0.082590
v 3.819771 -1.241119 -0.082590
v 3.819782 -1.241122 -0.090390
v 3.544072 -1.884416 -0.090390
v 3.544062 -1.884411 -0.082590
v 3.478256 -2.008172 -0.082590
v 3.478266 -2.008178 -0.090390
v 3.771841 -1.372838 -0.090390
v 3.723900 -1.504553 -0.090390
v 3.881758 -1.261259 0.065118
v 3.960283 -0.987409 0.065118
v 3.534700 -2.040761 0.065118
v 3.601574 -1.914991 0.065118
v 3.784320 -1.528964 0.065118
v 3.833039 -1.395112 0.065118
v 4.230083 -1.539624 0.172354
v 4.176317 -1.687342 0.172181
v 4.176317 -1.687342 0.183897
v 4.230083 -1.539624 0.184120
v 4.319841 -1.077057 -0.199165
v 4.455527 -1.110887 -0.196939
v 4.367181 -1.418983 -0.196939
v 4.234186 -1.375771 -0.199165
v 4.370797 -0.837325 -0.199165
v 4.452642 -0.824803 -0.197931
v 4.264198 -1.063184 -0.186621
v 4.179646 -1.358049 -0.186621
v 4.310218 -0.846674 -0.186621
v 4.127189 -1.502174 -0.186621
v 4.181045 -1.521776 -0.199165
v 4.127903 -1.667781 -0.199165
v 4.074731 -1.646298 -0.186621
v 3.609868 -1.760650 -0.082590
v 3.726442 -1.817507 -0.132221
v 3.660912 -1.951214 -0.134082
v 3.993868 -0.798132 -0.105041
v 4.022891 -1.003019 -0.132221
v 3.943124 -1.281198 -0.132221
v 4.636831 -1.712623 -0.293535
v 4.563796 -1.841644 -0.293535
v 4.796074 -1.195796 -0.293535
v 4.700977 -1.527440 -0.293535
v 4.311448 -1.573713 -0.196939
v 4.255229 -1.718820 -0.196939
v 4.796826 -1.195983 0.294624
v 4.701715 -1.527679 0.294624
v 4.636756 -1.712424 0.294624
v 4.562910 -1.841007 0.292272
v 4.370506 -1.089689 0.172181
v 4.370506 -1.089689 0.183897
v 4.283847 -1.391906 0.172354
v 4.283847 -1.391906 0.184120
v 3.974630 -2.113348 0.174286
v 3.974641 -2.113354 0.131046
v 3.900841 -2.252151 0.131046
v 3.900819 -2.252139 0.175297
v 4.313825 -1.579129 0.227641
v 4.255764 -1.729510 0.227641
v 4.504333 -1.943258 0.251212
v 4.456863 -1.111221 0.227420
v 4.371812 -1.410671 0.227642
v 4.723085 -1.177479 -0.277698
v 4.626969 -1.503526 -0.277698
v 4.565649 -1.682415 -0.277698
v 4.511898 -1.821005 -0.277698
v 4.326438 -1.580568 -0.232082
v 4.270894 -1.725015 -0.232349
v 4.469377 -1.114340 -0.231716
v 4.380757 -1.423394 -0.231716
v 3.659858 -0.912505 0.073549
v 3.659858 -0.912505 0.055947
v 3.587290 -1.165581 0.055947
v 3.587290 -1.165581 0.073549
v 3.542267 -1.289279 0.073549
v 3.542267 -1.289279 0.055947
v 3.497244 -1.412978 0.055947
v 3.497244 -1.412978 0.073549
v 3.678015 -0.917032 0.052092
v 3.328361 -1.769721 0.073549
v 3.328361 -1.769721 0.055947
v 3.266561 -1.885950 0.055947
v 3.266561 -1.885950 0.073550
v 3.559841 -1.295676 -0.052283
v 3.605088 -1.171364 -0.052283
v 3.678015 -0.917032 -0.052283
v 3.605088 -1.171364 0.052092
v 3.559841 -1.295676 0.052092
v 3.514595 -1.419988 -0.052283
v 3.514595 -1.419988 0.052092
v 3.344872 -1.778500 0.052092
v 3.344872 -1.778500 -0.052283
v 3.282766 -1.895306 -0.052283
v 3.282766 -1.895306 0.052092
v 3.406980 -1.661695 -0.052283
v 3.390162 -1.653492 -0.056138
v 3.406980 -1.661695 0.052092
v 3.390162 -1.653492 0.055947
v 3.390162 -1.653492 0.073549
v 4.175885 -1.944698 -0.229574
v 4.159518 -1.944612 -0.196942
v 4.505122 -1.942666 -0.285553
v 4.460869 -1.942937 -0.277698
v 4.160215 -1.942193 0.226159
v 4.504654 -1.943259 0.287630
v 4.062984 -1.941891 0.172478
v 4.062984 -1.941891 0.184278
v 4.003921 -1.945752 -0.199168
v 3.951925 -1.921721 -0.186623
v 3.668447 -1.789221 0.083659
v 3.668447 -1.789221 0.065118
v 3.609877 -1.760655 -0.090390
v 3.803945 -2.196208 -0.134350
v 3.610000 -1.760715 0.118437
v 3.609897 -1.760664 -0.117350
v 3.390162 -1.653492 -0.073741
v 3.590619 -2.073045 -0.132221
v 3.939646 -1.946776 -0.186972
v 4.128434 -2.013572 0.188394
v 4.053176 -2.155112 0.188394
v 4.160215 -1.942193 0.188394
v 4.220027 -2.436434 0.251289
v 4.062984 -1.941891 0.131046
v 4.048441 -1.974557 0.131046
v 4.048441 -1.974557 0.173274
v 3.977917 -2.296652 0.188394
v 4.476072 -2.296026 -0.073741
v 4.441545 -1.443146 -0.239931
v 4.385340 -1.605627 -0.240223
v 4.330049 -1.748576 -0.239907
v 4.246582 -1.942459 -0.239907
v 4.531340 -1.129789 -0.239920
v 4.195457 -2.422248 -0.228742
v 4.220532 -2.436725 -0.234787
v 3.979323 -1.292960 -0.140547
v 3.929380 -1.430177 -0.140547
v 3.704297 -1.950388 -0.090697
v 3.703571 -1.950535 -0.142177
v 3.760951 -1.833456 -0.140547
v 3.879436 -1.567394 -0.140547
v 4.048624 -0.881953 -0.132221
v 4.088017 -0.879575 -0.140547
v 4.059822 -1.012227 -0.140547
v 3.965734 -2.289617 -0.173357
v 3.991635 -2.304572 -0.179601
v 4.047298 -2.336709 -0.193021
v 3.622352 -2.091366 -0.090569
v 3.621626 -2.091512 -0.142048
v 4.369989 -0.837422 -0.150200
v 4.452652 -0.824750 -0.100656
v 3.819792 -1.241125 -0.109584
v 3.771851 -1.372841 -0.109584
v 3.833160 -1.245469 -0.106093
v 3.785051 -1.377646 -0.106093
v 3.609887 -1.760660 -0.109584
v 3.544081 -1.884421 -0.109584
v 3.736932 -1.509818 -0.093880
v 3.785041 -1.377642 -0.093880
v 3.723911 -1.504557 -0.109584
v 3.736943 -1.509822 -0.106093
v 3.833150 -1.245466 -0.093880
v 3.910690 -0.975045 -0.093880
v 3.478276 -2.008183 -0.109584
v 3.622510 -1.766816 -0.093880
v 3.897063 -0.971647 -0.109584
v 3.910701 -0.975047 -0.106093
v 3.622520 -1.766821 -0.106093
v 3.556474 -1.891011 -0.093880
v 3.556484 -1.891016 -0.106093
v 3.490438 -2.015206 -0.093880
v 3.490447 -2.015211 -0.106093
v 4.283847 -1.391906 0.131046
v 4.230083 -1.539624 0.131046
v 4.176317 -1.687342 0.131046
v 4.370506 -1.089689 0.131046
v 4.435873 -0.782164 0.131046
v 4.501560 -0.157198 0.131046
v 4.501560 -0.000000 0.131046
v 4.501560 0.157198 0.131046
v 4.479628 -0.470828 0.131046
v 3.935826 -2.341297 -0.173351
v 3.954826 -2.368157 -0.179593
v 3.889158 -2.481597 -0.179577
v 3.869978 -2.455075 -0.173339
v 3.995654 -2.425876 -0.193004
v 4.104303 -2.579471 -0.228694
v 4.040061 -2.690278 -0.228660
v 3.930372 -2.538591 -0.192983
v 4.122861 -2.605705 -0.234793
v 4.058912 -2.716344 -0.234797
v 3.786779 -2.340020 -0.146278
v 3.784009 -2.663238 -0.179553
v 3.766980 -2.633049 -0.173321
v 3.918005 -2.900800 -0.228596
v 3.820603 -2.728115 -0.192946
v 3.736711 -2.312758 -0.134379
v 3.693121 -2.502102 -0.146288
v 3.660617 -2.444476 -0.134392
v 3.934490 -2.930027 -0.234629
v 4.121459 -2.604940 0.179458
v 4.122408 -2.605488 0.251289
v 4.058867 -2.715524 0.251289
v 4.058756 -2.715343 0.174138
v 3.801381 -3.159336 0.134120
v 3.850244 -3.230738 0.073548
v 3.963063 -3.096284 0.073548
v 3.875769 -3.031072 0.146100
v 4.121571 -2.604959 -0.177122
v 4.169396 -2.812293 0.073550
v 3.434165 -3.556182 0.134120
v 3.177733 -3.787075 0.134120
v 3.232707 -3.852590 0.073548
v 3.493575 -3.617704 0.073548
v 3.737423 -3.365192 0.073548
v 3.673866 -3.307964 0.134120
v 3.801590 -3.159302 -0.132604
v 3.876853 -3.031562 -0.144582
v 3.963063 -3.096284 -0.073742
v 3.850244 -3.230738 -0.073742
v 4.226454 -2.728379 0.073550
v 4.059724 -2.716927 -0.175021
v 4.169396 -2.812293 -0.073741
v 3.433626 -3.555624 -0.132604
v 3.493575 -3.617704 -0.073742
v 3.232707 -3.852590 -0.073742
v 3.177234 -3.786480 -0.132604
v 3.673290 -3.307445 -0.132604
v 3.737423 -3.365192 -0.073742
v 3.196803 -1.997585 -0.056138
v 3.196803 -1.997585 -0.073741
v 2.424530 -2.889443 -0.056138
v 2.620182 -2.713277 -0.056138
v 2.620182 -2.713277 -0.073741
v 2.424530 -2.889443 -0.073741
v 2.887682 -2.423053 -0.056138
v 2.972297 -2.322213 -0.056138
v 2.972297 -2.322213 -0.073741
v 2.887682 -2.423053 -0.073741
v 2.803067 -2.523893 -0.056138
v 2.803067 -2.523893 -0.073741
v 2.984751 -2.687481 -0.117350
v 2.790010 -2.889140 -0.117350
v 2.581678 -3.076724 -0.117350
v 3.404007 -2.127059 -0.117350
v 3.164948 -2.472729 -0.117350
v 3.074850 -2.580105 -0.117350
v 2.790090 -2.889223 0.118437
v 2.835263 -2.936001 0.083659
v 3.033161 -2.731071 0.083659
v 2.984836 -2.687559 0.118437
v 2.581751 -3.076812 0.118437
v 2.623551 -3.126626 0.083658
v 3.404104 -2.127120 0.118437
v 3.459217 -2.161559 0.083659
v 3.074937 -2.580179 0.118437
v 3.124722 -2.621953 0.083659
v 3.216282 -2.512835 0.083659
v 3.165039 -2.472800 0.118437
v 3.074825 -2.580084 -0.082590
v 3.164922 -2.472708 -0.082590
v 3.267128 -2.552560 -0.132221
v 3.174120 -2.663404 -0.132221
v 2.789994 -2.889124 -0.090390
v 2.984734 -2.687467 -0.090390
v 2.984726 -2.687459 -0.082590
v 2.789987 -2.889116 -0.082590
v 2.581656 -3.076698 -0.082590
v 2.581664 -3.076706 -0.090390
v 3.403988 -2.127048 -0.090390
v 3.403978 -2.127042 -0.082590
v 3.074833 -2.580091 -0.090390
v 3.164931 -2.472715 -0.090390
v 2.835263 -2.936001 0.065118
v 3.033161 -2.731071 0.065118
v 2.623551 -3.126626 0.065117
v 3.459217 -2.161559 0.065118
v 3.124722 -2.621953 0.065118
v 3.216282 -2.512835 0.065118
v 3.448395 -2.893547 0.172355
v 3.448395 -2.893547 0.184120
v 3.549439 -2.773126 0.183897
v 3.549439 -2.773126 0.172181
v 3.092680 -3.202564 -0.199166
v 3.308545 -2.979028 -0.199165
v 3.412466 -3.072598 -0.196940
v 3.189820 -3.303155 -0.196940
v 2.940622 -3.443700 -0.197932
v 2.910543 -3.366559 -0.199166
v 3.052843 -3.161311 -0.186622
v 3.265928 -2.940655 -0.186621
v 2.888350 -3.309421 -0.186622
v 3.364515 -2.823164 -0.186621
v 3.463101 -2.705672 -0.186621
v 3.508292 -2.740979 -0.199165
v 3.408419 -2.860003 -0.199165
v 3.329701 -2.245912 -0.082590
v 3.520257 -2.194835 -0.134082
v 3.437228 -2.318439 -0.132221
v 2.688136 -3.059725 -0.105041
v 2.617558 -3.119485 -0.103964
v 3.081113 -2.774246 -0.132221
v 2.880085 -2.982416 -0.132221
v 3.801590 -3.159302 -0.293536
v 3.876808 -3.031541 -0.293536
v 3.433626 -3.555624 -0.293536
v 3.177234 -3.786480 -0.293536
v 3.673290 -3.307445 -0.293536
v 3.616157 -2.825727 -0.196939
v 3.518600 -2.946967 -0.196939
v 3.434165 -3.556182 0.294623
v 3.673866 -3.307964 0.294623
v 3.177733 -3.787075 0.294623
v 3.801381 -3.159337 0.294623
v 3.875813 -3.031092 0.292271
v 3.128952 -3.240125 0.172180
v 2.895310 -3.450496 0.172180
v 2.895310 -3.450496 0.183896
v 3.128952 -3.240125 0.183896
v 3.347350 -3.013968 0.184120
v 3.347350 -3.013968 0.172354
v 3.817528 -2.385457 0.174286
v 3.817538 -2.385463 0.131046
v 3.524478 -2.946318 0.227642
v 3.625682 -2.820845 0.227642
v 3.935077 -2.929238 0.251202
v 3.190777 -3.304147 0.227419
v 2.952519 -3.518675 0.227422
v 3.407583 -3.080765 0.227640
v 3.381269 -3.501572 -0.277699
v 3.615576 -3.255310 -0.277699
v 3.127926 -3.727717 -0.277700
v 3.739838 -3.112760 -0.277699
v 3.832985 -2.996916 -0.277698
v 3.629353 -2.836194 -0.232349
v 3.532031 -2.956521 -0.232082
v 3.199736 -3.313423 -0.231717
v 2.960808 -3.528554 -0.231717
v 2.951633 -3.517619 -0.196940
v 3.423074 -3.082150 -0.231717
v 2.620182 -2.713277 0.073549
v 2.803067 -2.523893 0.073549
v 2.803067 -2.523893 0.055947
v 2.620182 -2.713277 0.055947
v 2.887682 -2.423053 0.073549
v 2.972297 -2.322213 0.073549
v 2.972297 -2.322213 0.055947
v 2.887682 -2.423053 0.055947
v 2.424530 -2.889443 0.055947
v 2.633181 -2.726739 0.052092
v 2.436558 -2.903777 0.052092
v 2.424530 -2.889443 0.073549
v 3.196803 -1.997585 0.073549
v 3.196803 -1.997585 0.055947
v 2.816974 -2.536415 -0.052283
v 2.902009 -2.435075 -0.052283
v 2.816974 -2.536415 0.052092
v 2.633181 -2.726739 -0.052283
v 2.902009 -2.435075 0.052092
v 2.987043 -2.333734 0.052092
v 2.987043 -2.333734 -0.052283
v 2.436558 -2.903777 -0.052283
v 3.212662 -2.007494 0.052092
v 3.212662 -2.007494 -0.052283
v 3.127047 -2.109220 -0.056138
v 3.142560 -2.119684 -0.052283
v 3.127047 -2.109220 0.055947
v 3.142560 -2.119684 0.052092
v 3.127047 -2.109220 0.073549
v 3.763842 -2.629941 -0.196942
v 3.772101 -2.644073 -0.229574
v 3.913067 -2.891756 -0.277698
v 3.934959 -2.930217 -0.285553
v 3.935238 -2.929515 0.287630
v 3.763218 -2.633687 0.227659
v 3.713220 -2.547702 0.184278
v 3.713220 -2.547702 0.172478
v 3.640221 -2.461607 -0.186623
v 3.687031 -2.494620 -0.199168
v 3.383734 -2.282358 0.065118
v 3.383734 -2.282358 0.083659
v 3.329710 -2.245918 -0.090390
v 3.329823 -2.245994 0.118437
v 3.127047 -2.109220 -0.073741
v 3.329728 -2.245930 -0.117350
v 3.655780 -2.438446 -0.186972
v 3.808021 -2.568542 0.188394
v 3.892969 -2.432598 0.188394
v 3.762095 -2.631755 0.188394
v 3.734236 -2.518774 0.173274
v 3.734236 -2.518774 0.131046
v 3.713220 -2.547702 0.131046
v 4.226454 -2.728379 -0.073741
v 3.583184 -2.995002 -0.240223
v 3.470573 -3.124918 -0.239932
v 3.805510 -2.706419 -0.239907
v 3.679335 -2.875644 -0.239907
v 3.244097 -3.359361 -0.239921
v 3.001811 -3.577419 -0.239908
v 3.203259 -2.687854 -0.140547
v 3.109397 -2.799714 -0.140547
v 3.540998 -2.232119 -0.142177
v 3.541234 -2.232822 -0.090697
v 3.468295 -2.340350 -0.140547
v 3.297121 -2.575993 -0.140547
v 2.906525 -3.009795 -0.140547
v 2.805743 -3.100539 -0.140548
v 2.788106 -3.065234 -0.132222
v 3.622116 -2.090664 -0.142048
v 2.910223 -3.365809 -0.150201
v 2.689492 -3.205211 -0.140548
v 2.665026 -3.176055 -0.132222
v 2.824884 -3.366565 -0.186622
v 2.910685 -3.468819 -0.197954
v 2.910685 -3.468819 -0.100679
v 2.940580 -3.443734 -0.100657
v 2.859771 -3.408143 -0.150201
v 3.074841 -2.580098 -0.109584
v 2.984743 -2.687475 -0.109584
v 3.085601 -2.589127 -0.106093
v 2.995188 -2.696879 -0.106093
v 3.403997 -2.127054 -0.109584
v 3.329719 -2.245924 -0.109584
v 3.085592 -2.589120 -0.093880
v 3.176007 -2.481369 -0.093880
v 3.164939 -2.472722 -0.109584
v 3.176016 -2.481376 -0.106093
v 2.799758 -2.899235 -0.093880
v 2.995179 -2.696872 -0.093880
v 3.341362 -2.253777 -0.093880
v 2.790002 -2.889132 -0.109584
v 2.581670 -3.076715 -0.109585
v 2.799767 -2.899243 -0.106093
v 3.341372 -2.253784 -0.106093
v 3.415910 -2.134497 -0.106093
v 3.415900 -2.134492 -0.093880
v 2.590698 -3.087474 -0.093881
v 2.590705 -3.087482 -0.106094
v 1.622278 -4.282593 -0.173352
v 1.745762 -4.237504 -0.173340
v 1.768552 -4.260997 -0.179578
v 1.645432 -4.305970 -0.179594
v 1.695183 -4.356200 -0.193005
v 1.817522 -4.311482 -0.192984
v 1.947857 -4.445845 -0.228661
v 1.827578 -4.489870 -0.228695
v 1.970254 -4.468935 -0.234798
v 1.850192 -4.512701 -0.234794
v 1.521821 -4.181168 -0.146271
v 1.646903 -4.135590 -0.146279
v 1.938917 -4.166975 -0.173322
v 1.965691 -4.188987 -0.179554
v 2.023229 -4.236291 -0.192947
v 2.176377 -4.362201 -0.228597
v 1.628750 -4.081548 -0.134381
v 1.771680 -4.029483 -0.134393
v 1.822786 -4.071500 -0.146289
v 2.202296 -4.383510 -0.234630
v 1.849681 -4.511188 0.179457
v 1.969295 -4.468608 0.174137
v 1.969455 -4.468750 0.251288
v 1.850056 -4.512217 0.251288
v 2.451237 -4.292242 0.134120
v 2.312003 -4.343227 0.146099
v 2.361066 -4.440519 0.073548
v 2.513068 -4.352761 0.073548
v 1.666354 -4.578269 -0.177123
v 1.849682 -4.511302 -0.177123
v 1.666619 -4.578997 0.179457
v 2.045560 -4.594402 0.073549
v 2.905819 -3.999516 0.134120
v 2.956089 -4.068708 0.073548
v 2.619749 -4.192474 0.134120
v 2.665070 -4.265003 0.073548
v 2.451166 -4.292442 -0.132604
v 2.513068 -4.352761 -0.073742
v 2.361066 -4.440519 -0.073742
v 2.312298 -4.344379 -0.144583
v 1.953013 -4.636022 0.073549
v 2.045560 -4.594402 -0.073742
v 1.970688 -4.469836 -0.175021
v 2.905363 -3.998889 -0.132604
v 2.956089 -4.068708 -0.073742
v 2.665070 -4.265003 -0.073742
v 2.619338 -4.191816 -0.132604
v 1.412118 -3.495114 -0.056139
v 1.412118 -3.495114 -0.073742
v 1.290066 -3.544426 -0.073742
v 1.290066 -3.544426 -0.056139
v 2.217067 -3.051531 -0.073741
v 2.217067 -3.051531 -0.056138
v 1.884801 -3.264570 -0.056139
v 1.884801 -3.264570 -0.073742
v 1.770799 -3.330389 -0.073742
v 1.770799 -3.330389 -0.056139
v 1.998802 -3.198752 -0.073742
v 1.998802 -3.198752 -0.056139
v 2.360767 -3.249317 -0.117351
v 2.128356 -3.406082 -0.117351
v 1.503645 -3.721652 -0.117351
v 1.373682 -3.774160 -0.117351
v 2.006966 -3.476166 -0.117351
v 1.885575 -3.546250 -0.117351
v 2.360835 -3.249411 0.118436
v 2.128417 -3.406179 0.118436
v 2.162877 -3.461326 0.083658
v 2.399058 -3.302020 0.083658
v 1.503688 -3.721758 0.118436
v 1.373721 -3.774269 0.118436
v 1.395962 -3.835375 0.083658
v 1.528033 -3.782014 0.083658
v 2.007023 -3.476266 0.118436
v 1.885629 -3.546352 0.118436
v 1.916158 -3.603768 0.083658
v 2.039517 -3.532547 0.083658
v 2.006950 -3.476138 -0.082591
v 2.071760 -3.588394 -0.132222
v 1.946451 -3.660740 -0.132222
v 1.885560 -3.546221 -0.082591
v 2.360755 -3.249300 -0.090391
v 2.360748 -3.249290 -0.082591
v 2.128339 -3.406054 -0.082591
v 2.128345 -3.406063 -0.090391
v 1.503637 -3.721632 -0.090391
v 1.503633 -3.721621 -0.082591
v 1.373671 -3.774129 -0.082591
v 1.373675 -3.774140 -0.090391
v 2.006955 -3.476148 -0.090391
v 1.885565 -3.546231 -0.090391
v 2.162877 -3.461326 0.065117
v 2.399058 -3.302020 0.065117
v 1.395962 -3.835375 0.065117
v 1.528033 -3.782014 0.065117
v 1.916158 -3.603768 0.065117
v 2.039517 -3.532547 0.065117
v 2.250780 -3.898465 0.172353
v 2.114642 -3.977064 0.172180
v 2.114642 -3.977064 0.183896
v 2.250780 -3.898465 0.184119
v 2.616872 -3.601814 -0.199166
v 2.699067 -3.714946 -0.196940
v 2.433350 -3.894174 -0.196940
v 2.359247 -3.775584 -0.199166
v 2.810003 -3.450922 -0.199166
v 2.880749 -3.493939 -0.197932
v 2.583163 -3.555419 -0.186622
v 2.328857 -3.726951 -0.186622
v 2.757587 -3.419144 -0.186622
v 2.196031 -3.803638 -0.186622
v 2.224688 -3.853272 -0.199166
v 2.090128 -3.930959 -0.199166
v 2.063205 -3.880324 -0.186622
v 1.633595 -3.669114 -0.082591
v 1.686349 -3.787601 -0.132222
v 1.550205 -3.847905 -0.134083
v 2.546451 -3.178613 -0.105042
v 2.436985 -3.354221 -0.132222
v 2.197070 -3.516046 -0.132222
v 2.451166 -4.292442 -0.293536
v 2.312284 -4.344332 -0.293536
v 2.905363 -3.998889 -0.293536
v 2.619338 -4.191816 -0.293536
v 2.291198 -3.976879 -0.196940
v 2.154858 -4.051901 -0.196940
v 2.905819 -3.999516 0.294623
v 2.619749 -4.192474 0.294623
v 2.451236 -4.292242 0.294623
v 2.312016 -4.343275 0.292271
v 2.647563 -3.644058 0.172180
v 2.647563 -3.644058 0.183896
v 2.386917 -3.819866 0.172353
v 2.386917 -3.819866 0.184119
v 1.686310 -4.173761 0.174285
v 1.686314 -4.173773 0.131045
v 1.540562 -4.232660 0.131045
v 1.540554 -4.232637 0.175296
v 2.289537 -3.982556 0.227640
v 2.148397 -4.060434 0.227640
v 2.201418 -4.383951 0.251211
v 2.699877 -3.716061 0.227419
v 2.442241 -3.890783 0.227641
v 2.861225 -3.937941 -0.277699
v 2.578017 -4.125926 -0.277699
v 2.416054 -4.223547 -0.277699
v 2.285795 -4.295163 -0.277699
v 2.298275 -3.991767 -0.232083
v 2.162876 -4.066716 -0.232350
v 2.707457 -3.726494 -0.231717
v 2.440914 -3.906279 -0.231717
v 2.217067 -3.051531 0.073549
v 2.217067 -3.051531 0.055947
v 1.998802 -3.198752 0.055946
v 1.998802 -3.198752 0.073548
v 1.884801 -3.264570 0.073548
v 1.884801 -3.264570 0.055946
v 1.770799 -3.330389 0.055946
v 1.770799 -3.330389 0.073548
v 2.228066 -3.066669 0.052092
v 1.412118 -3.495114 0.073548
v 1.412118 -3.495114 0.055946
v 1.290066 -3.544426 0.055946
v 1.290066 -3.544426 0.073549
v 1.894152 -3.280767 -0.052284
v 2.008719 -3.214622 -0.052284
v 2.228066 -3.066669 -0.052283
v 2.008719 -3.214622 0.052091
v 1.894152 -3.280767 0.052091
v 1.779585 -3.346912 -0.052284
v 1.779585 -3.346912 0.052091
v 1.419123 -3.512452 0.052091
v 1.419123 -3.512452 -0.052284
v 1.296466 -3.562010 -0.052284
v 1.296466 -3.562010 0.052091
v 1.541781 -3.462896 -0.052284
v 1.534170 -3.445802 -0.056139
v 1.541781 -3.462896 0.052091
v 1.534170 -3.445802 0.055946
v 1.534170 -3.445802 0.073548
v 1.948886 -4.173932 -0.229575
v 1.936403 -4.163346 -0.196943
v 2.202402 -4.384005 -0.285554
v 2.168328 -4.355768 -0.277699
v 1.938492 -4.161940 0.226158
v 2.201662 -4.384158 0.287629
v 1.864203 -4.099211 0.172477
v 1.864203 -4.099211 0.184277
v 1.816476 -4.064203 -0.199169
v 1.792092 -4.012372 -0.186624
v 1.660104 -3.728655 0.083658
v 1.660104 -3.728655 0.065117
v 1.633599 -3.669123 -0.090391
v 1.502295 -4.127522 -0.134351
v 1.633655 -3.669249 0.118436
v 1.633608 -3.669144 -0.117351
v 1.534170 -3.445802 -0.073742
v 1.418046 -3.896049 -0.132222
v 1.766581 -4.023672 -0.186973
v 1.868265 -4.196191 0.188393
v 1.719634 -4.256243 0.188393
v 1.938492 -4.161940 0.188393
v 1.666619 -4.578997 0.251288
v 1.864203 -4.099211 0.131045
v 1.832065 -4.114886 0.131045
v 1.832065 -4.114886 0.173273
v 1.571002 -4.316293 0.188393
v 1.953013 -4.636022 -0.073742
v 2.474785 -3.960483 -0.239932
v 2.327287 -4.048824 -0.240224
v 2.193047 -4.122788 -0.239908
v 2.004482 -4.217660 -0.239908
v 2.744993 -3.778158 -0.239921
v 1.656916 -4.552338 -0.228743
v 1.666819 -4.579545 -0.234788
v 2.217239 -3.548324 -0.140548
v 2.090779 -3.621336 -0.140548
v 1.583971 -3.875160 -0.090698
v 1.583320 -3.874806 -0.142178
v 1.702532 -3.822001 -0.140548
v 1.964319 -3.694346 -0.140548
v 2.534517 -3.278021 -0.132222
v 2.566222 -3.301520 -0.140548
v 2.459357 -3.385014 -0.140548
v 1.566191 -4.303073 -0.173358
v 1.576420 -4.331178 -0.179602
v 1.598403 -4.391576 -0.193022
v 1.430579 -3.930482 -0.090570
v 1.429928 -3.930128 -0.142049
v 2.809321 -3.450477 -0.150201
v 2.880790 -3.493904 -0.100657
v 2.128350 -3.406072 -0.109585
v 2.006960 -3.476156 -0.109585
v 2.135799 -3.417992 -0.106094
v 2.013984 -3.488321 -0.106094
v 1.633604 -3.669134 -0.109585
v 1.503641 -3.721642 -0.109585
v 1.892164 -3.558641 -0.093881
v 2.013978 -3.488312 -0.093881
v 1.885570 -3.546241 -0.109585
v 1.892169 -3.558651 -0.106094
v 2.135793 -3.417983 -0.093881
v 2.369016 -3.260671 -0.093881
v 1.373679 -3.774150 -0.109585
v 1.639316 -3.681964 -0.093881
v 2.360761 -3.249309 -0.109585
v 2.369023 -3.260680 -0.106094
v 1.639321 -3.681974 -0.106094
v 1.508899 -3.734655 -0.093881
v 1.508903 -3.734665 -0.106094
v 1.378482 -3.787348 -0.093881
v 1.378486 -3.787357 -0.106094
v 2.386917 -3.819866 0.131045
v 2.250780 -3.898465 0.131045
v 2.114642 -3.977064 0.131045
v 2.647563 -3.644058 0.131045
v 2.895310 -3.450496 0.131045
v 3.347350 -3.013968 0.131046
v 3.448395 -2.893547 0.131046
v 3.549439 -2.773126 0.131046
v 3.128952 -3.240125 0.131045
v 1.510061 -4.323437 -0.173352
v 1.507350 -4.356227 -0.179594
v 1.384128 -4.400916 -0.179578
v 1.386484 -4.368270 -0.173340
v 1.501526 -4.426686 -0.193005
v 1.486027 -4.614184 -0.228695
v 1.365589 -4.657773 -0.228661
v 1.379065 -4.471068 -0.192984
v 1.483380 -4.646210 -0.234794
v 1.363275 -4.689858 -0.234798
v 1.396705 -4.226654 -0.146278
v 1.186823 -4.472473 -0.179554
v 1.193184 -4.438400 -0.173322
v 1.136768 -4.740587 -0.228597
v 1.173153 -4.545693 -0.192947
v 1.375875 -4.173587 -0.134380
v 1.220775 -4.290614 -0.146289
v 1.232917 -4.225577 -0.134393
v 1.130609 -4.773573 -0.234630
v 1.482797 -4.644722 0.179457
v 1.483172 -4.645752 0.251288
v 1.363767 -4.689202 0.251288
v 1.363799 -4.688992 0.174137
v 0.881245 -4.863672 0.134120
v 0.872780 -4.949778 0.073548
v 1.045630 -4.919299 0.073548
v 1.020676 -4.813232 0.146099
v 1.482871 -4.644809 -0.177123
v 1.386236 -4.834377 0.073549
v 0.344853 -4.931632 0.134120
v 0.000000 -4.943675 0.134120
v 0.000000 -5.029199 0.073548
v 0.350819 -5.016949 0.073548
v 0.699929 -4.980256 0.073548
v 0.688027 -4.895563 0.134120
v 0.881427 -4.863780 -0.132604
v 1.021191 -4.814304 -0.144583
v 1.045630 -4.919299 -0.073742
v 0.872780 -4.949778 -0.073742
v 1.483883 -4.806772 0.073549
v 1.363522 -4.690827 -0.175022
v 1.386236 -4.834377 -0.073742
v 0.344799 -4.930858 -0.132604
v 0.350819 -5.016949 -0.073742
v 0.000000 -5.029199 -0.073742
v 0.000000 -4.942899 -0.132604
v 0.687918 -4.894794 -0.132604
v 0.699929 -4.980256 -0.073742
v 1.164871 -3.585104 -0.056139
v 1.164871 -3.585104 -0.073742
v 0.000000 -3.771899 -0.056139
v 0.263115 -3.762712 -0.056139
v 0.263115 -3.762712 -0.073742
v 0.000000 -3.771899 -0.073742
v 0.654584 -3.712332 -0.056139
v 0.784222 -3.689474 -0.056139
v 0.784222 -3.689474 -0.073742
v 0.654584 -3.712332 -0.073742
v 0.524947 -3.735192 -0.056139
v 0.524947 -3.735192 -0.073742
v 0.558972 -3.977291 -0.117351
v 0.280168 -4.006594 -0.117351
v 0.000000 -4.016377 -0.117351
v 1.240373 -3.817476 -0.117351
v 0.835052 -3.928610 -0.117351
v 0.697012 -3.952950 -0.117351
v 0.280176 -4.006709 0.118436
v 0.284712 -4.071579 0.083658
v 0.568038 -4.041800 0.083658
v 0.558988 -3.977405 0.118436
v 0.000000 -4.016492 0.118436
v 0.000000 -4.081521 0.083658
v 1.240408 -3.817585 0.118436
v 1.260491 -3.879392 0.083658
v 0.697032 -3.953063 0.118436
v 0.708317 -4.017065 0.083658
v 0.848596 -3.992330 0.083658
v 0.835076 -3.928722 0.118436
v 0.697006 -3.952918 -0.082591
v 0.835045 -3.928577 -0.082591
v 0.862011 -4.055444 -0.132222
v 0.719515 -4.080571 -0.132222
v 0.280166 -4.006571 -0.090391
v 0.558969 -3.977269 -0.090391
v 0.558967 -3.977258 -0.082591
v 0.280166 -4.006560 -0.082591
v 0.000000 -4.016344 -0.082591
v 0.000001 -4.016355 -0.090391
v 1.240366 -3.817454 -0.090391
v 1.240363 -3.817444 -0.082591
v 0.697008 -3.952929 -0.090391
v 0.835047 -3.928588 -0.090391
v 0.284712 -4.071579 0.065117
v 0.568038 -4.041800 0.065117
v 0.000000 -4.081521 0.065117
v 1.260491 -3.879392 0.065117
v 0.708317 -4.017065 0.065117
v 0.848596 -3.992330 0.065117
v 0.781688 -4.433170 0.172353
v 0.781688 -4.433170 0.184119
v 0.936497 -4.405873 0.183896
v 0.936497 -4.405873 0.172180
v 0.310562 -4.441242 -0.199166
v 0.619611 -4.408759 -0.199166
v 0.639073 -4.547237 -0.196940
v 0.320317 -4.580740 -0.196940
v 0.039080 -4.528222 -0.197932
v 0.065623 -4.449795 -0.199166
v 0.306561 -4.384034 -0.186622
v 0.611630 -4.351970 -0.186622
v 0.085350 -4.391758 -0.186622
v 0.762674 -4.325337 -0.186622
v 0.913717 -4.298703 -0.186622
v 0.925641 -4.354798 -0.199166
v 0.772626 -4.381779 -0.199166
v 1.107055 -3.860759 -0.082591
v 1.285860 -3.944119 -0.134083
v 1.142805 -3.985435 -0.132222
v 0.092478 -4.071786 -0.105042
v 0.000000 -4.072198 -0.103964
v 0.577018 -4.105697 -0.132222
v 0.289213 -4.135946 -0.132222
v 0.881427 -4.863780 -0.293536
v 1.021170 -4.814259 -0.293536
v 0.344799 -4.930858 -0.293536
v 0.000000 -4.942899 -0.293536
v 0.687918 -4.894794 -0.293536
v 0.953795 -4.489053 -0.196940
v 0.801130 -4.519220 -0.196940
v 0.344853 -4.931632 0.294623
v 0.688027 -4.895563 0.294623
v 0.000000 -4.943675 0.294623
v 0.881244 -4.863673 0.294623
v 1.020697 -4.813276 0.292271
v 0.314204 -4.493331 0.172180
v 0.000000 -4.504303 0.172180
v 0.000000 -4.504303 0.183896
v 0.314204 -4.493331 0.183896
v 0.626878 -4.460468 0.184119
v 0.626878 -4.460468 0.172353
v 1.391054 -4.281226 0.174285
v 1.391059 -4.281237 0.131045
v 0.806050 -4.522501 0.227641
v 0.964230 -4.491436 0.227641
v 1.131567 -4.773345 0.251201
v 0.320413 -4.582115 0.227419
v 0.000000 -4.593304 0.227422
v 0.630083 -4.550354 0.227640
v 0.339435 -4.855797 -0.277699
v 0.677219 -4.817760 -0.277699
v 0.000000 -4.866189 -0.277700
v 0.864039 -4.788435 -0.277699
v 1.009857 -4.759566 -0.277699
v 0.957175 -4.505554 -0.232350
v 0.805278 -4.535172 -0.232083
v 0.321313 -4.594980 -0.231717
v 0.000000 -4.606200 -0.231717
v 0.000000 -4.591926 -0.196940
v 0.641059 -4.561373 -0.231717
v 0.263115 -3.762712 0.073548
v 0.524947 -3.735192 0.073548
v 0.524947 -3.735192 0.055946
v 0.263115 -3.762712 0.055946
v 0.654584 -3.712332 0.073548
v 0.784222 -3.689474 0.073548
v 0.784222 -3.689474 0.055946
v 0.654584 -3.712332 0.055946
v 0.000000 -3.771899 0.055946
v 0.264420 -3.781379 0.052091
v 0.000000 -3.790612 0.052091
v 0.000000 -3.771899 0.073548
v 1.164871 -3.585104 0.073548
v 1.164871 -3.585104 0.055946
v 0.527551 -3.753723 -0.052284
v 0.657832 -3.730751 -0.052284
v 0.527551 -3.753723 0.052091
v 0.264420 -3.781379 -0.052284
v 0.657832 -3.730751 0.052091
v 0.788113 -3.707778 0.052091
v 0.788113 -3.707778 -0.052284
v 0.000000 -3.790612 -0.052284
v 1.170650 -3.602890 0.052091
v 1.170650 -3.602890 -0.052284
v 1.039676 -3.625782 -0.056139
v 1.044834 -3.643770 -0.052284
v 1.039676 -3.625782 0.055946
v 1.044834 -3.643770 0.052091
v 1.039676 -3.625782 0.073548
v 1.192777 -4.434003 -0.196943
v 1.190019 -4.450137 -0.229575
v 1.138798 -4.730484 -0.277699
v 1.130847 -4.774019 -0.285554
v 1.131512 -4.773660 0.287629
v 1.189891 -4.436472 0.227658
v 1.206860 -4.338464 0.184277
v 1.206860 -4.338464 0.172477
v 1.206281 -4.225589 -0.186624
v 1.220919 -4.280968 -0.199169
v 1.125020 -3.923410 0.065117
v 1.125020 -3.923410 0.083658
v 1.107058 -3.860769 -0.090391
v 1.107096 -3.860900 0.118436
v 1.039676 -3.625782 -0.073742
v 1.107064 -3.860790 -0.117351
v 1.233087 -4.217847 -0.186973
v 1.266086 -4.415366 0.188393
v 1.418544 -4.365830 0.188393
v 1.190273 -4.434269 0.188393
v 1.241554 -4.329814 0.173273
v 1.241554 -4.329814 0.131045
v 1.206860 -4.338464 0.131045
v 1.483883 -4.806772 -0.073742
v 0.819728 -4.597530 -0.240224
v 0.649954 -4.624667 -0.239932
v 1.175537 -4.519372 -0.239908
v 0.970106 -4.567902 -0.239908
v 0.325767 -4.658685 -0.239921
v 0.000000 -4.669989 -0.239908
v 0.726120 -4.118031 -0.140548
v 0.582315 -4.143388 -0.140548
v 1.277783 -3.986011 -0.142178
v 1.277513 -3.986702 -0.090698
v 1.152520 -4.022189 -0.140548
v 0.869925 -4.092674 -0.140548
v 0.291868 -4.173914 -0.140548
v 0.156336 -4.178648 -0.140548
v 0.165519 -4.140265 -0.132222
v 1.430850 -3.929792 -0.142049
v 0.065860 -4.449015 -0.150201
v 0.000000 -4.184106 -0.140548
v 0.000000 -4.146045 -0.132222
v 0.000001 -4.394739 -0.186622
v 0.000001 -4.528222 -0.197954
v 0.000001 -4.528222 -0.100679
v 0.039026 -4.528222 -0.100657
v 0.000000 -4.449015 -0.150201
v 0.697010 -3.952939 -0.109585
v 0.558970 -3.977280 -0.109585
v 0.699449 -3.966773 -0.106094
v 0.560927 -3.991198 -0.106094
v 1.240370 -3.817464 -0.109585
v 1.107060 -3.860780 -0.109585
v 0.699447 -3.966761 -0.093881
v 0.837969 -3.942337 -0.093881
v 0.835049 -3.928599 -0.109585
v 0.837972 -3.942348 -0.106094
v 0.281147 -4.020593 -0.093881
v 0.560925 -3.991187 -0.093881
v 1.110932 -3.874279 -0.093881
v 0.280168 -4.006582 -0.109585
v 0.000000 -4.016366 -0.109585
v 0.281148 -4.020604 -0.106094
v 1.110935 -3.874290 -0.106094
v 1.244710 -3.830824 -0.106094
v 1.244707 -3.830814 -0.093881
v 0.000000 -4.030411 -0.093881
v 0.000000 -4.030421 -0.106094
v -1.510060 -4.323437 -0.173352
v -1.386484 -4.368271 -0.173340
v -1.384127 -4.400917 -0.179578
v -1.507349 -4.356228 -0.179594
v -1.501525 -4.426685 -0.193005
v -1.379064 -4.471067 -0.192984
v -1.365588 -4.657773 -0.228661
v -1.486027 -4.614184 -0.228695
v -1.363274 -4.689858 -0.234798
v -1.483379 -4.646210 -0.234794
v -1.521820 -4.181169 -0.146271
v -1.396705 -4.226655 -0.146279
v -1.193183 -4.438400 -0.173322
v -1.186823 -4.472472 -0.179554
v -1.173153 -4.545694 -0.192947
v -1.136767 -4.740588 -0.228597
v -1.375874 -4.173587 -0.134381
v -1.232916 -4.225577 -0.134393
v -1.220774 -4.290614 -0.146289
v -1.130609 -4.773573 -0.234630
v -1.482798 -4.644723 0.179457
v -1.363798 -4.688991 0.174137
v -1.363766 -4.689202 0.251288
v -1.483172 -4.645751 0.251288
v -0.881243 -4.863673 0.134120
v -1.020676 -4.813232 0.146099
v -1.045629 -4.919299 0.073548
v -0.872779 -4.949777 0.073548
v -1.666353 -4.578269 -0.177123
v -1.482870 -4.644810 -0.177123
v -1.666618 -4.578998 0.179457
v -1.386235 -4.834377 0.073549
v -0.344853 -4.931632 0.134120
v -0.350819 -5.016949 0.073548
v -0.688026 -4.895564 0.134120
v -0.699929 -4.980256 0.073548
v -0.881426 -4.863780 -0.132604
v -0.872779 -4.949777 -0.073742
v -1.045629 -4.919299 -0.073742
v -1.021190 -4.814304 -0.144583
v -1.483882 -4.806771 0.073549
v -1.386235 -4.834377 -0.073742
v -1.363521 -4.690827 -0.175021
v -0.344799 -4.930858 -0.132604
v -0.350819 -5.016949 -0.073742
v -0.699929 -4.980256 -0.073742
v -0.687919 -4.894795 -0.132604
v -1.164871 -3.585104 -0.056139
v -1.164871 -3.585104 -0.073742
v -1.290066 -3.544426 -0.073742
v -1.290066 -3.544426 -0.056139
v -0.263114 -3.762711 -0.073742
v -0.263114 -3.762711 -0.056139
v -0.654584 -3.712332 -0.056139
v -0.654584 -3.712332 -0.073742
v -0.784222 -3.689474 -0.073742
v -0.784222 -3.689474 -0.056139
v -0.524947 -3.735192 -0.073742
v -0.524947 -3.735192 -0.056139
v -0.280168 -4.006593 -0.117351
v -0.558972 -3.977291 -0.117351
v -1.240373 -3.817476 -0.117351
v -1.373682 -3.774160 -0.117351
v -0.697011 -3.952950 -0.117351
v -0.835051 -3.928610 -0.117351
v -0.280176 -4.006709 0.118436
v -0.558987 -3.977405 0.118436
v -0.568037 -4.041800 0.083658
v -0.284712 -4.071579 0.083658
v -1.240408 -3.817584 0.118436
v -1.373721 -3.774269 0.118436
v -1.395962 -3.835375 0.083658
v -1.260490 -3.879392 0.083658
v -0.697031 -3.953063 0.118436
v -0.835076 -3.928722 0.118436
v -0.848595 -3.992329 0.083658
v -0.708317 -4.017065 0.083658
v -0.697005 -3.952918 -0.082591
v -0.719514 -4.080571 -0.132222
v -0.862011 -4.055445 -0.132222
v -0.835045 -3.928578 -0.082591
v -0.280166 -4.006572 -0.090391
v -0.280166 -4.006561 -0.082591
v -0.558967 -3.977258 -0.082591
v -0.558968 -3.977270 -0.090391
v -1.240366 -3.817455 -0.090391
v -1.240362 -3.817444 -0.082591
v -1.373670 -3.774129 -0.082591
v -1.373674 -3.774140 -0.090391
v -0.697008 -3.952929 -0.090391
v -0.835047 -3.928588 -0.090391
v -0.568037 -4.041800 0.065117
v -0.284712 -4.071579 0.065117
v -1.395962 -3.835375 0.065117
v -1.260490 -3.879392 0.065117
v -0.848595 -3.992329 0.065117
v -0.708317 -4.017065 0.065117
v -0.781687 -4.433171 0.172353
v -0.936497 -4.405873 0.172180
v -0.936497 -4.405873 0.183896
v -0.781687 -4.433171 0.184119
v -0.310561 -4.441242 -0.199166
v -0.320316 -4.580740 -0.196940
v -0.639072 -4.547238 -0.196940
v -0.619610 -4.408759 -0.199166
v -0.065623 -4.449795 -0.199166
v -0.039079 -4.528222 -0.197932
v -0.306561 -4.384035 -0.186622
v -0.611629 -4.351970 -0.186622
v -0.085349 -4.391759 -0.186622
v -0.762673 -4.325337 -0.186622
v -0.772626 -4.381779 -0.199166
v -0.925640 -4.354798 -0.199166
v -0.913717 -4.298704 -0.186622
v -1.107054 -3.860759 -0.082591
v -1.142805 -3.985435 -0.132222
v -1.285860 -3.944119 -0.134083
v -0.092478 -4.071786 -0.105042
v -0.289213 -4.135946 -0.132222
v -0.577018 -4.105697 -0.132222
v -0.881426 -4.863780 -0.293536
v -1.021170 -4.814260 -0.293536
v -0.344799 -4.930858 -0.293536
v -0.687919 -4.894795 -0.293536
v -0.801129 -4.519219 -0.196940
v -0.953794 -4.489053 -0.196940
v -0.344853 -4.931632 0.294623
v -0.688026 -4.895564 0.294623
v -0.881244 -4.863673 0.294623
v -1.020697 -4.813277 0.292271
v -0.314204 -4.493331 0.172180
v -0.314204 -4.493331 0.183896
v -0.626878 -4.460468 0.172353
v -0.626878 -4.460468 0.184119
v -1.391054 -4.281226 0.174285
v -1.391058 -4.281237 0.131045
v -1.540562 -4.232660 0.131045
v -1.540554 -4.232637 0.175296
v -0.806050 -4.522501 0.227641
v -0.964229 -4.491436 0.227641
v -1.131565 -4.773345 0.251211
v -0.320412 -4.582115 0.227419
v -0.630082 -4.550355 0.227641
v -0.339434 -4.855798 -0.277699
v -0.677219 -4.817760 -0.277699
v -0.864038 -4.788435 -0.277699
v -1.009857 -4.759567 -0.277699
v -0.805278 -4.535172 -0.232083
v -0.957175 -4.505555 -0.232350
v -0.321312 -4.594979 -0.231717
v -0.641059 -4.561373 -0.231717
v -0.263114 -3.762711 0.073548
v -0.263114 -3.762711 0.055946
v -0.524947 -3.735192 0.055946
v -0.524947 -3.735192 0.073548
v -0.654584 -3.712332 0.073548
v -0.654584 -3.712332 0.055946
v -0.784222 -3.689474 0.055946
v -0.784222 -3.689474 0.073548
v -0.264420 -3.781378 0.052091
v -1.164871 -3.585104 0.073548
v -1.164871 -3.585104 0.055946
v -1.290066 -3.544426 0.055946
v -1.290066 -3.544426 0.073549
v -0.657832 -3.730751 -0.052284
v -0.527551 -3.753723 -0.052284
v -0.264420 -3.781378 -0.052284
v -0.527551 -3.753723 0.052091
v -0.657832 -3.730751 0.052091
v -0.788112 -3.707779 -0.052284
v -0.788112 -3.707779 0.052091
v -1.170649 -3.602890 0.052091
v -1.170649 -3.602890 -0.052284
v -1.296466 -3.562010 -0.052284
v -1.296466 -3.562010 0.052091
v -1.044834 -3.643770 -0.052284
v -1.039677 -3.625783 -0.056139
v -1.044834 -3.643770 0.052091
v -1.039677 -3.625783 0.055946
v -1.039677 -3.625783 0.073548
v -1.190019 -4.450137 -0.229575
v -1.192776 -4.434003 -0.196943
v -1.130847 -4.774020 -0.285554
v -1.138798 -4.730486 -0.277699
v -1.190272 -4.434270 0.226158
v -1.131511 -4.773661 0.287629
v -1.206859 -4.338464 0.172477
v -1.206859 -4.338464 0.184277
v -1.220918 -4.280968 -0.199169
v -1.206281 -4.225590 -0.186624
v -1.125020 -3.923410 0.083658
v -1.125020 -3.923410 0.065117
v -1.107057 -3.860769 -0.090391
v -1.502295 -4.127522 -0.134351
v -1.107095 -3.860901 0.118436
v -1.107063 -3.860790 -0.117351
v -1.039677 -3.625783 -0.073742
v -1.418046 -3.896050 -0.132222
v -1.233087 -4.217848 -0.186973
v -1.266086 -4.415366 0.188393
v -1.418544 -4.365830 0.188393
v -1.190272 -4.434270 0.188393
v -1.666618 -4.578998 0.251288
v -1.206859 -4.338464 0.131045
v -1.241554 -4.329814 0.131045
v -1.241554 -4.329814 0.173273
v -1.571002 -4.316293 0.188393
v -1.483882 -4.806771 -0.073742
v -0.649954 -4.624667 -0.239932
v -0.819728 -4.597530 -0.240224
v -0.970106 -4.567903 -0.239908
v -1.175537 -4.519372 -0.239908
v -0.325766 -4.658685 -0.239921
v -1.656915 -4.552338 -0.228743
v -1.666818 -4.579546 -0.234788
v -0.582315 -4.143388 -0.140548
v -0.726120 -4.118031 -0.140548
v -1.277513 -3.986701 -0.090698
v -1.277783 -3.986012 -0.142178
v -1.152520 -4.022190 -0.140548
v -0.869924 -4.092674 -0.140548
v -0.165518 -4.140265 -0.132222
v -0.156335 -4.178647 -0.140548
v -0.291868 -4.173914 -0.140548
v -1.566190 -4.303073 -0.173358
v -1.576420 -4.331178 -0.179602
v -1.598403 -4.391576 -0.193022
v -1.430579 -3.930482 -0.090570
v -1.430849 -3.929793 -0.142049
v -0.065859 -4.449015 -0.150201
v -0.039025 -4.528222 -0.100657
v -0.558970 -3.977280 -0.109585
v -0.697010 -3.952940 -0.109585
v -0.560926 -3.991199 -0.106094
v -0.699449 -3.966773 -0.106094
v -1.107061 -3.860780 -0.109585
v -1.240369 -3.817464 -0.109585
v -0.837969 -3.942337 -0.093881
v -0.699447 -3.966763 -0.093881
v -0.835049 -3.928599 -0.109585
v -0.837972 -3.942348 -0.106094
v -0.560925 -3.991188 -0.093881
v -0.281147 -4.020593 -0.093881
v -1.373678 -3.774150 -0.109585
v -1.110932 -3.874280 -0.093881
v -0.280167 -4.006583 -0.109585
v -0.281148 -4.020604 -0.106094
v -1.110935 -3.874291 -0.106094
v -1.244706 -3.830814 -0.093881
v -1.244710 -3.830824 -0.106094
v -1.378482 -3.787348 -0.093881
v -1.378485 -3.787358 -0.106094
v -0.626878 -4.460468 0.131045
v -0.781687 -4.433171 0.131045
v -0.936497 -4.405873 0.131045
v -0.314204 -4.493331 0.131045
v 0.000000 -4.504303 0.131045
v 0.626878 -4.460468 0.131045
v 0.781688 -4.433170 0.131045
v 0.936497 -4.405873 0.131045
v 0.314204 -4.493331 0.131045
v -1.622278 -4.282593 -0.173352
v -1.645431 -4.305970 -0.179594
v -1.768551 -4.260997 -0.179578
v -1.745762 -4.237504 -0.173340
v -1.695183 -4.356200 -0.193005
v -1.827578 -4.489870 -0.228695
v -1.947857 -4.445845 -0.228661
v -1.817522 -4.311483 -0.192984
v -1.850191 -4.512702 -0.234794
v -1.970253 -4.468935 -0.234798
v -1.646902 -4.135590 -0.146278
v -1.965691 -4.188988 -0.179554
v -1.938917 -4.166975 -0.173322
v -2.176376 -4.362201 -0.228597
v -2.023228 -4.236291 -0.192947
v -1.628749 -4.081548 -0.134380
v -1.822785 -4.071500 -0.146289
v -1.771680 -4.029483 -0.134393
v -2.202296 -4.383511 -0.234630
v -1.849681 -4.511187 0.179457
v -1.850056 -4.512218 0.251288
v -1.969454 -4.468750 0.251288
v -1.969295 -4.468609 0.174137
v -2.451236 -4.292243 0.134120
v -2.513067 -4.352762 0.073548
v -2.361066 -4.440519 0.073548
v -2.312003 -4.343227 0.146099
v -1.849681 -4.511302 -0.177123
v -2.045559 -4.594403 0.073549
v -2.905819 -3.999517 0.134120
v -3.177732 -3.787075 0.134120
v -3.232706 -3.852590 0.073548
v -2.956089 -4.068708 0.073548
v -2.665070 -4.265003 0.073548
v -2.619748 -4.192474 0.134120
v -2.451165 -4.292442 -0.132604
v -2.312297 -4.344379 -0.144583
v -2.361066 -4.440519 -0.073742
v -2.513067 -4.352762 -0.073742
v -1.953013 -4.636023 0.073549
v -1.970687 -4.469837 -0.175022
v -2.045559 -4.594403 -0.073742
v -2.905363 -3.998889 -0.132604
v -2.956089 -4.068708 -0.073742
v -3.232706 -3.852590 -0.073742
v -3.177234 -3.786481 -0.132604
v -2.619337 -4.191816 -0.132604
v -2.665070 -4.265003 -0.073742
v -1.412117 -3.495113 -0.056139
v -1.412117 -3.495113 -0.073742
v -2.424530 -2.889443 -0.056138
v -2.217067 -3.051531 -0.056138
v -2.217067 -3.051531 -0.073741
v -2.424530 -2.889443 -0.073741
v -1.884801 -3.264570 -0.056139
v -1.770799 -3.330389 -0.056139
v -1.770799 -3.330389 -0.073742
v -1.884801 -3.264570 -0.073742
v -1.998802 -3.198752 -0.056139
v -1.998802 -3.198752 -0.073742
v -2.128356 -3.406081 -0.117351
v -2.360767 -3.249317 -0.117351
v -2.581677 -3.076723 -0.117350
v -1.503645 -3.721652 -0.117351
v -1.885575 -3.546251 -0.117351
v -2.006965 -3.476166 -0.117351
v -2.360835 -3.249411 0.118436
v -2.399058 -3.302020 0.083658
v -2.162876 -3.461326 0.083658
v -2.128417 -3.406179 0.118436
v -2.581751 -3.076812 0.118437
v -2.623550 -3.126626 0.083658
v -1.503688 -3.721759 0.118436
v -1.528033 -3.782015 0.083658
v -2.007023 -3.476265 0.118436
v -2.039517 -3.532547 0.083658
v -1.916158 -3.603769 0.083658
v -1.885629 -3.546353 0.118436
v -2.006949 -3.476138 -0.082591
v -1.885559 -3.546221 -0.082591
v -1.946450 -3.660741 -0.132222
v -2.071760 -3.588394 -0.132222
v -2.360754 -3.249299 -0.090391
v -2.128344 -3.406063 -0.090391
v -2.128339 -3.406054 -0.082591
v -2.360748 -3.249290 -0.082591
v -2.581656 -3.076698 -0.082590
v -2.581663 -3.076707 -0.090390
v -1.503637 -3.721632 -0.090391
v -1.503633 -3.721622 -0.082591
v -2.006955 -3.476147 -0.090391
v -1.885564 -3.546231 -0.090391
v -2.399058 -3.302020 0.065117
v -2.162876 -3.461326 0.065117
v -2.623550 -3.126626 0.065117
v -1.528033 -3.782015 0.065117
v -2.039517 -3.532547 0.065117
v -1.916158 -3.603769 0.065117
v -2.250780 -3.898464 0.172353
v -2.250780 -3.898464 0.184119
v -2.114642 -3.977063 0.183895
v -2.114642 -3.977063 0.172180
v -2.616871 -3.601814 -0.199166
v -2.359246 -3.775584 -0.199166
v -2.433349 -3.894174 -0.196940
v -2.699066 -3.714946 -0.196940
v -2.880748 -3.493939 -0.197932
v -2.810003 -3.450922 -0.199166
v -2.583163 -3.555419 -0.186622
v -2.328856 -3.726950 -0.186622
v -2.757586 -3.419144 -0.186622
v -2.196031 -3.803637 -0.186622
v -2.063205 -3.880324 -0.186622
v -2.090128 -3.930959 -0.199166
v -2.224687 -3.853271 -0.199166
v -1.633595 -3.669114 -0.082591
v -1.550205 -3.847906 -0.134083
v -1.686349 -3.787601 -0.132222
v -2.546451 -3.178613 -0.105042
v -2.617558 -3.119485 -0.103964
v -2.197070 -3.516046 -0.132222
v -2.436985 -3.354222 -0.132222
v -2.451165 -4.292442 -0.293536
v -2.312284 -4.344332 -0.293536
v -2.905363 -3.998889 -0.293536
v -3.177234 -3.786481 -0.293536
v -2.619337 -4.191816 -0.293536
v -2.154858 -4.051902 -0.196940
v -2.291198 -3.976879 -0.196940
v -2.905819 -3.999517 0.294623
v -2.619748 -4.192474 0.294623
v -3.177732 -3.787075 0.294623
v -2.451236 -4.292243 0.294623
v -2.312015 -4.343275 0.292271
v -2.647563 -3.644058 0.172180
v -2.895310 -3.450497 0.172180
v -2.895310 -3.450497 0.183896
v -2.647563 -3.644058 0.183896
v -2.386917 -3.819866 0.184119
v -2.386917 -3.819866 0.172353
v -1.686309 -4.173761 0.174285
v -1.686313 -4.173772 0.131045
v -2.289537 -3.982556 0.227641
v -2.148396 -4.060434 0.227641
v -2.201417 -4.383952 0.251201
v -2.699876 -3.716061 0.227419
v -2.952518 -3.518675 0.227422
v -2.442240 -3.890783 0.227640
v -2.861224 -3.937941 -0.277699
v -2.578016 -4.125926 -0.277699
v -3.127926 -3.727717 -0.277700
v -2.416054 -4.223547 -0.277699
v -2.285795 -4.295163 -0.277699
v -2.162875 -4.066715 -0.232350
v -2.298274 -3.991766 -0.232083
v -2.707456 -3.726495 -0.231717
v -2.960808 -3.528553 -0.231717
v -2.951632 -3.517619 -0.196940
v -2.440914 -3.906279 -0.231717
v -2.217067 -3.051531 0.073549
v -1.998802 -3.198752 0.073548
v -1.998802 -3.198752 0.055946
v -2.217067 -3.051531 0.055947
v -1.884801 -3.264570 0.073548
v -1.770799 -3.330389 0.073548
v -1.770799 -3.330389 0.055946
v -1.884801 -3.264570 0.055946
v -2.424530 -2.889443 0.055947
v -2.228066 -3.066670 0.052092
v -2.436558 -2.903777 0.052092
v -2.424530 -2.889443 0.073549
v -1.412117 -3.495113 0.073548
v -1.412117 -3.495113 0.055946
v -2.008718 -3.214622 -0.052284
v -1.894151 -3.280767 -0.052284
v -2.008718 -3.214622 0.052091
v -2.228066 -3.066670 -0.052283
v -1.894151 -3.280767 0.052091
v -1.779585 -3.346912 0.052091
v -1.779585 -3.346912 -0.052284
v -2.436558 -2.903777 -0.052283
v -1.419123 -3.512453 0.052091
v -1.419123 -3.512453 -0.052284
v -1.534170 -3.445801 -0.056139
v -1.541781 -3.462896 -0.052284
v -1.534170 -3.445801 0.055946
v -1.541781 -3.462896 0.052091
v -1.534170 -3.445801 0.073548
v -1.936402 -4.163345 -0.196943
v -1.948885 -4.173933 -0.229575
v -2.168327 -4.355767 -0.277699
v -2.202401 -4.384005 -0.285554
v -2.201661 -4.384158 0.287629
v -1.940199 -4.163382 0.227658
v -1.864202 -4.099211 0.184277
v -1.864202 -4.099211 0.172477
v -1.792091 -4.012372 -0.186624
v -1.816475 -4.064203 -0.199169
v -1.660104 -3.728656 0.065117
v -1.660104 -3.728656 0.083658
v -1.633599 -3.669123 -0.090391
v -1.633654 -3.669249 0.118436
v -1.534170 -3.445801 -0.073742
v -1.633608 -3.669144 -0.117351
v -1.766580 -4.023672 -0.186973
v -1.868264 -4.196192 0.188393
v -1.719634 -4.256243 0.188393
v -1.938492 -4.161940 0.188393
v -1.832065 -4.114886 0.173273
v -1.832065 -4.114886 0.131045
v -1.864202 -4.099211 0.131045
v -1.953013 -4.636023 -0.073742
v -2.327287 -4.048824 -0.240224
v -2.474785 -3.960483 -0.239932
v -2.004482 -4.217660 -0.239908
v -2.193047 -4.122788 -0.239908
v -2.744993 -3.778158 -0.239921
v -3.001810 -3.577419 -0.239908
v -2.090779 -3.621335 -0.140548
v -2.217239 -3.548324 -0.140548
v -1.583320 -3.874805 -0.142178
v -1.583971 -3.875160 -0.090698
v -1.702532 -3.822001 -0.140548
v -1.964319 -3.694347 -0.140548
v -2.459356 -3.385013 -0.140548
v -2.566223 -3.301520 -0.140548
v -2.534517 -3.278021 -0.132222
v -1.429927 -3.930128 -0.142049
v -2.809320 -3.450477 -0.150201
v -2.689491 -3.205211 -0.140548
v -2.665026 -3.176055 -0.132222
v -2.824883 -3.366565 -0.186622
v -2.910684 -3.468819 -0.197954
v -2.910684 -3.468819 -0.100679
v -2.880789 -3.493904 -0.100657
v -2.859771 -3.408143 -0.150201
v -2.006960 -3.476156 -0.109585
v -2.128350 -3.406072 -0.109585
v -2.013983 -3.488321 -0.106094
v -2.135798 -3.417992 -0.106094
v -1.503640 -3.721642 -0.109585
v -1.633604 -3.669133 -0.109585
v -2.013978 -3.488311 -0.093881
v -1.892163 -3.558642 -0.093881
v -1.885570 -3.546241 -0.109585
v -1.892169 -3.558651 -0.106094
v -2.369016 -3.260670 -0.093881
v -2.135792 -3.417982 -0.093881
v -1.639316 -3.681963 -0.093881
v -2.360760 -3.249308 -0.109585
v -2.581670 -3.076715 -0.109585
v -2.369022 -3.260680 -0.106094
v -1.639320 -3.681974 -0.106094
v -1.508903 -3.734666 -0.106094
v -1.508899 -3.734656 -0.093881
v -2.590698 -3.087474 -0.093881
v -2.590705 -3.087482 -0.106094
v -3.935825 -2.341297 -0.173351
v -3.869978 -2.455075 -0.173339
v -3.889157 -2.481598 -0.179577
v -3.954826 -2.368158 -0.179593
v -3.995653 -2.425876 -0.193004
v -3.930371 -2.538591 -0.192983
v -4.040060 -2.690278 -0.228660
v -4.104302 -2.579471 -0.228694
v -4.058911 -2.716344 -0.234797
v -4.122860 -2.605705 -0.234793
v -3.853385 -2.224754 -0.146270
v -3.786779 -2.340020 -0.146278
v -3.766980 -2.633048 -0.173321
v -3.784008 -2.663237 -0.179553
v -3.820602 -2.728116 -0.192946
v -3.918005 -2.900801 -0.228596
v -3.736711 -2.312759 -0.134380
v -3.660617 -2.444477 -0.134392
v -3.693121 -2.502102 -0.146288
v -3.934490 -2.930028 -0.234629
v -4.121459 -2.604940 0.179458
v -4.058755 -2.715343 0.174138
v -4.058866 -2.715525 0.251289
v -4.122406 -2.605488 0.251289
v -3.801380 -3.159337 0.134120
v -3.875769 -3.031072 0.146100
v -3.963063 -3.096285 0.073548
v -3.850243 -3.230737 0.073548
v -4.219355 -2.436046 -0.177122
v -4.121571 -2.604960 -0.177122
v -4.220026 -2.436434 0.179458
v -4.169395 -2.812293 0.073550
v -3.434164 -3.556182 0.134120
v -3.493576 -3.617703 0.073548
v -3.673866 -3.307966 0.134120
v -3.737423 -3.365192 0.073548
v -3.801589 -3.159302 -0.132604
v -3.850243 -3.230737 -0.073742
v -3.963063 -3.096285 -0.073742
v -3.876852 -3.031562 -0.144582
v -4.226452 -2.728379 0.073550
v -4.169395 -2.812293 -0.073741
v -4.059723 -2.716927 -0.175020
v -3.433626 -3.555624 -0.132604
v -3.493576 -3.617703 -0.073742
v -3.737423 -3.365192 -0.073742
v -3.673290 -3.307446 -0.132604
v -3.196803 -1.997585 -0.056138
v -3.196803 -1.997585 -0.073741
v -3.266561 -1.885950 -0.073741
v -3.266561 -1.885950 -0.056138
v -2.620181 -2.713277 -0.073741
v -2.620181 -2.713277 -0.056138
v -2.887682 -2.423053 -0.056138
v -2.887682 -2.423053 -0.073741
v -2.972297 -2.322213 -0.073741
v -2.972297 -2.322213 -0.056138
v -2.803067 -2.523893 -0.073741
v -2.803067 -2.523893 -0.056138
v -2.790009 -2.889140 -0.117350
v -2.984751 -2.687482 -0.117350
v -3.404007 -2.127060 -0.117350
v -3.478285 -2.008189 -0.117350
v -3.074849 -2.580106 -0.117350
v -3.164948 -2.472729 -0.117350
v -2.790090 -2.889223 0.118437
v -2.984835 -2.687558 0.118437
v -3.033161 -2.731071 0.083659
v -2.835263 -2.936001 0.083659
v -3.404103 -2.127120 0.118437
v -3.478384 -2.008246 0.118437
v -3.534700 -2.040761 0.083659
v -3.459217 -2.161559 0.083659
v -3.074937 -2.580179 0.118437
v -3.165039 -2.472800 0.118437
v -3.216282 -2.512835 0.083659
v -3.124722 -2.621953 0.083659
v -3.074824 -2.580085 -0.082590
v -3.174120 -2.663404 -0.132221
v -3.267128 -2.552561 -0.132221
v -3.164922 -2.472709 -0.082590
v -2.789994 -2.889125 -0.090390
v -2.789987 -2.889117 -0.082590
v -2.984726 -2.687459 -0.082590
v -2.984734 -2.687467 -0.090390
v -3.403988 -2.127048 -0.090390
v -3.403978 -2.127042 -0.082590
v -3.478256 -2.008172 -0.082590
v -3.478266 -2.008178 -0.090390
v -3.074833 -2.580091 -0.090390
v -3.164931 -2.472715 -0.090390
v -3.033161 -2.731071 0.065118
v -2.835263 -2.936001 0.065118
v -3.534700 -2.040761 0.065118
v -3.459217 -2.161559 0.065118
v -3.216282 -2.512835 0.065118
v -3.124722 -2.621953 0.065118
v -3.448394 -2.893547 0.172354
v -3.549439 -2.773126 0.172181
v -3.549439 -2.773126 0.183897
v -3.448394 -2.893547 0.184120
v -3.092679 -3.202564 -0.199166
v -3.189820 -3.303156 -0.196940
v -3.412466 -3.072599 -0.196940
v -3.308545 -2.979027 -0.199165
v -2.910543 -3.366559 -0.199166
v -2.940621 -3.443700 -0.197932
v -3.052843 -3.161311 -0.186622
v -3.265928 -2.940655 -0.186621
v -2.888349 -3.309421 -0.186622
v -3.364515 -2.823164 -0.186621
v -3.408419 -2.860003 -0.199165
v -3.508291 -2.740979 -0.199165
v -3.463102 -2.705672 -0.186621
v -3.329700 -2.245912 -0.082590
v -3.437227 -2.318440 -0.132221
v -3.520257 -2.194835 -0.134082
v -2.688136 -3.059725 -0.105041
v -2.880085 -2.982416 -0.132221
v -3.081112 -2.774246 -0.132221
v -3.801589 -3.159302 -0.293536
v -3.876808 -3.031541 -0.293536
v -3.433626 -3.555624 -0.293536
v -3.673290 -3.307446 -0.293536
v -3.518599 -2.946967 -0.196939
v -3.616156 -2.825727 -0.196939
v -3.434164 -3.556182 0.294623
v -3.673866 -3.307966 0.294623
v -3.801380 -3.159337 0.294623
v -3.875813 -3.031092 0.292271
v -3.128951 -3.240125 0.172180
v -3.128951 -3.240125 0.183896
v -3.347350 -3.013967 0.172354
v -3.347350 -3.013967 0.184120
v -3.817528 -2.385457 0.174286
v -3.817539 -2.385463 0.131046
v -3.900840 -2.252151 0.131046
v -3.900819 -2.252139 0.175297
v -3.524477 -2.946317 0.227641
v -3.625682 -2.820846 0.227642
v -3.935077 -2.929239 0.251212
v -3.190776 -3.304147 0.227419
v -3.407583 -3.080765 0.227640
v -3.381269 -3.501573 -0.277699
v -3.615576 -3.255310 -0.277699
v -3.739838 -3.112760 -0.277699
v -3.832985 -2.996916 -0.277698
v -3.532031 -2.956521 -0.232082
v -3.629354 -2.836195 -0.232349
v -3.199735 -3.313423 -0.231717
v -3.423074 -3.082149 -0.231717
v -2.620181 -2.713277 0.073549
v -2.620181 -2.713277 0.055947
v -2.803067 -2.523893 0.055947
v -2.803067 -2.523893 0.073549
v -2.887682 -2.423053 0.073549
v -2.887682 -2.423053 0.055947
v -2.972297 -2.322213 0.055947
v -2.972297 -2.322213 0.073549
v -2.633180 -2.726738 0.052092
v -3.196803 -1.997585 0.073549
v -3.196803 -1.997585 0.055947
v -3.266561 -1.885950 0.055947
v -3.266561 -1.885950 0.073550
v -2.902009 -2.435075 -0.052283
v -2.816974 -2.536416 -0.052283
v -2.633180 -2.726738 -0.052283
v -2.816974 -2.536416 0.052092
v -2.902009 -2.435075 0.052092
v -2.987043 -2.333735 -0.052283
v -2.987043 -2.333735 0.052092
v -3.212662 -2.007495 0.052092
v -3.212662 -2.007495 -0.052283
v -3.282766 -1.895306 -0.052283
v -3.282766 -1.895306 0.052092
v -3.142560 -2.119684 -0.052283
v -3.127047 -2.109220 -0.056138
v -3.142560 -2.119684 0.052092
v -3.127047 -2.109220 0.055947
v -3.127047 -2.109220 0.073549
v -3.772100 -2.644073 -0.229574
v -3.763842 -2.629942 -0.196942
v -3.934959 -2.930217 -0.285553
v -3.913067 -2.891757 -0.277698
v -3.762095 -2.631755 0.226159
v -3.935238 -2.929515 0.287630
v -3.713219 -2.547702 0.172478
v -3.713219 -2.547702 0.184278
v -3.687031 -2.494621 -0.199168
v -3.640221 -2.461607 -0.186623
v -3.383734 -2.282358 0.083659
v -3.383734 -2.282358 0.065118
v -3.329710 -2.245918 -0.090390
v -3.803945 -2.196209 -0.134350
v -3.329823 -2.245994 0.118437
v -3.329728 -2.245930 -0.117350
v -3.127047 -2.109220 -0.073741
v -3.590618 -2.073045 -0.132221
v -3.655780 -2.438446 -0.186972
v -3.808021 -2.568543 0.188394
v -3.892969 -2.432598 0.188394
v -3.762095 -2.631755 0.188394
v -4.220026 -2.436434 0.251289
v -3.713219 -2.547702 0.131046
v -3.734236 -2.518775 0.131046
v -3.734236 -2.518775 0.173274
v -3.977917 -2.296652 0.188394
v -4.226452 -2.728379 -0.073741
v -3.470572 -3.124918 -0.239932
v -3.583184 -2.995002 -0.240223
v -3.679335 -2.875644 -0.239907
v -3.805510 -2.706419 -0.239907
v -3.244096 -3.359361 -0.239921
v -4.195457 -2.422249 -0.228742
v -4.220532 -2.436726 -0.234787
v -3.109397 -2.799714 -0.140547
v -3.203259 -2.687854 -0.140547
v -3.541234 -2.232821 -0.090697
v -3.540998 -2.232119 -0.142177
v -3.468295 -2.340351 -0.140547
v -3.297121 -2.575994 -0.140547
v -2.788105 -3.065234 -0.132222
v -2.805743 -3.100539 -0.140548
v -2.906524 -3.009795 -0.140547
v -3.965733 -2.289618 -0.173357
v -3.991635 -2.304571 -0.179601
v -4.047298 -2.336709 -0.193021
v -3.622352 -2.091366 -0.090569
v -3.622116 -2.090664 -0.142048
v -2.910223 -3.365810 -0.150201
v -2.940580 -3.443735 -0.100657
v -2.984742 -2.687474 -0.109584
v -3.074841 -2.580098 -0.109584
v -2.995187 -2.696880 -0.106093
v -3.085601 -2.589127 -0.106093
v -3.329719 -2.245924 -0.109584
v -3.403996 -2.127053 -0.109584
v -3.176006 -2.481369 -0.093880
v -3.085593 -2.589120 -0.093880
v -3.164940 -2.472722 -0.109584
v -3.176015 -2.481376 -0.106093
v -2.995179 -2.696872 -0.093880
v -2.799758 -2.899235 -0.093880
v -3.478275 -2.008184 -0.109584
v -3.341362 -2.253778 -0.093880
v -2.790002 -2.889132 -0.109584
v -2.799766 -2.899243 -0.106093
v -3.341372 -2.253784 -0.106093
v -3.415900 -2.134492 -0.093880
v -3.415909 -2.134497 -0.106093
v -3.490438 -2.015206 -0.093880
v -3.490447 -2.015211 -0.106093
v -3.347350 -3.013967 0.131046
v -3.448394 -2.893547 0.131046
v -3.549439 -2.773126 0.131046
v -3.128951 -3.240125 0.131045
v -2.895310 -3.450497 0.131045
v -2.386917 -3.819866 0.131045
v -2.250780 -3.898464 0.131045
v -2.114642 -3.977063 0.131045
v -2.647563 -3.644058 0.131045
v -3.995535 -2.237877 -0.173351
v -4.028297 -2.240901 -0.179593
v -4.093705 -2.127311 -0.179577
v -4.061146 -2.123962 -0.173339
v -4.098696 -2.247401 -0.193004
v -4.286038 -2.264696 -0.228694
v -4.349879 -2.153656 -0.228660
v -4.163670 -2.134507 -0.192983
v -4.318037 -2.267650 -0.234793
v -4.381878 -2.156949 -0.234797
v -3.919906 -2.109437 -0.146277
v -4.198436 -1.945429 -0.179553
v -4.163776 -1.945777 -0.173321
v -4.471169 -1.942692 -0.228596
v -4.272918 -1.944681 -0.192946
v -3.871262 -2.079708 -0.134379
v -4.013444 -1.947286 -0.146288
v -3.947287 -1.947950 -0.134392
v -4.504723 -1.942356 -0.234629
v -4.316672 -2.266818 0.179458
v -4.317622 -2.267366 0.251289
v -4.381146 -2.157320 0.251289
v -4.380934 -2.157315 0.174138
v -4.636755 -1.712425 0.134121
v -4.723022 -1.719040 0.073549
v -4.662992 -1.883971 0.073549
v -4.562870 -1.840978 0.146100
v -4.316746 -2.266906 -0.177122
v -4.520215 -2.204657 0.073550
v -4.796826 -1.195983 0.134121
v -4.868569 -0.858461 0.134121
v -4.952794 -0.873312 0.073549
v -4.879810 -1.216673 0.073549
v -4.783053 -1.554108 0.073549
v -4.701714 -1.527680 0.134121
v -4.636830 -1.712622 -0.132603
v -4.563835 -1.841672 -0.144582
v -4.662992 -1.883971 -0.073741
v -4.723022 -1.719040 -0.073741
v -4.476072 -2.296027 0.073550
v -4.382790 -2.157361 -0.175021
v -4.520215 -2.204657 -0.073741
v -4.796073 -1.195796 -0.132603
v -4.879810 -1.216673 -0.073741
v -4.952794 -0.873312 -0.073741
v -4.867805 -0.858326 -0.132603
v -4.700976 -1.527440 -0.132603
v -4.783053 -1.554108 -0.073741
v -3.328360 -1.769721 -0.056138
v -3.328360 -1.769721 -0.073741
v -3.714596 -0.654984 -0.056138
v -3.659858 -0.912506 -0.056138
v -3.659858 -0.912506 -0.073741
v -3.714596 -0.654984 -0.073741
v -3.542266 -1.289280 -0.056138
v -3.497244 -1.412978 -0.056138
v -3.497244 -1.412978 -0.073741
v -3.542266 -1.289280 -0.073741
v -3.587289 -1.165581 -0.056138
v -3.587289 -1.165581 -0.073741
v -3.819802 -1.241129 -0.117350
v -3.897073 -0.971650 -0.117350
v -3.955359 -0.697437 -0.117350
v -3.544090 -1.884427 -0.117350
v -3.723920 -1.504561 -0.117350
v -3.771861 -1.372846 -0.117350
v -3.897186 -0.971678 0.118437
v -3.960282 -0.987409 0.083659
v -3.881757 -1.261260 0.083659
v -3.819911 -1.241165 0.118437
v -3.955472 -0.697457 0.118437
v -4.019512 -0.708749 0.083659
v -3.544192 -1.884481 0.118437
v -3.601573 -1.914991 0.083659
v -3.771969 -1.372884 0.118437
v -3.833038 -1.395112 0.083659
v -3.784320 -1.528964 0.083659
v -3.724026 -1.504605 0.118437
v -3.771831 -1.372834 -0.082590
v -3.723889 -1.504549 -0.082590
v -3.844146 -1.553136 -0.132221
v -3.893635 -1.417167 -0.132221
v -3.897052 -0.971644 -0.090390
v -3.819782 -1.241122 -0.090390
v -3.819771 -1.241119 -0.082590
v -3.897041 -0.971641 -0.082590
v -3.955326 -0.697431 -0.082590
v -3.955337 -0.697434 -0.090390
v -3.544071 -1.884416 -0.090390
v -3.544061 -1.884411 -0.082590
v -3.771841 -1.372838 -0.090390
v -3.723899 -1.504553 -0.090390
v -3.960282 -0.987409 0.065118
v -3.881757 -1.261260 0.065118
v -4.019512 -0.708749 0.065118
v -3.601573 -1.914991 0.065118
v -3.833038 -1.395112 0.065118
v -3.784320 -1.528964 0.065118
v -4.230082 -1.539624 0.172354
v -4.230082 -1.539624 0.184120
v -4.176317 -1.687342 0.183897
v -4.176317 -1.687342 0.172181
v -4.319841 -1.077057 -0.199165
v -4.234186 -1.375771 -0.199165
v -4.367180 -1.418984 -0.196939
v -4.455525 -1.110888 -0.196939
v -4.452641 -0.824804 -0.197931
v -4.370797 -0.837325 -0.199165
v -4.264196 -1.063184 -0.186621
v -4.179645 -1.358050 -0.186621
v -4.310217 -0.846674 -0.186621
v -4.127188 -1.502174 -0.186621
v -4.074730 -1.646298 -0.186621
v -4.127903 -1.667781 -0.199165
v -4.181044 -1.521776 -0.199165
v -3.609867 -1.760650 -0.082590
v -3.660912 -1.951215 -0.134082
v -3.726441 -1.817507 -0.132221
v -3.993868 -0.798132 -0.105041
v -4.010332 -0.707130 -0.103963
v -3.943124 -1.281199 -0.132221
v -4.022891 -1.003019 -0.132221
v -4.636830 -1.712622 -0.293535
v -4.563795 -1.841644 -0.293535
v -4.796073 -1.195796 -0.293535
v -4.867805 -0.858326 -0.293535
v -4.700976 -1.527440 -0.293535
v -4.255229 -1.718821 -0.196939
v -4.311448 -1.573713 -0.196939
v -4.796826 -1.195983 0.294624
v -4.701714 -1.527680 0.294624
v -4.868569 -0.858461 0.294624
v -4.636755 -1.712424 0.294624
v -4.562909 -1.841007 0.292272
v -4.370506 -1.089690 0.172181
v -4.435873 -0.782165 0.172181
v -4.435873 -0.782165 0.183897
v -4.370506 -1.089690 0.183897
v -4.283847 -1.391906 0.184120
v -4.283847 -1.391906 0.172354
v -3.974630 -2.113348 0.174286
v -3.974640 -2.113354 0.131046
v -4.313824 -1.579129 0.227642
v -4.255764 -1.729510 0.227642
v -4.504333 -1.943258 0.251202
v -4.456863 -1.111221 0.227420
v -4.523521 -0.797620 0.227423
v -4.371811 -1.410671 0.227641
v -4.723083 -1.177479 -0.277698
v -4.626968 -1.503526 -0.277698
v -4.792261 -0.845005 -0.277699
v -4.565648 -1.682415 -0.277698
v -4.511897 -1.821005 -0.277698
v -4.270893 -1.725015 -0.232349
v -4.326437 -1.580568 -0.232082
v -4.469377 -1.114341 -0.231716
v -4.536221 -0.799858 -0.231716
v -4.522163 -0.797380 -0.196939
v -4.380756 -1.423395 -0.231716
v -3.659858 -0.912506 0.073549
v -3.587289 -1.165581 0.073549
v -3.587289 -1.165581 0.055947
v -3.659858 -0.912506 0.055947
v -3.542266 -1.289280 0.073549
v -3.497244 -1.412978 0.073549
v -3.497244 -1.412978 0.055947
v -3.542266 -1.289280 0.055947
v -3.714596 -0.654984 0.055947
v -3.678015 -0.917032 0.052092
v -3.733023 -0.658233 0.052092
v -3.714596 -0.654984 0.073549
v -3.328360 -1.769721 0.073549
v -3.328360 -1.769721 0.055947
v -3.605086 -1.171364 -0.052283
v -3.559840 -1.295676 -0.052283
v -3.605086 -1.171364 0.052092
v -3.678015 -0.917032 -0.052283
v -3.559840 -1.295676 0.052092
v -3.514594 -1.419989 0.052092
v -3.514594 -1.419989 -0.052283
v -3.733023 -0.658233 -0.052283
v -3.344872 -1.778500 0.052092
v -3.344872 -1.778500 -0.052283
v -3.390160 -1.653492 -0.056138
v -3.406979 -1.661695 -0.052283
v -3.390160 -1.653492 0.055947
v -3.406979 -1.661695 0.052092
v -3.390160 -1.653492 0.073549
v -4.159516 -1.944612 -0.196942
v -4.175885 -1.944698 -0.229574
v -4.460867 -1.942937 -0.277698
v -4.505121 -1.942667 -0.285553
v -4.504653 -1.943259 0.287630
v -4.162449 -1.942199 0.227659
v -4.062984 -1.941892 0.184278
v -4.062984 -1.941892 0.172478
v -3.951924 -1.921721 -0.186623
v -4.003920 -1.945752 -0.199168
v -3.668447 -1.789222 0.065118
v -3.668447 -1.789222 0.083659
v -3.609876 -1.760654 -0.090390
v -3.609999 -1.760715 0.118437
v -3.390160 -1.653492 -0.073741
v -3.609896 -1.760664 -0.117350
v -3.939645 -1.946776 -0.186972
v -4.128433 -2.013572 0.188394
v -4.053175 -2.155112 0.188394
v -4.160214 -1.942193 0.188394
v -4.048440 -1.974557 0.173274
v -4.048440 -1.974557 0.131046
v -4.062984 -1.941892 0.131046
v -4.476072 -2.296027 -0.073741
v -4.385339 -1.605628 -0.240223
v -4.441544 -1.443145 -0.239931
v -4.246581 -1.942459 -0.239907
v -4.330048 -1.748576 -0.239907
v -4.531340 -1.129790 -0.239920
v -4.599041 -0.810935 -0.239907
v -3.929379 -1.430177 -0.140547
v -3.979322 -1.292960 -0.140547
v -3.703570 -1.950534 -0.142177
v -3.704297 -1.950388 -0.090697
v -3.760950 -1.833456 -0.140547
v -3.879436 -1.567394 -0.140547
v -4.059820 -1.012227 -0.140547
v -4.088017 -0.879575 -0.140547
v -4.048623 -0.881954 -0.132221
v -3.621625 -2.091513 -0.142048
v -4.369987 -0.837423 -0.150200
v -4.120540 -0.726563 -0.140547
v -4.083056 -0.719954 -0.132221
v -4.327972 -0.763139 -0.186621
v -4.459428 -0.786318 -0.197953
v -4.459428 -0.786318 -0.100678
v -4.452650 -0.824750 -0.100656
v -4.381424 -0.772564 -0.150200
v -3.771850 -1.372841 -0.109584
v -3.819792 -1.241126 -0.109584
v -3.785050 -1.377646 -0.106093
v -3.833159 -1.245469 -0.106093
v -3.544080 -1.884421 -0.109584
v -3.609886 -1.760659 -0.109584
v -3.785039 -1.377642 -0.093880
v -3.736932 -1.509819 -0.093880
v -3.723910 -1.504557 -0.109584
v -3.736942 -1.509822 -0.106093
v -3.910690 -0.975045 -0.093880
v -3.833148 -1.245466 -0.093880
v -3.622509 -1.766816 -0.093880
v -3.897062 -0.971647 -0.109584
v -3.955348 -0.697435 -0.109584
v -3.910700 -0.975048 -0.106093
v -3.622519 -1.766821 -0.106093
v -3.556483 -1.891016 -0.106093
v -3.556474 -1.891011 -0.093880
v -3.969180 -0.699873 -0.093880
v -3.969190 -0.699876 -0.106093
v -4.519973 0.736362 -0.173351
v -4.542667 0.606878 -0.173339
v -4.574408 0.598888 -0.179577
v -4.551795 0.727998 -0.179593
v -4.620171 0.710028 -0.193004
v -4.642613 0.581720 -0.192983
v -4.824143 0.536028 -0.228660
v -4.802130 0.662206 -0.228694
v -4.855339 0.528177 -0.234797
v -4.833210 0.654037 -0.234793
v -4.381908 0.772648 -0.146270
v -4.404977 0.641535 -0.146278
v -4.578165 0.404336 -0.173321
v -4.610615 0.392155 -0.179553
v -4.680350 0.365978 -0.192946
v -4.865965 0.296303 -0.228596
v -4.349099 0.630235 -0.134380
v -4.375474 0.480421 -0.134392
v -4.437415 0.457171 -0.146288
v -4.897379 0.284510 -0.234629
v -4.831644 0.653723 0.179458
v -4.854576 0.528844 0.174138
v -4.854777 0.528776 0.251289
v -4.832722 0.653913 0.251289
v -4.942809 0.023287 0.134121
v -4.917347 0.169360 0.146100
v -5.026135 0.175516 0.073549
v -5.026135 -0.000000 0.073549
v -4.798074 0.846029 -0.177122
v -4.831742 0.653779 -0.177122
v -4.798837 0.846164 0.179458
v -5.001649 0.525694 0.073550
v -4.916592 -0.516756 0.134121
v -5.001648 -0.525694 0.073549
v -4.940664 -0.172533 0.134121
v -5.026135 -0.175517 0.073549
v -4.942946 0.023449 -0.132603
v -5.026135 0.000000 -0.073741
v -5.026135 0.175516 -0.073741
v -4.918491 0.169681 -0.144582
v -4.991419 0.626651 0.073550
v -5.001649 0.525694 -0.073741
v -4.856335 0.528253 -0.175020
v -4.915821 -0.516674 -0.132603
v -5.001648 -0.525694 -0.073741
v -5.026135 -0.175517 -0.073741
v -4.939888 -0.172505 -0.132603
v -3.732916 0.524627 -0.056138
v -3.732916 0.524627 -0.073741
v -3.714596 0.654983 -0.073741
v -3.714596 0.654983 -0.056138
v -3.751236 -0.394271 -0.073741
v -3.751236 -0.394271 -0.056138
v -3.769601 0.000000 -0.056138
v -3.769601 0.000000 -0.073741
v -3.769601 0.131637 -0.073741
v -3.769601 0.131637 -0.056138
v -3.769601 -0.131638 -0.073741
v -3.769601 -0.131638 -0.056138
v -3.994375 -0.419826 -0.117350
v -4.013932 -0.140170 -0.117350
v -3.974868 0.558631 -0.117350
v -3.955360 0.697436 -0.117350
v -4.013931 -0.000001 -0.117350
v -4.013930 0.140169 -0.117350
v -3.994489 -0.419838 0.118437
v -4.014046 -0.140174 0.118437
v -4.079035 -0.142444 0.083659
v -4.059162 -0.426636 0.083659
v -3.974981 0.558647 0.118437
v -3.955473 0.697456 0.118437
v -4.019513 0.708748 0.083659
v -4.039337 0.567691 0.083659
v -4.014046 -0.000001 0.118437
v -4.014045 0.140173 0.118437
v -4.079034 0.142442 0.083659
v -4.079034 -0.000001 0.083659
v -4.013898 -0.000001 -0.082590
v -4.143520 0.000000 -0.132221
v -4.143519 0.144694 -0.132221
v -4.013897 0.140168 -0.082590
v -3.994353 -0.419824 -0.090390
v -3.994342 -0.419823 -0.082590
v -4.013898 -0.140169 -0.082590
v -4.013909 -0.140170 -0.090390
v -3.974846 0.558628 -0.090390
v -3.974835 0.558626 -0.082590
v -3.955327 0.697430 -0.082590
v -3.955338 0.697433 -0.090390
v -4.013909 0.000000 -0.090390
v -4.013908 0.140168 -0.090390
v -4.079035 -0.142444 0.065118
v -4.059162 -0.426636 0.065118
v -4.019513 0.708748 0.065118
v -4.039337 0.567691 0.065118
v -4.079034 0.142442 0.065118
v -4.079034 -0.000001 0.065118
v -4.501559 -0.000001 0.172354
v -4.501559 0.157198 0.172181
v -4.501559 0.157198 0.183897
v -4.501559 -0.000001 0.184120
v -4.427698 -0.465371 -0.199165
v -4.566771 -0.479988 -0.196939
v -4.589128 -0.160256 -0.196939
v -4.449374 -0.155376 -0.199165
v -4.393588 -0.708073 -0.199165
v -4.466214 -0.747832 -0.197931
v -4.370665 -0.459376 -0.186621
v -4.392062 -0.153374 -0.186621
v -4.339859 -0.678569 -0.186621
v -4.392062 -0.000001 -0.186621
v -4.449375 0.000000 -0.199165
v -4.449374 0.155375 -0.199165
v -4.392062 0.153374 -0.186621
v -3.994343 0.419822 -0.082590
v -4.123333 0.433379 -0.132221
v -4.107486 0.581436 -0.134082
v -4.025985 -0.615985 -0.105041
v -4.123333 -0.433380 -0.132221
v -4.143520 -0.144696 -0.132221
v -4.942946 0.023449 -0.293535
v -4.918444 0.169669 -0.293535
v -4.915821 -0.516674 -0.293535
v -4.939888 -0.172505 -0.293535
v -4.589677 0.004204 -0.196939
v -4.586478 0.159788 -0.196939
v -4.916592 -0.516756 0.294624
v -4.940664 -0.172533 0.294624
v -4.942809 0.023288 0.294624
v -4.917394 0.169373 0.292272
v -4.479628 -0.470828 0.172181
v -4.479628 -0.470828 0.183897
v -4.501560 -0.157198 0.172354
v -4.501560 -0.157198 0.184120
v -4.457738 0.626493 0.174286
v -4.457750 0.626496 0.131046
v -4.435872 0.782163 0.131046
v -4.435848 0.782159 0.175297
v -4.593763 0.008480 0.227641
v -4.590638 0.169650 0.227641
v -4.897322 0.285492 0.251212
v -4.568141 -0.480132 0.227420
v -4.590638 -0.169651 0.227641
v -4.840970 -0.508923 -0.277698
v -4.862165 -0.169665 -0.277698
v -4.865726 0.019408 -0.277698
v -4.862617 0.168025 -0.277698
v -4.606108 0.005519 -0.232082
v -4.603317 0.160252 -0.232349
v -4.580966 -0.481479 -0.231715
v -4.603394 -0.160754 -0.231716
v -3.751236 -0.394271 0.073549
v -3.751236 -0.394271 0.055947
v -3.769601 -0.131638 0.055947
v -3.769601 -0.131638 0.073549
v -3.769601 -0.000000 0.073549
v -3.769601 -0.000000 0.055947
v -3.769601 0.131637 0.055947
v -3.769601 0.131637 0.073549
v -3.769846 -0.396227 0.052092
v -3.732916 0.524627 0.073549
v -3.732916 0.524627 0.055947
v -3.714596 0.654983 0.055947
v -3.714596 0.654983 0.073550
v -3.788303 -0.000001 -0.052283
v -3.788304 -0.132291 -0.052283
v -3.769846 -0.396227 -0.052283
v -3.788304 -0.132291 0.052092
v -3.788303 -0.000001 0.052092
v -3.788303 0.132289 -0.052283
v -3.788303 0.132289 0.052092
v -3.751435 0.527229 0.052092
v -3.751435 0.527229 -0.052283
v -3.733024 0.658233 -0.052283
v -3.733024 0.658233 0.052092
v -3.769846 0.396226 -0.052283
v -3.751238 0.394271 -0.056138
v -3.769846 0.396226 0.052092
v -3.751238 0.394271 0.055947
v -3.751238 0.394271 0.073549
v -4.589174 0.399181 -0.229574
v -4.573765 0.404699 -0.196942
v -4.897861 0.284667 -0.285553
v -4.856369 0.300056 -0.277698
v -4.573591 0.402186 0.226159
v -4.897623 0.285383 0.287630
v -4.482122 0.435158 0.172478
v -4.482122 0.435158 0.184278
v -4.427941 0.458987 -0.199168
v -4.370862 0.454188 -0.186623
v -4.059162 0.426635 0.083659
v -4.059162 0.426635 0.065118
v -3.994354 0.419823 -0.090390
v -4.325686 0.762735 -0.134350
v -3.994490 0.419837 0.118437
v -3.994375 0.419825 -0.117350
v -3.751238 0.394271 -0.073741
v -4.083101 0.719960 -0.132221
v -4.367893 0.481932 -0.186972
v -4.568141 0.480130 0.188394
v -4.545831 0.638875 0.188394
v -4.573591 0.402186 0.188394
v -4.798837 0.846164 0.251289
v -4.482122 0.435158 0.131046
v -4.479628 0.470828 0.131046
v -4.479628 0.470828 0.173274
v -4.523520 0.797618 0.188394
v -4.991419 0.626651 -0.073741
v -4.667271 -0.162985 -0.239931
v -4.670028 0.008922 -0.240223
v -4.666963 0.162159 -0.239907
v -4.654841 0.372897 -0.239907
v -4.644477 -0.488155 -0.239920
v -4.770898 0.841237 -0.228742
v -4.799412 0.846265 -0.234787
v -4.181558 -0.146024 -0.140547
v -4.181558 0.000000 -0.140547
v -4.147972 0.565821 -0.090697
v -4.147341 0.566207 -0.142177
v -4.161216 0.436564 -0.140547
v -4.181558 0.146023 -0.140547
v -4.106107 -0.555946 -0.132221
v -4.142312 -0.571654 -0.140547
v -4.161186 -0.437359 -0.140547
v -4.509665 0.795175 -0.173357
v -4.539120 0.800369 -0.179601
v -4.602417 0.811530 -0.193021
v -4.119186 0.726324 -0.090569
v -4.118554 0.726709 -0.142048
v -4.392861 -0.707705 -0.150200
v -4.466205 -0.747886 -0.100656
v -4.013921 -0.140170 -0.109584
v -4.013920 -0.000001 -0.109584
v -4.027967 -0.140661 -0.106093
v -4.027966 0.000000 -0.106093
v -3.994365 0.419824 -0.109584
v -3.974856 0.558629 -0.109584
v -4.027955 0.140658 -0.093880
v -4.027956 0.000000 -0.093880
v -4.013919 0.140169 -0.109584
v -4.027966 0.140659 -0.106093
v -4.027956 -0.140660 -0.093880
v -4.008331 -0.421293 -0.093880
v -3.955349 0.697434 -0.109584
v -4.008332 0.421293 -0.093880
v -3.994364 -0.419825 -0.109584
v -4.008342 -0.421294 -0.106093
v -4.008344 0.421294 -0.106093
v -3.988755 0.560582 -0.093880
v -3.988766 0.560584 -0.106093
v -3.969180 0.699873 -0.093880
v -3.969190 0.699875 -0.106093
v -4.501560 -0.157198 0.131046
v -4.501559 -0.000001 0.131046
v -4.501559 0.157198 0.131046
v -4.479628 -0.470828 0.131046
v -4.435873 -0.782165 0.131046
v -4.283847 -1.391906 0.131046
v -4.230082 -1.539624 0.131046
v -4.176317 -1.687342 0.131046
v -4.370506 -1.089690 0.131046
v -4.499237 0.853968 -0.173351
v -4.526278 0.872710 -0.179593
v -4.503368 1.001768 -0.179577
v -4.476275 0.983404 -0.173339
v -4.584385 0.912982 -0.193004
v -4.739014 1.020155 -0.228694
v -4.716544 1.146251 -0.228660
v -4.561591 1.041229 -0.192983
v -4.765425 1.038460 -0.234793
v -4.743173 1.164298 -0.234797
v -4.358742 0.903744 -0.146277
v -4.466686 1.208417 -0.179553
v -4.440359 1.185872 -0.173321
v -4.673852 1.385823 -0.228596
v -4.523263 1.256866 -0.192946
v -4.302370 0.895251 -0.134379
v -4.326167 1.088084 -0.146288
v -4.275915 1.045051 -0.134392
v -4.699340 1.407649 -0.234629
v -4.763845 1.038221 0.179458
v -4.764925 1.038410 0.251289
v -4.742851 1.163543 0.251289
v -4.742685 1.163411 0.174138
v -4.652686 1.668655 0.134121
v -4.723023 1.719039 0.073549
v -4.783052 1.554107 0.073549
v -4.678719 1.522685 0.146100
v -4.763958 1.038200 -0.177122
v -4.879811 1.216673 0.073550
v -4.443346 2.167164 0.134121
v -4.281348 2.471837 0.134121
v -4.355414 2.514599 0.073549
v -4.520215 2.204656 0.073549
v -4.662992 1.883972 0.073549
v -4.583695 1.851933 0.134121
v -4.652870 1.668552 -0.132603
v -4.679904 1.522774 -0.144582
v -4.783052 1.554107 -0.073741
v -4.723023 1.719039 -0.073741
v -4.904728 1.118304 0.073550
v -4.744137 1.164569 -0.175021
v -4.879811 1.216673 -0.073741
v -4.442648 2.166824 -0.132603
v -4.520215 2.204656 -0.073741
v -4.355414 2.514599 -0.073741
v -4.280676 2.471449 -0.132603
v -4.582975 1.851642 -0.132603
v -4.662992 1.883972 -0.073741
v -3.687226 0.783744 -0.056138
v -3.687226 0.783744 -0.073741
v -3.266561 1.885949 -0.056138
v -3.390161 1.653491 -0.056138
v -3.390161 1.653491 -0.073741
v -3.266561 1.885949 -0.073741
v -3.542266 1.289279 -0.056138
v -3.587289 1.165581 -0.056138
v -3.587289 1.165581 -0.073741
v -3.542266 1.289279 -0.073741
v -3.497244 1.412978 -0.056138
v -3.497244 1.412978 -0.073741
v -3.723921 1.504561 -0.117350
v -3.609896 1.760664 -0.117350
v -3.478284 2.008188 -0.117350
v -3.926217 0.834543 -0.117350
v -3.819802 1.241129 -0.117350
v -3.771862 1.372844 -0.117350
v -3.610000 1.760715 0.118437
v -3.668447 1.789221 0.083659
v -3.784321 1.528965 0.083659
v -3.724027 1.504604 0.118437
v -3.478384 2.008245 0.118437
v -3.534700 2.040760 0.083659
v -3.926329 0.834567 0.118437
v -3.989897 0.848079 0.083659
v -3.771969 1.372884 0.118437
v -3.833038 1.395112 0.083659
v -3.881757 1.261259 0.083659
v -3.819911 1.241164 0.118437
v -3.771831 1.372834 -0.082590
v -3.819770 1.241118 -0.082590
v -3.943123 1.281198 -0.132221
v -3.893635 1.417167 -0.132221
v -3.609876 1.760654 -0.090390
v -3.723901 1.504553 -0.090390
v -3.723890 1.504549 -0.082590
v -3.609866 1.760649 -0.082590
v -3.478256 2.008171 -0.082590
v -3.478266 2.008177 -0.090390
v -3.926195 0.834538 -0.090390
v -3.926185 0.834536 -0.082590
v -3.771841 1.372838 -0.090390
v -3.819780 1.241122 -0.090390
v -3.668447 1.789221 0.065118
v -3.784321 1.528965 0.065118
v -3.534700 2.040760 0.065118
v -3.989897 0.848079 0.065118
v -3.833038 1.395112 0.065118
v -3.881757 1.261259 0.065118
v -4.230082 1.539624 0.172355
v -4.230082 1.539624 0.184120
v -4.283847 1.391906 0.183897
v -4.283847 1.391906 0.172181
v -4.001509 1.951666 -0.199165
v -4.127903 1.667780 -0.199165
v -4.257559 1.720164 -0.196939
v -4.127195 2.012967 -0.196939
v -3.941095 2.230266 -0.197931
v -3.886447 2.168066 -0.199165
v -3.949965 1.926527 -0.186621
v -4.074732 1.646297 -0.186621
v -3.846050 2.121964 -0.186621
v -4.127188 1.502173 -0.186621
v -4.179645 1.358048 -0.186621
v -4.234186 1.375771 -0.199165
v -4.181044 1.521775 -0.199165
v -3.897042 0.971641 -0.082590
v -4.058638 0.858471 -0.134082
v -4.022891 1.003019 -0.132221
v -3.572510 1.955804 -0.105041
v -3.526627 2.036098 -0.103963
v -3.844147 1.553136 -0.132221
v -3.726441 1.817507 -0.132221
v -4.652870 1.668552 -0.293535
v -4.679855 1.522770 -0.293535
v -4.442648 2.166824 -0.293535
v -4.280676 2.471449 -0.293535
v -4.582975 1.851642 -0.293535
v -4.364531 1.418515 -0.196939
v -4.314324 1.565811 -0.196939
v -4.443346 2.167164 0.294624
v -4.583695 1.851933 0.294624
v -4.281348 2.471837 0.294624
v -4.652686 1.668656 0.294624
v -4.678768 1.522688 0.292272
v -4.048440 1.974556 0.172181
v -3.900841 2.252151 0.172181
v -3.900841 2.252151 0.183897
v -4.048440 1.974556 0.183897
v -4.176317 1.687341 0.184120
v -4.176317 1.687341 0.172354
v -4.403177 0.935924 0.174286
v -4.403189 0.935926 0.131046
v -4.319626 1.563190 0.227642
v -4.371812 1.410670 0.227642
v -4.699621 1.406707 0.251202
v -4.128435 2.013572 0.227420
v -3.977918 2.296651 0.227423
v -4.255764 1.729509 0.227641
v -4.374960 2.133938 -0.277698
v -4.510911 1.822390 -0.277698
v -4.214244 2.433094 -0.277699
v -4.578925 1.645937 -0.277698
v -4.626833 1.505221 -0.277698
v -4.380512 1.423839 -0.232349
v -4.330214 1.570195 -0.232082
v -4.140026 2.019225 -0.231716
v -3.989086 2.303099 -0.231716
v -3.976724 2.295962 -0.196939
v -4.270794 1.725512 -0.231716
v -3.390161 1.653491 0.073549
v -3.497244 1.412978 0.073549
v -3.497244 1.412978 0.055947
v -3.390161 1.653491 0.055947
v -3.542266 1.289279 0.073549
v -3.587289 1.165581 0.073549
v -3.587289 1.165581 0.055947
v -3.542266 1.289279 0.055947
v -3.266561 1.885949 0.055947
v -3.406980 1.661695 0.052092
v -3.282766 1.895305 0.052092
v -3.266561 1.885949 0.073549
v -3.687226 0.783744 0.073549
v -3.687226 0.783744 0.055947
v -3.514595 1.419988 -0.052283
v -3.559841 1.295676 -0.052283
v -3.514595 1.419988 0.052092
v -3.406980 1.661695 -0.052283
v -3.559841 1.295676 0.052092
v -3.605087 1.171363 0.052092
v -3.605087 1.171363 -0.052283
v -3.282766 1.895305 -0.052283
v -3.705519 0.787632 0.052092
v -3.705519 0.787632 -0.052283
v -3.659858 0.912505 -0.056138
v -3.678015 0.917032 -0.052283
v -3.659858 0.912505 0.055947
v -3.678015 0.917032 0.052092
v -3.659858 0.912505 0.073549
v -4.436347 1.184026 -0.196942
v -4.448941 1.194481 -0.229574
v -4.666119 1.379014 -0.277698
v -4.699845 1.407667 -0.285553
v -4.699867 1.406912 0.287630
v -4.437043 1.187759 0.227659
v -4.360650 1.124060 0.184278
v -4.360650 1.124060 0.172478
v -4.262607 1.068124 -0.186623
v -4.317886 1.083137 -0.199168
v -3.960283 0.987409 0.065118
v -3.960283 0.987409 0.083659
v -3.897053 0.971644 -0.090390
v -3.897186 0.971677 0.118437
v -3.659858 0.912505 -0.073741
v -3.897074 0.971649 -0.117350
v -4.269307 1.041038 -0.186972
v -4.456863 1.111220 0.188394
v -4.490192 0.954420 0.188394
v -4.435326 1.186328 0.188394
v -4.370506 1.089689 0.173274
v -4.370506 1.089689 0.131046
v -4.360650 1.124060 0.131046
v -4.904728 1.118304 -0.073741
v -4.391443 1.588859 -0.240223
v -4.330056 1.749456 -0.239931
v -4.501658 1.241640 -0.239907
v -4.440972 1.443814 -0.239907
v -4.197423 2.047220 -0.239920
v -4.044329 2.334993 -0.239907
v -3.929379 1.430177 -0.140547
v -3.879437 1.567394 -0.140547
v -4.090878 0.886412 -0.142177
v -4.091341 0.886992 -0.090697
v -4.059577 1.012983 -0.140547
v -3.979322 1.292960 -0.140547
v -3.760650 1.834191 -0.140547
v -3.696983 1.953933 -0.140547
v -3.668334 1.926789 -0.132221
v -4.118725 0.725743 -0.142048
v -3.885889 2.167470 -0.150200
v -3.623542 2.092052 -0.140547
v -3.590580 2.073021 -0.132221
v -3.805955 2.197369 -0.186621
v -3.921555 2.264110 -0.197953
v -3.921555 2.264110 -0.100678
v -3.941067 2.230313 -0.100656
v -3.852959 2.224507 -0.150200
v -3.771850 1.372841 -0.109584
v -3.723911 1.504557 -0.109584
v -3.785050 1.377645 -0.106093
v -3.736942 1.509822 -0.106093
v -3.926205 0.834540 -0.109584
v -3.897063 0.971647 -0.109584
v -3.785040 1.377642 -0.093880
v -3.833149 1.245465 -0.093880
v -3.819791 1.241126 -0.109584
v -3.833159 1.245469 -0.106093
v -3.622509 1.766815 -0.093880
v -3.736932 1.509818 -0.093880
v -3.910690 0.975044 -0.093880
v -3.609886 1.760658 -0.109584
v -3.478275 2.008182 -0.109584
v -3.622519 1.766819 -0.106093
v -3.910701 0.975047 -0.106093
v -3.939946 0.837461 -0.106093
v -3.939935 0.837459 -0.093880
v -3.490438 2.015206 -0.093880
v -3.490447 2.015210 -0.106093
v -2.989176 3.469469 -0.173350
v -3.089792 3.384865 -0.173338
v -3.119242 3.399147 -0.179576
v -3.018929 3.483516 -0.179592
v -3.082859 3.513701 -0.193003
v -3.182526 3.429838 -0.192982
v -3.350955 3.511520 -0.228659
v -3.252987 3.594028 -0.228693
v -3.379899 3.525558 -0.234796
v -3.282046 3.607749 -0.234792
v -2.860088 3.408519 -0.146269
v -2.962037 3.322909 -0.146277
v -3.247176 3.252527 -0.173320
v -3.279863 3.264054 -0.179552
v -3.350110 3.288826 -0.192945
v -3.537086 3.354763 -0.228595
v -2.926496 3.278335 -0.134378
v -3.042999 3.180524 -0.134391
v -3.105393 3.202528 -0.146287
v -3.568731 3.365922 -0.234628
v -3.281049 3.606501 0.179459
v -3.378886 3.525579 0.174139
v -3.379084 3.525657 0.251290
v -3.281753 3.607340 0.251290
v -3.771442 3.195015 0.134122
v -3.658044 3.290547 0.146101
v -3.737424 3.365191 0.073550
v -3.850243 3.230737 0.073550
v -3.131721 3.732238 -0.177121
v -3.281088 3.606608 -0.177121
v -3.132219 3.732832 0.179459
v -3.493576 3.617702 0.073551
v -4.098492 2.764467 0.134121
v -4.169395 2.812292 0.073549
v -3.895670 3.043629 0.134121
v -3.963063 3.096283 0.073550
v -3.771444 3.195227 -0.132602
v -3.850243 3.230737 -0.073740
v -3.737424 3.365191 -0.073740
v -3.658714 3.291528 -0.144581
v -3.420845 3.688465 0.073551
v -3.493576 3.617702 -0.073740
v -3.380615 3.526257 -0.175019
v -4.097849 2.764033 -0.132603
v -4.169395 2.812292 -0.073741
v -3.963063 3.096283 -0.073740
v -3.895058 3.043152 -0.132603
v -2.522356 2.801360 -0.056138
v -2.522356 2.801360 -0.073741
v -2.424531 2.889442 -0.073741
v -2.424531 2.889442 -0.056138
v -3.127046 2.109219 -0.073741
v -3.127046 2.109219 -0.056138
v -2.887682 2.423053 -0.056138
v -2.887682 2.423053 -0.073741
v -2.803067 2.523893 -0.073741
v -2.803067 2.523893 -0.056138
v -2.972297 2.322213 -0.073741
v -2.972297 2.322213 -0.056138
v -3.329727 2.245929 -0.117350
v -3.164949 2.472729 -0.117350
v -2.685844 2.982932 -0.117350
v -2.581678 3.076723 -0.117349
v -3.074850 2.580104 -0.117350
v -2.984751 2.687480 -0.117350
v -3.329823 2.245994 0.118437
v -3.165040 2.472799 0.118437
v -3.216283 2.512835 0.083659
v -3.383734 2.282357 0.083659
v -2.685921 2.983017 0.118437
v -2.581752 3.076811 0.118437
v -2.623551 3.126626 0.083660
v -2.729407 3.031312 0.083659
v -3.074938 2.580178 0.118437
v -2.984836 2.687557 0.118437
v -3.033161 2.731070 0.083659
v -3.124722 2.621952 0.083659
v -3.074825 2.580083 -0.082590
v -3.174121 2.663403 -0.132221
v -3.081113 2.774245 -0.132221
v -2.984725 2.687458 -0.082590
v -3.329710 2.245917 -0.090390
v -3.329701 2.245911 -0.082590
v -3.164923 2.472708 -0.082590
v -3.164932 2.472715 -0.090390
v -2.685830 2.982916 -0.090390
v -2.685822 2.982907 -0.082590
v -2.581657 3.076698 -0.082589
v -2.581664 3.076707 -0.090389
v -3.074833 2.580091 -0.090390
v -2.984733 2.687465 -0.090390
v -3.216283 2.512835 0.065118
v -3.383734 2.282357 0.065118
v -2.623551 3.126626 0.065119
v -2.729407 3.031312 0.065118
v -3.033161 2.731070 0.065118
v -3.124722 2.621952 0.065118
v -3.448395 2.893546 0.172354
v -3.347350 3.013967 0.172181
v -3.347350 3.013967 0.183897
v -3.448395 2.893546 0.184120
v -3.690948 2.489575 -0.199165
v -3.806880 2.567772 -0.196939
v -3.618487 2.827071 -0.196939
v -3.508292 2.740978 -0.199165
v -3.820824 2.281728 -0.199165
v -3.902016 2.297954 -0.197931
v -3.643404 2.457507 -0.186621
v -3.463101 2.705671 -0.186621
v -3.760700 2.269794 -0.186621
v -3.364515 2.823162 -0.186621
v -3.408419 2.860003 -0.199165
v -3.308545 2.979026 -0.199165
v -3.265928 2.940654 -0.186621
v -2.789988 2.889116 -0.082590
v -2.880085 2.982415 -0.132221
v -2.772777 3.085646 -0.134081
v -3.480031 2.115981 -0.105041
v -3.437227 2.318438 -0.132221
v -3.267129 2.552560 -0.132221
v -3.771444 3.195227 -0.293534
v -3.658685 3.291489 -0.293534
v -4.097849 2.764033 -0.293535
v -3.895058 3.043152 -0.293534
v -3.513194 2.953408 -0.196939
v -3.410736 3.070536 -0.196938
v -4.098492 2.764467 0.294624
v -3.895670 3.043629 0.294625
v -3.771442 3.195016 0.294625
v -3.658071 3.290587 0.292273
v -3.734236 2.518773 0.172181
v -3.734236 2.518773 0.183897
v -3.549440 2.773126 0.172354
v -3.549440 2.773126 0.184120
v -3.012123 3.345300 0.174287
v -3.012131 3.345310 0.131047
v -2.895310 3.450495 0.131047
v -2.895294 3.450476 0.175298
v -3.513576 2.959310 0.227642
v -3.407583 3.080764 0.227643
v -3.568056 3.366637 0.251213
v -3.808022 2.568542 0.227420
v -3.625682 2.820844 0.227641
v -4.035527 2.721857 -0.277698
v -3.833693 2.995368 -0.277698
v -3.714886 3.142495 -0.277698
v -3.616977 3.254344 -0.277697
v -3.524936 2.964977 -0.232082
v -3.423337 3.081715 -0.232348
v -3.818713 2.575754 -0.231715
v -3.629735 2.835859 -0.231716
v -3.127046 2.109219 0.073549
v -3.127046 2.109219 0.055947
v -2.972297 2.322213 0.055947
v -2.972297 2.322213 0.073549
v -2.887682 2.423053 0.073549
v -2.887682 2.423053 0.055947
v -2.803067 2.523893 0.055947
v -2.803067 2.523893 0.073549
v -3.142560 2.119683 0.052092
v -2.522356 2.801360 0.073549
v -2.522356 2.801360 0.055947
v -2.424531 2.889442 0.055947
v -2.424531 2.889442 0.073550
v -2.902009 2.435074 -0.052283
v -2.987044 2.333734 -0.052283
v -3.142560 2.119683 -0.052283
v -2.987044 2.333734 0.052092
v -2.902009 2.435074 0.052092
v -2.816974 2.536414 -0.052283
v -2.816974 2.536414 0.052092
v -2.534869 2.815256 0.052092
v -2.534869 2.815256 -0.052283
v -2.436558 2.903777 -0.052283
v -2.436558 2.903777 0.052092
v -2.633181 2.726737 -0.052283
v -2.620182 2.713278 -0.056138
v -2.633181 2.726737 0.052092
v -2.620182 2.713278 0.055947
v -2.620182 2.713278 0.073549
v -3.258922 3.255655 -0.229573
v -3.243572 3.249976 -0.196941
v -3.568999 3.366351 -0.285552
v -3.527322 3.351470 -0.277697
v -3.245054 3.247940 0.226160
v -3.568356 3.366748 0.287631
v -3.153790 3.214402 0.172479
v -3.153790 3.214402 0.184279
v -3.096968 3.197830 -0.199167
v -3.056328 3.157464 -0.186622
v -2.835263 2.936000 0.083659
v -2.835263 2.936000 0.065118
v -2.789995 2.889124 -0.090390
v -2.823392 3.364786 -0.134349
v -2.790090 2.889223 0.118437
v -2.790011 2.889139 -0.117350
v -2.620182 2.713278 -0.073741
v -2.665055 3.176088 -0.132220
v -3.036220 3.176808 -0.186971
v -3.190777 3.304145 0.188395
v -3.071648 3.411410 0.188395
v -3.245054 3.247940 0.188395
v -3.132219 3.732832 0.251290
v -3.153790 3.214402 0.131047
v -3.128952 3.240124 0.131047
v -3.128952 3.240124 0.173275
v -2.952518 3.518674 0.188395
v -3.420845 3.688465 -0.073740
v -3.680102 2.875210 -0.239931
v -3.571714 3.008670 -0.240223
v -3.470867 3.124087 -0.239906
v -3.326121 3.277730 -0.239906
v -3.871656 2.611464 -0.239920
v -3.113983 3.711099 -0.228741
v -3.132595 3.733279 -0.234786
v -3.297122 2.575993 -0.140547
v -3.203259 2.687853 -0.140547
v -2.813828 3.099709 -0.090696
v -2.813097 3.099599 -0.142176
v -2.907058 3.009205 -0.140547
v -3.109398 2.799713 -0.140547
v -3.502816 2.213475 -0.132221
v -3.540647 2.224714 -0.140547
v -3.468782 2.339722 -0.140547
v -2.943475 3.507896 -0.173356
v -2.962700 3.530808 -0.179600
v -3.004015 3.580045 -0.193020
v -2.688608 3.204158 -0.090568
v -2.687876 3.204047 -0.142047
v -3.820030 2.281543 -0.150200
v -3.902043 2.297907 -0.100656
v -3.164941 2.472722 -0.109584
v -3.074841 2.580097 -0.109584
v -3.176017 2.481375 -0.106093
v -3.085601 2.589127 -0.106093
v -2.790003 2.889132 -0.109584
v -2.685837 2.982923 -0.109584
v -2.995179 2.696870 -0.093880
v -3.085593 2.589120 -0.093880
v -2.984742 2.687473 -0.109584
v -2.995187 2.696878 -0.106093
v -3.176008 2.481369 -0.093880
v -3.341362 2.253776 -0.093880
v -2.581671 3.076715 -0.109584
v -2.799759 2.899235 -0.093880
v -3.329719 2.245923 -0.109584
v -3.341371 2.253783 -0.106093
v -2.799767 2.899243 -0.106093
v -2.695229 2.993353 -0.093880
v -2.695236 2.993362 -0.106093
v -2.590698 3.087474 -0.093879
v -2.590705 3.087481 -0.106092
v -3.549440 2.773126 0.131046
v -3.448395 2.893546 0.131046
v -3.347350 3.013967 0.131046
v -3.734236 2.518773 0.131046
v -3.900841 2.252151 0.131046
v -4.176317 1.687341 0.131046
v -4.230082 1.539624 0.131046
v -4.283847 1.391906 0.131046
v -4.048440 1.974556 0.131046
v -2.897696 3.546231 -0.173350
v -2.906363 3.577970 -0.179592
v -2.805856 3.662108 -0.179576
v -2.796905 3.630626 -0.173338
v -2.924989 3.646171 -0.193003
v -2.974553 3.827664 -0.228693
v -2.876286 3.909816 -0.228659
v -2.825092 3.729761 -0.192982
v -2.983018 3.858663 -0.234792
v -2.885085 3.940757 -0.234796
v -2.758075 3.494054 -0.146276
v -2.644925 3.796832 -0.179552
v -2.639248 3.762639 -0.173320
v -2.689588 4.065896 -0.228595
v -2.657122 3.870312 -0.192945
v -2.720350 3.451312 -0.134378
v -2.614630 3.614328 -0.146287
v -2.603795 3.549061 -0.134391
v -2.695084 4.098999 -0.234628
v -2.981962 3.857463 0.179459
v -2.982667 3.858303 0.251290
v -2.885324 3.939971 0.251290
v -2.885282 3.939764 0.174139
v -2.491573 4.268952 0.134122
v -2.513068 4.352760 0.073550
v -2.665069 4.265001 0.073550
v -2.605344 4.173867 0.146101
v -2.982061 3.857520 -0.177121
v -2.956090 4.068707 0.073551
v -2.010774 4.516271 0.134122
v -1.690837 4.645534 0.134122
v -1.720088 4.725900 0.073550
v -2.045560 4.594402 0.073550
v -2.361066 4.440519 0.073550
v -2.320915 4.365005 0.134122
v -2.491781 4.268992 -0.132602
v -2.606194 4.174697 -0.144581
v -2.665069 4.265001 -0.073740
v -2.513068 4.352760 -0.073740
v -3.038408 4.009369 0.073551
v -2.885649 3.941583 -0.175020
v -2.956090 4.068707 -0.073740
v -2.010458 4.515563 -0.132602
v -2.045560 4.594402 -0.073740
v -1.720088 4.725900 -0.073740
v -1.690572 4.644805 -0.132602
v -2.320550 4.364319 -0.132602
v -2.361066 4.440519 -0.073740
v -2.320798 2.970486 -0.056138
v -2.320798 2.970486 -0.073741
v -1.290066 3.544425 -0.056137
v -1.534170 3.445801 -0.056137
v -1.534170 3.445801 -0.073740
v -1.290066 3.544425 -0.073740
v -1.884801 3.264570 -0.056137
v -1.998802 3.198751 -0.056137
v -1.998802 3.198751 -0.073740
v -1.884801 3.264570 -0.073740
v -1.770800 3.330389 -0.056137
v -1.770800 3.330389 -0.073740
v -1.885575 3.546251 -0.117349
v -1.633608 3.669143 -0.117349
v -1.373682 3.774159 -0.117349
v -2.471222 3.163020 -0.117349
v -2.128356 3.406081 -0.117349
v -2.006966 3.476166 -0.117349
v -1.633655 3.669249 0.118438
v -1.660104 3.728655 0.083660
v -1.916158 3.603769 0.083660
v -1.885629 3.546352 0.118438
v -1.373722 3.774267 0.118438
v -1.395963 3.835374 0.083660
v -2.471294 3.163111 0.118438
v -2.511304 3.214323 0.083660
v -2.007023 3.476265 0.118438
v -2.039517 3.532547 0.083660
v -2.162876 3.461325 0.083660
v -2.128417 3.406178 0.118438
v -2.006950 3.476138 -0.082589
v -2.128338 3.406052 -0.082589
v -2.197070 3.516045 -0.132220
v -2.071760 3.588393 -0.132220
v -1.633599 3.669122 -0.090389
v -1.885565 3.546232 -0.090389
v -1.885560 3.546221 -0.082589
v -1.633594 3.669112 -0.082589
v -1.373671 3.774128 -0.082589
v -1.373675 3.774138 -0.090389
v -2.471209 3.163003 -0.090389
v -2.471203 3.162995 -0.082589
v -2.006955 3.476148 -0.090389
v -2.128344 3.406062 -0.090389
v -1.660104 3.728655 0.065119
v -1.916158 3.603769 0.065119
v -1.395963 3.835374 0.065119
v -2.511304 3.214323 0.065119
v -2.039517 3.532547 0.065119
v -2.162876 3.461325 0.065119
v -2.250780 3.898464 0.172355
v -2.250780 3.898464 0.184121
v -2.386917 3.819865 0.183897
v -2.386917 3.819865 0.172182
v -1.810827 4.067183 -0.199164
v -2.090129 3.930959 -0.199164
v -2.155779 4.054429 -0.196938
v -1.867705 4.194932 -0.196938
v -1.585466 4.241770 -0.197930
v -1.583586 4.158994 -0.199164
v -1.787502 4.014793 -0.186620
v -2.063206 3.880324 -0.186620
v -1.582273 4.097711 -0.186620
v -2.196031 3.803637 -0.186620
v -2.328857 3.726949 -0.186620
v -2.359246 3.775584 -0.199164
v -2.224687 3.853271 -0.199164
v -2.360749 3.249291 -0.082589
v -2.557282 3.266469 -0.134081
v -2.436985 3.354221 -0.132220
v -1.479535 3.794597 -0.105040
v -1.392774 3.826614 -0.103962
v -1.946451 3.660741 -0.132220
v -1.686349 3.787601 -0.132220
v -2.491781 4.268992 -0.293534
v -2.606160 4.174662 -0.293534
v -2.010458 4.515563 -0.293534
v -1.690572 4.644805 -0.293534
v -2.320550 4.364319 -0.293534
v -2.431621 3.892112 -0.196938
v -2.298480 3.972675 -0.196938
v -2.010774 4.516271 0.294625
v -2.320915 4.365005 0.294625
v -1.690837 4.645534 0.294625
v -2.491573 4.268953 0.294625
v -2.605379 4.173900 0.292273
v -1.832065 4.114885 0.172182
v -1.540563 4.232660 0.172182
v -1.540563 4.232660 0.183898
v -1.832065 4.114885 0.183898
v -2.114643 3.977063 0.184121
v -2.114643 3.977063 0.172355
v -2.771429 3.547267 0.174287
v -2.771436 3.547276 0.131047
v -2.304226 3.974075 0.227643
v -2.442240 3.890782 0.227643
v -2.695905 4.098458 0.251203
v -1.868266 4.196191 0.227421
v -1.571003 4.316293 0.227424
v -2.148397 4.060433 0.227642
v -1.979745 4.446862 -0.277697
v -2.284149 4.295589 -0.277697
v -1.664335 4.572721 -0.277698
v -2.449672 4.204137 -0.277697
v -2.576822 4.127137 -0.277697
v -2.440441 3.906462 -0.232348
v -2.307834 3.986247 -0.232081
v -1.873511 4.207973 -0.231715
v -1.575413 4.328411 -0.231715
v -1.570531 4.314997 -0.196938
v -2.162480 4.067032 -0.231715
v -1.534170 3.445801 0.073550
v -1.770800 3.330389 0.073550
v -1.770800 3.330389 0.055948
v -1.534170 3.445801 0.055948
v -1.884801 3.264570 0.073550
v -1.998802 3.198751 0.073550
v -1.998802 3.198751 0.055948
v -1.884801 3.264570 0.055948
v -1.290066 3.544425 0.055948
v -1.541781 3.462896 0.052093
v -1.296466 3.562009 0.052093
v -1.290066 3.544425 0.073550
v -2.320798 2.970486 0.073549
v -2.320798 2.970486 0.055947
v -1.779585 3.346911 -0.052282
v -1.894152 3.280766 -0.052282
v -1.779585 3.346911 0.052093
v -1.541781 3.462896 -0.052282
v -1.894152 3.280766 0.052093
v -2.008719 3.214621 0.052093
v -2.008719 3.214621 -0.052282
v -1.296466 3.562009 -0.052282
v -2.332312 2.985222 0.052092
v -2.332312 2.985222 -0.052283
v -2.217067 3.051530 -0.056138
v -2.228066 3.066669 -0.052283
v -2.217067 3.051530 0.055947
v -2.228066 3.066669 0.052093
v -2.217067 3.051530 0.073550
v -2.637362 3.758646 -0.196941
v -2.640289 3.774750 -0.229573
v -2.688041 4.055709 -0.277697
v -2.695459 4.099337 -0.285552
v -2.695962 4.098773 0.287631
v -2.635495 3.761952 0.227660
v -2.617920 3.664052 0.184279
v -2.617920 3.664052 0.172479
v -2.578769 3.558182 -0.186622
v -2.611465 3.605214 -0.199167
v -2.399058 3.302020 0.065119
v -2.399058 3.302020 0.083660
v -2.360755 3.249300 -0.090389
v -2.360835 3.249410 0.118438
v -2.217067 3.051530 -0.073740
v -2.360768 3.249317 -0.117349
v -2.601312 3.541739 -0.186971
v -2.699876 3.716060 0.188395
v -2.826197 3.617367 0.188395
v -2.635100 3.759753 0.188395
v -2.647563 3.644057 0.173275
v -2.647563 3.644057 0.131047
v -2.617920 3.664052 0.131047
v -3.038408 4.009369 -0.073740
v -2.342741 4.039901 -0.240222
v -2.192487 4.123467 -0.239930
v -2.650359 3.844761 -0.239906
v -2.473916 3.960627 -0.239906
v -1.899485 4.266312 -0.239919
v -1.597231 4.388353 -0.239906
v -2.090779 3.621335 -0.140546
v -1.964320 3.694347 -0.140546
v -2.564019 3.308597 -0.142176
v -2.564002 3.309339 -0.090696
v -2.458684 3.385436 -0.140546
v -2.217239 3.548323 -0.140546
v -1.701829 3.822371 -0.140546
v -1.576089 3.873174 -0.140546
v -1.571591 3.833966 -0.132220
v -2.688627 3.203417 -0.142047
v -1.583541 4.158180 -0.150199
v -1.431049 3.931773 -0.140546
v -1.418032 3.896007 -0.132220
v -1.503089 4.129703 -0.186620
v -1.548744 4.255136 -0.197952
v -1.548744 4.255136 -0.100677
v -1.585415 4.241788 -0.100655
v -1.521653 4.180706 -0.150199
v -2.006960 3.476156 -0.109583
v -1.885570 3.546241 -0.109583
v -2.013983 3.488321 -0.106092
v -1.892169 3.558650 -0.106092
v -2.471216 3.163011 -0.109583
v -2.360761 3.249309 -0.109583
v -2.013978 3.488311 -0.093879
v -2.135793 3.417982 -0.093879
v -2.128349 3.406072 -0.109583
v -2.135798 3.417991 -0.106092
v -1.639316 3.681962 -0.093879
v -1.892164 3.558641 -0.093879
v -2.369016 3.260670 -0.093879
v -1.633604 3.669132 -0.109583
v -1.373679 3.774149 -0.109583
v -1.639321 3.681972 -0.106092
v -2.369023 3.260679 -0.106092
v -2.479864 3.174081 -0.106092
v -2.479857 3.174072 -0.093879
v -1.378482 3.787347 -0.093879
v -1.378485 3.787356 -0.106092
v -0.059710 4.579172 -0.173350
v -0.191168 4.579037 -0.173338
v -0.204549 4.608907 -0.179576
v -0.073473 4.609058 -0.179592
v -0.103044 4.673275 -0.193003
v -0.233299 4.673096 -0.192982
v -0.309819 4.843933 -0.228659
v -0.181736 4.844165 -0.228693
v -0.322968 4.873291 -0.234796
v -0.195177 4.873354 -0.234792
v -0.133127 4.449457 -0.146277
v -0.396797 4.578824 -0.173320
v -0.414427 4.608666 -0.179552
v -0.452317 4.672796 -0.192945
v -0.553165 4.843492 -0.228595
v -0.134553 4.392466 -0.134378
v -0.286671 4.392425 -0.134391
v -0.320324 4.449388 -0.146287
v -0.570233 4.872382 -0.234628
v -0.195215 4.871758 0.179459
v -0.322179 4.872656 0.174139
v -0.322280 4.872843 0.251290
v -0.195215 4.872852 0.251290
v -0.835377 4.871760 0.134122
v -0.687102 4.872050 0.146101
v -0.699930 4.980255 0.073550
v -0.872780 4.949777 0.073550
v -0.195177 4.871864 -0.177121
v -0.350820 5.016948 0.073551
v -1.362662 4.752164 0.134122
v -1.386235 4.834375 0.073550
v -1.027849 4.835644 0.134122
v -1.045630 4.919299 0.073550
v -0.835241 4.871924 -0.132602
v -0.872780 4.949777 -0.073740
v -0.699930 4.980255 -0.073740
v -0.686984 4.873233 -0.144581
v -0.249620 5.024405 0.073551
v -0.350820 5.016948 -0.073740
v -0.323067 4.874286 -0.175019
v -1.362448 4.751419 -0.132602
v -1.386235 4.834375 -0.073740
v -1.045630 4.919299 -0.073740
v -1.027687 4.834884 -0.132602
v -0.131557 3.767305 -0.056137
v -0.131557 3.767305 -0.073740
v -1.039677 3.625782 -0.073740
v -1.039677 3.625782 -0.056137
v -0.654585 3.712332 -0.056137
v -0.654585 3.712332 -0.073740
v -0.524948 3.735191 -0.073740
v -0.524948 3.735191 -0.056137
v -0.784222 3.689474 -0.073740
v -0.784222 3.689474 -0.056137
v -1.107064 3.860789 -0.117349
v -0.835053 3.928610 -0.117349
v -0.140085 4.011486 -0.117349
v -0.697013 3.952950 -0.117349
v -0.558973 3.977290 -0.117349
v -1.107096 3.860900 0.118438
v -0.835076 3.928722 0.118438
v -0.848597 3.992330 0.083660
v -1.125020 3.923409 0.083660
v -0.140089 4.011600 0.118438
v -0.142357 4.076549 0.083660
v -0.697033 3.953063 0.118438
v -0.558988 3.977404 0.118438
v -0.568038 4.041799 0.083660
v -0.708318 4.017064 0.083660
v -0.697007 3.952918 -0.082589
v -0.719515 4.080570 -0.132220
v -0.577019 4.105696 -0.132220
v -0.558968 3.977257 -0.082589
v -1.107059 3.860768 -0.090389
v -1.107055 3.860758 -0.082589
v -0.835046 3.928578 -0.082589
v -0.835048 3.928589 -0.090389
v -0.140084 4.011464 -0.090389
v -0.140084 4.011453 -0.082589
v -0.697009 3.952929 -0.090389
v -0.558969 3.977268 -0.090389
v -0.848597 3.992330 0.065119
v -1.125020 3.923409 0.065119
v -0.142357 4.076549 0.065119
v -0.568038 4.041799 0.065119
v -0.708318 4.017064 0.065119
v -0.781688 4.433170 0.172355
v -0.512137 4.472527 0.172280
v -0.512137 4.472527 0.184055
v -0.781688 4.433170 0.184121
v -1.227163 4.279621 -0.199164
v -1.265707 4.414042 -0.196938
v -0.954716 4.491581 -0.196938
v -0.925641 4.354797 -0.199164
v -1.460254 4.203884 -0.199164
v -1.512021 4.268502 -0.197930
v -1.211355 4.224495 -0.186620
v -0.913718 4.298703 -0.186620
v -1.421868 4.156094 -0.186620
v -0.762674 4.325336 -0.186620
v -0.772626 4.381779 -0.199164
v -0.619612 4.408758 -0.199164
v -0.611630 4.351969 -0.186620
v -0.280167 4.006561 -0.082589
v -0.289214 4.135946 -0.132220
v -0.140655 4.146049 -0.134081
v -1.305732 3.857856 -0.105040
v -1.142805 3.985434 -0.132220
v -0.862012 4.055445 -0.132220
v -0.835241 4.871924 -0.293534
v -0.686987 4.873184 -0.293534
v -1.362448 4.751419 -0.293534
v -1.027687 4.834884 -0.293534
v -0.792849 4.520679 -0.196938
v -0.639073 4.544546 -0.196938
v -1.362662 4.752164 0.294625
v -1.027849 4.835644 0.294625
v -0.835376 4.871760 0.294625
v -0.795457 4.871851 0.293992
v -0.795298 4.871573 0.257574
v -1.241555 4.329813 0.172182
v -1.241555 4.329813 0.183898
v -0.936497 4.405874 0.172355
v -0.936497 4.405874 0.184121
v -0.157103 4.498805 0.174287
v -0.157102 4.498816 0.131047
v -0.789348 4.525445 0.227642
v -0.573722 4.556087 0.227282
v -1.266087 4.415366 0.227421
v -0.964230 4.491436 0.227642
v -1.341817 4.679050 -0.277697
v -1.011394 4.758836 -0.277697
v -0.825811 4.795174 -0.277697
v -0.678913 4.817920 -0.277697
v -0.794407 4.537089 -0.232081
v -0.641540 4.561209 -0.232348
v -1.269641 4.427763 -0.231714
v -0.957683 4.505542 -0.231715
v -1.039677 3.625782 0.073550
v -1.039677 3.625782 0.055948
v -0.784222 3.689474 0.055948
v -0.784222 3.689474 0.073550
v -0.654585 3.712332 0.073550
v -0.654585 3.712332 0.055948
v -0.524948 3.735191 0.055948
v -0.524948 3.735191 0.073550
v -1.044834 3.643769 0.052093
v -0.131557 3.767305 0.073550
v -0.131557 3.767305 0.055948
v -0.657833 3.730750 -0.052282
v -0.788114 3.707779 -0.052282
v -1.044834 3.643769 -0.052282
v -0.788114 3.707779 0.052093
v -0.657833 3.730750 0.052093
v -0.527552 3.753722 -0.052282
v -0.527552 3.753722 0.052093
v -0.132211 3.785994 0.052093
v -0.132211 3.785994 -0.052282
v -0.264421 3.781378 -0.052282
v -0.263115 3.762712 -0.056137
v -0.264421 3.781378 0.052093
v -0.263115 3.762712 0.055948
v -0.263115 3.762712 0.073550
v -0.403785 4.588771 -0.229573
v -0.395676 4.574553 -0.196941
v -0.570163 4.872882 -0.285552
v -0.547802 4.834694 -0.277697
v -0.316890 4.440372 -0.199167
v -0.311704 4.383327 -0.186622
v -0.284713 4.071579 0.083660
v -0.284713 4.071579 0.065119
v -0.280167 4.006572 -0.090389
v -0.280177 4.006708 0.118438
v -0.280169 4.006593 -0.117349
v -0.263115 3.762712 -0.073740
v -0.283866 4.385221 -0.186971
v -0.320413 4.582114 0.188395
v -0.160207 4.587709 0.188395
v -0.573722 4.556087 0.189517
v -0.349766 4.489593 0.131047
v -0.314205 4.493330 0.131047
v -0.314205 4.493330 0.173275
v -0.249620 5.024405 -0.073740
v -0.970972 4.568062 -0.239930
v -0.802156 4.600628 -0.240222
v -0.650714 4.624219 -0.239906
v -0.441072 4.648876 -0.239906
v -1.287244 4.489150 -0.239919
v -0.869925 4.092674 -0.140546
v -0.726120 4.118030 -0.140546
v -0.163063 4.183208 -0.090696
v -0.162574 4.182654 -0.142176
v -0.292656 4.173806 -0.140546
v -0.582316 4.143387 -0.140546
v -1.260519 3.947186 -0.132220
v -1.282274 3.980113 -0.140546
v -1.153297 4.022021 -0.140546
v 0.000489 4.182176 -0.142047
v -1.459765 4.203231 -0.150199
v -1.512072 4.268484 -0.100655
v -0.835050 3.928600 -0.109583
v -0.697011 3.952939 -0.109583
v -0.837973 3.942348 -0.106092
v -0.699449 3.966772 -0.106092
v -0.280168 4.006583 -0.109583
v -0.140085 4.011474 -0.109583
v -0.560926 3.991186 -0.093879
v -0.699448 3.966762 -0.093879
v -0.558971 3.977279 -0.109583
v -0.560927 3.991198 -0.106092
v -0.837970 3.942337 -0.093879
v -1.110932 3.874279 -0.093879
v -0.281148 4.020593 -0.093879
v -1.107061 3.860778 -0.109583
v -1.110935 3.874289 -0.106092
v -0.281149 4.020605 -0.106092
v -0.140575 4.025501 -0.093879
v -0.140575 4.025512 -0.106092
v -0.936497 4.405874 0.131047
v -0.781688 4.433170 0.131047
v -0.512137 4.472527 0.131047
v -1.241555 4.329813 0.131047
v -1.540563 4.232660 0.131047
v -2.114643 3.977063 0.131047
v -2.250780 3.898464 0.131047
v -2.386917 3.819865 0.131047
v -1.832065 4.114885 0.131047
vt 0.544144 0.881315
vt 0.552606 0.848839
vt 0.552568 0.885112
vt 0.477871 0.851442
vt 0.526092 0.837214
vt 0.526042 0.873155
vt 0.544185 0.845147
vt 0.469643 0.847733
vt 0.477935 0.816099
vt 0.589132 0.864854
vt 0.589119 0.901588
vt 0.552664 0.792099
vt 0.526175 0.776780
vt 0.544252 0.787235
vt 0.605207 0.822487
vt 0.605197 0.864461
vt 0.469659 0.812471
vt 0.478058 0.748953
vt 0.589151 0.813201
vt 0.911951 0.063065
vt 0.933311 0.098125
vt 0.910489 0.098100
vt 0.775279 0.721990
vt 0.746360 0.776383
vt 0.775279 0.776383
vt 0.911946 0.009200
vt 0.813560 0.063067
vt 0.813550 0.009214
vt 0.746360 0.857701
vt 0.775279 0.857701
vt 0.775279 0.455816
vt 0.746360 0.552638
vt 0.775279 0.552638
vt 0.746360 0.664388
vt 0.775279 0.664388
vt 0.742229 0.188041
vt 0.713405 0.134116
vt 0.713405 0.188041
vt 0.746360 0.908203
vt 0.775279 0.908203
vt 0.742229 0.134116
vt 0.713405 0.053496
vt 0.713405 0.355939
vt 0.742229 0.451929
vt 0.742229 0.355939
vt 0.713405 0.245148
vt 0.019210 0.998026
vt 0.055533 0.993169
vt 0.055533 0.998026
vt 0.309793 0.998025
vt 0.382439 0.993168
vt 0.382439 0.998025
vt 0.988455 0.418873
vt 0.947813 0.322012
vt 0.988455 0.322012
vt 0.947813 0.225151
vt 0.988455 0.225151
vt 0.947813 0.176720
vt 0.988455 0.176720
vt 0.164502 0.998025
vt 0.200825 0.993168
vt 0.200825 0.998025
vt 0.237148 0.998025
vt 0.309793 0.993168
vt 0.307546 0.556880
vt 0.239103 0.470367
vt 0.307546 0.470367
vt 0.239103 0.395411
vt 0.307546 0.395411
vt 0.307546 0.787611
vt 0.239103 0.748515
vt 0.307546 0.748515
vt 0.307546 0.643583
vt 0.239103 0.601474
vt 0.307546 0.601474
vt 0.640697 0.333327
vt 0.661026 0.243363
vt 0.661026 0.333327
vt 0.640697 0.411273
vt 0.640697 0.044084
vt 0.661026 0.003428
vt 0.661026 0.044084
vt 0.640697 0.196991
vt 0.661026 0.153202
vt 0.661026 0.196991
vt 0.596132 0.180961
vt 0.552063 0.212910
vt 0.589855 0.219125
vt 0.555566 0.954377
vt 0.478212 0.956517
vt 0.478212 0.954365
vt 0.400858 0.954361
vt 0.787628 0.954457
vt 0.748950 0.956592
vt 0.748951 0.954440
vt 0.594243 0.954386
vt 0.632920 0.956548
vt 0.594243 0.956538
vt 0.323686 0.931505
vt 0.245077 0.926389
vt 0.323686 0.926389
vt 0.402295 0.926389
vt 0.048554 0.931505
vt 0.009249 0.926389
vt 0.048554 0.926389
vt 0.205772 0.931505
vt 0.166468 0.926389
vt 0.205772 0.926389
vt 0.562275 0.908522
vt 0.637708 0.905293
vt 0.637708 0.908536
vt 0.424087 0.321336
vt 0.394833 0.230690
vt 0.385590 0.318645
vt 0.421727 0.388923
vt 0.465025 0.574485
vt 0.440221 0.491390
vt 0.456381 0.490286
vt 0.454299 0.429245
vt 0.479387 0.657900
vt 0.456252 0.618939
vt 0.472206 0.616192
vt 0.624817 0.068589
vt 0.576607 0.095732
vt 0.613631 0.105613
vt 0.557002 0.386066
vt 0.573504 0.411586
vt 0.576025 0.334273
vt 0.545584 0.252307
vt 0.537787 0.331777
vt 0.781453 0.239696
vt 0.822550 0.198777
vt 0.825862 0.239689
vt 0.825882 0.388977
vt 0.781477 0.484184
vt 0.781472 0.388980
vt 0.781462 0.293775
vt 0.447936 0.151616
vt 0.402563 0.185973
vt 0.440492 0.193838
vt 0.899482 0.388972
vt 0.943758 0.293753
vt 0.943766 0.388970
vt 0.943767 0.484185
vt 0.899464 0.239719
vt 0.902764 0.198802
vt 0.923257 0.213626
vt 0.345396 0.908570
vt 0.432147 0.905337
vt 0.432147 0.908570
vt 0.518899 0.908522
vt 0.848384 0.291851
vt 0.860316 0.248475
vt 0.860315 0.291851
vt 0.136293 0.620493
vt 0.037968 0.634156
vt 0.136293 0.687070
vt 0.136293 0.368163
vt 0.037968 0.459949
vt 0.136293 0.459949
vt 0.136293 0.565887
vt 0.161186 0.481368
vt 0.142539 0.587331
vt 0.142539 0.481368
vt 0.142539 0.389561
vt 0.161186 0.389561
vt 0.797697 0.166563
vt 0.814145 0.098361
vt 0.797649 0.098333
vt 0.161186 0.641950
vt 0.142539 0.693526
vt 0.142539 0.641950
vt 0.706873 0.083031
vt 0.696504 0.132865
vt 0.706873 0.132865
vt 0.706873 0.288023
vt 0.696504 0.376729
vt 0.706873 0.376729
vt 0.706873 0.185639
vt 0.696504 0.288023
vt 0.991449 0.238896
vt 0.996306 0.311542
vt 0.991449 0.311542
vt 0.991449 0.166251
vt 0.996306 0.202573
vt 0.991449 0.202573
vt 0.677312 0.311478
vt 0.672046 0.384261
vt 0.677312 0.384261
vt 0.996306 0.384188
vt 0.991449 0.384188
vt 0.991449 0.057282
vt 0.996306 0.020959
vt 0.996306 0.057282
vt 0.669154 0.541050
vt 0.663889 0.584351
vt 0.669154 0.584351
vt 0.525775 0.961163
vt 0.452769 0.989964
vt 0.452769 0.961163
vt 0.598782 0.961163
vt 0.562278 0.989964
vt 0.562279 0.961163
vt 0.379763 0.989964
vt 0.379763 0.961163
vt 0.744794 0.961163
vt 0.708291 0.989964
vt 0.708291 0.961163
vt 0.669154 0.457044
vt 0.663889 0.384261
vt 0.663889 0.457044
vt 0.677312 0.003428
vt 0.672046 0.041392
vt 0.677312 0.041392
vt 0.672046 0.227472
vt 0.672046 0.311478
vt 0.669154 0.690553
vt 0.663889 0.727130
vt 0.669154 0.727130
vt 0.663889 0.541050
vt 0.669154 0.625239
vt 0.663889 0.690553
vt 0.677312 0.143282
vt 0.672046 0.184171
vt 0.677312 0.184171
vt 0.672046 0.077968
vt 0.672046 0.143282
vt 0.671788 0.961163
vt 0.598782 0.989964
vt 0.991449 0.093605
vt 0.996306 0.166251
vt 0.696504 0.003428
vt 0.696504 0.083031
vt 0.161186 0.693526
vt 0.142539 0.720083
vt 0.781447 0.198785
vt 0.558543 0.173513
vt 0.483437 0.742781
vt 0.463527 0.661190
vt 0.426074 0.077904
vt 0.410886 0.143848
vt 0.166468 0.931505
vt 0.087858 0.926389
vt 0.710274 0.954423
vt 0.632920 0.954396
vt 0.605212 0.901588
vt 0.640697 0.153202
vt 0.661026 0.083255
vt 0.307546 0.710847
vt 0.239103 0.643583
vt 0.988455 0.128289
vt 0.947813 0.031428
vt 0.988455 0.031428
vt 0.091856 0.998026
vt 0.164502 0.993169
vt 0.669154 0.765093
vt 0.663889 0.765093
vt 0.677312 0.077968
vt 0.671788 0.989964
vt 0.996306 0.093605
vt 0.087858 0.931505
vt 0.710274 0.956575
vt 0.239103 0.710847
vt 0.091856 0.993169
vt 0.587096 0.056003
vt 0.636003 0.031564
vt 0.599691 0.019289
vt 0.499104 0.738740
vt 0.501173 0.746157
vt 0.271437 0.822609
vt 0.247307 0.901428
vt 0.240555 0.824054
vt 0.318760 0.815982
vt 0.271803 0.901424
vt 0.933307 0.063062
vt 0.867444 0.341110
vt 0.877682 0.248475
vt 0.877682 0.343050
vt 0.848882 0.345093
vt 0.860314 0.335227
vt 0.860314 0.345093
vt 0.873803 0.369622
vt 0.877003 0.370228
vt 0.307036 0.794543
vt 0.270249 0.796303
vt 0.212004 0.799217
vt 0.239964 0.797760
vt 0.032493 0.464915
vt 0.005182 0.565982
vt 0.032493 0.565982
vt 0.032493 0.377349
vt 0.005182 0.464915
vt 0.032493 0.618078
vt 0.005182 0.682014
vt 0.032493 0.701418
vt 0.380247 0.710856
vt 0.311710 0.748524
vt 0.380247 0.748524
vt 0.311710 0.643591
vt 0.380247 0.643591
vt 0.311710 0.601482
vt 0.380247 0.601482
vt 0.380247 0.787622
vt 0.380247 0.470373
vt 0.311710 0.395416
vt 0.311710 0.470373
vt 0.311710 0.556888
vt 0.380247 0.556888
vt 0.839064 0.706787
vt 0.883772 0.637629
vt 0.883763 0.678271
vt 0.988455 0.003428
vt 0.742229 0.053496
vt 0.713405 0.003428
vt 0.746360 0.721990
vt 0.742229 0.245148
vt 0.947813 0.128289
vt 0.237148 0.993168
vt 0.239103 0.556880
vt 0.583578 0.257289
vt 0.555566 0.956529
vt 0.245077 0.931505
vt 0.518899 0.905275
vt 0.448978 0.576688
vt 0.825871 0.293770
vt 0.433049 0.236060
vt 0.899473 0.293758
vt 0.943751 0.239713
vt 0.037968 0.565887
vt 0.161186 0.587331
vt 0.696504 0.185639
vt 0.996306 0.238896
vt 0.663889 0.625239
vt 0.525775 0.989964
vt 0.677312 0.227472
vt 0.005182 0.618078
vt 0.235477 0.641950
vt 0.216436 0.587331
vt 0.235477 0.587331
vt 0.235477 0.693526
vt 0.216436 0.763699
vt 0.216436 0.693526
vt 0.216436 0.641950
vt 0.235477 0.481368
vt 0.216436 0.389561
vt 0.235477 0.389561
vt 0.216436 0.481368
vt 0.161186 0.730163
vt 0.469617 0.901588
vt 0.477779 0.901588
vt 0.534618 0.564933
vt 0.530804 0.606104
vt 0.523967 0.566395
vt 0.874724 0.447699
vt 0.860738 0.381882
vt 0.874756 0.379572
vt 0.567047 0.721215
vt 0.566314 0.758554
vt 0.556648 0.723897
vt 0.548167 0.643627
vt 0.537640 0.645812
vt 0.541392 0.604280
vt 0.515738 0.486232
vt 0.525299 0.451367
vt 0.526463 0.485499
vt 0.552551 0.901588
vt 0.544121 0.901588
vt 0.526003 0.901588
vt 0.874708 0.538997
vt 0.860910 0.594191
vt 0.860650 0.534151
vt 0.874699 0.518114
vt 0.868071 0.508395
vt 0.874702 0.508397
vt 0.860011 0.514436
vt 0.874756 0.603989
vt 0.860947 0.606593
vt 0.874717 0.466248
vt 0.859884 0.466243
vt 0.797634 0.009214
vt 0.779749 0.069740
vt 0.793954 0.114610
vt 0.793954 0.069615
vt 0.581490 0.800912
vt 0.578085 0.760795
vt 0.591172 0.797336
vt 0.860067 0.448189
vt 0.664318 0.901588
vt 0.664182 0.856594
vt 0.514462 0.448833
vt 0.853886 0.172538
vt 0.865485 0.159751
vt 0.853746 0.153057
vt 0.523741 0.405694
vt 0.512990 0.405694
vt 0.400084 0.396247
vt 0.382504 0.407030
vt 0.400084 0.407030
vt 0.535184 0.411586
vt 0.557002 0.411586
vt 0.536674 0.365911
vt 0.877981 0.085760
vt 0.888764 0.112595
vt 0.877996 0.112602
vt 0.843012 0.100838
vt 0.868790 0.090070
vt 0.868787 0.100838
vt 0.876837 0.139921
vt 0.824976 0.100838
vt 0.843011 0.082666
vt 0.590937 0.946441
vt 0.552260 0.948574
vt 0.552260 0.946431
vt 0.690869 0.241821
vt 0.686878 0.195747
vt 0.686878 0.241821
vt 0.745646 0.946495
vt 0.706968 0.948620
vt 0.706969 0.946477
vt 0.684255 0.665063
vt 0.680263 0.621556
vt 0.680263 0.665063
vt 0.629614 0.946450
vt 0.629614 0.948593
vt 0.690869 0.152240
vt 0.690869 0.195747
vt 0.590937 0.948584
vt 0.684255 0.575482
vt 0.680263 0.486096
vt 0.680263 0.575482
vt 0.784322 0.948655
vt 0.745645 0.948638
vt 0.684255 0.734560
vt 0.680263 0.734560
vt 0.474906 0.946420
vt 0.397551 0.948559
vt 0.397551 0.946416
vt 0.686878 0.331208
vt 0.690869 0.331208
vt 0.474905 0.948563
vt 0.243152 0.940699
vt 0.204340 0.937323
vt 0.243153 0.937329
vt 0.049090 0.940658
vt 0.087903 0.937299
vt 0.087902 0.940669
vt 0.165528 0.937317
vt 0.165527 0.940687
vt 0.204340 0.940693
vt 0.010278 0.937277
vt 0.049091 0.937288
vt 0.320777 0.940707
vt 0.398402 0.937339
vt 0.398402 0.940709
vt 0.320777 0.937337
vt 0.690869 0.003428
vt 0.686878 0.043823
vt 0.690869 0.043823
vt 0.684255 0.621556
vt 0.684255 0.813874
vt 0.680263 0.773479
vt 0.680263 0.813874
vt 0.690869 0.082742
vt 0.686878 0.082742
vt 0.690869 0.408653
vt 0.686878 0.408653
vt 0.684255 0.773479
vt 0.684255 0.486096
vt 0.680263 0.408651
vt 0.686878 0.152240
vt 0.093171 0.845791
vt 0.084709 0.878267
vt 0.093133 0.882064
vt 0.066657 0.834166
vt 0.018436 0.848393
vt 0.066607 0.870107
vt 0.084751 0.842099
vt 0.018501 0.813052
vt 0.010208 0.844685
vt 0.129697 0.861806
vt 0.093229 0.789052
vt 0.066740 0.773732
vt 0.084817 0.784187
vt 0.145772 0.819439
vt 0.145762 0.861413
vt 0.018623 0.745905
vt 0.010225 0.809423
vt 0.129716 0.810153
vt 0.911934 0.905272
vt 0.933293 0.870216
vt 0.933288 0.905276
vt 0.775279 0.189641
vt 0.746360 0.135248
vt 0.746360 0.189641
vt 0.813552 0.905267
vt 0.911927 0.959132
vt 0.813541 0.959114
vt 0.775279 0.135248
vt 0.746360 0.053930
vt 0.746360 0.358994
vt 0.775279 0.358994
vt 0.746360 0.247243
vt 0.742229 0.715817
vt 0.713405 0.769743
vt 0.742229 0.769743
vt 0.775279 0.053930
vt 0.746360 0.003428
vt 0.713405 0.850362
vt 0.742229 0.850362
vt 0.742229 0.547919
vt 0.713405 0.451929
vt 0.713405 0.547919
vt 0.742229 0.658710
vt 0.709346 0.993168
vt 0.745668 0.998025
vt 0.709346 0.998025
vt 0.455085 0.998025
vt 0.947813 0.515734
vt 0.988455 0.515734
vt 0.947813 0.612595
vt 0.988455 0.612595
vt 0.947813 0.661026
vt 0.988455 0.661026
vt 0.564054 0.993168
vt 0.600377 0.998025
vt 0.564054 0.998025
vt 0.455085 0.993168
vt 0.527731 0.998025
vt 0.239103 0.320455
vt 0.307546 0.233942
vt 0.307546 0.320455
vt 0.239103 0.042307
vt 0.307546 0.003211
vt 0.307546 0.042307
vt 0.239103 0.189348
vt 0.307546 0.147239
vt 0.307546 0.189348
vt 0.661026 0.489219
vt 0.640697 0.579183
vt 0.640697 0.489219
vt 0.661026 0.411273
vt 0.661026 0.819117
vt 0.640697 0.778461
vt 0.661026 0.778461
vt 0.661026 0.669344
vt 0.640697 0.625555
vt 0.661026 0.625555
vt 0.552063 0.610262
vt 0.596132 0.642211
vt 0.589855 0.604047
vt 0.323505 0.956517
vt 0.246150 0.954377
vt 0.323504 0.954365
vt 0.400858 0.956514
vt 0.052765 0.954440
vt 0.014089 0.956610
vt 0.014088 0.954457
vt 0.207473 0.954386
vt 0.168797 0.956548
vt 0.168796 0.954396
vt 0.559513 0.926389
vt 0.480904 0.931505
vt 0.480904 0.926389
vt 0.795340 0.926389
vt 0.756036 0.931505
vt 0.756036 0.926389
vt 0.638122 0.926389
vt 0.598817 0.931505
vt 0.598817 0.926389
vt 0.128516 0.908522
vt 0.085140 0.905337
vt 0.128516 0.905275
vt 0.424087 0.492724
vt 0.394833 0.583371
vt 0.433049 0.578000
vt 0.421727 0.425138
vt 0.385590 0.495416
vt 0.440221 0.319998
vt 0.465025 0.236902
vt 0.456381 0.321102
vt 0.454299 0.382142
vt 0.456252 0.192448
vt 0.479387 0.153488
vt 0.472206 0.195195
vt 0.576607 0.727441
vt 0.624817 0.754584
vt 0.613631 0.717560
vt 0.557002 0.437106
vt 0.576025 0.488899
vt 0.537787 0.491395
vt 0.583578 0.565883
vt 0.781455 0.728655
vt 0.822546 0.769571
vt 0.781447 0.769562
vt 0.825881 0.579387
vt 0.781474 0.579384
vt 0.781464 0.674581
vt 0.402563 0.628087
vt 0.447937 0.662444
vt 0.440493 0.620222
vt 0.943746 0.674609
vt 0.899478 0.579394
vt 0.943759 0.579398
vt 0.943736 0.728643
vt 0.902752 0.769549
vt 0.899453 0.728636
vt 0.258644 0.905337
vt 0.258644 0.908570
vt 0.171892 0.908522
vt 0.834494 0.302065
vt 0.846426 0.345441
vt 0.834216 0.345441
vt 0.136293 0.115833
vt 0.037968 0.064269
vt 0.037968 0.115833
vt 0.910473 0.870241
vt 0.932022 0.806280
vt 0.037968 0.276377
vt 0.136293 0.276377
vt 0.136293 0.170439
vt 0.161186 0.297754
vt 0.142539 0.191791
vt 0.161186 0.191791
vt 0.142539 0.297754
vt 0.797695 0.801781
vt 0.814139 0.869977
vt 0.797644 0.870005
vt 0.161186 0.137172
vt 0.142539 0.085597
vt 0.161186 0.085597
vt 0.696504 0.620594
vt 0.706873 0.670427
vt 0.706873 0.620594
vt 0.696504 0.465436
vt 0.706873 0.465436
vt 0.696504 0.567820
vt 0.706873 0.567820
vt 0.996306 0.456834
vt 0.991449 0.529480
vt 0.991449 0.456834
vt 0.996306 0.565803
vt 0.991449 0.602126
vt 0.991449 0.565803
vt 0.672046 0.457044
vt 0.677312 0.457044
vt 0.991449 0.711094
vt 0.996306 0.747417
vt 0.991449 0.747417
vt 0.663889 0.184171
vt 0.669154 0.227472
vt 0.669154 0.184171
vt 0.306757 0.989964
vt 0.233750 0.961163
vt 0.306757 0.961163
vt 0.197247 0.989963
vt 0.160744 0.961163
vt 0.197247 0.961163
vt 0.051235 0.989963
vt 0.014732 0.961163
vt 0.051235 0.961163
vt 0.663889 0.311477
vt 0.669154 0.384261
vt 0.669154 0.311477
vt 0.672046 0.727130
vt 0.677312 0.765094
vt 0.677312 0.727130
vt 0.672046 0.541050
vt 0.677312 0.541050
vt 0.663889 0.041392
vt 0.669154 0.077968
vt 0.669154 0.041392
vt 0.663889 0.227472
vt 0.663889 0.143282
vt 0.669154 0.143282
vt 0.672046 0.584351
vt 0.677312 0.625240
vt 0.677312 0.584351
vt 0.672046 0.625240
vt 0.677312 0.690554
vt 0.160744 0.989963
vt 0.087738 0.961163
vt 0.996306 0.602126
vt 0.991449 0.674771
vt 0.696504 0.750031
vt 0.706873 0.750031
vt 0.142539 0.047008
vt 0.161186 0.038015
vt 0.136293 0.064269
vt 0.037968 0.039640
vt 0.008255 0.908488
vt 0.085140 0.908570
vt 0.943729 0.769557
vt 0.783643 0.801797
vt 0.558543 0.649659
vt 0.483437 0.068607
vt 0.499104 0.072648
vt 0.426074 0.736156
vt 0.468306 0.743921
vt 0.716731 0.926389
vt 0.638122 0.931505
vt 0.091442 0.954423
vt 0.145777 0.898540
vt 0.129684 0.898540
vt 0.661026 0.739291
vt 0.640697 0.669344
vt 0.239103 0.147239
vt 0.307546 0.079975
vt 0.947813 0.806317
vt 0.988455 0.709456
vt 0.988455 0.806317
vt 0.600377 0.993168
vt 0.673023 0.998025
vt 0.669154 0.003428
vt 0.087738 0.989963
vt 0.996306 0.674771
vt 0.716731 0.931505
vt 0.091443 0.956575
vt 0.640697 0.739291
vt 0.673023 0.993168
vt 0.587096 0.767169
vt 0.636003 0.791608
vt 0.501172 0.065231
vt 0.375933 0.874452
vt 0.410976 0.792250
vt 0.375913 0.792041
vt 0.354474 0.876520
vt 0.311964 0.792041
vt 0.933279 0.959136
vt 0.883382 0.341106
vt 0.893620 0.248472
vt 0.883382 0.246531
vt 0.834992 0.248823
vt 0.846425 0.258689
vt 0.834773 0.258689
vt 0.889742 0.369617
vt 0.893620 0.343046
vt 0.367655 0.900299
vt 0.464193 0.896827
vt 0.420148 0.873224
vt 0.420834 0.898070
vt 0.032493 0.087428
vt 0.005182 0.029176
vt 0.005182 0.087428
vt 0.032493 0.289783
vt 0.005182 0.188716
vt 0.005182 0.289783
vt 0.005182 0.136621
vt 0.032493 0.136621
vt 0.380247 0.079976
vt 0.311710 0.042308
vt 0.311710 0.079976
vt 0.311710 0.147241
vt 0.380247 0.147241
vt 0.311710 0.189351
vt 0.380247 0.189351
vt 0.380247 0.003211
vt 0.380247 0.042308
vt 0.311710 0.320459
vt 0.380247 0.395416
vt 0.380247 0.320459
vt 0.380247 0.233945
vt 0.839942 0.710339
vt 0.884650 0.779497
vt 0.839952 0.750982
vt 0.988455 0.834317
vt 0.713405 0.900430
vt 0.775279 0.247243
vt 0.713405 0.715817
vt 0.947813 0.709456
vt 0.527731 0.993168
vt 0.661026 0.579183
vt 0.246151 0.956529
vt 0.559513 0.931505
vt 0.171892 0.905275
vt 0.825869 0.674587
vt 0.899464 0.674602
vt 0.037968 0.170439
vt 0.996306 0.529480
vt 0.233750 0.989964
vt 0.032493 0.188716
vt 0.311710 0.233945
vt 0.216436 0.191791
vt 0.235477 0.137172
vt 0.235477 0.191791
vt 0.235477 0.085597
vt 0.216436 0.012252
vt 0.235477 0.003211
vt 0.216436 0.137172
vt 0.235477 0.297754
vt 0.216436 0.297754
vt 0.216436 0.085597
vt 0.010182 0.898540
vt 0.018344 0.898540
vt 0.534618 0.246454
vt 0.530804 0.205284
vt 0.541392 0.207107
vt 0.875024 0.447700
vt 0.889009 0.381882
vt 0.889680 0.448190
vt 0.567047 0.090172
vt 0.566314 0.052833
vt 0.578085 0.050593
vt 0.548167 0.167760
vt 0.556648 0.087490
vt 0.525299 0.360021
vt 0.515738 0.325156
vt 0.526463 0.325889
vt 0.093117 0.898540
vt 0.084686 0.898540
vt 0.066568 0.898540
vt 0.875040 0.538997
vt 0.888837 0.594191
vt 0.874999 0.594581
vt 0.881676 0.508395
vt 0.875049 0.518114
vt 0.875046 0.508397
vt 0.889097 0.534150
vt 0.874992 0.603989
vt 0.875031 0.466248
vt 0.797635 0.905264
vt 0.793105 0.117410
vt 0.778900 0.162280
vt 0.793105 0.162404
vt 0.581490 0.010475
vt 0.591171 0.014051
vt 0.889863 0.466243
vt 0.523967 0.244992
vt 0.204884 0.898540
vt 0.537640 0.165576
vt 0.514462 0.362555
vt 0.204747 0.853546
vt 0.847635 0.125715
vt 0.847775 0.145196
vt 0.836036 0.138503
vt 0.400084 0.417813
vt 0.536674 0.457261
vt 0.899547 0.085760
vt 0.888764 0.085754
vt 0.868790 0.111607
vt 0.843012 0.119011
vt 0.824684 0.158333
vt 0.824288 0.124394
vt 0.242842 0.946431
vt 0.204166 0.948584
vt 0.204165 0.946441
vt 0.690869 0.575484
vt 0.686878 0.621558
vt 0.690869 0.621558
vt 0.088133 0.946477
vt 0.049457 0.948637
vt 0.049456 0.946494
vt 0.684255 0.152239
vt 0.680263 0.195746
vt 0.684255 0.195746
vt 0.165488 0.946450
vt 0.088134 0.948620
vt 0.690869 0.665066
vt 0.165489 0.948593
vt 0.684255 0.241820
vt 0.680263 0.331206
vt 0.684255 0.331206
vt 0.010780 0.948655
vt 0.010779 0.946512
vt 0.684255 0.082742
vt 0.680263 0.152239
vt 0.320197 0.946420
vt 0.320197 0.948563
vt 0.690869 0.486098
vt 0.686878 0.575484
vt 0.242843 0.948574
vt 0.553652 0.937329
vt 0.592464 0.940693
vt 0.553652 0.940699
vt 0.708901 0.937299
vt 0.747714 0.940658
vt 0.708902 0.940669
vt 0.631276 0.937317
vt 0.631277 0.940686
vt 0.592464 0.937323
vt 0.786526 0.937277
vt 0.786527 0.940646
vt 0.476027 0.940707
vt 0.476027 0.937336
vt 0.686878 0.773482
vt 0.690869 0.813877
vt 0.690869 0.773482
vt 0.684255 0.003428
vt 0.680263 0.043823
vt 0.684255 0.043823
vt 0.690869 0.734563
vt 0.686878 0.486098
vt 0.684255 0.408651
vt 0.686878 0.665066
vt 0.128516 0.919920
vt 0.171892 0.919920
vt 0.008255 0.919920
vt 0.085140 0.919920
vt 0.258644 0.919920
vt 0.345396 0.919920
vt 0.562275 0.919920
vt 0.518899 0.919920
vt 0.637708 0.919920
vt 0.682536 0.908488
vt 0.682536 0.919920
vt 0.432147 0.919920
vt 0.377475 0.899314
vt 0.846426 0.302065
vt 0.848662 0.335227
vt 0.211999 0.901433
vt 0.211996 0.825502
vt 0.464842 0.792573
vt 0.544144 0.881315
vt 0.552606 0.848839
vt 0.552568 0.885112
vt 0.477871 0.851442
vt 0.526092 0.837214
vt 0.526042 0.873155
vt 0.544185 0.845147
vt 0.469643 0.847733
vt 0.477935 0.816099
vt 0.589132 0.864854
vt 0.589119 0.901588
vt 0.552664 0.792099
vt 0.526175 0.776780
vt 0.544252 0.787235
vt 0.605207 0.822487
vt 0.605197 0.864461
vt 0.469659 0.812471
vt 0.478058 0.748953
vt 0.589151 0.813201
vt 0.911951 0.063065
vt 0.933311 0.098125
vt 0.910489 0.098100
vt 0.775279 0.721990
vt 0.746360 0.776383
vt 0.775279 0.776383
vt 0.911946 0.009200
vt 0.813560 0.063067
vt 0.813550 0.009214
vt 0.746360 0.857701
vt 0.775279 0.857701
vt 0.775279 0.552638
vt 0.746360 0.455816
vt 0.746360 0.552638
vt 0.775279 0.664388
vt 0.742229 0.188041
vt 0.713405 0.134116
vt 0.713405 0.188041
vt 0.746360 0.908203
vt 0.775279 0.908203
vt 0.742229 0.134116
vt 0.713405 0.053496
vt 0.713405 0.355939
vt 0.742229 0.451929
vt 0.742229 0.355939
vt 0.742229 0.245148
vt 0.019210 0.998026
vt 0.055533 0.993169
vt 0.055533 0.998026
vt 0.309793 0.998025
vt 0.382439 0.993168
vt 0.382439 0.998025
vt 0.988455 0.418873
vt 0.947813 0.322012
vt 0.988455 0.322012
vt 0.947813 0.225151
vt 0.988455 0.225151
vt 0.947813 0.176720
vt 0.988455 0.176720
vt 0.164502 0.998025
vt 0.200825 0.993168
vt 0.200825 0.998025
vt 0.237148 0.998025
vt 0.309793 0.993168
vt 0.307546 0.470367
vt 0.239103 0.556880
vt 0.239103 0.470367
vt 0.239103 0.395411
vt 0.307546 0.395411
vt 0.307546 0.787611
vt 0.239103 0.748515
vt 0.307546 0.748515
vt 0.307546 0.643583
vt 0.239103 0.601474
vt 0.307546 0.601474
vt 0.640697 0.333327
vt 0.661026 0.243363
vt 0.661026 0.333327
vt 0.661026 0.411273
vt 0.640697 0.044084
vt 0.661026 0.003428
vt 0.661026 0.044084
vt 0.640697 0.196991
vt 0.661026 0.153202
vt 0.661026 0.196991
vt 0.596132 0.180961
vt 0.552063 0.212910
vt 0.589855 0.219125
vt 0.478212 0.954365
vt 0.555566 0.956529
vt 0.478212 0.956517
vt 0.400858 0.954361
vt 0.748951 0.954440
vt 0.787627 0.956610
vt 0.748950 0.956592
vt 0.632920 0.954396
vt 0.594243 0.956538
vt 0.594243 0.954386
vt 0.323686 0.931505
vt 0.245077 0.926389
vt 0.323686 0.926389
vt 0.402295 0.926389
vt 0.048554 0.931505
vt 0.009249 0.926389
vt 0.048554 0.926389
vt 0.205772 0.931505
vt 0.166468 0.926389
vt 0.205772 0.926389
vt 0.562275 0.908522
vt 0.605651 0.905337
vt 0.605651 0.908570
vt 0.424087 0.321336
vt 0.394833 0.230690
vt 0.385590 0.318645
vt 0.421727 0.388923
vt 0.456381 0.490286
vt 0.448978 0.576688
vt 0.440221 0.491390
vt 0.454299 0.429245
vt 0.479387 0.657900
vt 0.456252 0.618939
vt 0.472206 0.616192
vt 0.624817 0.068589
vt 0.576607 0.095732
vt 0.613631 0.105613
vt 0.557002 0.386066
vt 0.573504 0.411586
vt 0.576025 0.334273
vt 0.583578 0.257289
vt 0.537787 0.331777
vt 0.781453 0.239696
vt 0.822550 0.198777
vt 0.825862 0.239689
vt 0.825882 0.388977
vt 0.781477 0.484184
vt 0.781472 0.388980
vt 0.781462 0.293775
vt 0.447936 0.151616
vt 0.402563 0.185973
vt 0.440492 0.193838
vt 0.899482 0.388972
vt 0.943758 0.293753
vt 0.943766 0.388970
vt 0.943767 0.484185
vt 0.943751 0.239713
vt 0.902764 0.198802
vt 0.943745 0.198795
vt 0.345396 0.908570
vt 0.432147 0.905337
vt 0.432147 0.908570
vt 0.518899 0.908522
vt 0.848384 0.291851
vt 0.860316 0.248475
vt 0.860315 0.291851
vt 0.136293 0.620493
vt 0.037968 0.670133
vt 0.136293 0.672057
vt 0.932038 0.162068
vt 0.136293 0.459949
vt 0.037968 0.368163
vt 0.037968 0.459949
vt 0.136293 0.565887
vt 0.161186 0.481368
vt 0.142539 0.587331
vt 0.142539 0.481368
vt 0.142539 0.389561
vt 0.161186 0.389561
vt 0.797697 0.166563
vt 0.814145 0.098361
vt 0.797649 0.098333
vt 0.161186 0.641950
vt 0.142539 0.693526
vt 0.142539 0.641950
vt 0.706873 0.083031
vt 0.696504 0.132865
vt 0.706873 0.132865
vt 0.706873 0.288023
vt 0.696504 0.376729
vt 0.706873 0.376729
vt 0.706873 0.185639
vt 0.696504 0.288023
vt 0.991449 0.238896
vt 0.996306 0.311542
vt 0.991449 0.311542
vt 0.991449 0.166251
vt 0.996306 0.202573
vt 0.991449 0.202573
vt 0.677312 0.311478
vt 0.672046 0.384261
vt 0.677312 0.384261
vt 0.996306 0.384188
vt 0.991449 0.384188
vt 0.991449 0.057282
vt 0.996306 0.020959
vt 0.996306 0.057282
vt 0.669154 0.541050
vt 0.663889 0.584351
vt 0.669154 0.584351
vt 0.525775 0.961163
vt 0.452769 0.989964
vt 0.452769 0.961163
vt 0.598782 0.961163
vt 0.562278 0.989964
vt 0.562279 0.961163
vt 0.379763 0.989964
vt 0.379763 0.961163
vt 0.744794 0.961163
vt 0.708291 0.989964
vt 0.708291 0.961163
vt 0.669154 0.457044
vt 0.663889 0.384261
vt 0.663889 0.457044
vt 0.677312 0.003428
vt 0.672046 0.041392
vt 0.677312 0.041392
vt 0.677312 0.227472
vt 0.672046 0.311478
vt 0.669154 0.690553
vt 0.663889 0.727130
vt 0.669154 0.727130
vt 0.663889 0.541050
vt 0.669154 0.625239
vt 0.663889 0.690553
vt 0.677312 0.143282
vt 0.672046 0.184171
vt 0.677312 0.184171
vt 0.677312 0.077968
vt 0.672046 0.143282
vt 0.671788 0.961163
vt 0.598782 0.989964
vt 0.991449 0.093605
vt 0.996306 0.166251
vt 0.696504 0.003428
vt 0.696504 0.083031
vt 0.161186 0.693526
vt 0.142539 0.720083
vt 0.037968 0.701601
vt 0.136293 0.733080
vt 0.682536 0.908488
vt 0.942459 0.162066
vt 0.781447 0.198785
vt 0.558543 0.173513
vt 0.483437 0.742781
vt 0.463527 0.661190
vt 0.426074 0.077904
vt 0.410886 0.143848
vt 0.166468 0.931505
vt 0.087858 0.926389
vt 0.710274 0.954423
vt 0.632920 0.956548
vt 0.605212 0.901588
vt 0.640697 0.153202
vt 0.661026 0.083255
vt 0.307546 0.710847
vt 0.239103 0.643583
vt 0.988455 0.128289
vt 0.947813 0.031428
vt 0.988455 0.031428
vt 0.091856 0.998026
vt 0.164502 0.993169
vt 0.669154 0.765093
vt 0.663889 0.765093
vt 0.672046 0.077968
vt 0.671788 0.989964
vt 0.996306 0.093605
vt 0.087858 0.931505
vt 0.710274 0.956575
vt 0.239103 0.710847
vt 0.091856 0.993169
vt 0.587096 0.056003
vt 0.636003 0.031564
vt 0.599691 0.019289
vt 0.499104 0.738740
vt 0.501173 0.746157
vt 0.298636 0.819231
vt 0.263593 0.901434
vt 0.254421 0.820459
vt 0.320095 0.817163
vt 0.298656 0.901643
vt 0.933307 0.063062
vt 0.867444 0.341110
vt 0.877682 0.248475
vt 0.877682 0.343050
vt 0.848882 0.345093
vt 0.860314 0.335227
vt 0.860314 0.345093
vt 0.873803 0.369622
vt 0.877003 0.370228
vt 0.306914 0.793385
vt 0.297094 0.794370
vt 0.210376 0.796857
vt 0.253735 0.795614
vt 0.032493 0.667271
vt 0.005182 0.727197
vt 0.032493 0.749170
vt 0.032493 0.464915
vt 0.005182 0.565982
vt 0.032493 0.565982
vt 0.005182 0.377349
vt 0.005182 0.464915
vt 0.005182 0.618078
vt 0.032493 0.618078
vt 0.380247 0.710856
vt 0.311710 0.748524
vt 0.380247 0.748524
vt 0.311710 0.643591
vt 0.380247 0.643591
vt 0.311710 0.601482
vt 0.380247 0.601482
vt 0.380247 0.787622
vt 0.380247 0.395416
vt 0.311710 0.470373
vt 0.380247 0.470373
vt 0.311710 0.556888
vt 0.380247 0.556888
vt 0.839064 0.706787
vt 0.883772 0.637629
vt 0.883763 0.678271
vt 0.988455 0.003428
vt 0.742229 0.053496
vt 0.713405 0.003428
vt 0.746360 0.721990
vt 0.713405 0.245148
vt 0.947813 0.128289
vt 0.237148 0.993168
vt 0.307546 0.556880
vt 0.545584 0.252307
vt 0.555566 0.954377
vt 0.245077 0.931505
vt 0.518899 0.905275
vt 0.465025 0.574485
vt 0.825871 0.293770
vt 0.433049 0.236060
vt 0.899464 0.239719
vt 0.037968 0.565887
vt 0.161186 0.587331
vt 0.696504 0.185639
vt 0.996306 0.238896
vt 0.663889 0.625239
vt 0.525775 0.989964
vt 0.672046 0.227472
vt 0.235477 0.641950
vt 0.216436 0.587331
vt 0.235477 0.587331
vt 0.235477 0.693526
vt 0.216436 0.763699
vt 0.216436 0.693526
vt 0.216436 0.641950
vt 0.235477 0.481368
vt 0.216436 0.389561
vt 0.235477 0.389561
vt 0.216436 0.481368
vt 0.161186 0.730163
vt 0.469617 0.901588
vt 0.477779 0.901588
vt 0.534618 0.564933
vt 0.530804 0.606104
vt 0.523967 0.566395
vt 0.874724 0.447699
vt 0.860738 0.381882
vt 0.874756 0.379572
vt 0.567047 0.721215
vt 0.566314 0.758554
vt 0.556648 0.723897
vt 0.548167 0.643627
vt 0.537640 0.645812
vt 0.541392 0.604280
vt 0.515738 0.486232
vt 0.525299 0.451367
vt 0.526463 0.485499
vt 0.552551 0.901588
vt 0.544121 0.901588
vt 0.526003 0.901588
vt 0.874708 0.538997
vt 0.860910 0.594191
vt 0.860650 0.534151
vt 0.874699 0.518114
vt 0.868071 0.508395
vt 0.874702 0.508397
vt 0.860011 0.514436
vt 0.874756 0.603989
vt 0.860947 0.606593
vt 0.874717 0.466248
vt 0.859884 0.466243
vt 0.797641 0.063070
vt 0.779749 0.069740
vt 0.793954 0.114610
vt 0.793954 0.069615
vt 0.581490 0.800912
vt 0.578085 0.760795
vt 0.591172 0.797336
vt 0.860067 0.448189
vt 0.664318 0.901588
vt 0.664182 0.856594
vt 0.514462 0.448833
vt 0.853886 0.172538
vt 0.865485 0.159751
vt 0.853746 0.153057
vt 0.523741 0.405694
vt 0.512990 0.405694
vt 0.400084 0.396247
vt 0.382504 0.407030
vt 0.400084 0.407030
vt 0.535184 0.411586
vt 0.557002 0.411586
vt 0.536674 0.365911
vt 0.877981 0.085760
vt 0.888764 0.112595
vt 0.877996 0.112602
vt 0.843012 0.100838
vt 0.868790 0.090070
vt 0.868787 0.100838
vt 0.876837 0.139921
vt 0.824976 0.100838
vt 0.843011 0.082666
vt 0.590937 0.946441
vt 0.552260 0.948574
vt 0.552260 0.946431
vt 0.690869 0.241821
vt 0.686878 0.195747
vt 0.686878 0.241821
vt 0.706969 0.946477
vt 0.745645 0.948638
vt 0.706968 0.948620
vt 0.684255 0.665063
vt 0.680263 0.621556
vt 0.680263 0.665063
vt 0.629614 0.946450
vt 0.629614 0.948593
vt 0.690869 0.152240
vt 0.690869 0.195747
vt 0.590937 0.948584
vt 0.684255 0.486096
vt 0.680263 0.575482
vt 0.684255 0.575482
vt 0.745646 0.946495
vt 0.784322 0.948655
vt 0.684255 0.734560
vt 0.680263 0.734560
vt 0.474905 0.948563
vt 0.397551 0.946416
vt 0.474906 0.946420
vt 0.690869 0.331208
vt 0.686878 0.331208
vt 0.204340 0.940693
vt 0.243153 0.937329
vt 0.243152 0.940699
vt 0.049090 0.940658
vt 0.087903 0.937299
vt 0.087902 0.940669
vt 0.165528 0.937317
vt 0.165527 0.940687
vt 0.204340 0.937323
vt 0.010278 0.937277
vt 0.049091 0.937288
vt 0.320777 0.937337
vt 0.398402 0.940709
vt 0.320777 0.940707
vt 0.690869 0.003428
vt 0.686878 0.043823
vt 0.690869 0.043823
vt 0.684255 0.621556
vt 0.684255 0.813874
vt 0.680263 0.773479
vt 0.680263 0.813874
vt 0.690869 0.082742
vt 0.686878 0.082742
vt 0.690869 0.408653
vt 0.686878 0.408653
vt 0.684255 0.773479
vt 0.684255 0.408651
vt 0.680263 0.486096
vt 0.686878 0.152240
vt 0.093171 0.845791
vt 0.084709 0.878267
vt 0.093133 0.882064
vt 0.066657 0.834166
vt 0.018436 0.848393
vt 0.066607 0.870107
vt 0.084751 0.842099
vt 0.018501 0.813052
vt 0.010208 0.844685
vt 0.129697 0.861806
vt 0.093229 0.789052
vt 0.066740 0.773732
vt 0.084817 0.784187
vt 0.145772 0.819439
vt 0.145762 0.861413
vt 0.018623 0.745905
vt 0.010225 0.809423
vt 0.129716 0.810153
vt 0.911934 0.905272
vt 0.933293 0.870216
vt 0.933288 0.905276
vt 0.775279 0.189641
vt 0.746360 0.135248
vt 0.746360 0.189641
vt 0.813552 0.905267
vt 0.911927 0.959132
vt 0.813541 0.959114
vt 0.775279 0.135248
vt 0.746360 0.053930
vt 0.775279 0.358994
vt 0.775279 0.455816
vt 0.775279 0.247243
vt 0.746360 0.358994
vt 0.742229 0.715817
vt 0.713405 0.769743
vt 0.742229 0.769743
vt 0.775279 0.053930
vt 0.746360 0.003428
vt 0.713405 0.850362
vt 0.742229 0.850362
vt 0.742229 0.547919
vt 0.713405 0.451929
vt 0.713405 0.547919
vt 0.742229 0.658710
vt 0.709346 0.993168
vt 0.745668 0.998025
vt 0.709346 0.998025
vt 0.455085 0.998025
vt 0.947813 0.515734
vt 0.988455 0.515734
vt 0.947813 0.612595
vt 0.988455 0.612595
vt 0.947813 0.661026
vt 0.988455 0.661026
vt 0.564054 0.993168
vt 0.600377 0.998025
vt 0.564054 0.998025
vt 0.455085 0.993168
vt 0.527731 0.998025
vt 0.239103 0.320455
vt 0.307546 0.233942
vt 0.307546 0.320455
vt 0.239103 0.042307
vt 0.307546 0.003211
vt 0.307546 0.042307
vt 0.239103 0.189348
vt 0.307546 0.147239
vt 0.307546 0.189348
vt 0.661026 0.579183
vt 0.640697 0.489219
vt 0.661026 0.489219
vt 0.661026 0.819117
vt 0.640697 0.778461
vt 0.661026 0.778461
vt 0.661026 0.669344
vt 0.640697 0.625555
vt 0.661026 0.625555
vt 0.552063 0.610262
vt 0.596132 0.642211
vt 0.589855 0.604047
vt 0.323504 0.954365
vt 0.246151 0.956529
vt 0.246150 0.954377
vt 0.323505 0.956517
vt 0.052766 0.956592
vt 0.014088 0.954457
vt 0.052765 0.954440
vt 0.207473 0.954386
vt 0.168797 0.956548
vt 0.168796 0.954396
vt 0.559513 0.926389
vt 0.480904 0.931505
vt 0.480904 0.926389
vt 0.795340 0.926389
vt 0.756036 0.931505
vt 0.756036 0.926389
vt 0.638122 0.926389
vt 0.598817 0.931505
vt 0.598817 0.926389
vt 0.128516 0.908522
vt 0.085140 0.905337
vt 0.128516 0.905275
vt 0.424087 0.492724
vt 0.394833 0.583371
vt 0.433049 0.578000
vt 0.421727 0.425138
vt 0.385590 0.495416
vt 0.456381 0.321102
vt 0.448977 0.234700
vt 0.465025 0.236902
vt 0.454299 0.382142
vt 0.440221 0.319998
vt 0.456252 0.192448
vt 0.479387 0.153488
vt 0.472206 0.195195
vt 0.576607 0.727441
vt 0.624817 0.754584
vt 0.613631 0.717560
vt 0.557002 0.437106
vt 0.576025 0.488899
vt 0.537787 0.491395
vt 0.583578 0.565883
vt 0.781455 0.728655
vt 0.822546 0.769571
vt 0.781447 0.769562
vt 0.825881 0.579387
vt 0.781474 0.579384
vt 0.781464 0.674581
vt 0.402563 0.628087
vt 0.447937 0.662444
vt 0.440493 0.620222
vt 0.943746 0.674609
vt 0.899478 0.579394
vt 0.943759 0.579398
vt 0.943736 0.728643
vt 0.902752 0.769549
vt 0.899453 0.728636
vt 0.258644 0.905337
vt 0.258644 0.908570
vt 0.171892 0.908522
vt 0.834494 0.302065
vt 0.846426 0.345441
vt 0.834216 0.345441
vt 0.136293 0.115833
vt 0.037968 0.064269
vt 0.037968 0.115833
vt 0.910473 0.870241
vt 0.932022 0.806280
vt 0.136293 0.276377
vt 0.136293 0.368163
vt 0.136293 0.170439
vt 0.037968 0.276377
vt 0.161186 0.297754
vt 0.142539 0.191791
vt 0.161186 0.191791
vt 0.142539 0.297754
vt 0.797695 0.801781
vt 0.814139 0.869977
vt 0.797644 0.870005
vt 0.161186 0.137172
vt 0.142539 0.085597
vt 0.161186 0.085597
vt 0.696504 0.620594
vt 0.706873 0.670427
vt 0.706873 0.620594
vt 0.696504 0.465436
vt 0.706873 0.465436
vt 0.706873 0.567820
vt 0.996306 0.456834
vt 0.991449 0.529480
vt 0.991449 0.456834
vt 0.996306 0.565803
vt 0.991449 0.602126
vt 0.991449 0.565803
vt 0.672046 0.457044
vt 0.677312 0.457044
vt 0.991449 0.711094
vt 0.996306 0.747417
vt 0.991449 0.747417
vt 0.663889 0.184171
vt 0.669154 0.227472
vt 0.669154 0.184171
vt 0.306757 0.989964
vt 0.233750 0.961163
vt 0.306757 0.961163
vt 0.197247 0.989963
vt 0.160744 0.961163
vt 0.197247 0.961163
vt 0.051235 0.989963
vt 0.014732 0.961163
vt 0.051235 0.961163
vt 0.663889 0.311477
vt 0.669154 0.384261
vt 0.669154 0.311477
vt 0.672046 0.727130
vt 0.677312 0.765094
vt 0.677312 0.727130
vt 0.672046 0.541050
vt 0.677312 0.541050
vt 0.663889 0.041392
vt 0.669154 0.077968
vt 0.669154 0.041392
vt 0.663889 0.227472
vt 0.663889 0.077968
vt 0.669154 0.143282
vt 0.672046 0.584351
vt 0.677312 0.625240
vt 0.677312 0.584351
vt 0.672046 0.690554
vt 0.677312 0.690554
vt 0.160744 0.989963
vt 0.087738 0.961163
vt 0.996306 0.602126
vt 0.991449 0.674771
vt 0.696504 0.750031
vt 0.706873 0.750031
vt 0.142539 0.047008
vt 0.161186 0.038015
vt 0.136293 0.064269
vt 0.037968 0.039640
vt 0.008255 0.908488
vt 0.085140 0.908570
vt 0.943729 0.769557
vt 0.783643 0.801797
vt 0.558543 0.649659
vt 0.483437 0.068607
vt 0.499104 0.072648
vt 0.426074 0.736156
vt 0.468306 0.743921
vt 0.716731 0.926389
vt 0.638122 0.931505
vt 0.091443 0.956575
vt 0.091442 0.954423
vt 0.145777 0.898540
vt 0.129684 0.898540
vt 0.661026 0.739291
vt 0.640697 0.669344
vt 0.239103 0.147239
vt 0.307546 0.079975
vt 0.947813 0.806317
vt 0.988455 0.709456
vt 0.988455 0.806317
vt 0.600377 0.993168
vt 0.673023 0.998025
vt 0.669154 0.003428
vt 0.087738 0.989963
vt 0.996306 0.674771
vt 0.716731 0.931505
vt 0.640697 0.739291
vt 0.673023 0.993168
vt 0.587096 0.767169
vt 0.636003 0.791608
vt 0.501172 0.065231
vt 0.375933 0.874452
vt 0.410976 0.792250
vt 0.375913 0.792041
vt 0.354474 0.876520
vt 0.311964 0.792041
vt 0.933279 0.959136
vt 0.883382 0.341106
vt 0.893620 0.248472
vt 0.883382 0.246531
vt 0.834992 0.248823
vt 0.846425 0.258689
vt 0.834773 0.258689
vt 0.889742 0.369617
vt 0.893620 0.343046
vt 0.367655 0.900299
vt 0.464193 0.896827
vt 0.420148 0.873224
vt 0.420834 0.898070
vt 0.032493 0.087428
vt 0.005182 0.029176
vt 0.005182 0.087428
vt 0.032493 0.289783
vt 0.005182 0.188716
vt 0.005182 0.289783
vt 0.032493 0.377349
vt 0.005182 0.136621
vt 0.032493 0.136621
vt 0.380247 0.079976
vt 0.311710 0.042308
vt 0.311710 0.079976
vt 0.311710 0.147241
vt 0.380247 0.147241
vt 0.311710 0.189351
vt 0.380247 0.189351
vt 0.380247 0.003211
vt 0.380247 0.042308
vt 0.380247 0.320459
vt 0.311710 0.395416
vt 0.380247 0.233945
vt 0.311710 0.320459
vt 0.839942 0.710339
vt 0.884650 0.779497
vt 0.839952 0.750982
vt 0.988455 0.834317
vt 0.713405 0.900430
vt 0.746360 0.247243
vt 0.713405 0.715817
vt 0.947813 0.709456
vt 0.527731 0.993168
vt 0.640697 0.579183
vt 0.559513 0.931505
vt 0.171892 0.905275
vt 0.825869 0.674587
vt 0.899464 0.674602
vt 0.037968 0.170439
vt 0.696504 0.567820
vt 0.996306 0.529480
vt 0.233750 0.989964
vt 0.032493 0.188716
vt 0.311710 0.233945
vt 0.216436 0.191791
vt 0.235477 0.137172
vt 0.235477 0.191791
vt 0.235477 0.085597
vt 0.216436 0.012252
vt 0.235477 0.003211
vt 0.216436 0.137172
vt 0.235477 0.297754
vt 0.216436 0.297754
vt 0.216436 0.085597
vt 0.010182 0.898540
vt 0.018344 0.898540
vt 0.534618 0.246454
vt 0.530804 0.205284
vt 0.541392 0.207107
vt 0.875024 0.447700
vt 0.889009 0.381882
vt 0.889680 0.448190
vt 0.567047 0.090172
vt 0.566314 0.052833
vt 0.578085 0.050593
vt 0.548167 0.167760
vt 0.556648 0.087490
vt 0.525299 0.360021
vt 0.515738 0.325156
vt 0.526463 0.325889
vt 0.093117 0.898540
vt 0.084686 0.898540
vt 0.066568 0.898540
vt 0.875040 0.538997
vt 0.888837 0.594191
vt 0.874999 0.594581
vt 0.881676 0.508395
vt 0.875049 0.518114
vt 0.875046 0.508397
vt 0.889097 0.534150
vt 0.874992 0.603989
vt 0.875031 0.466248
vt 0.797626 0.959115
vt 0.797635 0.905264
vt 0.793105 0.117410
vt 0.778900 0.162280
vt 0.793105 0.162404
vt 0.581490 0.010475
vt 0.591171 0.014051
vt 0.889863 0.466243
vt 0.523967 0.244992
vt 0.204884 0.898540
vt 0.537640 0.165576
vt 0.514462 0.362555
vt 0.204747 0.853546
vt 0.847635 0.125715
vt 0.847775 0.145196
vt 0.836036 0.138503
vt 0.400084 0.417813
vt 0.536674 0.457261
vt 0.899547 0.085760
vt 0.888764 0.085754
vt 0.868790 0.111607
vt 0.843012 0.119011
vt 0.824684 0.158333
vt 0.824288 0.124394
vt 0.242843 0.948574
vt 0.204165 0.946441
vt 0.242842 0.946431
vt 0.690869 0.575484
vt 0.686878 0.621558
vt 0.690869 0.621558
vt 0.088134 0.948620
vt 0.049456 0.946494
vt 0.088133 0.946477
vt 0.684255 0.152239
vt 0.680263 0.195746
vt 0.684255 0.195746
vt 0.165489 0.948593
vt 0.165488 0.946450
vt 0.690869 0.665066
vt 0.684255 0.241820
vt 0.680263 0.331206
vt 0.684255 0.331206
vt 0.010780 0.948655
vt 0.010779 0.946512
vt 0.680263 0.082742
vt 0.684255 0.082742
vt 0.320197 0.946420
vt 0.397551 0.948559
vt 0.320197 0.948563
vt 0.690869 0.486098
vt 0.686878 0.575484
vt 0.553652 0.937329
vt 0.592464 0.940693
vt 0.553652 0.940699
vt 0.708901 0.937299
vt 0.747714 0.940658
vt 0.708902 0.940669
vt 0.631277 0.940686
vt 0.631276 0.937317
vt 0.786526 0.937277
vt 0.786527 0.940646
vt 0.476027 0.940707
vt 0.398402 0.937339
vt 0.476027 0.937336
vt 0.686878 0.773482
vt 0.690869 0.813877
vt 0.690869 0.773482
vt 0.684255 0.003428
vt 0.680263 0.043823
vt 0.684255 0.043823
vt 0.690869 0.734563
vt 0.686878 0.486098
vt 0.680263 0.408651
vt 0.686878 0.665066
vt 0.128516 0.919920
vt 0.171892 0.919920
vt 0.008255 0.919920
vt 0.085140 0.919920
vt 0.258644 0.919920
vt 0.345396 0.919920
vt 0.562275 0.919920
vt 0.518899 0.919920
vt 0.682536 0.919920
vt 0.605651 0.919920
vt 0.432147 0.919920
vt 0.377475 0.899314
vt 0.846426 0.302065
vt 0.848662 0.335227
vt 0.209728 0.901110
vt 0.210207 0.821688
vt 0.464842 0.792573
vt 0.544144 0.881315
vt 0.552606 0.848839
vt 0.552568 0.885112
vt 0.477871 0.851442
vt 0.526092 0.837214
vt 0.526042 0.873155
vt 0.544185 0.845147
vt 0.469643 0.847733
vt 0.477935 0.816099
vt 0.589132 0.864854
vt 0.589119 0.901588
vt 0.552664 0.792099
vt 0.526175 0.776780
vt 0.544252 0.787235
vt 0.605207 0.822487
vt 0.605197 0.864461
vt 0.469659 0.812471
vt 0.478058 0.748953
vt 0.589151 0.813201
vt 0.911951 0.063065
vt 0.933311 0.098125
vt 0.910489 0.098100
vt 0.775279 0.721990
vt 0.746360 0.776383
vt 0.775279 0.776383
vt 0.911946 0.009200
vt 0.813560 0.063067
vt 0.813550 0.009214
vt 0.746360 0.857701
vt 0.775279 0.857701
vt 0.775279 0.552638
vt 0.746360 0.455816
vt 0.746360 0.552638
vt 0.746360 0.664388
vt 0.775279 0.664388
vt 0.742229 0.188041
vt 0.713405 0.134116
vt 0.713405 0.188041
vt 0.746360 0.908203
vt 0.775279 0.908203
vt 0.742229 0.134116
vt 0.713405 0.053496
vt 0.713405 0.355939
vt 0.742229 0.451929
vt 0.742229 0.355939
vt 0.713405 0.245148
vt 0.019210 0.998026
vt 0.055533 0.993169
vt 0.055533 0.998026
vt 0.309793 0.998025
vt 0.382439 0.993168
vt 0.382439 0.998025
vt 0.988455 0.418873
vt 0.947813 0.322012
vt 0.988455 0.322012
vt 0.947813 0.225151
vt 0.988455 0.225151
vt 0.947813 0.176720
vt 0.988455 0.176720
vt 0.164502 0.998025
vt 0.200825 0.993168
vt 0.200825 0.998025
vt 0.237148 0.998025
vt 0.309793 0.993168
vt 0.307546 0.556880
vt 0.239103 0.470367
vt 0.307546 0.470367
vt 0.307546 0.395411
vt 0.307546 0.787611
vt 0.239103 0.748515
vt 0.307546 0.748515
vt 0.307546 0.643583
vt 0.239103 0.601474
vt 0.307546 0.601474
vt 0.640697 0.333327
vt 0.661026 0.243363
vt 0.661026 0.333327
vt 0.661026 0.411273
vt 0.640697 0.044084
vt 0.661026 0.003428
vt 0.661026 0.044084
vt 0.640697 0.196991
vt 0.661026 0.153202
vt 0.661026 0.196991
vt 0.596132 0.180961
vt 0.552063 0.212910
vt 0.589855 0.219125
vt 0.555566 0.954377
vt 0.478212 0.956517
vt 0.478212 0.954365
vt 0.400858 0.956514
vt 0.400858 0.954361
vt 0.748951 0.954440
vt 0.787627 0.956610
vt 0.748950 0.956592
vt 0.594243 0.954386
vt 0.632920 0.956548
vt 0.594243 0.956538
vt 0.323686 0.931505
vt 0.245077 0.926389
vt 0.323686 0.926389
vt 0.402295 0.926389
vt 0.048554 0.931505
vt 0.009249 0.926389
vt 0.048554 0.926389
vt 0.205772 0.931505
vt 0.166468 0.926389
vt 0.205772 0.926389
vt 0.562275 0.908522
vt 0.605651 0.905337
vt 0.605651 0.908570
vt 0.424087 0.321336
vt 0.394833 0.230690
vt 0.385590 0.318645
vt 0.421727 0.388923
vt 0.465025 0.574485
vt 0.440221 0.491390
vt 0.456381 0.490286
vt 0.454299 0.429245
vt 0.479387 0.657900
vt 0.456252 0.618939
vt 0.472206 0.616192
vt 0.624817 0.068589
vt 0.576607 0.095732
vt 0.613631 0.105613
vt 0.557002 0.386066
vt 0.573504 0.411586
vt 0.576025 0.334273
vt 0.583578 0.257289
vt 0.537787 0.331777
vt 0.781453 0.239696
vt 0.822550 0.198777
vt 0.825862 0.239689
vt 0.825882 0.388977
vt 0.781477 0.484184
vt 0.781472 0.388980
vt 0.781462 0.293775
vt 0.447936 0.151616
vt 0.402563 0.185973
vt 0.440492 0.193838
vt 0.899482 0.388972
vt 0.943758 0.293753
vt 0.943766 0.388970
vt 0.943767 0.484185
vt 0.943751 0.239713
vt 0.902764 0.198802
vt 0.943745 0.198795
vt 0.345396 0.908570
vt 0.432147 0.905337
vt 0.432147 0.908570
vt 0.518899 0.908522
vt 0.848384 0.291851
vt 0.860316 0.248475
vt 0.860315 0.291851
vt 0.136293 0.620493
vt 0.037968 0.670133
vt 0.136293 0.672057
vt 0.932038 0.162068
vt 0.136293 0.459949
vt 0.037968 0.368163
vt 0.037968 0.459949
vt 0.136293 0.565887
vt 0.161186 0.481368
vt 0.142539 0.587331
vt 0.142539 0.481368
vt 0.142539 0.389561
vt 0.161186 0.389561
vt 0.797697 0.166563
vt 0.814145 0.098361
vt 0.797649 0.098333
vt 0.161186 0.641950
vt 0.142539 0.693526
vt 0.142539 0.641950
vt 0.706873 0.083031
vt 0.696504 0.132865
vt 0.706873 0.132865
vt 0.696504 0.288023
vt 0.706873 0.376729
vt 0.706873 0.288023
vt 0.706873 0.185639
vt 0.991449 0.238896
vt 0.996306 0.311542
vt 0.991449 0.311542
vt 0.991449 0.166251
vt 0.996306 0.202573
vt 0.991449 0.202573
vt 0.677312 0.311478
vt 0.672046 0.384261
vt 0.677312 0.384261
vt 0.996306 0.384188
vt 0.991449 0.384188
vt 0.991449 0.057282
vt 0.996306 0.020959
vt 0.996306 0.057282
vt 0.669154 0.541050
vt 0.663889 0.584351
vt 0.669154 0.584351
vt 0.525775 0.961163
vt 0.452769 0.989964
vt 0.452769 0.961163
vt 0.598782 0.961163
vt 0.562278 0.989964
vt 0.562279 0.961163
vt 0.379763 0.989964
vt 0.379763 0.961163
vt 0.744794 0.961163
vt 0.708291 0.989964
vt 0.708291 0.961163
vt 0.669154 0.457044
vt 0.663889 0.384261
vt 0.663889 0.457044
vt 0.677312 0.003428
vt 0.672046 0.041392
vt 0.677312 0.041392
vt 0.677312 0.227472
vt 0.672046 0.311478
vt 0.669154 0.690553
vt 0.663889 0.727130
vt 0.669154 0.727130
vt 0.663889 0.541050
vt 0.663889 0.625239
vt 0.663889 0.690553
vt 0.677312 0.143282
vt 0.672046 0.184171
vt 0.677312 0.184171
vt 0.677312 0.077968
vt 0.672046 0.143282
vt 0.671788 0.961163
vt 0.598782 0.989964
vt 0.991449 0.093605
vt 0.996306 0.166251
vt 0.696504 0.003428
vt 0.696504 0.083031
vt 0.161186 0.693526
vt 0.142539 0.720083
vt 0.037968 0.701601
vt 0.136293 0.733080
vt 0.682536 0.908488
vt 0.942459 0.162066
vt 0.781447 0.198785
vt 0.558543 0.173513
vt 0.483437 0.742781
vt 0.463527 0.661190
vt 0.426074 0.077904
vt 0.410886 0.143848
vt 0.166468 0.931505
vt 0.087858 0.926389
vt 0.632920 0.954396
vt 0.710274 0.956575
vt 0.605212 0.901588
vt 0.640697 0.153202
vt 0.661026 0.083255
vt 0.307546 0.710847
vt 0.239103 0.643583
vt 0.988455 0.128289
vt 0.947813 0.031428
vt 0.988455 0.031428
vt 0.091856 0.998026
vt 0.164502 0.993169
vt 0.669154 0.765093
vt 0.663889 0.765093
vt 0.672046 0.077968
vt 0.671788 0.989964
vt 0.996306 0.093605
vt 0.087858 0.931505
vt 0.710274 0.954423
vt 0.239103 0.710847
vt 0.091856 0.993169
vt 0.587096 0.056003
vt 0.636003 0.031564
vt 0.599691 0.019289
vt 0.499104 0.738740
vt 0.501173 0.746157
vt 0.298636 0.819231
vt 0.263593 0.901434
vt 0.254421 0.820459
vt 0.320095 0.817163
vt 0.298656 0.901643
vt 0.933307 0.063062
vt 0.867444 0.341110
vt 0.877682 0.248475
vt 0.877682 0.343050
vt 0.848882 0.345093
vt 0.860314 0.335227
vt 0.860314 0.345093
vt 0.873803 0.369622
vt 0.877003 0.370228
vt 0.306914 0.793385
vt 0.297094 0.794370
vt 0.210376 0.796857
vt 0.253735 0.795614
vt 0.032493 0.667271
vt 0.005182 0.727197
vt 0.032493 0.749170
vt 0.032493 0.464915
vt 0.005182 0.565982
vt 0.032493 0.565982
vt 0.032493 0.377349
vt 0.005182 0.464915
vt 0.005182 0.618078
vt 0.032493 0.618078
vt 0.380247 0.710856
vt 0.311710 0.748524
vt 0.380247 0.748524
vt 0.380247 0.643591
vt 0.311710 0.710856
vt 0.311710 0.601482
vt 0.380247 0.601482
vt 0.380247 0.787622
vt 0.380247 0.470373
vt 0.311710 0.395416
vt 0.311710 0.470373
vt 0.380247 0.556888
vt 0.839064 0.706787
vt 0.883772 0.637629
vt 0.883763 0.678271
vt 0.988455 0.003428
vt 0.742229 0.053496
vt 0.713405 0.003428
vt 0.746360 0.721990
vt 0.742229 0.245148
vt 0.947813 0.128289
vt 0.237148 0.993168
vt 0.239103 0.556880
vt 0.545584 0.252307
vt 0.555566 0.956529
vt 0.245077 0.931505
vt 0.518899 0.905275
vt 0.448978 0.576688
vt 0.825871 0.293770
vt 0.433049 0.236060
vt 0.899473 0.293758
vt 0.037968 0.565887
vt 0.161186 0.587331
vt 0.696504 0.185639
vt 0.996306 0.238896
vt 0.669154 0.625239
vt 0.525775 0.989964
vt 0.672046 0.227472
vt 0.235477 0.641950
vt 0.216436 0.587331
vt 0.235477 0.587331
vt 0.235477 0.693526
vt 0.216436 0.763699
vt 0.216436 0.693526
vt 0.216436 0.641950
vt 0.235477 0.481368
vt 0.216436 0.389561
vt 0.235477 0.389561
vt 0.216436 0.481368
vt 0.161186 0.730163
vt 0.469617 0.901588
vt 0.477779 0.901588
vt 0.534618 0.564933
vt 0.530804 0.606104
vt 0.523967 0.566395
vt 0.874724 0.447699
vt 0.860738 0.381882
vt 0.874756 0.379572
vt 0.567047 0.721215
vt 0.566314 0.758554
vt 0.556648 0.723897
vt 0.548167 0.643627
vt 0.537640 0.645812
vt 0.541392 0.604280
vt 0.515738 0.486232
vt 0.525299 0.451367
vt 0.526463 0.485499
vt 0.552551 0.901588
vt 0.544121 0.901588
vt 0.526003 0.901588
vt 0.874708 0.538997
vt 0.860910 0.594191
vt 0.860650 0.534151
vt 0.874699 0.518114
vt 0.868071 0.508395
vt 0.874702 0.508397
vt 0.860011 0.514436
vt 0.874756 0.603989
vt 0.860947 0.606593
vt 0.874717 0.466248
vt 0.859884 0.466243
vt 0.797634 0.009214
vt 0.779749 0.069740
vt 0.793954 0.114610
vt 0.793954 0.069615
vt 0.581490 0.800912
vt 0.578085 0.760795
vt 0.591172 0.797336
vt 0.860067 0.448189
vt 0.664318 0.901588
vt 0.664182 0.856594
vt 0.514462 0.448833
vt 0.853886 0.172538
vt 0.865485 0.159751
vt 0.853746 0.153057
vt 0.523741 0.405694
vt 0.512990 0.405694
vt 0.400084 0.396247
vt 0.382504 0.407030
vt 0.400084 0.407030
vt 0.535184 0.411586
vt 0.557002 0.411586
vt 0.536674 0.365911
vt 0.877981 0.085760
vt 0.888764 0.112595
vt 0.877996 0.112602
vt 0.843012 0.100838
vt 0.868790 0.090070
vt 0.868787 0.100838
vt 0.876837 0.139921
vt 0.824976 0.100838
vt 0.843011 0.082666
vt 0.590937 0.946441
vt 0.552260 0.948574
vt 0.552260 0.946431
vt 0.690869 0.241821
vt 0.686878 0.195747
vt 0.686878 0.241821
vt 0.706969 0.946477
vt 0.745645 0.948638
vt 0.706968 0.948620
vt 0.684255 0.665063
vt 0.680263 0.621556
vt 0.680263 0.665063
vt 0.629614 0.946450
vt 0.629614 0.948593
vt 0.690869 0.152240
vt 0.690869 0.195747
vt 0.590937 0.948584
vt 0.684255 0.486096
vt 0.680263 0.575482
vt 0.684255 0.575482
vt 0.784323 0.946512
vt 0.745646 0.946495
vt 0.684255 0.734560
vt 0.680263 0.734560
vt 0.474905 0.948563
vt 0.397551 0.946416
vt 0.474906 0.946420
vt 0.690869 0.331208
vt 0.686878 0.331208
vt 0.204340 0.940693
vt 0.243153 0.937329
vt 0.243152 0.940699
vt 0.049090 0.940658
vt 0.087903 0.937299
vt 0.087902 0.940669
vt 0.165528 0.937317
vt 0.165527 0.940687
vt 0.204340 0.937323
vt 0.010277 0.940647
vt 0.049091 0.937288
vt 0.320777 0.937337
vt 0.398402 0.940709
vt 0.320777 0.940707
vt 0.690869 0.003428
vt 0.686878 0.043823
vt 0.690869 0.043823
vt 0.684255 0.621556
vt 0.684255 0.813874
vt 0.680263 0.773479
vt 0.680263 0.813874
vt 0.690869 0.082742
vt 0.686878 0.082742
vt 0.686878 0.408653
vt 0.690869 0.408653
vt 0.684255 0.773479
vt 0.684255 0.408651
vt 0.680263 0.486096
vt 0.686878 0.152240
vt 0.093171 0.845791
vt 0.084709 0.878267
vt 0.093133 0.882064
vt 0.066657 0.834166
vt 0.018436 0.848393
vt 0.066607 0.870107
vt 0.084751 0.842099
vt 0.018501 0.813052
vt 0.010208 0.844685
vt 0.129697 0.861806
vt 0.093229 0.789052
vt 0.066740 0.773732
vt 0.084817 0.784187
vt 0.145772 0.819439
vt 0.145762 0.861413
vt 0.018623 0.745905
vt 0.010225 0.809423
vt 0.129716 0.810153
vt 0.911934 0.905272
vt 0.933293 0.870216
vt 0.933288 0.905276
vt 0.775279 0.189641
vt 0.746360 0.135248
vt 0.746360 0.189641
vt 0.813552 0.905267
vt 0.911927 0.959132
vt 0.813541 0.959114
vt 0.775279 0.135248
vt 0.746360 0.053930
vt 0.746360 0.358994
vt 0.775279 0.455816
vt 0.775279 0.358994
vt 0.775279 0.247243
vt 0.742229 0.715817
vt 0.713405 0.769743
vt 0.742229 0.769743
vt 0.775279 0.053930
vt 0.746360 0.003428
vt 0.713405 0.850362
vt 0.742229 0.850362
vt 0.713405 0.547919
vt 0.742229 0.547919
vt 0.713405 0.658710
vt 0.742229 0.658710
vt 0.709346 0.993168
vt 0.745668 0.998025
vt 0.709346 0.998025
vt 0.455085 0.998025
vt 0.947813 0.515734
vt 0.988455 0.515734
vt 0.947813 0.612595
vt 0.988455 0.612595
vt 0.947813 0.661026
vt 0.988455 0.661026
vt 0.564054 0.993168
vt 0.600377 0.998025
vt 0.564054 0.998025
vt 0.455085 0.993168
vt 0.527731 0.998025
vt 0.239103 0.320455
vt 0.307546 0.233942
vt 0.307546 0.320455
vt 0.239103 0.042307
vt 0.307546 0.003211
vt 0.307546 0.042307
vt 0.239103 0.189348
vt 0.307546 0.147239
vt 0.307546 0.189348
vt 0.661026 0.489219
vt 0.640697 0.579183
vt 0.640697 0.489219
vt 0.661026 0.819117
vt 0.640697 0.778461
vt 0.661026 0.778461
vt 0.661026 0.669344
vt 0.640697 0.625555
vt 0.661026 0.625555
vt 0.552063 0.610262
vt 0.596132 0.642211
vt 0.589855 0.604047
vt 0.323505 0.956517
vt 0.246150 0.954377
vt 0.323504 0.954365
vt 0.052765 0.954440
vt 0.014089 0.956610
vt 0.014088 0.954457
vt 0.207473 0.954386
vt 0.168797 0.956548
vt 0.168796 0.954396
vt 0.559513 0.926389
vt 0.480904 0.931505
vt 0.480904 0.926389
vt 0.795340 0.926389
vt 0.756036 0.931505
vt 0.756036 0.926389
vt 0.638122 0.926389
vt 0.598817 0.931505
vt 0.598817 0.926389
vt 0.128516 0.908522
vt 0.085140 0.905337
vt 0.128516 0.905275
vt 0.424087 0.492724
vt 0.394833 0.583371
vt 0.433049 0.578000
vt 0.421727 0.425138
vt 0.385590 0.495416
vt 0.440221 0.319998
vt 0.465025 0.236902
vt 0.456381 0.321102
vt 0.454299 0.382142
vt 0.456252 0.192448
vt 0.479387 0.153488
vt 0.472206 0.195195
vt 0.576607 0.727441
vt 0.624817 0.754584
vt 0.613631 0.717560
vt 0.557002 0.437106
vt 0.576025 0.488899
vt 0.545584 0.570866
vt 0.583578 0.565883
vt 0.781455 0.728655
vt 0.822546 0.769571
vt 0.781447 0.769562
vt 0.825881 0.579387
vt 0.781474 0.579384
vt 0.781464 0.674581
vt 0.402563 0.628087
vt 0.447937 0.662444
vt 0.440493 0.620222
vt 0.943746 0.674609
vt 0.899478 0.579394
vt 0.943759 0.579398
vt 0.943736 0.728643
vt 0.902752 0.769549
vt 0.899453 0.728636
vt 0.258644 0.905337
vt 0.258644 0.908570
vt 0.171892 0.908522
vt 0.834494 0.302065
vt 0.846426 0.345441
vt 0.834216 0.345441
vt 0.136293 0.115833
vt 0.037968 0.064269
vt 0.037968 0.115833
vt 0.910473 0.870241
vt 0.932022 0.806280
vt 0.037968 0.276377
vt 0.136293 0.368163
vt 0.136293 0.276377
vt 0.136293 0.170439
vt 0.161186 0.297754
vt 0.142539 0.191791
vt 0.161186 0.191791
vt 0.142539 0.297754
vt 0.797695 0.801781
vt 0.814139 0.869977
vt 0.797644 0.870005
vt 0.161186 0.137172
vt 0.142539 0.085597
vt 0.161186 0.085597
vt 0.696504 0.620594
vt 0.706873 0.670427
vt 0.706873 0.620594
vt 0.696504 0.465436
vt 0.706873 0.465436
vt 0.696504 0.567820
vt 0.706873 0.567820
vt 0.996306 0.456834
vt 0.991449 0.529480
vt 0.991449 0.456834
vt 0.996306 0.565803
vt 0.991449 0.602126
vt 0.991449 0.565803
vt 0.672046 0.457044
vt 0.677312 0.457044
vt 0.991449 0.711094
vt 0.996306 0.747417
vt 0.991449 0.747417
vt 0.663889 0.184171
vt 0.669154 0.227472
vt 0.669154 0.184171
vt 0.306757 0.989964
vt 0.233750 0.961163
vt 0.306757 0.961163
vt 0.197247 0.989963
vt 0.160744 0.961163
vt 0.197247 0.961163
vt 0.051235 0.989963
vt 0.014732 0.961163
vt 0.051235 0.961163
vt 0.663889 0.311477
vt 0.669154 0.384261
vt 0.669154 0.311477
vt 0.672046 0.727130
vt 0.677312 0.765094
vt 0.677312 0.727130
vt 0.677312 0.541050
vt 0.663889 0.041392
vt 0.669154 0.077968
vt 0.669154 0.041392
vt 0.663889 0.143282
vt 0.669154 0.143282
vt 0.672046 0.584351
vt 0.677312 0.625240
vt 0.677312 0.584351
vt 0.672046 0.625240
vt 0.677312 0.690554
vt 0.160744 0.989963
vt 0.087738 0.961163
vt 0.996306 0.602126
vt 0.991449 0.674771
vt 0.696504 0.750031
vt 0.706873 0.750031
vt 0.142539 0.047008
vt 0.161186 0.038015
vt 0.136293 0.064269
vt 0.037968 0.039640
vt 0.008255 0.908488
vt 0.085140 0.908570
vt 0.943729 0.769557
vt 0.783643 0.801797
vt 0.558543 0.649659
vt 0.483437 0.068607
vt 0.499104 0.072648
vt 0.426074 0.736156
vt 0.468306 0.743921
vt 0.716731 0.926389
vt 0.638122 0.931505
vt 0.091443 0.956575
vt 0.091442 0.954423
vt 0.145777 0.898540
vt 0.129684 0.898540
vt 0.640697 0.739291
vt 0.640697 0.669344
vt 0.239103 0.147239
vt 0.307546 0.079975
vt 0.947813 0.806317
vt 0.988455 0.709456
vt 0.988455 0.806317
vt 0.600377 0.993168
vt 0.673023 0.998025
vt 0.669154 0.003428
vt 0.087738 0.989963
vt 0.996306 0.674771
vt 0.716731 0.931505
vt 0.661026 0.739291
vt 0.673023 0.993168
vt 0.587096 0.767169
vt 0.636003 0.791608
vt 0.501172 0.065231
vt 0.375933 0.874452
vt 0.410976 0.792250
vt 0.375913 0.792041
vt 0.354474 0.876520
vt 0.311964 0.792041
vt 0.933279 0.959136
vt 0.883382 0.341106
vt 0.893620 0.248472
vt 0.883382 0.246531
vt 0.834992 0.248823
vt 0.846425 0.258689
vt 0.834773 0.258689
vt 0.889742 0.369617
vt 0.893620 0.343046
vt 0.367655 0.900299
vt 0.464193 0.896827
vt 0.420148 0.873224
vt 0.420834 0.898070
vt 0.032493 0.087428
vt 0.005182 0.029176
vt 0.005182 0.087428
vt 0.032493 0.289783
vt 0.005182 0.188716
vt 0.005182 0.289783
vt 0.005182 0.377349
vt 0.005182 0.136621
vt 0.032493 0.136621
vt 0.380247 0.079976
vt 0.311710 0.042308
vt 0.311710 0.079976
vt 0.311710 0.147241
vt 0.380247 0.147241
vt 0.311710 0.189351
vt 0.380247 0.189351
vt 0.380247 0.003211
vt 0.380247 0.042308
vt 0.380247 0.320459
vt 0.380247 0.395416
vt 0.380247 0.233945
vt 0.311710 0.320459
vt 0.839942 0.710339
vt 0.884650 0.779497
vt 0.839952 0.750982
vt 0.988455 0.834317
vt 0.713405 0.900430
vt 0.746360 0.247243
vt 0.713405 0.715817
vt 0.947813 0.709456
vt 0.527731 0.993168
vt 0.661026 0.579183
vt 0.246151 0.956529
vt 0.559513 0.931505
vt 0.171892 0.905275
vt 0.825869 0.674587
vt 0.899464 0.674602
vt 0.037968 0.170439
vt 0.996306 0.529480
vt 0.233750 0.989964
vt 0.032493 0.188716
vt 0.311710 0.233945
vt 0.216436 0.191791
vt 0.235477 0.137172
vt 0.235477 0.191791
vt 0.235477 0.085597
vt 0.216436 0.012252
vt 0.235477 0.003211
vt 0.216436 0.137172
vt 0.235477 0.297754
vt 0.216436 0.297754
vt 0.216436 0.085597
vt 0.010182 0.898540
vt 0.018344 0.898540
vt 0.534618 0.246454
vt 0.530804 0.205284
vt 0.541392 0.207107
vt 0.875024 0.447700
vt 0.889009 0.381882
vt 0.889680 0.448190
vt 0.567047 0.090172
vt 0.566314 0.052833
vt 0.578085 0.050593
vt 0.548167 0.167760
vt 0.556648 0.087490
vt 0.525299 0.360021
vt 0.515738 0.325156
vt 0.526463 0.325889
vt 0.093117 0.898540
vt 0.084686 0.898540
vt 0.066568 0.898540
vt 0.875040 0.538997
vt 0.888837 0.594191
vt 0.874999 0.594581
vt 0.881676 0.508395
vt 0.875049 0.518114
vt 0.875046 0.508397
vt 0.889097 0.534150
vt 0.874992 0.603989
vt 0.875031 0.466248
vt 0.797626 0.959115
vt 0.797635 0.905264
vt 0.793105 0.117410
vt 0.778900 0.162280
vt 0.793105 0.162404
vt 0.581490 0.010475
vt 0.591171 0.014051
vt 0.889863 0.466243
vt 0.523967 0.244992
vt 0.204884 0.898540
vt 0.537640 0.165576
vt 0.514462 0.362555
vt 0.204747 0.853546
vt 0.847635 0.125715
vt 0.847775 0.145196
vt 0.836036 0.138503
vt 0.400084 0.417813
vt 0.536674 0.457261
vt 0.899547 0.085760
vt 0.888764 0.085754
vt 0.868790 0.111607
vt 0.843012 0.119011
vt 0.824684 0.158333
vt 0.824288 0.124394
vt 0.242842 0.946431
vt 0.204166 0.948584
vt 0.204165 0.946441
vt 0.690869 0.575484
vt 0.686878 0.621558
vt 0.690869 0.621558
vt 0.088134 0.948620
vt 0.049456 0.946494
vt 0.088133 0.946477
vt 0.684255 0.152239
vt 0.680263 0.195746
vt 0.684255 0.195746
vt 0.165489 0.948593
vt 0.165488 0.946450
vt 0.690869 0.665066
vt 0.684255 0.241820
vt 0.680263 0.331206
vt 0.684255 0.331206
vt 0.010780 0.948655
vt 0.010779 0.946512
vt 0.680263 0.082742
vt 0.684255 0.082742
vt 0.320197 0.946420
vt 0.397551 0.948559
vt 0.320197 0.948563
vt 0.686878 0.486098
vt 0.690869 0.486098
vt 0.553652 0.937329
vt 0.592464 0.940693
vt 0.553652 0.940699
vt 0.708901 0.937299
vt 0.747714 0.940658
vt 0.708902 0.940669
vt 0.631276 0.937317
vt 0.631277 0.940686
vt 0.747713 0.937288
vt 0.786527 0.940646
vt 0.476027 0.940707
vt 0.398402 0.937339
vt 0.476027 0.937336
vt 0.686878 0.773482
vt 0.690869 0.813877
vt 0.690869 0.773482
vt 0.684255 0.003428
vt 0.680263 0.043823
vt 0.684255 0.043823
vt 0.690869 0.734563
vt 0.680263 0.408651
vt 0.686878 0.734563
vt 0.128516 0.919920
vt 0.171892 0.919920
vt 0.008255 0.919920
vt 0.085140 0.919920
vt 0.258644 0.919920
vt 0.345396 0.919920
vt 0.562275 0.919920
vt 0.518899 0.919920
vt 0.682536 0.919920
vt 0.605651 0.919920
vt 0.432147 0.919920
vt 0.377475 0.899314
vt 0.846426 0.302065
vt 0.848662 0.335227
vt 0.209728 0.901110
vt 0.210207 0.821688
vt 0.464842 0.792573
vt 0.544144 0.881315
vt 0.552606 0.848839
vt 0.552568 0.885112
vt 0.477871 0.851442
vt 0.526092 0.837214
vt 0.526042 0.873155
vt 0.544185 0.845147
vt 0.469643 0.847733
vt 0.477935 0.816099
vt 0.589132 0.864854
vt 0.589119 0.901588
vt 0.552664 0.792099
vt 0.526175 0.776780
vt 0.544252 0.787235
vt 0.605207 0.822487
vt 0.605197 0.864461
vt 0.469659 0.812471
vt 0.478058 0.748953
vt 0.589151 0.813201
vt 0.911951 0.063065
vt 0.933311 0.098125
vt 0.910489 0.098100
vt 0.775279 0.721990
vt 0.746360 0.776383
vt 0.775279 0.776383
vt 0.911946 0.009200
vt 0.813560 0.063067
vt 0.813550 0.009214
vt 0.746360 0.857701
vt 0.775279 0.857701
vt 0.775279 0.455816
vt 0.746360 0.552638
vt 0.775279 0.552638
vt 0.746360 0.664388
vt 0.775279 0.664388
vt 0.742229 0.188041
vt 0.713405 0.134116
vt 0.713405 0.188041
vt 0.746360 0.908203
vt 0.775279 0.908203
vt 0.742229 0.134116
vt 0.713405 0.053496
vt 0.713405 0.355939
vt 0.742229 0.451929
vt 0.742229 0.355939
vt 0.713405 0.245148
vt 0.019210 0.998026
vt 0.055533 0.993169
vt 0.055533 0.998026
vt 0.309793 0.998025
vt 0.382439 0.993168
vt 0.382439 0.998025
vt 0.988455 0.418873
vt 0.947813 0.322012
vt 0.988455 0.322012
vt 0.947813 0.225151
vt 0.988455 0.225151
vt 0.947813 0.176720
vt 0.988455 0.176720
vt 0.164502 0.998025
vt 0.200825 0.993168
vt 0.200825 0.998025
vt 0.237148 0.998025
vt 0.309793 0.993168
vt 0.307546 0.556880
vt 0.239103 0.470367
vt 0.307546 0.470367
vt 0.307546 0.395411
vt 0.307546 0.787611
vt 0.239103 0.748515
vt 0.307546 0.748515
vt 0.307546 0.643583
vt 0.239103 0.601474
vt 0.307546 0.601474
vt 0.661026 0.333327
vt 0.640697 0.243363
vt 0.661026 0.243363
vt 0.640697 0.411273
vt 0.640697 0.333327
vt 0.640697 0.044084
vt 0.661026 0.003428
vt 0.661026 0.044084
vt 0.640697 0.196991
vt 0.661026 0.153202
vt 0.661026 0.196991
vt 0.596132 0.180961
vt 0.552063 0.212910
vt 0.589855 0.219125
vt 0.555566 0.954377
vt 0.478212 0.956517
vt 0.478212 0.954365
vt 0.400858 0.954361
vt 0.748951 0.954440
vt 0.787627 0.956610
vt 0.748950 0.956592
vt 0.632920 0.954396
vt 0.594243 0.956538
vt 0.594243 0.954386
vt 0.323686 0.931505
vt 0.245077 0.926389
vt 0.323686 0.926389
vt 0.402295 0.926389
vt 0.048554 0.931505
vt 0.009249 0.926389
vt 0.048554 0.926389
vt 0.205772 0.931505
vt 0.166468 0.926389
vt 0.205772 0.926389
vt 0.562275 0.908522
vt 0.605651 0.905337
vt 0.605651 0.908570
vt 0.433049 0.236060
vt 0.385590 0.318645
vt 0.424087 0.321336
vt 0.421727 0.388923
vt 0.456381 0.490286
vt 0.448978 0.576688
vt 0.440221 0.491390
vt 0.454299 0.429245
vt 0.479387 0.657900
vt 0.456252 0.618939
vt 0.472206 0.616192
vt 0.624817 0.068589
vt 0.576607 0.095732
vt 0.613631 0.105613
vt 0.557002 0.386066
vt 0.573504 0.411586
vt 0.576025 0.334273
vt 0.583578 0.257289
vt 0.537787 0.331777
vt 0.781453 0.239696
vt 0.822550 0.198777
vt 0.825862 0.239689
vt 0.825882 0.388977
vt 0.781477 0.484184
vt 0.781472 0.388980
vt 0.781462 0.293775
vt 0.447936 0.151616
vt 0.402563 0.185973
vt 0.440492 0.193838
vt 0.899482 0.388972
vt 0.943758 0.293753
vt 0.943766 0.388970
vt 0.943767 0.484185
vt 0.943751 0.239713
vt 0.902764 0.198802
vt 0.943745 0.198795
vt 0.345396 0.908570
vt 0.432147 0.905337
vt 0.432147 0.908570
vt 0.518899 0.908522
vt 0.848384 0.291851
vt 0.860316 0.248475
vt 0.860315 0.291851
vt 0.136293 0.620493
vt 0.037968 0.670133
vt 0.136293 0.672057
vt 0.932038 0.162068
vt 0.136293 0.368163
vt 0.037968 0.459949
vt 0.136293 0.459949
vt 0.136293 0.565887
vt 0.161186 0.481368
vt 0.142539 0.587331
vt 0.142539 0.481368
vt 0.142539 0.389561
vt 0.161186 0.389561
vt 0.797697 0.166563
vt 0.814145 0.098361
vt 0.797649 0.098333
vt 0.161186 0.641950
vt 0.142539 0.693526
vt 0.142539 0.641950
vt 0.706873 0.083031
vt 0.696504 0.132865
vt 0.706873 0.132865
vt 0.696504 0.288023
vt 0.706873 0.376729
vt 0.706873 0.288023
vt 0.706873 0.185639
vt 0.991449 0.238896
vt 0.996306 0.311542
vt 0.991449 0.311542
vt 0.991449 0.166251
vt 0.996306 0.202573
vt 0.991449 0.202573
vt 0.677312 0.384261
vt 0.672046 0.311478
vt 0.672046 0.384261
vt 0.996306 0.384188
vt 0.991449 0.384188
vt 0.991449 0.057282
vt 0.996306 0.020959
vt 0.996306 0.057282
vt 0.669154 0.541050
vt 0.663889 0.584351
vt 0.669154 0.584351
vt 0.525775 0.961163
vt 0.452769 0.989964
vt 0.452769 0.961163
vt 0.598782 0.961163
vt 0.562278 0.989964
vt 0.562279 0.961163
vt 0.379763 0.989964
vt 0.379763 0.961163
vt 0.744794 0.961163
vt 0.708291 0.989964
vt 0.708291 0.961163
vt 0.669154 0.384261
vt 0.663889 0.457044
vt 0.669154 0.457044
vt 0.677312 0.003428
vt 0.672046 0.041392
vt 0.677312 0.041392
vt 0.677312 0.311478
vt 0.672046 0.227472
vt 0.669154 0.690553
vt 0.663889 0.727130
vt 0.669154 0.727130
vt 0.663889 0.541050
vt 0.669154 0.625239
vt 0.663889 0.690553
vt 0.677312 0.143282
vt 0.672046 0.184171
vt 0.677312 0.184171
vt 0.672046 0.077968
vt 0.672046 0.143282
vt 0.671788 0.961163
vt 0.598782 0.989964
vt 0.991449 0.093605
vt 0.996306 0.166251
vt 0.696504 0.003428
vt 0.696504 0.083031
vt 0.161186 0.693526
vt 0.142539 0.720083
vt 0.037968 0.701601
vt 0.136293 0.733080
vt 0.682536 0.908488
vt 0.942459 0.162066
vt 0.781447 0.198785
vt 0.558543 0.173513
vt 0.483437 0.742781
vt 0.463527 0.661190
vt 0.426074 0.077904
vt 0.410886 0.143848
vt 0.166468 0.931505
vt 0.087858 0.926389
vt 0.710274 0.956575
vt 0.632920 0.956548
vt 0.605212 0.901588
vt 0.640697 0.083255
vt 0.661026 0.083255
vt 0.307546 0.710847
vt 0.239103 0.643583
vt 0.988455 0.128289
vt 0.947813 0.031428
vt 0.988455 0.031428
vt 0.091856 0.998026
vt 0.164502 0.993169
vt 0.669154 0.765093
vt 0.663889 0.765093
vt 0.677312 0.077968
vt 0.671788 0.989964
vt 0.996306 0.093605
vt 0.087858 0.931505
vt 0.710274 0.954423
vt 0.239103 0.710847
vt 0.091856 0.993169
vt 0.587096 0.056003
vt 0.636003 0.031564
vt 0.599691 0.019289
vt 0.499104 0.738740
vt 0.501173 0.746157
vt 0.298636 0.819231
vt 0.263593 0.901434
vt 0.254421 0.820459
vt 0.320095 0.817163
vt 0.298656 0.901643
vt 0.933307 0.063062
vt 0.867444 0.341110
vt 0.877682 0.248475
vt 0.877682 0.343050
vt 0.848882 0.345093
vt 0.860314 0.335227
vt 0.860314 0.345093
vt 0.873803 0.369622
vt 0.877003 0.370228
vt 0.306914 0.793385
vt 0.297094 0.794370
vt 0.210376 0.796857
vt 0.253735 0.795614
vt 0.032493 0.667271
vt 0.005182 0.727197
vt 0.032493 0.749170
vt 0.032493 0.464915
vt 0.005182 0.565982
vt 0.032493 0.565982
vt 0.032493 0.377349
vt 0.005182 0.464915
vt 0.005182 0.618078
vt 0.032493 0.618078
vt 0.380247 0.710856
vt 0.311710 0.748524
vt 0.380247 0.748524
vt 0.311710 0.643591
vt 0.380247 0.643591
vt 0.311710 0.601482
vt 0.380247 0.601482
vt 0.380247 0.787622
vt 0.380247 0.395416
vt 0.311710 0.470373
vt 0.380247 0.470373
vt 0.311710 0.556888
vt 0.380247 0.556888
vt 0.839064 0.706787
vt 0.883772 0.637629
vt 0.883763 0.678271
vt 0.988455 0.003428
vt 0.742229 0.053496
vt 0.713405 0.003428
vt 0.746360 0.721990
vt 0.742229 0.245148
vt 0.947813 0.128289
vt 0.237148 0.993168
vt 0.239103 0.556880
vt 0.545584 0.252307
vt 0.555566 0.956529
vt 0.245077 0.931505
vt 0.518899 0.905275
vt 0.465025 0.574485
vt 0.825871 0.293770
vt 0.394833 0.230690
vt 0.899473 0.293758
vt 0.037968 0.565887
vt 0.161186 0.587331
vt 0.696504 0.185639
vt 0.996306 0.238896
vt 0.663889 0.625239
vt 0.525775 0.989964
vt 0.677312 0.227472
vt 0.235477 0.641950
vt 0.216436 0.587331
vt 0.235477 0.587331
vt 0.235477 0.693526
vt 0.216436 0.763699
vt 0.216436 0.693526
vt 0.216436 0.641950
vt 0.235477 0.481368
vt 0.216436 0.389561
vt 0.235477 0.389561
vt 0.216436 0.481368
vt 0.161186 0.730163
vt 0.469617 0.901588
vt 0.477779 0.901588
vt 0.534618 0.564933
vt 0.530804 0.606104
vt 0.523967 0.566395
vt 0.874724 0.447699
vt 0.860738 0.381882
vt 0.874756 0.379572
vt 0.567047 0.721215
vt 0.566314 0.758554
vt 0.556648 0.723897
vt 0.548167 0.643627
vt 0.537640 0.645812
vt 0.541392 0.604280
vt 0.515738 0.486232
vt 0.525299 0.451367
vt 0.526463 0.485499
vt 0.552551 0.901588
vt 0.544121 0.901588
vt 0.526003 0.901588
vt 0.874708 0.538997
vt 0.860910 0.594191
vt 0.860650 0.534151
vt 0.874699 0.518114
vt 0.868071 0.508395
vt 0.874702 0.508397
vt 0.860011 0.514436
vt 0.874756 0.603989
vt 0.860947 0.606593
vt 0.874717 0.466248
vt 0.859884 0.466243
vt 0.797634 0.009214
vt 0.779749 0.069740
vt 0.793954 0.114610
vt 0.793954 0.069615
vt 0.581490 0.800912
vt 0.578085 0.760795
vt 0.591172 0.797336
vt 0.860067 0.448189
vt 0.664318 0.901588
vt 0.664182 0.856594
vt 0.514462 0.448833
vt 0.853886 0.172538
vt 0.865485 0.159751
vt 0.853746 0.153057
vt 0.523741 0.405694
vt 0.512990 0.405694
vt 0.400084 0.396247
vt 0.382504 0.407030
vt 0.400084 0.407030
vt 0.535184 0.411586
vt 0.557002 0.411586
vt 0.536674 0.365911
vt 0.877981 0.085760
vt 0.888764 0.112595
vt 0.877996 0.112602
vt 0.843012 0.100838
vt 0.868790 0.090070
vt 0.868787 0.100838
vt 0.876837 0.139921
vt 0.824976 0.100838
vt 0.843011 0.082666
vt 0.552260 0.946431
vt 0.590937 0.948584
vt 0.552260 0.948574
vt 0.690869 0.241821
vt 0.686878 0.195747
vt 0.686878 0.241821
vt 0.706969 0.946477
vt 0.745645 0.948638
vt 0.706968 0.948620
vt 0.684255 0.665063
vt 0.680263 0.621556
vt 0.680263 0.665063
vt 0.629614 0.946450
vt 0.629614 0.948593
vt 0.690869 0.152240
vt 0.690869 0.195747
vt 0.590937 0.946441
vt 0.684255 0.486096
vt 0.680263 0.575482
vt 0.684255 0.575482
vt 0.745646 0.946495
vt 0.784322 0.948655
vt 0.680263 0.734560
vt 0.684255 0.734560
vt 0.474905 0.948563
vt 0.397551 0.946416
vt 0.474906 0.946420
vt 0.686878 0.331208
vt 0.690869 0.331208
vt 0.243152 0.940699
vt 0.204340 0.937323
vt 0.243153 0.937329
vt 0.087902 0.940669
vt 0.049091 0.937288
vt 0.087903 0.937299
vt 0.165528 0.937317
vt 0.165527 0.940687
vt 0.204340 0.940693
vt 0.049090 0.940658
vt 0.010278 0.937277
vt 0.320777 0.937337
vt 0.398402 0.940709
vt 0.320777 0.940707
vt 0.690869 0.003428
vt 0.686878 0.043823
vt 0.690869 0.043823
vt 0.684255 0.621556
vt 0.684255 0.813874
vt 0.680263 0.773479
vt 0.680263 0.813874
vt 0.690869 0.082742
vt 0.686878 0.082742
vt 0.686878 0.408653
vt 0.690869 0.408653
vt 0.684255 0.773479
vt 0.684255 0.408651
vt 0.680263 0.486096
vt 0.686878 0.152240
vt 0.093171 0.845791
vt 0.084709 0.878267
vt 0.093133 0.882064
vt 0.066657 0.834166
vt 0.018436 0.848393
vt 0.066607 0.870107
vt 0.084751 0.842099
vt 0.018501 0.813052
vt 0.010208 0.844685
vt 0.129697 0.861806
vt 0.093229 0.789052
vt 0.066740 0.773732
vt 0.084817 0.784187
vt 0.145772 0.819439
vt 0.145762 0.861413
vt 0.018623 0.745905
vt 0.010225 0.809423
vt 0.129716 0.810153
vt 0.911934 0.905272
vt 0.933293 0.870216
vt 0.933288 0.905276
vt 0.775279 0.189641
vt 0.746360 0.135248
vt 0.746360 0.189641
vt 0.813552 0.905267
vt 0.911927 0.959132
vt 0.813541 0.959114
vt 0.775279 0.135248
vt 0.746360 0.053930
vt 0.746360 0.358994
vt 0.775279 0.358994
vt 0.775279 0.247243
vt 0.742229 0.715817
vt 0.713405 0.769743
vt 0.742229 0.769743
vt 0.775279 0.053930
vt 0.746360 0.003428
vt 0.713405 0.850362
vt 0.742229 0.850362
vt 0.742229 0.547919
vt 0.713405 0.451929
vt 0.713405 0.547919
vt 0.742229 0.658710
vt 0.709346 0.993168
vt 0.745668 0.998025
vt 0.709346 0.998025
vt 0.455085 0.998025
vt 0.947813 0.515734
vt 0.988455 0.515734
vt 0.947813 0.612595
vt 0.988455 0.612595
vt 0.947813 0.661026
vt 0.988455 0.661026
vt 0.564054 0.993168
vt 0.600377 0.998025
vt 0.564054 0.998025
vt 0.455085 0.993168
vt 0.527731 0.998025
vt 0.239103 0.320455
vt 0.307546 0.233942
vt 0.307546 0.320455
vt 0.239103 0.042307
vt 0.307546 0.003211
vt 0.307546 0.042307
vt 0.239103 0.189348
vt 0.307546 0.147239
vt 0.307546 0.189348
vt 0.661026 0.489219
vt 0.640697 0.579183
vt 0.640697 0.489219
vt 0.661026 0.411273
vt 0.661026 0.819117
vt 0.640697 0.778461
vt 0.661026 0.778461
vt 0.661026 0.669344
vt 0.640697 0.625555
vt 0.661026 0.625555
vt 0.552063 0.610262
vt 0.596132 0.642211
vt 0.589855 0.604047
vt 0.323505 0.956517
vt 0.246150 0.954377
vt 0.323504 0.954365
vt 0.400858 0.956514
vt 0.052765 0.954440
vt 0.014089 0.956610
vt 0.014088 0.954457
vt 0.207473 0.954386
vt 0.168797 0.956548
vt 0.168796 0.954396
vt 0.559513 0.926389
vt 0.480904 0.931505
vt 0.480904 0.926389
vt 0.795340 0.926389
vt 0.756036 0.931505
vt 0.756036 0.926389
vt 0.638122 0.926389
vt 0.598817 0.931505
vt 0.598817 0.926389
vt 0.128516 0.908522
vt 0.085140 0.905337
vt 0.128516 0.905275
vt 0.385590 0.495416
vt 0.433049 0.578000
vt 0.424087 0.492724
vt 0.421727 0.425138
vt 0.456381 0.321102
vt 0.448977 0.234700
vt 0.465025 0.236902
vt 0.454299 0.382142
vt 0.440221 0.319998
vt 0.456252 0.192448
vt 0.479387 0.153488
vt 0.472206 0.195195
vt 0.576607 0.727441
vt 0.624817 0.754584
vt 0.613631 0.717560
vt 0.557002 0.437106
vt 0.576025 0.488899
vt 0.537787 0.491395
vt 0.583578 0.565883
vt 0.781455 0.728655
vt 0.822546 0.769571
vt 0.781447 0.769562
vt 0.825881 0.579387
vt 0.781474 0.579384
vt 0.781464 0.674581
vt 0.402563 0.628087
vt 0.447937 0.662444
vt 0.440493 0.620222
vt 0.943746 0.674609
vt 0.899478 0.579394
vt 0.943759 0.579398
vt 0.943736 0.728643
vt 0.902752 0.769549
vt 0.899453 0.728636
vt 0.258644 0.905337
vt 0.258644 0.908570
vt 0.171892 0.908522
vt 0.834494 0.302065
vt 0.846426 0.345441
vt 0.834216 0.345441
vt 0.136293 0.115833
vt 0.037968 0.064269
vt 0.037968 0.115833
vt 0.910473 0.870241
vt 0.932022 0.806280
vt 0.037968 0.276377
vt 0.136293 0.276377
vt 0.136293 0.170439
vt 0.161186 0.297754
vt 0.142539 0.191791
vt 0.161186 0.191791
vt 0.142539 0.297754
vt 0.797695 0.801781
vt 0.814139 0.869977
vt 0.797644 0.870005
vt 0.161186 0.137172
vt 0.142539 0.085597
vt 0.161186 0.085597
vt 0.696504 0.620594
vt 0.706873 0.670427
vt 0.706873 0.620594
vt 0.706873 0.465436
vt 0.696504 0.376729
vt 0.696504 0.465436
vt 0.706873 0.567820
vt 0.996306 0.456834
vt 0.991449 0.529480
vt 0.991449 0.456834
vt 0.996306 0.565803
vt 0.991449 0.602126
vt 0.991449 0.565803
vt 0.672046 0.457044
vt 0.677312 0.457044
vt 0.991449 0.711094
vt 0.996306 0.747417
vt 0.991449 0.747417
vt 0.663889 0.184171
vt 0.669154 0.227472
vt 0.669154 0.184171
vt 0.306757 0.989964
vt 0.233750 0.961163
vt 0.306757 0.961163
vt 0.197247 0.989963
vt 0.160744 0.961163
vt 0.197247 0.961163
vt 0.051235 0.989963
vt 0.014732 0.961163
vt 0.051235 0.961163
vt 0.663889 0.311477
vt 0.669154 0.311477
vt 0.672046 0.727130
vt 0.677312 0.765094
vt 0.677312 0.727130
vt 0.672046 0.541050
vt 0.677312 0.541050
vt 0.663889 0.041392
vt 0.669154 0.077968
vt 0.669154 0.041392
vt 0.663889 0.227472
vt 0.663889 0.077968
vt 0.669154 0.143282
vt 0.672046 0.584351
vt 0.677312 0.625240
vt 0.677312 0.584351
vt 0.672046 0.690554
vt 0.677312 0.690554
vt 0.160744 0.989963
vt 0.087738 0.961163
vt 0.996306 0.602126
vt 0.991449 0.674771
vt 0.696504 0.750031
vt 0.706873 0.750031
vt 0.142539 0.047008
vt 0.161186 0.038015
vt 0.136293 0.064269
vt 0.037968 0.039640
vt 0.008255 0.908488
vt 0.085140 0.908570
vt 0.943729 0.769557
vt 0.783643 0.801797
vt 0.558543 0.649659
vt 0.483437 0.068607
vt 0.499104 0.072648
vt 0.426074 0.736156
vt 0.468306 0.743921
vt 0.716731 0.926389
vt 0.638122 0.931505
vt 0.091443 0.956575
vt 0.091442 0.954423
vt 0.145777 0.898540
vt 0.129684 0.898540
vt 0.661026 0.739291
vt 0.640697 0.669344
vt 0.239103 0.147239
vt 0.307546 0.079975
vt 0.947813 0.806317
vt 0.988455 0.709456
vt 0.988455 0.806317
vt 0.600377 0.993168
vt 0.673023 0.998025
vt 0.669154 0.003428
vt 0.087738 0.989963
vt 0.996306 0.674771
vt 0.716731 0.931505
vt 0.640697 0.739291
vt 0.673023 0.993168
vt 0.587096 0.767169
vt 0.636003 0.791608
vt 0.501172 0.065231
vt 0.375933 0.874452
vt 0.410976 0.792250
vt 0.375913 0.792041
vt 0.354474 0.876520
vt 0.311964 0.792041
vt 0.933279 0.959136
vt 0.883382 0.341106
vt 0.893620 0.248472
vt 0.883382 0.246531
vt 0.834992 0.248823
vt 0.846425 0.258689
vt 0.834773 0.258689
vt 0.889742 0.369617
vt 0.893620 0.343046
vt 0.367655 0.900299
vt 0.464193 0.896827
vt 0.420148 0.873224
vt 0.420834 0.898070
vt 0.032493 0.087428
vt 0.005182 0.029176
vt 0.005182 0.087428
vt 0.032493 0.289783
vt 0.005182 0.188716
vt 0.005182 0.289783
vt 0.005182 0.136621
vt 0.032493 0.136621
vt 0.380247 0.079976
vt 0.311710 0.042308
vt 0.311710 0.079976
vt 0.311710 0.147241
vt 0.380247 0.147241
vt 0.311710 0.189351
vt 0.380247 0.189351
vt 0.380247 0.003211
vt 0.380247 0.042308
vt 0.380247 0.320459
vt 0.311710 0.395416
vt 0.311710 0.233945
vt 0.311710 0.320459
vt 0.839942 0.710339
vt 0.884650 0.779497
vt 0.839952 0.750982
vt 0.988455 0.834317
vt 0.713405 0.900430
vt 0.746360 0.247243
vt 0.713405 0.715817
vt 0.947813 0.709456
vt 0.527731 0.993168
vt 0.661026 0.579183
vt 0.246151 0.956529
vt 0.559513 0.931505
vt 0.171892 0.905275
vt 0.825869 0.674587
vt 0.899464 0.674602
vt 0.037968 0.170439
vt 0.696504 0.567820
vt 0.996306 0.529480
vt 0.233750 0.989964
vt 0.032493 0.188716
vt 0.380247 0.233945
vt 0.216436 0.191791
vt 0.235477 0.137172
vt 0.235477 0.191791
vt 0.235477 0.085597
vt 0.216436 0.012252
vt 0.235477 0.003211
vt 0.216436 0.137172
vt 0.235477 0.297754
vt 0.216436 0.297754
vt 0.216436 0.085597
vt 0.010182 0.898540
vt 0.018344 0.898540
vt 0.534618 0.246454
vt 0.530804 0.205284
vt 0.541392 0.207107
vt 0.875024 0.447700
vt 0.889009 0.381882
vt 0.889680 0.448190
vt 0.567047 0.090172
vt 0.566314 0.052833
vt 0.578085 0.050593
vt 0.548167 0.167760
vt 0.556648 0.087490
vt 0.525299 0.360021
vt 0.515738 0.325156
vt 0.526463 0.325889
vt 0.093117 0.898540
vt 0.084686 0.898540
vt 0.066568 0.898540
vt 0.875040 0.538997
vt 0.888837 0.594191
vt 0.874999 0.594581
vt 0.881676 0.508395
vt 0.875049 0.518114
vt 0.875046 0.508397
vt 0.889097 0.534150
vt 0.874992 0.603989
vt 0.875031 0.466248
vt 0.797626 0.959115
vt 0.797635 0.905264
vt 0.793105 0.117410
vt 0.778900 0.162280
vt 0.793105 0.162404
vt 0.581490 0.010475
vt 0.591171 0.014051
vt 0.889863 0.466243
vt 0.523967 0.244992
vt 0.204884 0.898540
vt 0.537640 0.165576
vt 0.514462 0.362555
vt 0.204747 0.853546
vt 0.847635 0.125715
vt 0.847775 0.145196
vt 0.836036 0.138503
vt 0.400084 0.417813
vt 0.536674 0.457261
vt 0.899547 0.085760
vt 0.888764 0.085754
vt 0.868790 0.111607
vt 0.843012 0.119011
vt 0.824684 0.158333
vt 0.824288 0.124394
vt 0.242843 0.948574
vt 0.204165 0.946441
vt 0.242842 0.946431
vt 0.690869 0.575484
vt 0.686878 0.621558
vt 0.690869 0.621558
vt 0.088133 0.946477
vt 0.049457 0.948637
vt 0.049456 0.946494
vt 0.684255 0.152239
vt 0.680263 0.195746
vt 0.684255 0.195746
vt 0.165488 0.946450
vt 0.088134 0.948620
vt 0.690869 0.665066
vt 0.204166 0.948584
vt 0.684255 0.241820
vt 0.680263 0.331206
vt 0.684255 0.331206
vt 0.010780 0.948655
vt 0.010779 0.946512
vt 0.680263 0.082742
vt 0.684255 0.082742
vt 0.320197 0.946420
vt 0.397551 0.948559
vt 0.320197 0.948563
vt 0.690869 0.486098
vt 0.686878 0.575484
vt 0.553652 0.937329
vt 0.592464 0.940693
vt 0.553652 0.940699
vt 0.708901 0.937299
vt 0.747714 0.940658
vt 0.708902 0.940669
vt 0.631276 0.937317
vt 0.631277 0.940686
vt 0.747713 0.937288
vt 0.786527 0.940646
vt 0.476027 0.940707
vt 0.398402 0.937339
vt 0.476027 0.937336
vt 0.686878 0.773482
vt 0.690869 0.813877
vt 0.690869 0.773482
vt 0.684255 0.003428
vt 0.680263 0.043823
vt 0.684255 0.043823
vt 0.690869 0.734563
vt 0.686878 0.486098
vt 0.680263 0.408651
vt 0.686878 0.734563
vt 0.128516 0.919920
vt 0.171892 0.919920
vt 0.008255 0.919920
vt 0.085140 0.919920
vt 0.258644 0.919920
vt 0.345396 0.919920
vt 0.562275 0.919920
vt 0.518899 0.919920
vt 0.682536 0.919920
vt 0.605651 0.919920
vt 0.432147 0.919920
vt 0.377475 0.899314
vt 0.846426 0.302065
vt 0.848662 0.335227
vt 0.209728 0.901110
vt 0.210207 0.821688
vt 0.464842 0.792573
vt 0.544144 0.881315
vt 0.552606 0.848839
vt 0.552568 0.885112
vt 0.477871 0.851442
vt 0.526092 0.837214
vt 0.526042 0.873155
vt 0.544185 0.845147
vt 0.469643 0.847733
vt 0.477935 0.816099
vt 0.589132 0.864854
vt 0.589119 0.901588
vt 0.552664 0.792099
vt 0.526175 0.776780
vt 0.544252 0.787235
vt 0.605207 0.822487
vt 0.605197 0.864461
vt 0.469659 0.812471
vt 0.478058 0.748953
vt 0.589151 0.813201
vt 0.911951 0.063065
vt 0.933311 0.098125
vt 0.910489 0.098100
vt 0.775279 0.721990
vt 0.746360 0.776383
vt 0.775279 0.776383
vt 0.911946 0.009200
vt 0.813560 0.063067
vt 0.813550 0.009214
vt 0.746360 0.857701
vt 0.775279 0.857701
vt 0.775279 0.455816
vt 0.746360 0.552638
vt 0.775279 0.552638
vt 0.746360 0.664388
vt 0.775279 0.664388
vt 0.742229 0.188041
vt 0.713405 0.134116
vt 0.713405 0.188041
vt 0.746360 0.908203
vt 0.775279 0.908203
vt 0.742229 0.134116
vt 0.713405 0.053496
vt 0.742229 0.355939
vt 0.713405 0.451929
vt 0.742229 0.451929
vt 0.713405 0.245148
vt 0.713405 0.355939
vt 0.019210 0.998026
vt 0.055533 0.993169
vt 0.055533 0.998026
vt 0.309793 0.998025
vt 0.382439 0.993168
vt 0.382439 0.998025
vt 0.988455 0.418873
vt 0.947813 0.322012
vt 0.988455 0.322012
vt 0.947813 0.225151
vt 0.988455 0.225151
vt 0.947813 0.176720
vt 0.988455 0.176720
vt 0.164502 0.998025
vt 0.200825 0.993168
vt 0.200825 0.998025
vt 0.237148 0.998025
vt 0.309793 0.993168
vt 0.307546 0.470367
vt 0.239103 0.556880
vt 0.239103 0.470367
vt 0.239103 0.395411
vt 0.307546 0.395411
vt 0.307546 0.787611
vt 0.239103 0.748515
vt 0.307546 0.748515
vt 0.307546 0.643583
vt 0.239103 0.601474
vt 0.307546 0.601474
vt 0.661026 0.333327
vt 0.640697 0.243363
vt 0.661026 0.243363
vt 0.640697 0.411273
vt 0.640697 0.333327
vt 0.640697 0.044084
vt 0.661026 0.003428
vt 0.661026 0.044084
vt 0.640697 0.196991
vt 0.661026 0.153202
vt 0.661026 0.196991
vt 0.596132 0.180961
vt 0.552063 0.212910
vt 0.589855 0.219125
vt 0.555566 0.954377
vt 0.478212 0.956517
vt 0.478212 0.954365
vt 0.400858 0.954361
vt 0.787628 0.954457
vt 0.748950 0.956592
vt 0.748951 0.954440
vt 0.594243 0.954386
vt 0.632920 0.956548
vt 0.594243 0.956538
vt 0.323686 0.931505
vt 0.245077 0.926389
vt 0.323686 0.926389
vt 0.402295 0.926389
vt 0.048554 0.931505
vt 0.009249 0.926389
vt 0.048554 0.926389
vt 0.205772 0.931505
vt 0.166468 0.926389
vt 0.205772 0.926389
vt 0.562275 0.908522
vt 0.605651 0.905337
vt 0.605651 0.908570
vt 0.424087 0.321336
vt 0.394833 0.230690
vt 0.385590 0.318645
vt 0.421727 0.388923
vt 0.465025 0.574485
vt 0.440221 0.491390
vt 0.456381 0.490286
vt 0.454299 0.429245
vt 0.479387 0.657900
vt 0.456252 0.618939
vt 0.472206 0.616192
vt 0.624817 0.068589
vt 0.576607 0.095732
vt 0.613631 0.105613
vt 0.557002 0.386066
vt 0.573504 0.411586
vt 0.576025 0.334273
vt 0.583578 0.257289
vt 0.537787 0.331777
vt 0.781453 0.239696
vt 0.822550 0.198777
vt 0.825862 0.239689
vt 0.825882 0.388977
vt 0.781477 0.484184
vt 0.781472 0.388980
vt 0.781462 0.293775
vt 0.447936 0.151616
vt 0.402563 0.185973
vt 0.440492 0.193838
vt 0.899482 0.388972
vt 0.943758 0.293753
vt 0.943766 0.388970
vt 0.943767 0.484185
vt 0.943751 0.239713
vt 0.902764 0.198802
vt 0.943745 0.198795
vt 0.345396 0.908570
vt 0.432147 0.905337
vt 0.432147 0.908570
vt 0.518899 0.908522
vt 0.848384 0.291851
vt 0.860316 0.248475
vt 0.860315 0.291851
vt 0.136293 0.620493
vt 0.037968 0.670133
vt 0.136293 0.672057
vt 0.932038 0.162068
vt 0.136293 0.368163
vt 0.037968 0.459949
vt 0.136293 0.459949
vt 0.136293 0.565887
vt 0.161186 0.481368
vt 0.142539 0.587331
vt 0.142539 0.481368
vt 0.142539 0.389561
vt 0.161186 0.389561
vt 0.797697 0.166563
vt 0.814145 0.098361
vt 0.797649 0.098333
vt 0.161186 0.641950
vt 0.142539 0.693526
vt 0.142539 0.641950
vt 0.706873 0.083031
vt 0.696504 0.132865
vt 0.706873 0.132865
vt 0.706873 0.288023
vt 0.696504 0.376729
vt 0.706873 0.376729
vt 0.696504 0.185639
vt 0.696504 0.288023
vt 0.991449 0.238896
vt 0.996306 0.311542
vt 0.991449 0.311542
vt 0.991449 0.166251
vt 0.996306 0.202573
vt 0.991449 0.202573
vt 0.677312 0.384261
vt 0.672046 0.311478
vt 0.672046 0.384261
vt 0.996306 0.384188
vt 0.991449 0.384188
vt 0.991449 0.057282
vt 0.996306 0.020959
vt 0.996306 0.057282
vt 0.669154 0.541050
vt 0.663889 0.584351
vt 0.669154 0.584351
vt 0.525775 0.961163
vt 0.452769 0.989964
vt 0.452769 0.961163
vt 0.598782 0.961163
vt 0.562278 0.989964
vt 0.562279 0.961163
vt 0.379763 0.989964
vt 0.379763 0.961163
vt 0.744794 0.961163
vt 0.708291 0.989964
vt 0.708291 0.961163
vt 0.669154 0.384261
vt 0.663889 0.457044
vt 0.669154 0.457044
vt 0.677312 0.003428
vt 0.672046 0.041392
vt 0.677312 0.041392
vt 0.677312 0.311478
vt 0.672046 0.227472
vt 0.669154 0.690553
vt 0.663889 0.727130
vt 0.669154 0.727130
vt 0.663889 0.541050
vt 0.663889 0.625239
vt 0.663889 0.690553
vt 0.677312 0.143282
vt 0.672046 0.184171
vt 0.677312 0.184171
vt 0.677312 0.077968
vt 0.672046 0.143282
vt 0.671788 0.961163
vt 0.598782 0.989964
vt 0.991449 0.093605
vt 0.996306 0.166251
vt 0.696504 0.003428
vt 0.696504 0.083031
vt 0.161186 0.693526
vt 0.142539 0.720083
vt 0.037968 0.701601
vt 0.136293 0.733080
vt 0.682536 0.908488
vt 0.942459 0.162066
vt 0.781447 0.198785
vt 0.558543 0.173513
vt 0.483437 0.742781
vt 0.463527 0.661190
vt 0.426074 0.077904
vt 0.410886 0.143848
vt 0.166468 0.931505
vt 0.087858 0.926389
vt 0.710274 0.954423
vt 0.632920 0.954396
vt 0.605212 0.901588
vt 0.640697 0.083255
vt 0.661026 0.083255
vt 0.307546 0.710847
vt 0.239103 0.643583
vt 0.988455 0.128289
vt 0.947813 0.031428
vt 0.988455 0.031428
vt 0.091856 0.998026
vt 0.164502 0.993169
vt 0.669154 0.765093
vt 0.663889 0.765093
vt 0.672046 0.077968
vt 0.671788 0.989964
vt 0.996306 0.093605
vt 0.087858 0.931505
vt 0.710274 0.956575
vt 0.239103 0.710847
vt 0.091856 0.993169
vt 0.587096 0.056003
vt 0.636003 0.031564
vt 0.599691 0.019289
vt 0.499104 0.738740
vt 0.501173 0.746157
vt 0.298636 0.819231
vt 0.263593 0.901434
vt 0.254421 0.820459
vt 0.320095 0.817163
vt 0.298656 0.901643
vt 0.933307 0.063062
vt 0.867444 0.341110
vt 0.877682 0.248475
vt 0.877682 0.343050
vt 0.848882 0.345093
vt 0.860314 0.335227
vt 0.860314 0.345093
vt 0.873803 0.369622
vt 0.877003 0.370228
vt 0.306914 0.793385
vt 0.297094 0.794370
vt 0.210376 0.796857
vt 0.253735 0.795614
vt 0.032493 0.667271
vt 0.005182 0.727197
vt 0.032493 0.749170
vt 0.032493 0.464915
vt 0.005182 0.565982
vt 0.032493 0.565982
vt 0.005182 0.377349
vt 0.005182 0.464915
vt 0.005182 0.618078
vt 0.032493 0.618078
vt 0.380247 0.710856
vt 0.311710 0.748524
vt 0.380247 0.748524
vt 0.311710 0.643591
vt 0.380247 0.643591
vt 0.311710 0.601482
vt 0.380247 0.601482
vt 0.380247 0.787622
vt 0.380247 0.470373
vt 0.311710 0.395416
vt 0.311710 0.470373
vt 0.311710 0.556888
vt 0.380247 0.556888
vt 0.839064 0.706787
vt 0.883772 0.637629
vt 0.883763 0.678271
vt 0.988455 0.003428
vt 0.742229 0.053496
vt 0.713405 0.003428
vt 0.746360 0.721990
vt 0.742229 0.245148
vt 0.947813 0.128289
vt 0.237148 0.993168
vt 0.307546 0.556880
vt 0.545584 0.252307
vt 0.555566 0.956529
vt 0.245077 0.931505
vt 0.518899 0.905275
vt 0.448978 0.576688
vt 0.825871 0.293770
vt 0.433049 0.236060
vt 0.899473 0.293758
vt 0.037968 0.565887
vt 0.161186 0.587331
vt 0.706873 0.185639
vt 0.996306 0.238896
vt 0.669154 0.625239
vt 0.525775 0.989964
vt 0.677312 0.227472
vt 0.235477 0.641950
vt 0.216436 0.587331
vt 0.235477 0.587331
vt 0.235477 0.693526
vt 0.216436 0.763699
vt 0.216436 0.693526
vt 0.216436 0.641950
vt 0.235477 0.481368
vt 0.216436 0.389561
vt 0.235477 0.389561
vt 0.216436 0.481368
vt 0.161186 0.730163
vt 0.469617 0.901588
vt 0.477779 0.901588
vt 0.534618 0.564933
vt 0.530804 0.606104
vt 0.523967 0.566395
vt 0.874724 0.447699
vt 0.860738 0.381882
vt 0.874756 0.379572
vt 0.567047 0.721215
vt 0.566314 0.758554
vt 0.556648 0.723897
vt 0.548167 0.643627
vt 0.537640 0.645812
vt 0.541392 0.604280
vt 0.515738 0.486232
vt 0.525299 0.451367
vt 0.526463 0.485499
vt 0.552551 0.901588
vt 0.544121 0.901588
vt 0.526003 0.901588
vt 0.874708 0.538997
vt 0.860910 0.594191
vt 0.860650 0.534151
vt 0.874699 0.518114
vt 0.868071 0.508395
vt 0.874702 0.508397
vt 0.860011 0.514436
vt 0.874756 0.603989
vt 0.860947 0.606593
vt 0.874717 0.466248
vt 0.859884 0.466243
vt 0.797641 0.063070
vt 0.779749 0.069740
vt 0.793954 0.114610
vt 0.793954 0.069615
vt 0.581490 0.800912
vt 0.578085 0.760795
vt 0.591172 0.797336
vt 0.860067 0.448189
vt 0.664318 0.901588
vt 0.664182 0.856594
vt 0.514462 0.448833
vt 0.853886 0.172538
vt 0.865485 0.159751
vt 0.853746 0.153057
vt 0.523741 0.405694
vt 0.512990 0.405694
vt 0.400084 0.396247
vt 0.382504 0.407030
vt 0.400084 0.407030
vt 0.535184 0.411586
vt 0.557002 0.411586
vt 0.536674 0.365911
vt 0.877981 0.085760
vt 0.888764 0.112595
vt 0.877996 0.112602
vt 0.843012 0.100838
vt 0.868790 0.090070
vt 0.868787 0.100838
vt 0.876837 0.139921
vt 0.824976 0.100838
vt 0.843011 0.082666
vt 0.552260 0.946431
vt 0.590937 0.948584
vt 0.552260 0.948574
vt 0.690869 0.241821
vt 0.686878 0.195747
vt 0.686878 0.241821
vt 0.745646 0.946495
vt 0.706968 0.948620
vt 0.706969 0.946477
vt 0.684255 0.665063
vt 0.680263 0.621556
vt 0.680263 0.665063
vt 0.629614 0.946450
vt 0.629614 0.948593
vt 0.690869 0.152240
vt 0.690869 0.195747
vt 0.590937 0.946441
vt 0.684255 0.575482
vt 0.680263 0.486096
vt 0.680263 0.575482
vt 0.784323 0.946512
vt 0.745645 0.948638
vt 0.680263 0.734560
vt 0.684255 0.734560
vt 0.474906 0.946420
vt 0.397551 0.948559
vt 0.397551 0.946416
vt 0.686878 0.331208
vt 0.690869 0.331208
vt 0.474905 0.948563
vt 0.204340 0.940693
vt 0.243153 0.937329
vt 0.243152 0.940699
vt 0.049090 0.940658
vt 0.087903 0.937299
vt 0.087902 0.940669
vt 0.165527 0.940687
vt 0.165528 0.937317
vt 0.204340 0.937323
vt 0.010278 0.937277
vt 0.049091 0.937288
vt 0.320777 0.937337
vt 0.398402 0.940709
vt 0.320777 0.940707
vt 0.690869 0.003428
vt 0.686878 0.043823
vt 0.690869 0.043823
vt 0.684255 0.621556
vt 0.684255 0.813874
vt 0.680263 0.773479
vt 0.680263 0.813874
vt 0.690869 0.082742
vt 0.686878 0.082742
vt 0.690869 0.408653
vt 0.686878 0.408653
vt 0.684255 0.773479
vt 0.684255 0.408651
vt 0.684255 0.486096
vt 0.686878 0.152240
vt 0.093171 0.845791
vt 0.084709 0.878267
vt 0.093133 0.882064
vt 0.066657 0.834166
vt 0.018436 0.848393
vt 0.066607 0.870107
vt 0.084751 0.842099
vt 0.018501 0.813052
vt 0.010208 0.844685
vt 0.129697 0.861806
vt 0.093229 0.789052
vt 0.066740 0.773732
vt 0.084817 0.784187
vt 0.145772 0.819439
vt 0.145762 0.861413
vt 0.018623 0.745905
vt 0.010225 0.809423
vt 0.129716 0.810153
vt 0.911934 0.905272
vt 0.933293 0.870216
vt 0.933288 0.905276
vt 0.775279 0.189641
vt 0.746360 0.135248
vt 0.746360 0.189641
vt 0.813552 0.905267
vt 0.911927 0.959132
vt 0.813541 0.959114
vt 0.775279 0.135248
vt 0.746360 0.053930
vt 0.775279 0.358994
vt 0.746360 0.455816
vt 0.775279 0.247243
vt 0.746360 0.358994
vt 0.742229 0.715817
vt 0.713405 0.769743
vt 0.742229 0.769743
vt 0.775279 0.053930
vt 0.746360 0.003428
vt 0.713405 0.850362
vt 0.742229 0.850362
vt 0.742229 0.547919
vt 0.713405 0.547919
vt 0.713405 0.658710
vt 0.742229 0.658710
vt 0.709346 0.993168
vt 0.745668 0.998025
vt 0.709346 0.998025
vt 0.455085 0.998025
vt 0.947813 0.515734
vt 0.988455 0.515734
vt 0.947813 0.612595
vt 0.988455 0.612595
vt 0.947813 0.661026
vt 0.988455 0.661026
vt 0.564054 0.993168
vt 0.600377 0.998025
vt 0.564054 0.998025
vt 0.455085 0.993168
vt 0.527731 0.998025
vt 0.239103 0.320455
vt 0.307546 0.233942
vt 0.307546 0.320455
vt 0.239103 0.042307
vt 0.307546 0.003211
vt 0.307546 0.042307
vt 0.239103 0.189348
vt 0.307546 0.147239
vt 0.307546 0.189348
vt 0.661026 0.489219
vt 0.640697 0.579183
vt 0.640697 0.489219
vt 0.661026 0.411273
vt 0.661026 0.819117
vt 0.640697 0.778461
vt 0.661026 0.778461
vt 0.661026 0.669344
vt 0.640697 0.625555
vt 0.661026 0.625555
vt 0.552063 0.610262
vt 0.596132 0.642211
vt 0.589855 0.604047
vt 0.323505 0.956517
vt 0.246150 0.954377
vt 0.323504 0.954365
vt 0.400858 0.956514
vt 0.052765 0.954440
vt 0.014089 0.956610
vt 0.014088 0.954457
vt 0.207473 0.954386
vt 0.168797 0.956548
vt 0.168796 0.954396
vt 0.559513 0.926389
vt 0.480904 0.931505
vt 0.480904 0.926389
vt 0.795340 0.926389
vt 0.756036 0.931505
vt 0.756036 0.926389
vt 0.638122 0.926389
vt 0.598817 0.931505
vt 0.598817 0.926389
vt 0.128516 0.908522
vt 0.085140 0.905337
vt 0.128516 0.905275
vt 0.385590 0.495416
vt 0.433049 0.578000
vt 0.424087 0.492724
vt 0.421727 0.425138
vt 0.456381 0.321102
vt 0.448977 0.234700
vt 0.465025 0.236902
vt 0.454299 0.382142
vt 0.440221 0.319998
vt 0.456252 0.192448
vt 0.479387 0.153488
vt 0.472206 0.195195
vt 0.576607 0.727441
vt 0.624817 0.754584
vt 0.613631 0.717560
vt 0.557002 0.437106
vt 0.576025 0.488899
vt 0.537787 0.491395
vt 0.583578 0.565883
vt 0.781455 0.728655
vt 0.822546 0.769571
vt 0.781447 0.769562
vt 0.825881 0.579387
vt 0.781474 0.579384
vt 0.781464 0.674581
vt 0.402563 0.628087
vt 0.447937 0.662444
vt 0.440493 0.620222
vt 0.943746 0.674609
vt 0.899478 0.579394
vt 0.943759 0.579398
vt 0.943736 0.728643
vt 0.902752 0.769549
vt 0.899453 0.728636
vt 0.258644 0.905337
vt 0.258644 0.908570
vt 0.171892 0.908522
vt 0.834494 0.302065
vt 0.846426 0.345441
vt 0.834216 0.345441
vt 0.136293 0.115833
vt 0.037968 0.064269
vt 0.037968 0.115833
vt 0.910473 0.870241
vt 0.932022 0.806280
vt 0.037968 0.276377
vt 0.136293 0.276377
vt 0.136293 0.170439
vt 0.161186 0.297754
vt 0.142539 0.191791
vt 0.161186 0.191791
vt 0.142539 0.297754
vt 0.797695 0.801781
vt 0.814139 0.869977
vt 0.797644 0.870005
vt 0.161186 0.137172
vt 0.142539 0.085597
vt 0.161186 0.085597
vt 0.696504 0.620594
vt 0.706873 0.670427
vt 0.706873 0.620594
vt 0.706873 0.465436
vt 0.696504 0.465436
vt 0.706873 0.567820
vt 0.996306 0.456834
vt 0.991449 0.529480
vt 0.991449 0.456834
vt 0.996306 0.565803
vt 0.991449 0.602126
vt 0.991449 0.565803
vt 0.677312 0.457044
vt 0.991449 0.711094
vt 0.996306 0.747417
vt 0.991449 0.747417
vt 0.663889 0.184171
vt 0.669154 0.227472
vt 0.669154 0.184171
vt 0.306757 0.989964
vt 0.233750 0.961163
vt 0.306757 0.961163
vt 0.197247 0.989963
vt 0.160744 0.961163
vt 0.197247 0.961163
vt 0.051235 0.989963
vt 0.014732 0.961163
vt 0.051235 0.961163
vt 0.669154 0.311477
vt 0.663889 0.384261
vt 0.672046 0.727130
vt 0.677312 0.765094
vt 0.677312 0.727130
vt 0.672046 0.457044
vt 0.677312 0.541050
vt 0.663889 0.041392
vt 0.669154 0.077968
vt 0.669154 0.041392
vt 0.663889 0.311477
vt 0.663889 0.077968
vt 0.669154 0.143282
vt 0.672046 0.584351
vt 0.677312 0.625240
vt 0.677312 0.584351
vt 0.672046 0.690554
vt 0.677312 0.690554
vt 0.160744 0.989963
vt 0.087738 0.961163
vt 0.996306 0.602126
vt 0.991449 0.674771
vt 0.696504 0.750031
vt 0.706873 0.750031
vt 0.142539 0.047008
vt 0.161186 0.038015
vt 0.136293 0.064269
vt 0.037968 0.039640
vt 0.008255 0.908488
vt 0.085140 0.908570
vt 0.943729 0.769557
vt 0.783643 0.801797
vt 0.558543 0.649659
vt 0.483437 0.068607
vt 0.499104 0.072648
vt 0.426074 0.736156
vt 0.468306 0.743921
vt 0.716731 0.926389
vt 0.638122 0.931505
vt 0.091443 0.956575
vt 0.091442 0.954423
vt 0.145777 0.898540
vt 0.129684 0.898540
vt 0.661026 0.739291
vt 0.640697 0.669344
vt 0.239103 0.079975
vt 0.307546 0.079975
vt 0.947813 0.806317
vt 0.988455 0.709456
vt 0.988455 0.806317
vt 0.600377 0.993168
vt 0.673023 0.998025
vt 0.669154 0.003428
vt 0.087738 0.989963
vt 0.996306 0.674771
vt 0.716731 0.931505
vt 0.052766 0.956592
vt 0.640697 0.739291
vt 0.673023 0.993168
vt 0.587096 0.767169
vt 0.636003 0.791608
vt 0.501172 0.065231
vt 0.375933 0.874452
vt 0.410976 0.792250
vt 0.375913 0.792041
vt 0.354474 0.876520
vt 0.311964 0.792041
vt 0.933279 0.959136
vt 0.883382 0.341106
vt 0.893620 0.248472
vt 0.883382 0.246531
vt 0.834992 0.248823
vt 0.846425 0.258689
vt 0.834773 0.258689
vt 0.889742 0.369617
vt 0.893620 0.343046
vt 0.367655 0.900299
vt 0.464193 0.896827
vt 0.420148 0.873224
vt 0.420834 0.898070
vt 0.032493 0.087428
vt 0.005182 0.029176
vt 0.005182 0.087428
vt 0.032493 0.289783
vt 0.005182 0.188716
vt 0.005182 0.289783
vt 0.032493 0.377349
vt 0.005182 0.136621
vt 0.032493 0.136621
vt 0.380247 0.079976
vt 0.311710 0.042308
vt 0.311710 0.079976
vt 0.311710 0.147241
vt 0.380247 0.147241
vt 0.311710 0.189351
vt 0.380247 0.189351
vt 0.380247 0.003211
vt 0.380247 0.042308
vt 0.380247 0.320459
vt 0.380247 0.395416
vt 0.311710 0.233945
vt 0.311710 0.320459
vt 0.839942 0.710339
vt 0.884650 0.779497
vt 0.839952 0.750982
vt 0.988455 0.834317
vt 0.713405 0.900430
vt 0.746360 0.247243
vt 0.713405 0.715817
vt 0.947813 0.709456
vt 0.527731 0.993168
vt 0.661026 0.579183
vt 0.207474 0.956538
vt 0.559513 0.931505
vt 0.171892 0.905275
vt 0.825869 0.674587
vt 0.899464 0.674602
vt 0.037968 0.170439
vt 0.696504 0.567820
vt 0.996306 0.529480
vt 0.233750 0.989964
vt 0.032493 0.188716
vt 0.380247 0.233945
vt 0.216436 0.191791
vt 0.235477 0.137172
vt 0.235477 0.191791
vt 0.235477 0.085597
vt 0.216436 0.012252
vt 0.235477 0.003211
vt 0.216436 0.137172
vt 0.235477 0.297754
vt 0.216436 0.297754
vt 0.216436 0.085597
vt 0.010182 0.898540
vt 0.018344 0.898540
vt 0.534618 0.246454
vt 0.530804 0.205284
vt 0.541392 0.207107
vt 0.875024 0.447700
vt 0.889009 0.381882
vt 0.889680 0.448190
vt 0.567047 0.090172
vt 0.566314 0.052833
vt 0.578085 0.050593
vt 0.548167 0.167760
vt 0.556648 0.087490
vt 0.525299 0.360021
vt 0.515738 0.325156
vt 0.526463 0.325889
vt 0.093117 0.898540
vt 0.084686 0.898540
vt 0.066568 0.898540
vt 0.875040 0.538997
vt 0.888837 0.594191
vt 0.874999 0.594581
vt 0.881676 0.508395
vt 0.875049 0.518114
vt 0.875046 0.508397
vt 0.889097 0.534150
vt 0.874992 0.603989
vt 0.875031 0.466248
vt 0.797635 0.905264
vt 0.793105 0.117410
vt 0.778900 0.162280
vt 0.793105 0.162404
vt 0.581490 0.010475
vt 0.591171 0.014051
vt 0.889863 0.466243
vt 0.523967 0.244992
vt 0.204884 0.898540
vt 0.537640 0.165576
vt 0.514462 0.362555
vt 0.204747 0.853546
vt 0.847635 0.125715
vt 0.847775 0.145196
vt 0.836036 0.138503
vt 0.400084 0.417813
vt 0.536674 0.457261
vt 0.899547 0.085760
vt 0.888764 0.085754
vt 0.868790 0.111607
vt 0.843012 0.119011
vt 0.824684 0.158333
vt 0.824288 0.124394
vt 0.242843 0.948574
vt 0.204165 0.946441
vt 0.242842 0.946431
vt 0.690869 0.575484
vt 0.686878 0.621558
vt 0.690869 0.621558
vt 0.088134 0.948620
vt 0.049456 0.946494
vt 0.088133 0.946477
vt 0.684255 0.152239
vt 0.680263 0.195746
vt 0.684255 0.195746
vt 0.165489 0.948593
vt 0.165488 0.946450
vt 0.690869 0.665066
vt 0.204166 0.948584
vt 0.684255 0.241820
vt 0.680263 0.331206
vt 0.684255 0.331206
vt 0.010780 0.948655
vt 0.010779 0.946512
vt 0.684255 0.082742
vt 0.680263 0.152239
vt 0.320197 0.948563
vt 0.320197 0.946420
vt 0.686878 0.486098
vt 0.690869 0.486098
vt 0.553652 0.937329
vt 0.592464 0.940693
vt 0.553652 0.940699
vt 0.708902 0.940669
vt 0.747713 0.937288
vt 0.747714 0.940658
vt 0.631277 0.940686
vt 0.708901 0.937299
vt 0.631276 0.937317
vt 0.786526 0.937277
vt 0.786527 0.940646
vt 0.476027 0.937336
vt 0.476027 0.940707
vt 0.686878 0.773482
vt 0.690869 0.813877
vt 0.690869 0.773482
vt 0.684255 0.003428
vt 0.680263 0.043823
vt 0.684255 0.043823
vt 0.690869 0.734563
vt 0.680263 0.408651
vt 0.686878 0.665066
vt 0.128516 0.919920
vt 0.171892 0.919920
vt 0.008255 0.919920
vt 0.085140 0.919920
vt 0.258644 0.919920
vt 0.345396 0.919920
vt 0.562275 0.919920
vt 0.518899 0.919920
vt 0.682536 0.919920
vt 0.605651 0.919920
vt 0.432147 0.919920
vt 0.377475 0.899314
vt 0.846426 0.302065
vt 0.848662 0.335227
vt 0.209728 0.901110
vt 0.210207 0.821688
vt 0.464842 0.792573
vt 0.544144 0.881315
vt 0.552606 0.848839
vt 0.552568 0.885112
vt 0.477871 0.851442
vt 0.526092 0.837214
vt 0.526042 0.873155
vt 0.544185 0.845147
vt 0.469643 0.847733
vt 0.477935 0.816099
vt 0.589132 0.864854
vt 0.589119 0.901588
vt 0.552664 0.792099
vt 0.526175 0.776780
vt 0.544252 0.787235
vt 0.605207 0.822487
vt 0.605197 0.864461
vt 0.469659 0.812471
vt 0.478058 0.748953
vt 0.589151 0.813201
vt 0.911951 0.063065
vt 0.933311 0.098125
vt 0.910489 0.098100
vt 0.775279 0.721990
vt 0.746360 0.776383
vt 0.775279 0.776383
vt 0.911946 0.009200
vt 0.813560 0.063067
vt 0.813550 0.009214
vt 0.746360 0.857701
vt 0.775279 0.857701
vt 0.775279 0.455816
vt 0.746360 0.552638
vt 0.775279 0.552638
vt 0.746360 0.664388
vt 0.775279 0.664388
vt 0.742229 0.188041
vt 0.713405 0.134116
vt 0.713405 0.188041
vt 0.746360 0.908203
vt 0.775279 0.908203
vt 0.742229 0.134116
vt 0.713405 0.053496
vt 0.742229 0.355939
vt 0.713405 0.451929
vt 0.742229 0.451929
vt 0.713405 0.245148
vt 0.713405 0.355939
vt 0.019210 0.998026
vt 0.055533 0.993169
vt 0.055533 0.998026
vt 0.309793 0.998025
vt 0.382439 0.993168
vt 0.382439 0.998025
vt 0.988455 0.418873
vt 0.947813 0.322012
vt 0.988455 0.322012
vt 0.947813 0.225151
vt 0.988455 0.225151
vt 0.947813 0.176720
vt 0.988455 0.176720
vt 0.164502 0.998025
vt 0.200825 0.993168
vt 0.200825 0.998025
vt 0.237148 0.998025
vt 0.309793 0.993168
vt 0.307546 0.470367
vt 0.239103 0.556880
vt 0.239103 0.470367
vt 0.307546 0.395411
vt 0.307546 0.787611
vt 0.239103 0.748515
vt 0.307546 0.748515
vt 0.307546 0.643583
vt 0.239103 0.601474
vt 0.307546 0.601474
vt 0.640697 0.333327
vt 0.661026 0.243363
vt 0.661026 0.333327
vt 0.640697 0.411273
vt 0.640697 0.044084
vt 0.661026 0.003428
vt 0.661026 0.044084
vt 0.640697 0.196991
vt 0.661026 0.153202
vt 0.661026 0.196991
vt 0.596132 0.180961
vt 0.552063 0.212910
vt 0.589855 0.219125
vt 0.478212 0.954365
vt 0.555566 0.956529
vt 0.478212 0.956517
vt 0.400858 0.954361
vt 0.748951 0.954440
vt 0.787627 0.956610
vt 0.748950 0.956592
vt 0.632920 0.954396
vt 0.594243 0.956538
vt 0.594243 0.954386
vt 0.323686 0.931505
vt 0.245077 0.926389
vt 0.323686 0.926389
vt 0.402295 0.926389
vt 0.048554 0.931505
vt 0.009249 0.926389
vt 0.048554 0.926389
vt 0.205772 0.931505
vt 0.166468 0.926389
vt 0.205772 0.926389
vt 0.562275 0.908522
vt 0.605651 0.905337
vt 0.605651 0.908570
vt 0.433049 0.236060
vt 0.385590 0.318645
vt 0.424087 0.321336
vt 0.421727 0.388923
vt 0.456381 0.490286
vt 0.448978 0.576688
vt 0.440221 0.491390
vt 0.454299 0.429245
vt 0.479387 0.657900
vt 0.456252 0.618939
vt 0.472206 0.616192
vt 0.624817 0.068589
vt 0.576607 0.095732
vt 0.613631 0.105613
vt 0.557002 0.386066
vt 0.573504 0.411586
vt 0.576025 0.334273
vt 0.583578 0.257289
vt 0.537787 0.331777
vt 0.781453 0.239696
vt 0.822550 0.198777
vt 0.825862 0.239689
vt 0.825882 0.388977
vt 0.781477 0.484184
vt 0.781472 0.388980
vt 0.781462 0.293775
vt 0.447936 0.151616
vt 0.402563 0.185973
vt 0.440492 0.193838
vt 0.899482 0.388972
vt 0.943758 0.293753
vt 0.943766 0.388970
vt 0.943767 0.484185
vt 0.943751 0.239713
vt 0.902764 0.198802
vt 0.943745 0.198795
vt 0.345396 0.908570
vt 0.432147 0.905337
vt 0.432147 0.908570
vt 0.518899 0.908522
vt 0.848384 0.291851
vt 0.860316 0.248475
vt 0.860315 0.291851
vt 0.136293 0.620493
vt 0.037968 0.670133
vt 0.136293 0.672057
vt 0.932038 0.162068
vt 0.136293 0.459949
vt 0.037968 0.368163
vt 0.037968 0.459949
vt 0.136293 0.565887
vt 0.161186 0.481368
vt 0.142539 0.587331
vt 0.142539 0.481368
vt 0.142539 0.389561
vt 0.161186 0.389561
vt 0.797697 0.166563
vt 0.814145 0.098361
vt 0.797649 0.098333
vt 0.161186 0.641950
vt 0.142539 0.693526
vt 0.142539 0.641950
vt 0.706873 0.083031
vt 0.696504 0.132865
vt 0.706873 0.132865
vt 0.696504 0.288023
vt 0.706873 0.376729
vt 0.706873 0.288023
vt 0.696504 0.185639
vt 0.991449 0.238896
vt 0.996306 0.311542
vt 0.991449 0.311542
vt 0.991449 0.166251
vt 0.996306 0.202573
vt 0.991449 0.202573
vt 0.677312 0.384261
vt 0.672046 0.311478
vt 0.672046 0.384261
vt 0.996306 0.384188
vt 0.991449 0.384188
vt 0.991449 0.057282
vt 0.996306 0.020959
vt 0.996306 0.057282
vt 0.669154 0.541050
vt 0.663889 0.584351
vt 0.669154 0.584351
vt 0.525775 0.961163
vt 0.452769 0.989964
vt 0.452769 0.961163
vt 0.598782 0.961163
vt 0.562278 0.989964
vt 0.562279 0.961163
vt 0.379763 0.989964
vt 0.379763 0.961163
vt 0.744794 0.961163
vt 0.708291 0.989964
vt 0.708291 0.961163
vt 0.669154 0.384261
vt 0.663889 0.457044
vt 0.669154 0.457044
vt 0.677312 0.003428
vt 0.672046 0.041392
vt 0.677312 0.041392
vt 0.677312 0.227472
vt 0.677312 0.311478
vt 0.669154 0.690553
vt 0.663889 0.727130
vt 0.669154 0.727130
vt 0.663889 0.541050
vt 0.669154 0.625239
vt 0.663889 0.690553
vt 0.677312 0.143282
vt 0.672046 0.184171
vt 0.677312 0.184171
vt 0.672046 0.077968
vt 0.672046 0.143282
vt 0.671788 0.961163
vt 0.598782 0.989964
vt 0.991449 0.093605
vt 0.996306 0.166251
vt 0.696504 0.003428
vt 0.696504 0.083031
vt 0.161186 0.693526
vt 0.142539 0.720083
vt 0.037968 0.701601
vt 0.136293 0.733080
vt 0.682536 0.908488
vt 0.942459 0.162066
vt 0.781447 0.198785
vt 0.558543 0.173513
vt 0.483437 0.742781
vt 0.463527 0.661190
vt 0.426074 0.077904
vt 0.410886 0.143848
vt 0.166468 0.931505
vt 0.087858 0.926389
vt 0.710274 0.956575
vt 0.632920 0.956548
vt 0.605212 0.901588
vt 0.640697 0.083255
vt 0.661026 0.083255
vt 0.307546 0.710847
vt 0.239103 0.643583
vt 0.988455 0.128289
vt 0.947813 0.031428
vt 0.988455 0.031428
vt 0.091856 0.998026
vt 0.164502 0.993169
vt 0.669154 0.765093
vt 0.663889 0.765093
vt 0.677312 0.077968
vt 0.671788 0.989964
vt 0.996306 0.093605
vt 0.087858 0.931505
vt 0.710274 0.954423
vt 0.239103 0.710847
vt 0.091856 0.993169
vt 0.587096 0.056003
vt 0.636003 0.031564
vt 0.599691 0.019289
vt 0.499104 0.738740
vt 0.501173 0.746157
vt 0.298636 0.819231
vt 0.263593 0.901434
vt 0.254421 0.820459
vt 0.320095 0.817163
vt 0.298656 0.901643
vt 0.933307 0.063062
vt 0.867444 0.341110
vt 0.877682 0.248475
vt 0.877682 0.343050
vt 0.848882 0.345093
vt 0.860314 0.335227
vt 0.860314 0.345093
vt 0.873803 0.369622
vt 0.877003 0.370228
vt 0.306914 0.793385
vt 0.297094 0.794370
vt 0.210376 0.796857
vt 0.253735 0.795614
vt 0.032493 0.667271
vt 0.005182 0.727197
vt 0.032493 0.749170
vt 0.032493 0.464915
vt 0.005182 0.565982
vt 0.032493 0.565982
vt 0.032493 0.377349
vt 0.005182 0.464915
vt 0.005182 0.618078
vt 0.032493 0.618078
vt 0.380247 0.710856
vt 0.311710 0.748524
vt 0.380247 0.748524
vt 0.311710 0.643591
vt 0.380247 0.643591
vt 0.311710 0.601482
vt 0.380247 0.601482
vt 0.380247 0.787622
vt 0.380247 0.470373
vt 0.311710 0.395416
vt 0.311710 0.470373
vt 0.311710 0.556888
vt 0.380247 0.556888
vt 0.839064 0.706787
vt 0.883772 0.637629
vt 0.883763 0.678271
vt 0.988455 0.003428
vt 0.742229 0.053496
vt 0.713405 0.003428
vt 0.746360 0.721990
vt 0.742229 0.245148
vt 0.947813 0.128289
vt 0.237148 0.993168
vt 0.307546 0.556880
vt 0.545584 0.252307
vt 0.555566 0.954377
vt 0.245077 0.931505
vt 0.518899 0.905275
vt 0.465025 0.574485
vt 0.825871 0.293770
vt 0.394833 0.230690
vt 0.899473 0.293758
vt 0.037968 0.565887
vt 0.161186 0.587331
vt 0.706873 0.185639
vt 0.996306 0.238896
vt 0.663889 0.625239
vt 0.525775 0.989964
vt 0.672046 0.227472
vt 0.235477 0.641950
vt 0.216436 0.587331
vt 0.235477 0.587331
vt 0.235477 0.693526
vt 0.216436 0.763699
vt 0.216436 0.693526
vt 0.216436 0.641950
vt 0.235477 0.481368
vt 0.216436 0.389561
vt 0.235477 0.389561
vt 0.216436 0.481368
vt 0.161186 0.730163
vt 0.469617 0.901588
vt 0.477779 0.901588
vt 0.534618 0.564933
vt 0.530804 0.606104
vt 0.523967 0.566395
vt 0.874724 0.447699
vt 0.860738 0.381882
vt 0.874756 0.379572
vt 0.567047 0.721215
vt 0.566314 0.758554
vt 0.556648 0.723897
vt 0.548167 0.643627
vt 0.537640 0.645812
vt 0.541392 0.604280
vt 0.515738 0.486232
vt 0.525299 0.451367
vt 0.526463 0.485499
vt 0.552551 0.901588
vt 0.544121 0.901588
vt 0.526003 0.901588
vt 0.874708 0.538997
vt 0.860910 0.594191
vt 0.860650 0.534151
vt 0.874699 0.518114
vt 0.868071 0.508395
vt 0.874702 0.508397
vt 0.860011 0.514436
vt 0.874756 0.603989
vt 0.860947 0.606593
vt 0.874717 0.466248
vt 0.859884 0.466243
vt 0.797634 0.009214
vt 0.779749 0.069740
vt 0.793954 0.114610
vt 0.793954 0.069615
vt 0.581490 0.800912
vt 0.578085 0.760795
vt 0.591172 0.797336
vt 0.860067 0.448189
vt 0.664318 0.901588
vt 0.664182 0.856594
vt 0.514462 0.448833
vt 0.853886 0.172538
vt 0.865485 0.159751
vt 0.853746 0.153057
vt 0.523741 0.405694
vt 0.512990 0.405694
vt 0.400084 0.396247
vt 0.382504 0.407030
vt 0.400084 0.407030
vt 0.535184 0.411586
vt 0.557002 0.411586
vt 0.536674 0.365911
vt 0.877981 0.085760
vt 0.888764 0.112595
vt 0.877996 0.112602
vt 0.843012 0.100838
vt 0.868790 0.090070
vt 0.868787 0.100838
vt 0.876837 0.139921
vt 0.824976 0.100838
vt 0.843011 0.082666
vt 0.552260 0.946431
vt 0.590937 0.948584
vt 0.552260 0.948574
vt 0.690869 0.241821
vt 0.686878 0.195747
vt 0.686878 0.241821
vt 0.745646 0.946495
vt 0.706968 0.948620
vt 0.706969 0.946477
vt 0.684255 0.665063
vt 0.680263 0.621556
vt 0.680263 0.665063
vt 0.629614 0.946450
vt 0.629614 0.948593
vt 0.690869 0.152240
vt 0.690869 0.195747
vt 0.590937 0.946441
vt 0.684255 0.486096
vt 0.680263 0.575482
vt 0.684255 0.575482
vt 0.784323 0.946512
vt 0.745645 0.948638
vt 0.680263 0.734560
vt 0.684255 0.734560
vt 0.474906 0.946420
vt 0.397551 0.948559
vt 0.397551 0.946416
vt 0.686878 0.331208
vt 0.690869 0.331208
vt 0.474905 0.948563
vt 0.243152 0.940699
vt 0.204340 0.937323
vt 0.243153 0.937329
vt 0.087902 0.940669
vt 0.049091 0.937288
vt 0.087903 0.937299
vt 0.165528 0.937317
vt 0.165527 0.940687
vt 0.204340 0.940693
vt 0.049090 0.940658
vt 0.010278 0.937277
vt 0.320777 0.937337
vt 0.398402 0.940709
vt 0.320777 0.940707
vt 0.690869 0.003428
vt 0.686878 0.043823
vt 0.690869 0.043823
vt 0.684255 0.621556
vt 0.684255 0.813874
vt 0.680263 0.773479
vt 0.680263 0.813874
vt 0.690869 0.082742
vt 0.686878 0.082742
vt 0.686878 0.408653
vt 0.690869 0.408653
vt 0.684255 0.773479
vt 0.684255 0.408651
vt 0.680263 0.486096
vt 0.686878 0.152240
vt 0.093171 0.845791
vt 0.084709 0.878267
vt 0.093133 0.882064
vt 0.066657 0.834166
vt 0.018436 0.848393
vt 0.066607 0.870107
vt 0.084751 0.842099
vt 0.018501 0.813052
vt 0.010208 0.844685
vt 0.129697 0.861806
vt 0.093229 0.789052
vt 0.066740 0.773732
vt 0.084817 0.784187
vt 0.145772 0.819439
vt 0.145762 0.861413
vt 0.018623 0.745905
vt 0.010225 0.809423
vt 0.129716 0.810153
vt 0.911934 0.905272
vt 0.933293 0.870216
vt 0.933288 0.905276
vt 0.775279 0.189641
vt 0.746360 0.135248
vt 0.746360 0.189641
vt 0.813552 0.905267
vt 0.911927 0.959132
vt 0.813541 0.959114
vt 0.775279 0.135248
vt 0.746360 0.053930
vt 0.775279 0.358994
vt 0.746360 0.455816
vt 0.775279 0.247243
vt 0.746360 0.358994
vt 0.742229 0.715817
vt 0.713405 0.769743
vt 0.742229 0.769743
vt 0.775279 0.053930
vt 0.746360 0.003428
vt 0.713405 0.850362
vt 0.742229 0.850362
vt 0.742229 0.547919
vt 0.713405 0.547919
vt 0.742229 0.658710
vt 0.709346 0.993168
vt 0.745668 0.998025
vt 0.709346 0.998025
vt 0.455085 0.998025
vt 0.947813 0.515734
vt 0.988455 0.515734
vt 0.947813 0.612595
vt 0.988455 0.612595
vt 0.947813 0.661026
vt 0.988455 0.661026
vt 0.564054 0.993168
vt 0.600377 0.998025
vt 0.564054 0.998025
vt 0.455085 0.993168
vt 0.527731 0.998025
vt 0.239103 0.320455
vt 0.307546 0.233942
vt 0.307546 0.320455
vt 0.239103 0.042307
vt 0.307546 0.003211
vt 0.307546 0.042307
vt 0.239103 0.189348
vt 0.307546 0.147239
vt 0.307546 0.189348
vt 0.661026 0.489219
vt 0.640697 0.579183
vt 0.640697 0.489219
vt 0.661026 0.411273
vt 0.661026 0.819117
vt 0.640697 0.778461
vt 0.661026 0.778461
vt 0.661026 0.669344
vt 0.640697 0.625555
vt 0.661026 0.625555
vt 0.552063 0.610262
vt 0.596132 0.642211
vt 0.589855 0.604047
vt 0.323505 0.956517
vt 0.246150 0.954377
vt 0.323504 0.954365
vt 0.400858 0.956514
vt 0.052765 0.954440
vt 0.014089 0.956610
vt 0.014088 0.954457
vt 0.207473 0.954386
vt 0.168797 0.956548
vt 0.168796 0.954396
vt 0.559513 0.926389
vt 0.480904 0.931505
vt 0.480904 0.926389
vt 0.795340 0.926389
vt 0.756036 0.931505
vt 0.756036 0.926389
vt 0.638122 0.926389
vt 0.598817 0.931505
vt 0.598817 0.926389
vt 0.128516 0.908522
vt 0.085140 0.905337
vt 0.128516 0.905275
vt 0.424087 0.492724
vt 0.394833 0.583371
vt 0.433049 0.578000
vt 0.421727 0.425138
vt 0.385590 0.495416
vt 0.456381 0.321102
vt 0.448977 0.234700
vt 0.465025 0.236902
vt 0.454299 0.382142
vt 0.440221 0.319998
vt 0.456252 0.192448
vt 0.479387 0.153488
vt 0.472206 0.195195
vt 0.576607 0.727441
vt 0.624817 0.754584
vt 0.613631 0.717560
vt 0.557002 0.437106
vt 0.576025 0.488899
vt 0.545584 0.570866
vt 0.583578 0.565883
vt 0.781455 0.728655
vt 0.822546 0.769571
vt 0.781447 0.769562
vt 0.825881 0.579387
vt 0.781474 0.579384
vt 0.781464 0.674581
vt 0.402563 0.628087
vt 0.447937 0.662444
vt 0.440493 0.620222
vt 0.943746 0.674609
vt 0.899478 0.579394
vt 0.943759 0.579398
vt 0.943736 0.728643
vt 0.902752 0.769549
vt 0.899453 0.728636
vt 0.258644 0.905337
vt 0.258644 0.908570
vt 0.171892 0.908522
vt 0.834494 0.302065
vt 0.846426 0.345441
vt 0.834216 0.345441
vt 0.136293 0.115833
vt 0.037968 0.064269
vt 0.037968 0.115833
vt 0.910473 0.870241
vt 0.932022 0.806280
vt 0.037968 0.276377
vt 0.136293 0.368163
vt 0.136293 0.276377
vt 0.136293 0.170439
vt 0.161186 0.297754
vt 0.142539 0.191791
vt 0.161186 0.191791
vt 0.142539 0.297754
vt 0.797695 0.801781
vt 0.814139 0.869977
vt 0.797644 0.870005
vt 0.161186 0.137172
vt 0.142539 0.085597
vt 0.161186 0.085597
vt 0.696504 0.620594
vt 0.706873 0.670427
vt 0.706873 0.620594
vt 0.706873 0.465436
vt 0.696504 0.376729
vt 0.696504 0.465436
vt 0.706873 0.567820
vt 0.996306 0.456834
vt 0.991449 0.529480
vt 0.991449 0.456834
vt 0.996306 0.565803
vt 0.991449 0.602126
vt 0.991449 0.565803
vt 0.677312 0.457044
vt 0.991449 0.711094
vt 0.996306 0.747417
vt 0.991449 0.747417
vt 0.663889 0.184171
vt 0.669154 0.227472
vt 0.669154 0.184171
vt 0.306757 0.989964
vt 0.233750 0.961163
vt 0.306757 0.961163
vt 0.197247 0.989963
vt 0.160744 0.961163
vt 0.197247 0.961163
vt 0.051235 0.989963
vt 0.014732 0.961163
vt 0.051235 0.961163
vt 0.669154 0.311477
vt 0.663889 0.384261
vt 0.672046 0.727130
vt 0.677312 0.765094
vt 0.677312 0.727130
vt 0.672046 0.541050
vt 0.677312 0.541050
vt 0.663889 0.041392
vt 0.669154 0.077968
vt 0.669154 0.041392
vt 0.663889 0.227472
vt 0.663889 0.077968
vt 0.669154 0.143282
vt 0.672046 0.584351
vt 0.677312 0.625240
vt 0.677312 0.584351
vt 0.672046 0.690554
vt 0.677312 0.690554
vt 0.160744 0.989963
vt 0.087738 0.961163
vt 0.996306 0.602126
vt 0.991449 0.674771
vt 0.696504 0.750031
vt 0.706873 0.750031
vt 0.142539 0.047008
vt 0.161186 0.038015
vt 0.136293 0.064269
vt 0.037968 0.039640
vt 0.008255 0.908488
vt 0.085140 0.908570
vt 0.943729 0.769557
vt 0.783643 0.801797
vt 0.558543 0.649659
vt 0.483437 0.068607
vt 0.499104 0.072648
vt 0.426074 0.736156
vt 0.468306 0.743921
vt 0.716731 0.926389
vt 0.638122 0.931505
vt 0.091443 0.956575
vt 0.091442 0.954423
vt 0.145777 0.898540
vt 0.129684 0.898540
vt 0.640697 0.739291
vt 0.640697 0.669344
vt 0.239103 0.147239
vt 0.307546 0.079975
vt 0.947813 0.806317
vt 0.988455 0.709456
vt 0.988455 0.806317
vt 0.600377 0.993168
vt 0.673023 0.998025
vt 0.669154 0.003428
vt 0.087738 0.989963
vt 0.996306 0.674771
vt 0.716731 0.931505
vt 0.052766 0.956592
vt 0.661026 0.739291
vt 0.673023 0.993168
vt 0.587096 0.767169
vt 0.636003 0.791608
vt 0.501172 0.065231
vt 0.375933 0.874452
vt 0.410976 0.792250
vt 0.375913 0.792041
vt 0.354474 0.876520
vt 0.311964 0.792041
vt 0.933279 0.959136
vt 0.883382 0.341106
vt 0.893620 0.248472
vt 0.883382 0.246531
vt 0.834992 0.248823
vt 0.846425 0.258689
vt 0.834773 0.258689
vt 0.889742 0.369617
vt 0.893620 0.343046
vt 0.367655 0.900299
vt 0.464193 0.896827
vt 0.420148 0.873224
vt 0.420834 0.898070
vt 0.032493 0.087428
vt 0.005182 0.029176
vt 0.005182 0.087428
vt 0.032493 0.289783
vt 0.005182 0.188716
vt 0.005182 0.289783
vt 0.005182 0.136621
vt 0.032493 0.136621
vt 0.380247 0.079976
vt 0.311710 0.042308
vt 0.311710 0.079976
vt 0.311710 0.147241
vt 0.380247 0.147241
vt 0.311710 0.189351
vt 0.380247 0.189351
vt 0.380247 0.003211
vt 0.380247 0.042308
vt 0.311710 0.320459
vt 0.380247 0.395416
vt 0.380247 0.320459
vt 0.311710 0.233945
vt 0.839942 0.710339
vt 0.884650 0.779497
vt 0.839952 0.750982
vt 0.988455 0.834317
vt 0.713405 0.900430
vt 0.746360 0.247243
vt 0.713405 0.715817
vt 0.947813 0.709456
vt 0.527731 0.993168
vt 0.661026 0.579183
vt 0.207474 0.956538
vt 0.559513 0.931505
vt 0.171892 0.905275
vt 0.825869 0.674587
vt 0.899464 0.674602
vt 0.037968 0.170439
vt 0.696504 0.567820
vt 0.996306 0.529480
vt 0.233750 0.989964
vt 0.032493 0.188716
vt 0.380247 0.233945
vt 0.216436 0.191791
vt 0.235477 0.137172
vt 0.235477 0.191791
vt 0.235477 0.085597
vt 0.216436 0.012252
vt 0.235477 0.003211
vt 0.216436 0.137172
vt 0.235477 0.297754
vt 0.216436 0.297754
vt 0.216436 0.085597
vt 0.010182 0.898540
vt 0.018344 0.898540
vt 0.534618 0.246454
vt 0.530804 0.205284
vt 0.541392 0.207107
vt 0.875024 0.447700
vt 0.889009 0.381882
vt 0.889680 0.448190
vt 0.567047 0.090172
vt 0.566314 0.052833
vt 0.578085 0.050593
vt 0.548167 0.167760
vt 0.556648 0.087490
vt 0.525299 0.360021
vt 0.515738 0.325156
vt 0.526463 0.325889
vt 0.523967 0.244992
vt 0.093117 0.898540
vt 0.084686 0.898540
vt 0.066568 0.898540
vt 0.875040 0.538997
vt 0.888837 0.594191
vt 0.874999 0.594581
vt 0.881676 0.508395
vt 0.875049 0.518114
vt 0.875046 0.508397
vt 0.889097 0.534150
vt 0.874992 0.603989
vt 0.875031 0.466248
vt 0.797626 0.959115
vt 0.797635 0.905264
vt 0.793105 0.117410
vt 0.778900 0.162280
vt 0.793105 0.162404
vt 0.581490 0.010475
vt 0.591171 0.014051
vt 0.889863 0.466243
vt 0.204884 0.898540
vt 0.537640 0.165576
vt 0.514462 0.362555
vt 0.204747 0.853546
vt 0.847635 0.125715
vt 0.847775 0.145196
vt 0.836036 0.138503
vt 0.400084 0.417813
vt 0.536674 0.457261
vt 0.899547 0.085760
vt 0.888764 0.085754
vt 0.868790 0.111607
vt 0.843012 0.119011
vt 0.824684 0.158333
vt 0.824288 0.124394
vt 0.242843 0.948574
vt 0.204165 0.946441
vt 0.242842 0.946431
vt 0.690869 0.575484
vt 0.686878 0.621558
vt 0.690869 0.621558
vt 0.088134 0.948620
vt 0.049456 0.946494
vt 0.088133 0.946477
vt 0.684255 0.152239
vt 0.680263 0.195746
vt 0.684255 0.195746
vt 0.165489 0.948593
vt 0.165488 0.946450
vt 0.690869 0.665066
vt 0.204166 0.948584
vt 0.684255 0.241820
vt 0.680263 0.331206
vt 0.684255 0.331206
vt 0.010780 0.948655
vt 0.010779 0.946512
vt 0.680263 0.082742
vt 0.684255 0.082742
vt 0.320197 0.946420
vt 0.320197 0.948563
vt 0.690869 0.486098
vt 0.686878 0.575484
vt 0.553652 0.937329
vt 0.592464 0.940693
vt 0.553652 0.940699
vt 0.708902 0.940669
vt 0.747713 0.937288
vt 0.747714 0.940658
vt 0.631277 0.940686
vt 0.708901 0.937299
vt 0.631276 0.937317
vt 0.786526 0.937277
vt 0.786527 0.940646
vt 0.476027 0.937336
vt 0.476027 0.940707
vt 0.686878 0.773482
vt 0.690869 0.813877
vt 0.690869 0.773482
vt 0.684255 0.003428
vt 0.680263 0.043823
vt 0.684255 0.043823
vt 0.690869 0.734563
vt 0.686878 0.486098
vt 0.680263 0.408651
vt 0.686878 0.734563
vt 0.128516 0.919920
vt 0.171892 0.919920
vt 0.008255 0.919920
vt 0.085140 0.919920
vt 0.258644 0.919920
vt 0.345396 0.919920
vt 0.562275 0.919920
vt 0.518899 0.919920
vt 0.682536 0.919920
vt 0.605651 0.919920
vt 0.432147 0.919920
vt 0.377475 0.899314
vt 0.846426 0.302065
vt 0.848662 0.335227
vt 0.209728 0.901110
vt 0.210207 0.821688
vt 0.464842 0.792573
vt 0.544144 0.881315
vt 0.552606 0.848839
vt 0.552568 0.885112
vt 0.477871 0.851442
vt 0.526092 0.837214
vt 0.526042 0.873155
vt 0.544185 0.845147
vt 0.469643 0.847733
vt 0.477935 0.816099
vt 0.589132 0.864854
vt 0.589119 0.901588
vt 0.552664 0.792099
vt 0.526175 0.776780
vt 0.544252 0.787235
vt 0.605207 0.822487
vt 0.605197 0.864461
vt 0.469659 0.812471
vt 0.478058 0.748953
vt 0.589151 0.813201
vt 0.911951 0.063065
vt 0.933311 0.098125
vt 0.910489 0.098100
vt 0.775279 0.721990
vt 0.746360 0.776383
vt 0.775279 0.776383
vt 0.911946 0.009200
vt 0.813560 0.063067
vt 0.813550 0.009214
vt 0.746360 0.857701
vt 0.775279 0.857701
vt 0.775279 0.455816
vt 0.746360 0.552638
vt 0.775279 0.552638
vt 0.746360 0.664388
vt 0.775279 0.664388
vt 0.742229 0.188041
vt 0.713405 0.134116
vt 0.713405 0.188041
vt 0.746360 0.908203
vt 0.775279 0.908203
vt 0.742229 0.134116
vt 0.713405 0.053496
vt 0.713405 0.355939
vt 0.742229 0.451929
vt 0.742229 0.355939
vt 0.713405 0.245148
vt 0.019210 0.998026
vt 0.055533 0.993169
vt 0.055533 0.998026
vt 0.309793 0.998025
vt 0.382439 0.993168
vt 0.382439 0.998025
vt 0.988455 0.418873
vt 0.947813 0.322012
vt 0.988455 0.322012
vt 0.947813 0.225151
vt 0.988455 0.225151
vt 0.947813 0.176720
vt 0.988455 0.176720
vt 0.164502 0.998025
vt 0.200825 0.993168
vt 0.200825 0.998025
vt 0.237148 0.998025
vt 0.309793 0.993168
vt 0.307546 0.470367
vt 0.239103 0.556880
vt 0.239103 0.470367
vt 0.307546 0.395411
vt 0.307546 0.787611
vt 0.239103 0.748515
vt 0.307546 0.748515
vt 0.307546 0.643583
vt 0.239103 0.601474
vt 0.307546 0.601474
vt 0.661026 0.333327
vt 0.640697 0.243363
vt 0.661026 0.243363
vt 0.661026 0.411273
vt 0.640697 0.333327
vt 0.640697 0.044084
vt 0.661026 0.003428
vt 0.661026 0.044084
vt 0.640697 0.196991
vt 0.661026 0.153202
vt 0.661026 0.196991
vt 0.596132 0.180961
vt 0.552063 0.212910
vt 0.589855 0.219125
vt 0.555566 0.954377
vt 0.478212 0.956517
vt 0.478212 0.954365
vt 0.400858 0.954361
vt 0.748951 0.954440
vt 0.787627 0.956610
vt 0.748950 0.956592
vt 0.594243 0.954386
vt 0.632920 0.956548
vt 0.594243 0.956538
vt 0.323686 0.931505
vt 0.245077 0.926389
vt 0.323686 0.926389
vt 0.402295 0.926389
vt 0.048554 0.931505
vt 0.009249 0.926389
vt 0.048554 0.926389
vt 0.205772 0.931505
vt 0.166468 0.926389
vt 0.205772 0.926389
vt 0.562275 0.908522
vt 0.605651 0.905337
vt 0.605651 0.908570
vt 0.433049 0.236060
vt 0.385590 0.318645
vt 0.424087 0.321336
vt 0.421727 0.388923
vt 0.456381 0.490286
vt 0.448978 0.576688
vt 0.440221 0.491390
vt 0.454299 0.429245
vt 0.479387 0.657900
vt 0.456252 0.618939
vt 0.472206 0.616192
vt 0.624817 0.068589
vt 0.576607 0.095732
vt 0.613631 0.105613
vt 0.557002 0.386066
vt 0.573504 0.411586
vt 0.576025 0.334273
vt 0.583578 0.257289
vt 0.537787 0.331777
vt 0.781453 0.239696
vt 0.822550 0.198777
vt 0.825862 0.239689
vt 0.825882 0.388977
vt 0.781477 0.484184
vt 0.781472 0.388980
vt 0.781462 0.293775
vt 0.447936 0.151616
vt 0.402563 0.185973
vt 0.440492 0.193838
vt 0.899482 0.388972
vt 0.943758 0.293753
vt 0.943766 0.388970
vt 0.943767 0.484185
vt 0.943751 0.239713
vt 0.902764 0.198802
vt 0.943745 0.198795
vt 0.345396 0.908570
vt 0.432147 0.905337
vt 0.432147 0.908570
vt 0.518899 0.908522
vt 0.848384 0.291851
vt 0.860316 0.248475
vt 0.860315 0.291851
vt 0.136293 0.620493
vt 0.037968 0.670133
vt 0.136293 0.672057
vt 0.932038 0.162068
vt 0.136293 0.368163
vt 0.037968 0.459949
vt 0.136293 0.459949
vt 0.136293 0.565887
vt 0.161186 0.481368
vt 0.142539 0.587331
vt 0.142539 0.481368
vt 0.142539 0.389561
vt 0.161186 0.389561
vt 0.797697 0.166563
vt 0.814145 0.098361
vt 0.797649 0.098333
vt 0.161186 0.641950
vt 0.142539 0.693526
vt 0.142539 0.641950
vt 0.706873 0.083031
vt 0.696504 0.132865
vt 0.706873 0.132865
vt 0.696504 0.288023
vt 0.706873 0.376729
vt 0.706873 0.288023
vt 0.696504 0.185639
vt 0.991449 0.238896
vt 0.996306 0.311542
vt 0.991449 0.311542
vt 0.991449 0.166251
vt 0.996306 0.202573
vt 0.991449 0.202573
vt 0.677312 0.384261
vt 0.672046 0.311478
vt 0.672046 0.384261
vt 0.996306 0.384188
vt 0.991449 0.384188
vt 0.991449 0.057282
vt 0.996306 0.020959
vt 0.996306 0.057282
vt 0.669154 0.541050
vt 0.663889 0.584351
vt 0.669154 0.584351
vt 0.525775 0.961163
vt 0.452769 0.989964
vt 0.452769 0.961163
vt 0.598782 0.961163
vt 0.562278 0.989964
vt 0.562279 0.961163
vt 0.379763 0.989964
vt 0.379763 0.961163
vt 0.744794 0.961163
vt 0.708291 0.989964
vt 0.708291 0.961163
vt 0.669154 0.384261
vt 0.663889 0.457044
vt 0.669154 0.457044
vt 0.677312 0.003428
vt 0.672046 0.041392
vt 0.677312 0.041392
vt 0.677312 0.311478
vt 0.672046 0.227472
vt 0.669154 0.690553
vt 0.663889 0.727130
vt 0.669154 0.727130
vt 0.663889 0.541050
vt 0.663889 0.625239
vt 0.663889 0.690553
vt 0.677312 0.143282
vt 0.672046 0.184171
vt 0.677312 0.184171
vt 0.677312 0.077968
vt 0.672046 0.143282
vt 0.671788 0.961163
vt 0.598782 0.989964
vt 0.991449 0.093605
vt 0.996306 0.166251
vt 0.696504 0.003428
vt 0.696504 0.083031
vt 0.161186 0.693526
vt 0.142539 0.720083
vt 0.037968 0.701601
vt 0.136293 0.733080
vt 0.682536 0.908488
vt 0.942459 0.162066
vt 0.781447 0.198785
vt 0.558543 0.173513
vt 0.483437 0.742781
vt 0.463527 0.661190
vt 0.426074 0.077904
vt 0.410886 0.143848
vt 0.166468 0.931505
vt 0.087858 0.926389
vt 0.710274 0.954423
vt 0.632920 0.954396
vt 0.605212 0.901588
vt 0.640697 0.083255
vt 0.661026 0.083255
vt 0.239103 0.710847
vt 0.239103 0.643583
vt 0.988455 0.128289
vt 0.947813 0.031428
vt 0.988455 0.031428
vt 0.091856 0.998026
vt 0.164502 0.993169
vt 0.669154 0.765093
vt 0.663889 0.765093
vt 0.672046 0.077968
vt 0.671788 0.989964
vt 0.996306 0.093605
vt 0.087858 0.931505
vt 0.710274 0.956575
vt 0.307546 0.710847
vt 0.091856 0.993169
vt 0.587096 0.056003
vt 0.636003 0.031564
vt 0.599691 0.019289
vt 0.499104 0.738740
vt 0.501173 0.746157
vt 0.298636 0.819231
vt 0.263593 0.901434
vt 0.254421 0.820459
vt 0.320095 0.817163
vt 0.298656 0.901643
vt 0.933307 0.063062
vt 0.867444 0.341110
vt 0.877682 0.248475
vt 0.877682 0.343050
vt 0.848882 0.345093
vt 0.860314 0.335227
vt 0.860314 0.345093
vt 0.873803 0.369622
vt 0.877003 0.370228
vt 0.306914 0.793385
vt 0.297094 0.794370
vt 0.210376 0.796857
vt 0.253735 0.795614
vt 0.032493 0.667271
vt 0.005182 0.727197
vt 0.032493 0.749170
vt 0.032493 0.464915
vt 0.005182 0.565982
vt 0.032493 0.565982
vt 0.032493 0.377349
vt 0.005182 0.464915
vt 0.005182 0.618078
vt 0.032493 0.618078
vt 0.380247 0.710856
vt 0.311710 0.748524
vt 0.380247 0.748524
vt 0.311710 0.643591
vt 0.380247 0.643591
vt 0.311710 0.601482
vt 0.380247 0.601482
vt 0.380247 0.787622
vt 0.380247 0.470373
vt 0.311710 0.395416
vt 0.311710 0.470373
vt 0.311710 0.556888
vt 0.380247 0.556888
vt 0.839064 0.706787
vt 0.883772 0.637629
vt 0.883763 0.678271
vt 0.988455 0.003428
vt 0.742229 0.053496
vt 0.713405 0.003428
vt 0.746360 0.721990
vt 0.742229 0.245148
vt 0.947813 0.128289
vt 0.237148 0.993168
vt 0.307546 0.556880
vt 0.545584 0.252307
vt 0.555566 0.956529
vt 0.245077 0.931505
vt 0.518899 0.905275
vt 0.465025 0.574485
vt 0.825871 0.293770
vt 0.394833 0.230690
vt 0.899473 0.293758
vt 0.037968 0.565887
vt 0.161186 0.587331
vt 0.706873 0.185639
vt 0.996306 0.238896
vt 0.669154 0.625239
vt 0.525775 0.989964
vt 0.677312 0.227472
vt 0.235477 0.641950
vt 0.216436 0.587331
vt 0.235477 0.587331
vt 0.235477 0.693526
vt 0.216436 0.763699
vt 0.216436 0.693526
vt 0.216436 0.641950
vt 0.235477 0.481368
vt 0.216436 0.389561
vt 0.235477 0.389561
vt 0.216436 0.481368
vt 0.161186 0.730163
vt 0.469617 0.901588
vt 0.477779 0.901588
vt 0.534618 0.564933
vt 0.530804 0.606104
vt 0.523967 0.566395
vt 0.874724 0.447699
vt 0.860738 0.381882
vt 0.874756 0.379572
vt 0.567047 0.721215
vt 0.566314 0.758554
vt 0.556648 0.723897
vt 0.548167 0.643627
vt 0.537640 0.645812
vt 0.541392 0.604280
vt 0.515738 0.486232
vt 0.525299 0.451367
vt 0.526463 0.485499
vt 0.552551 0.901588
vt 0.544121 0.901588
vt 0.526003 0.901588
vt 0.874708 0.538997
vt 0.860910 0.594191
vt 0.860650 0.534151
vt 0.874699 0.518114
vt 0.868071 0.508395
vt 0.874702 0.508397
vt 0.860011 0.514436
vt 0.874756 0.603989
vt 0.860947 0.606593
vt 0.874717 0.466248
vt 0.859884 0.466243
vt 0.797641 0.063070
vt 0.779749 0.069740
vt 0.793954 0.114610
vt 0.793954 0.069615
vt 0.581490 0.800912
vt 0.578085 0.760795
vt 0.591172 0.797336
vt 0.860067 0.448189
vt 0.664318 0.901588
vt 0.664182 0.856594
vt 0.514462 0.448833
vt 0.853886 0.172538
vt 0.865485 0.159751
vt 0.853746 0.153057
vt 0.523741 0.405694
vt 0.512990 0.405694
vt 0.400084 0.396247
vt 0.382504 0.407030
vt 0.400084 0.407030
vt 0.535184 0.411586
vt 0.557002 0.411586
vt 0.536674 0.365911
vt 0.877981 0.085760
vt 0.888764 0.112595
vt 0.877996 0.112602
vt 0.843012 0.100838
vt 0.868790 0.090070
vt 0.868787 0.100838
vt 0.876837 0.139921
vt 0.824976 0.100838
vt 0.843011 0.082666
vt 0.552260 0.946431
vt 0.590937 0.948584
vt 0.552260 0.948574
vt 0.690869 0.241821
vt 0.686878 0.195747
vt 0.686878 0.241821
vt 0.706969 0.946477
vt 0.745645 0.948638
vt 0.706968 0.948620
vt 0.684255 0.665063
vt 0.680263 0.621556
vt 0.680263 0.665063
vt 0.629614 0.948593
vt 0.629614 0.946450
vt 0.690869 0.152240
vt 0.690869 0.195747
vt 0.590937 0.946441
vt 0.684255 0.575482
vt 0.680263 0.486096
vt 0.680263 0.575482
vt 0.745646 0.946495
vt 0.784322 0.948655
vt 0.684255 0.734560
vt 0.680263 0.734560
vt 0.474905 0.948563
vt 0.397551 0.946416
vt 0.474906 0.946420
vt 0.686878 0.331208
vt 0.690869 0.331208
vt 0.204340 0.940693
vt 0.243153 0.937329
vt 0.243152 0.940699
vt 0.049090 0.940658
vt 0.087903 0.937299
vt 0.087902 0.940669
vt 0.165528 0.937317
vt 0.165527 0.940687
vt 0.204340 0.937323
vt 0.010278 0.937277
vt 0.049091 0.937288
vt 0.320777 0.937337
vt 0.398402 0.940709
vt 0.320777 0.940707
vt 0.690869 0.003428
vt 0.686878 0.043823
vt 0.690869 0.043823
vt 0.684255 0.621556
vt 0.684255 0.813874
vt 0.680263 0.773479
vt 0.680263 0.813874
vt 0.690869 0.082742
vt 0.686878 0.082742
vt 0.686878 0.408653
vt 0.690869 0.408653
vt 0.684255 0.773479
vt 0.684255 0.408651
vt 0.684255 0.486096
vt 0.686878 0.152240
vt 0.093171 0.845791
vt 0.084709 0.878267
vt 0.093133 0.882064
vt 0.066657 0.834166
vt 0.018436 0.848393
vt 0.066607 0.870107
vt 0.084751 0.842099
vt 0.018501 0.813052
vt 0.010208 0.844685
vt 0.129697 0.861806
vt 0.093229 0.789052
vt 0.066740 0.773732
vt 0.084817 0.784187
vt 0.145772 0.819439
vt 0.145762 0.861413
vt 0.018623 0.745905
vt 0.010225 0.809423
vt 0.129716 0.810153
vt 0.911934 0.905272
vt 0.933293 0.870216
vt 0.933288 0.905276
vt 0.775279 0.189641
vt 0.746360 0.135248
vt 0.746360 0.189641
vt 0.813552 0.905267
vt 0.911927 0.959132
vt 0.813541 0.959114
vt 0.775279 0.135248
vt 0.746360 0.053930
vt 0.775279 0.358994
vt 0.746360 0.455816
vt 0.775279 0.247243
vt 0.746360 0.358994
vt 0.742229 0.715817
vt 0.713405 0.769743
vt 0.742229 0.769743
vt 0.775279 0.053930
vt 0.746360 0.003428
vt 0.713405 0.850362
vt 0.742229 0.850362
vt 0.742229 0.547919
vt 0.713405 0.451929
vt 0.713405 0.547919
vt 0.742229 0.658710
vt 0.709346 0.993168
vt 0.745668 0.998025
vt 0.709346 0.998025
vt 0.455085 0.998025
vt 0.947813 0.515734
vt 0.988455 0.515734
vt 0.947813 0.612595
vt 0.988455 0.612595
vt 0.947813 0.661026
vt 0.988455 0.661026
vt 0.564054 0.993168
vt 0.600377 0.998025
vt 0.564054 0.998025
vt 0.455085 0.993168
vt 0.527731 0.998025
vt 0.239103 0.320455
vt 0.307546 0.233942
vt 0.307546 0.320455
vt 0.239103 0.042307
vt 0.307546 0.003211
vt 0.307546 0.042307
vt 0.239103 0.189348
vt 0.307546 0.147239
vt 0.307546 0.189348
vt 0.661026 0.489219
vt 0.640697 0.579183
vt 0.640697 0.489219
vt 0.661026 0.819117
vt 0.640697 0.778461
vt 0.661026 0.778461
vt 0.661026 0.669344
vt 0.640697 0.625555
vt 0.661026 0.625555
vt 0.552063 0.610262
vt 0.596132 0.642211
vt 0.589855 0.604047
vt 0.323505 0.956517
vt 0.246150 0.954377
vt 0.323504 0.954365
vt 0.400858 0.956514
vt 0.052765 0.954440
vt 0.014089 0.956610
vt 0.014088 0.954457
vt 0.207473 0.954386
vt 0.168797 0.956548
vt 0.168796 0.954396
vt 0.559513 0.926389
vt 0.480904 0.931505
vt 0.480904 0.926389
vt 0.795340 0.926389
vt 0.756036 0.931505
vt 0.756036 0.926389
vt 0.638122 0.926389
vt 0.598817 0.931505
vt 0.598817 0.926389
vt 0.128516 0.908522
vt 0.085140 0.905337
vt 0.128516 0.905275
vt 0.424087 0.492724
vt 0.394833 0.583371
vt 0.433049 0.578000
vt 0.421727 0.425138
vt 0.385590 0.495416
vt 0.456381 0.321102
vt 0.448977 0.234700
vt 0.465025 0.236902
vt 0.454299 0.382142
vt 0.440221 0.319998
vt 0.456252 0.192448
vt 0.479387 0.153488
vt 0.472206 0.195195
vt 0.576607 0.727441
vt 0.624817 0.754584
vt 0.613631 0.717560
vt 0.557002 0.437106
vt 0.576025 0.488899
vt 0.537787 0.491395
vt 0.583578 0.565883
vt 0.781455 0.728655
vt 0.822546 0.769571
vt 0.781447 0.769562
vt 0.825881 0.579387
vt 0.781474 0.579384
vt 0.781464 0.674581
vt 0.402563 0.628087
vt 0.447937 0.662444
vt 0.440493 0.620222
vt 0.943746 0.674609
vt 0.899478 0.579394
vt 0.943759 0.579398
vt 0.943736 0.728643
vt 0.902752 0.769549
vt 0.899453 0.728636
vt 0.258644 0.905337
vt 0.258644 0.908570
vt 0.171892 0.908522
vt 0.834494 0.302065
vt 0.846426 0.345441
vt 0.834216 0.345441
vt 0.136293 0.115833
vt 0.037968 0.064269
vt 0.037968 0.115833
vt 0.910473 0.870241
vt 0.932022 0.806280
vt 0.037968 0.276377
vt 0.136293 0.276377
vt 0.136293 0.170439
vt 0.161186 0.297754
vt 0.142539 0.191791
vt 0.161186 0.191791
vt 0.142539 0.297754
vt 0.797695 0.801781
vt 0.814139 0.869977
vt 0.797644 0.870005
vt 0.161186 0.137172
vt 0.142539 0.085597
vt 0.161186 0.085597
vt 0.696504 0.620594
vt 0.706873 0.670427
vt 0.706873 0.620594
vt 0.706873 0.465436
vt 0.696504 0.376729
vt 0.696504 0.465436
vt 0.706873 0.567820
vt 0.996306 0.456834
vt 0.991449 0.529480
vt 0.991449 0.456834
vt 0.996306 0.565803
vt 0.991449 0.602126
vt 0.991449 0.565803
vt 0.677312 0.457044
vt 0.991449 0.711094
vt 0.996306 0.747417
vt 0.991449 0.747417
vt 0.663889 0.184171
vt 0.669154 0.227472
vt 0.669154 0.184171
vt 0.306757 0.989964
vt 0.233750 0.961163
vt 0.306757 0.961163
vt 0.197247 0.989963
vt 0.160744 0.961163
vt 0.197247 0.961163
vt 0.051235 0.989963
vt 0.014732 0.961163
vt 0.051235 0.961163
vt 0.669154 0.311477
vt 0.663889 0.384261
vt 0.672046 0.727130
vt 0.677312 0.765094
vt 0.677312 0.727130
vt 0.672046 0.457044
vt 0.677312 0.541050
vt 0.663889 0.041392
vt 0.669154 0.077968
vt 0.669154 0.041392
vt 0.663889 0.311477
vt 0.663889 0.077968
vt 0.669154 0.143282
vt 0.672046 0.584351
vt 0.677312 0.625240
vt 0.677312 0.584351
vt 0.672046 0.690554
vt 0.677312 0.690554
vt 0.160744 0.989963
vt 0.087738 0.961163
vt 0.996306 0.602126
vt 0.991449 0.674771
vt 0.696504 0.750031
vt 0.706873 0.750031
vt 0.142539 0.047008
vt 0.161186 0.038015
vt 0.136293 0.064269
vt 0.037968 0.039640
vt 0.008255 0.908488
vt 0.085140 0.908570
vt 0.943729 0.769557
vt 0.783643 0.801797
vt 0.558543 0.649659
vt 0.483437 0.068607
vt 0.499104 0.072648
vt 0.426074 0.736156
vt 0.468306 0.743921
vt 0.716731 0.926389
vt 0.638122 0.931505
vt 0.091442 0.954423
vt 0.145777 0.898540
vt 0.129684 0.898540
vt 0.661026 0.739291
vt 0.640697 0.669344
vt 0.239103 0.147239
vt 0.307546 0.079975
vt 0.947813 0.806317
vt 0.988455 0.709456
vt 0.988455 0.806317
vt 0.600377 0.993168
vt 0.673023 0.998025
vt 0.669154 0.003428
vt 0.087738 0.989963
vt 0.996306 0.674771
vt 0.716731 0.931505
vt 0.091443 0.956575
vt 0.640697 0.739291
vt 0.673023 0.993168
vt 0.587096 0.767169
vt 0.636003 0.791608
vt 0.501172 0.065231
vt 0.375933 0.874452
vt 0.410976 0.792250
vt 0.375913 0.792041
vt 0.354474 0.876520
vt 0.311964 0.792041
vt 0.933279 0.959136
vt 0.883382 0.341106
vt 0.893620 0.248472
vt 0.883382 0.246531
vt 0.834992 0.248823
vt 0.846425 0.258689
vt 0.834773 0.258689
vt 0.889742 0.369617
vt 0.893620 0.343046
vt 0.367655 0.900299
vt 0.464193 0.896827
vt 0.420148 0.873224
vt 0.420834 0.898070
vt 0.032493 0.087428
vt 0.005182 0.029176
vt 0.005182 0.087428
vt 0.032493 0.289783
vt 0.005182 0.188716
vt 0.005182 0.289783
vt 0.005182 0.136621
vt 0.032493 0.136621
vt 0.380247 0.079976
vt 0.311710 0.042308
vt 0.311710 0.079976
vt 0.311710 0.147241
vt 0.380247 0.147241
vt 0.311710 0.189351
vt 0.380247 0.189351
vt 0.380247 0.003211
vt 0.380247 0.042308
vt 0.311710 0.320459
vt 0.380247 0.395416
vt 0.380247 0.320459
vt 0.380247 0.233945
vt 0.839942 0.710339
vt 0.884650 0.779497
vt 0.839952 0.750982
vt 0.988455 0.834317
vt 0.713405 0.900430
vt 0.746360 0.247243
vt 0.713405 0.715817
vt 0.947813 0.709456
vt 0.527731 0.993168
vt 0.661026 0.579183
vt 0.246151 0.956529
vt 0.559513 0.931505
vt 0.171892 0.905275
vt 0.825869 0.674587
vt 0.899464 0.674602
vt 0.037968 0.170439
vt 0.696504 0.567820
vt 0.996306 0.529480
vt 0.233750 0.989964
vt 0.032493 0.188716
vt 0.311710 0.233945
vt 0.216436 0.191791
vt 0.235477 0.137172
vt 0.235477 0.191791
vt 0.235477 0.085597
vt 0.216436 0.012252
vt 0.235477 0.003211
vt 0.216436 0.137172
vt 0.235477 0.297754
vt 0.216436 0.297754
vt 0.216436 0.085597
vt 0.010182 0.898540
vt 0.018344 0.898540
vt 0.534618 0.246454
vt 0.530804 0.205284
vt 0.541392 0.207107
vt 0.875024 0.447700
vt 0.889009 0.381882
vt 0.889680 0.448190
vt 0.567047 0.090172
vt 0.566314 0.052833
vt 0.578085 0.050593
vt 0.548167 0.167760
vt 0.556648 0.087490
vt 0.525299 0.360021
vt 0.515738 0.325156
vt 0.526463 0.325889
vt 0.523967 0.244992
vt 0.093117 0.898540
vt 0.084686 0.898540
vt 0.066568 0.898540
vt 0.875040 0.538997
vt 0.888837 0.594191
vt 0.874999 0.594581
vt 0.881676 0.508395
vt 0.875049 0.518114
vt 0.875046 0.508397
vt 0.889097 0.534150
vt 0.874992 0.603989
vt 0.875031 0.466248
vt 0.797626 0.959115
vt 0.797635 0.905264
vt 0.793105 0.117410
vt 0.778900 0.162280
vt 0.793105 0.162404
vt 0.581490 0.010475
vt 0.591171 0.014051
vt 0.889863 0.466243
vt 0.204884 0.898540
vt 0.537640 0.165576
vt 0.514462 0.362555
vt 0.204747 0.853546
vt 0.847635 0.125715
vt 0.847775 0.145196
vt 0.836036 0.138503
vt 0.400084 0.417813
vt 0.536674 0.457261
vt 0.899547 0.085760
vt 0.888764 0.085754
vt 0.868790 0.111607
vt 0.843012 0.119011
vt 0.824684 0.158333
vt 0.824288 0.124394
vt 0.242843 0.948574
vt 0.204165 0.946441
vt 0.242842 0.946431
vt 0.690869 0.575484
vt 0.686878 0.621558
vt 0.690869 0.621558
vt 0.088134 0.948620
vt 0.049456 0.946494
vt 0.088133 0.946477
vt 0.684255 0.152239
vt 0.680263 0.195746
vt 0.684255 0.195746
vt 0.165489 0.948593
vt 0.165488 0.946450
vt 0.690869 0.665066
vt 0.204166 0.948584
vt 0.684255 0.241820
vt 0.680263 0.331206
vt 0.684255 0.331206
vt 0.010780 0.948655
vt 0.010779 0.946512
vt 0.684255 0.082742
vt 0.680263 0.152239
vt 0.320197 0.948563
vt 0.320197 0.946420
vt 0.690869 0.486098
vt 0.686878 0.575484
vt 0.553652 0.937329
vt 0.592464 0.940693
vt 0.553652 0.940699
vt 0.708901 0.937299
vt 0.747714 0.940658
vt 0.708902 0.940669
vt 0.631277 0.940686
vt 0.631276 0.937317
vt 0.786526 0.937277
vt 0.786527 0.940646
vt 0.476027 0.940707
vt 0.398402 0.937339
vt 0.476027 0.937336
vt 0.686878 0.773482
vt 0.690869 0.813877
vt 0.690869 0.773482
vt 0.684255 0.003428
vt 0.680263 0.043823
vt 0.684255 0.043823
vt 0.690869 0.734563
vt 0.686878 0.486098
vt 0.680263 0.408651
vt 0.686878 0.665066
vt 0.128516 0.919920
vt 0.171892 0.919920
vt 0.008255 0.919920
vt 0.085140 0.919920
vt 0.258644 0.919920
vt 0.345396 0.919920
vt 0.562275 0.919920
vt 0.518899 0.919920
vt 0.682536 0.919920
vt 0.605651 0.919920
vt 0.432147 0.919920
vt 0.377475 0.899314
vt 0.846426 0.302065
vt 0.848662 0.335227
vt 0.209728 0.901110
vt 0.210207 0.821688
vt 0.464842 0.792573
vt 0.544144 0.881315
vt 0.552606 0.848839
vt 0.552568 0.885112
vt 0.477871 0.851442
vt 0.526092 0.837214
vt 0.526042 0.873155
vt 0.544185 0.845147
vt 0.469643 0.847733
vt 0.477935 0.816099
vt 0.589132 0.864854
vt 0.589119 0.901588
vt 0.552664 0.792099
vt 0.526175 0.776780
vt 0.544252 0.787235
vt 0.605207 0.822487
vt 0.605197 0.864461
vt 0.469659 0.812471
vt 0.478058 0.748953
vt 0.589151 0.813201
vt 0.911951 0.063065
vt 0.933311 0.098125
vt 0.910489 0.098100
vt 0.775279 0.721990
vt 0.746360 0.776383
vt 0.775279 0.776383
vt 0.911946 0.009200
vt 0.813560 0.063067
vt 0.813550 0.009214
vt 0.746360 0.857701
vt 0.775279 0.857701
vt 0.775279 0.552638
vt 0.746360 0.455816
vt 0.746360 0.552638
vt 0.746360 0.664388
vt 0.775279 0.664388
vt 0.742229 0.188041
vt 0.713405 0.134116
vt 0.713405 0.188041
vt 0.746360 0.908203
vt 0.775279 0.908203
vt 0.742229 0.134116
vt 0.713405 0.053496
vt 0.742229 0.355939
vt 0.713405 0.451929
vt 0.742229 0.451929
vt 0.713405 0.245148
vt 0.713405 0.355939
vt 0.019210 0.998026
vt 0.055533 0.993169
vt 0.055533 0.998026
vt 0.309793 0.998025
vt 0.382439 0.993168
vt 0.382439 0.998025
vt 0.988455 0.418873
vt 0.947813 0.322012
vt 0.988455 0.322012
vt 0.947813 0.225151
vt 0.988455 0.225151
vt 0.947813 0.176720
vt 0.988455 0.176720
vt 0.164502 0.998025
vt 0.200825 0.993168
vt 0.200825 0.998025
vt 0.237148 0.998025
vt 0.309793 0.993168
vt 0.307546 0.470367
vt 0.239103 0.556880
vt 0.239103 0.470367
vt 0.307546 0.395411
vt 0.307546 0.787611
vt 0.239103 0.748515
vt 0.307546 0.748515
vt 0.307546 0.643583
vt 0.239103 0.601474
vt 0.307546 0.601474
vt 0.640697 0.333327
vt 0.661026 0.243363
vt 0.661026 0.333327
vt 0.640697 0.411273
vt 0.640697 0.044084
vt 0.661026 0.003428
vt 0.661026 0.044084
vt 0.640697 0.196991
vt 0.661026 0.153202
vt 0.661026 0.196991
vt 0.596132 0.180961
vt 0.552063 0.212910
vt 0.589855 0.219125
vt 0.478212 0.954365
vt 0.555566 0.956529
vt 0.478212 0.956517
vt 0.400858 0.956514
vt 0.400858 0.954361
vt 0.787628 0.954457
vt 0.748950 0.956592
vt 0.748951 0.954440
vt 0.632920 0.954396
vt 0.594243 0.956538
vt 0.594243 0.954386
vt 0.323686 0.931505
vt 0.245077 0.926389
vt 0.323686 0.926389
vt 0.402295 0.926389
vt 0.048554 0.931505
vt 0.009249 0.926389
vt 0.048554 0.926389
vt 0.205772 0.931505
vt 0.166468 0.926389
vt 0.205772 0.926389
vt 0.562275 0.908522
vt 0.605651 0.905337
vt 0.605651 0.908570
vt 0.433049 0.236060
vt 0.385590 0.318645
vt 0.424087 0.321336
vt 0.421727 0.388923
vt 0.465025 0.574485
vt 0.440221 0.491390
vt 0.456381 0.490286
vt 0.454299 0.429245
vt 0.479387 0.657900
vt 0.456252 0.618939
vt 0.472206 0.616192
vt 0.624817 0.068589
vt 0.576607 0.095732
vt 0.613631 0.105613
vt 0.557002 0.386066
vt 0.573504 0.411586
vt 0.576025 0.334273
vt 0.545584 0.252307
vt 0.537787 0.331777
vt 0.781453 0.239696
vt 0.822550 0.198777
vt 0.825862 0.239689
vt 0.825882 0.388977
vt 0.781477 0.484184
vt 0.781472 0.388980
vt 0.781462 0.293775
vt 0.447936 0.151616
vt 0.402563 0.185973
vt 0.440492 0.193838
vt 0.899482 0.388972
vt 0.943758 0.293753
vt 0.943766 0.388970
vt 0.943767 0.484185
vt 0.943751 0.239713
vt 0.902764 0.198802
vt 0.943745 0.198795
vt 0.345396 0.908570
vt 0.432147 0.905337
vt 0.432147 0.908570
vt 0.518899 0.908522
vt 0.848384 0.291851
vt 0.860316 0.248475
vt 0.860315 0.291851
vt 0.136293 0.620493
vt 0.037968 0.670133
vt 0.136293 0.672057
vt 0.932038 0.162068
vt 0.136293 0.459949
vt 0.037968 0.368163
vt 0.037968 0.459949
vt 0.136293 0.565887
vt 0.161186 0.481368
vt 0.142539 0.587331
vt 0.142539 0.481368
vt 0.142539 0.389561
vt 0.161186 0.389561
vt 0.797697 0.166563
vt 0.814145 0.098361
vt 0.797649 0.098333
vt 0.161186 0.641950
vt 0.142539 0.693526
vt 0.142539 0.641950
vt 0.706873 0.083031
vt 0.696504 0.132865
vt 0.706873 0.132865
vt 0.706873 0.288023
vt 0.696504 0.376729
vt 0.706873 0.376729
vt 0.696504 0.185639
vt 0.696504 0.288023
vt 0.991449 0.238896
vt 0.996306 0.311542
vt 0.991449 0.311542
vt 0.991449 0.166251
vt 0.996306 0.202573
vt 0.991449 0.202573
vt 0.677312 0.384261
vt 0.672046 0.311478
vt 0.672046 0.384261
vt 0.996306 0.384188
vt 0.991449 0.384188
vt 0.991449 0.057282
vt 0.996306 0.020959
vt 0.996306 0.057282
vt 0.669154 0.541050
vt 0.663889 0.584351
vt 0.669154 0.584351
vt 0.525775 0.961163
vt 0.452769 0.989964
vt 0.452769 0.961163
vt 0.598782 0.961163
vt 0.562278 0.989964
vt 0.562279 0.961163
vt 0.379763 0.989964
vt 0.379763 0.961163
vt 0.744794 0.961163
vt 0.708291 0.989964
vt 0.708291 0.961163
vt 0.669154 0.384261
vt 0.663889 0.457044
vt 0.669154 0.457044
vt 0.677312 0.003428
vt 0.672046 0.041392
vt 0.677312 0.041392
vt 0.677312 0.311478
vt 0.672046 0.227472
vt 0.669154 0.690553
vt 0.663889 0.727130
vt 0.669154 0.727130
vt 0.663889 0.541050
vt 0.663889 0.625239
vt 0.663889 0.690553
vt 0.677312 0.143282
vt 0.672046 0.184171
vt 0.677312 0.184171
vt 0.677312 0.077968
vt 0.672046 0.143282
vt 0.671788 0.961163
vt 0.598782 0.989964
vt 0.991449 0.093605
vt 0.996306 0.166251
vt 0.696504 0.003428
vt 0.696504 0.083031
vt 0.161186 0.693526
vt 0.142539 0.720083
vt 0.037968 0.701601
vt 0.136293 0.733080
vt 0.682536 0.908488
vt 0.942459 0.162066
vt 0.781447 0.198785
vt 0.558543 0.173513
vt 0.483437 0.742781
vt 0.463527 0.661190
vt 0.426074 0.077904
vt 0.410886 0.143848
vt 0.166468 0.931505
vt 0.087858 0.926389
vt 0.710274 0.954423
vt 0.632920 0.956548
vt 0.605212 0.901588
vt 0.640697 0.153202
vt 0.661026 0.083255
vt 0.307546 0.710847
vt 0.239103 0.643583
vt 0.988455 0.128289
vt 0.947813 0.031428
vt 0.988455 0.031428
vt 0.091856 0.998026
vt 0.164502 0.993169
vt 0.669154 0.765093
vt 0.663889 0.765093
vt 0.672046 0.077968
vt 0.671788 0.989964
vt 0.996306 0.093605
vt 0.087858 0.931505
vt 0.710274 0.956575
vt 0.239103 0.710847
vt 0.091856 0.993169
vt 0.587096 0.056003
vt 0.636003 0.031564
vt 0.599691 0.019289
vt 0.499104 0.738740
vt 0.501173 0.746157
vt 0.298636 0.819231
vt 0.263593 0.901434
vt 0.254421 0.820459
vt 0.320095 0.817163
vt 0.298656 0.901643
vt 0.933307 0.063062
vt 0.867444 0.341110
vt 0.877682 0.248475
vt 0.877682 0.343050
vt 0.848882 0.345093
vt 0.860314 0.335227
vt 0.860314 0.345093
vt 0.873803 0.369622
vt 0.877003 0.370228
vt 0.306914 0.793385
vt 0.297094 0.794370
vt 0.210376 0.796857
vt 0.253735 0.795614
vt 0.032493 0.667271
vt 0.005182 0.727197
vt 0.032493 0.749170
vt 0.032493 0.464915
vt 0.005182 0.565982
vt 0.032493 0.565982
vt 0.005182 0.377349
vt 0.005182 0.464915
vt 0.005182 0.618078
vt 0.032493 0.618078
vt 0.380247 0.710856
vt 0.311710 0.748524
vt 0.380247 0.748524
vt 0.311710 0.643591
vt 0.380247 0.643591
vt 0.311710 0.601482
vt 0.380247 0.601482
vt 0.380247 0.787622
vt 0.380247 0.395416
vt 0.311710 0.470373
vt 0.380247 0.470373
vt 0.311710 0.556888
vt 0.380247 0.556888
vt 0.839064 0.706787
vt 0.883772 0.637629
vt 0.883763 0.678271
vt 0.988455 0.003428
vt 0.742229 0.053496
vt 0.713405 0.003428
vt 0.746360 0.721990
vt 0.742229 0.245148
vt 0.947813 0.128289
vt 0.237148 0.993168
vt 0.307546 0.556880
vt 0.583578 0.257289
vt 0.555566 0.954377
vt 0.245077 0.931505
vt 0.518899 0.905275
vt 0.448978 0.576688
vt 0.825871 0.293770
vt 0.394833 0.230690
vt 0.899473 0.293758
vt 0.037968 0.565887
vt 0.161186 0.587331
vt 0.706873 0.185639
vt 0.996306 0.238896
vt 0.669154 0.625239
vt 0.525775 0.989964
vt 0.677312 0.227472
vt 0.235477 0.641950
vt 0.216436 0.587331
vt 0.235477 0.587331
vt 0.235477 0.693526
vt 0.216436 0.763699
vt 0.216436 0.693526
vt 0.216436 0.641950
vt 0.235477 0.481368
vt 0.216436 0.389561
vt 0.235477 0.389561
vt 0.216436 0.481368
vt 0.161186 0.730163
vt 0.469617 0.901588
vt 0.477779 0.901588
vt 0.534618 0.564933
vt 0.530804 0.606104
vt 0.523967 0.566395
vt 0.874724 0.447699
vt 0.860738 0.381882
vt 0.874756 0.379572
vt 0.567047 0.721215
vt 0.566314 0.758554
vt 0.556648 0.723897
vt 0.548167 0.643627
vt 0.537640 0.645812
vt 0.541392 0.604280
vt 0.515738 0.486232
vt 0.525299 0.451367
vt 0.526463 0.485499
vt 0.552551 0.901588
vt 0.544121 0.901588
vt 0.526003 0.901588
vt 0.874708 0.538997
vt 0.860910 0.594191
vt 0.860650 0.534151
vt 0.874699 0.518114
vt 0.868071 0.508395
vt 0.874702 0.508397
vt 0.860011 0.514436
vt 0.874756 0.603989
vt 0.860947 0.606593
vt 0.874717 0.466248
vt 0.859884 0.466243
vt 0.797634 0.009214
vt 0.779749 0.069740
vt 0.793954 0.114610
vt 0.793954 0.069615
vt 0.581490 0.800912
vt 0.578085 0.760795
vt 0.591172 0.797336
vt 0.860067 0.448189
vt 0.664318 0.901588
vt 0.664182 0.856594
vt 0.514462 0.448833
vt 0.853886 0.172538
vt 0.865485 0.159751
vt 0.853746 0.153057
vt 0.523741 0.405694
vt 0.512990 0.405694
vt 0.400084 0.396247
vt 0.382504 0.407030
vt 0.400084 0.407030
vt 0.535184 0.411586
vt 0.557002 0.411586
vt 0.536674 0.365911
vt 0.877981 0.085760
vt 0.888764 0.112595
vt 0.877996 0.112602
vt 0.843012 0.100838
vt 0.868790 0.090070
vt 0.868787 0.100838
vt 0.876837 0.139921
vt 0.824976 0.100838
vt 0.843011 0.082666
vt 0.552260 0.946431
vt 0.590937 0.948584
vt 0.552260 0.948574
vt 0.690869 0.241821
vt 0.686878 0.195747
vt 0.686878 0.241821
vt 0.745646 0.946495
vt 0.706968 0.948620
vt 0.706969 0.946477
vt 0.684255 0.665063
vt 0.680263 0.621556
vt 0.680263 0.665063
vt 0.629614 0.946450
vt 0.629614 0.948593
vt 0.690869 0.152240
vt 0.690869 0.195747
vt 0.590937 0.946441
vt 0.684255 0.575482
vt 0.680263 0.486096
vt 0.680263 0.575482
vt 0.784323 0.946512
vt 0.745645 0.948638
vt 0.684255 0.734560
vt 0.680263 0.734560
vt 0.474906 0.946420
vt 0.397551 0.948559
vt 0.397551 0.946416
vt 0.686878 0.331208
vt 0.690869 0.331208
vt 0.474905 0.948563
vt 0.243152 0.940699
vt 0.204340 0.937323
vt 0.243153 0.937329
vt 0.049090 0.940658
vt 0.087903 0.937299
vt 0.087902 0.940669
vt 0.165528 0.937317
vt 0.165527 0.940687
vt 0.204340 0.940693
vt 0.010278 0.937277
vt 0.049091 0.937288
vt 0.320777 0.937337
vt 0.398402 0.940709
vt 0.320777 0.940707
vt 0.690869 0.003428
vt 0.686878 0.043823
vt 0.690869 0.043823
vt 0.684255 0.621556
vt 0.684255 0.813874
vt 0.680263 0.773479
vt 0.680263 0.813874
vt 0.690869 0.082742
vt 0.686878 0.082742
vt 0.686878 0.408653
vt 0.690869 0.408653
vt 0.684255 0.773479
vt 0.684255 0.408651
vt 0.684255 0.486096
vt 0.686878 0.152240
vt 0.093171 0.845791
vt 0.084709 0.878267
vt 0.093133 0.882064
vt 0.066657 0.834166
vt 0.018436 0.848393
vt 0.066607 0.870107
vt 0.084751 0.842099
vt 0.018501 0.813052
vt 0.010208 0.844685
vt 0.129697 0.861806
vt 0.093229 0.789052
vt 0.066740 0.773732
vt 0.084817 0.784187
vt 0.145772 0.819439
vt 0.145762 0.861413
vt 0.018623 0.745905
vt 0.010225 0.809423
vt 0.129716 0.810153
vt 0.911934 0.905272
vt 0.933293 0.870216
vt 0.933288 0.905276
vt 0.775279 0.189641
vt 0.746360 0.135248
vt 0.746360 0.189641
vt 0.813552 0.905267
vt 0.911927 0.959132
vt 0.813541 0.959114
vt 0.775279 0.135248
vt 0.746360 0.053930
vt 0.775279 0.358994
vt 0.775279 0.455816
vt 0.775279 0.247243
vt 0.746360 0.358994
vt 0.742229 0.715817
vt 0.713405 0.769743
vt 0.742229 0.769743
vt 0.775279 0.053930
vt 0.746360 0.003428
vt 0.713405 0.850362
vt 0.742229 0.850362
vt 0.742229 0.547919
vt 0.713405 0.547919
vt 0.742229 0.658710
vt 0.709346 0.993168
vt 0.745668 0.998025
vt 0.709346 0.998025
vt 0.455085 0.998025
vt 0.947813 0.515734
vt 0.988455 0.515734
vt 0.947813 0.612595
vt 0.988455 0.612595
vt 0.947813 0.661026
vt 0.988455 0.661026
vt 0.564054 0.993168
vt 0.600377 0.998025
vt 0.564054 0.998025
vt 0.455085 0.993168
vt 0.527731 0.998025
vt 0.239103 0.320455
vt 0.307546 0.233942
vt 0.307546 0.320455
vt 0.239103 0.395411
vt 0.239103 0.042307
vt 0.307546 0.003211
vt 0.307546 0.042307
vt 0.239103 0.189348
vt 0.307546 0.147239
vt 0.307546 0.189348
vt 0.661026 0.579183
vt 0.640697 0.489219
vt 0.661026 0.489219
vt 0.661026 0.411273
vt 0.661026 0.819117
vt 0.640697 0.778461
vt 0.661026 0.778461
vt 0.661026 0.669344
vt 0.640697 0.625555
vt 0.661026 0.625555
vt 0.552063 0.610262
vt 0.596132 0.642211
vt 0.589855 0.604047
vt 0.323505 0.956517
vt 0.246150 0.954377
vt 0.323504 0.954365
vt 0.052765 0.954440
vt 0.014089 0.956610
vt 0.014088 0.954457
vt 0.207473 0.954386
vt 0.168797 0.956548
vt 0.168796 0.954396
vt 0.559513 0.926389
vt 0.480904 0.931505
vt 0.480904 0.926389
vt 0.795340 0.926389
vt 0.756036 0.931505
vt 0.756036 0.926389
vt 0.638122 0.926389
vt 0.598817 0.931505
vt 0.598817 0.926389
vt 0.128516 0.908522
vt 0.085140 0.905337
vt 0.128516 0.905275
vt 0.424087 0.492724
vt 0.394833 0.583371
vt 0.433049 0.578000
vt 0.421727 0.425138
vt 0.385590 0.495416
vt 0.456381 0.321102
vt 0.448977 0.234700
vt 0.465025 0.236902
vt 0.454299 0.382142
vt 0.440221 0.319998
vt 0.456252 0.192448
vt 0.479387 0.153488
vt 0.472206 0.195195
vt 0.576607 0.727441
vt 0.624817 0.754584
vt 0.613631 0.717560
vt 0.557002 0.437106
vt 0.576025 0.488899
vt 0.537787 0.491395
vt 0.583578 0.565883
vt 0.781455 0.728655
vt 0.822546 0.769571
vt 0.781447 0.769562
vt 0.825881 0.579387
vt 0.781474 0.579384
vt 0.781464 0.674581
vt 0.402563 0.628087
vt 0.447937 0.662444
vt 0.440493 0.620222
vt 0.943746 0.674609
vt 0.899478 0.579394
vt 0.943759 0.579398
vt 0.943736 0.728643
vt 0.902752 0.769549
vt 0.899453 0.728636
vt 0.258644 0.905337
vt 0.258644 0.908570
vt 0.171892 0.908522
vt 0.834494 0.302065
vt 0.846426 0.345441
vt 0.834216 0.345441
vt 0.136293 0.115833
vt 0.037968 0.064269
vt 0.037968 0.115833
vt 0.910473 0.870241
vt 0.932022 0.806280
vt 0.136293 0.276377
vt 0.136293 0.368163
vt 0.136293 0.170439
vt 0.037968 0.276377
vt 0.161186 0.297754
vt 0.142539 0.191791
vt 0.161186 0.191791
vt 0.142539 0.297754
vt 0.797695 0.801781
vt 0.814139 0.869977
vt 0.797644 0.870005
vt 0.161186 0.137172
vt 0.142539 0.085597
vt 0.161186 0.085597
vt 0.696504 0.620594
vt 0.706873 0.670427
vt 0.706873 0.620594
vt 0.706873 0.465436
vt 0.696504 0.465436
vt 0.706873 0.567820
vt 0.996306 0.456834
vt 0.991449 0.529480
vt 0.991449 0.456834
vt 0.996306 0.565803
vt 0.991449 0.602126
vt 0.991449 0.565803
vt 0.672046 0.457044
vt 0.677312 0.457044
vt 0.991449 0.711094
vt 0.996306 0.747417
vt 0.991449 0.747417
vt 0.663889 0.184171
vt 0.669154 0.227472
vt 0.669154 0.184171
vt 0.306757 0.989964
vt 0.233750 0.961163
vt 0.306757 0.961163
vt 0.197247 0.989963
vt 0.160744 0.961163
vt 0.197247 0.961163
vt 0.051235 0.989963
vt 0.014732 0.961163
vt 0.051235 0.961163
vt 0.663889 0.311477
vt 0.669154 0.311477
vt 0.672046 0.727130
vt 0.677312 0.765094
vt 0.677312 0.727130
vt 0.672046 0.541050
vt 0.677312 0.541050
vt 0.663889 0.041392
vt 0.669154 0.077968
vt 0.669154 0.041392
vt 0.663889 0.227472
vt 0.663889 0.077968
vt 0.669154 0.143282
vt 0.672046 0.584351
vt 0.677312 0.625240
vt 0.677312 0.584351
vt 0.672046 0.690554
vt 0.677312 0.690554
vt 0.160744 0.989963
vt 0.087738 0.961163
vt 0.996306 0.602126
vt 0.991449 0.674771
vt 0.696504 0.750031
vt 0.706873 0.750031
vt 0.142539 0.047008
vt 0.161186 0.038015
vt 0.136293 0.064269
vt 0.037968 0.039640
vt 0.008255 0.908488
vt 0.085140 0.908570
vt 0.943729 0.769557
vt 0.783643 0.801797
vt 0.483437 0.068607
vt 0.499104 0.072648
vt 0.426074 0.736156
vt 0.468306 0.743921
vt 0.716731 0.926389
vt 0.638122 0.931505
vt 0.091443 0.956575
vt 0.091442 0.954423
vt 0.145777 0.898540
vt 0.129684 0.898540
vt 0.661026 0.739291
vt 0.640697 0.669344
vt 0.239103 0.079975
vt 0.307546 0.079975
vt 0.947813 0.806317
vt 0.988455 0.709456
vt 0.988455 0.806317
vt 0.600377 0.993168
vt 0.673023 0.998025
vt 0.669154 0.003428
vt 0.087738 0.989963
vt 0.996306 0.674771
vt 0.716731 0.931505
vt 0.052766 0.956592
vt 0.640697 0.739291
vt 0.673023 0.993168
vt 0.587096 0.767169
vt 0.636003 0.791608
vt 0.501172 0.065231
vt 0.375933 0.874452
vt 0.410976 0.792250
vt 0.375913 0.792041
vt 0.354474 0.876520
vt 0.311964 0.792041
vt 0.933279 0.959136
vt 0.883382 0.341106
vt 0.893620 0.248472
vt 0.883382 0.246531
vt 0.834992 0.248823
vt 0.846425 0.258689
vt 0.834773 0.258689
vt 0.889742 0.369617
vt 0.893620 0.343046
vt 0.367655 0.900299
vt 0.464193 0.896827
vt 0.420148 0.873224
vt 0.420834 0.898070
vt 0.032493 0.087428
vt 0.005182 0.029176
vt 0.005182 0.087428
vt 0.032493 0.289783
vt 0.005182 0.188716
vt 0.005182 0.289783
vt 0.032493 0.377349
vt 0.005182 0.136621
vt 0.032493 0.136621
vt 0.380247 0.079976
vt 0.311710 0.042308
vt 0.311710 0.079976
vt 0.311710 0.147241
vt 0.380247 0.147241
vt 0.311710 0.189351
vt 0.380247 0.189351
vt 0.380247 0.003211
vt 0.380247 0.042308
vt 0.380247 0.320459
vt 0.311710 0.395416
vt 0.311710 0.233945
vt 0.311710 0.320459
vt 0.839942 0.710339
vt 0.884650 0.779497
vt 0.839952 0.750982
vt 0.988455 0.834317
vt 0.713405 0.900430
vt 0.746360 0.247243
vt 0.713405 0.715817
vt 0.947813 0.709456
vt 0.527731 0.993168
vt 0.640697 0.579183
vt 0.207474 0.956538
vt 0.559513 0.931505
vt 0.171892 0.905275
vt 0.825869 0.674587
vt 0.899464 0.674602
vt 0.037968 0.170439
vt 0.696504 0.567820
vt 0.996306 0.529480
vt 0.233750 0.989964
vt 0.032493 0.188716
vt 0.380247 0.233945
vt 0.216436 0.191791
vt 0.235477 0.137172
vt 0.235477 0.191791
vt 0.235477 0.085597
vt 0.216436 0.012252
vt 0.235477 0.003211
vt 0.216436 0.137172
vt 0.235477 0.297754
vt 0.216436 0.297754
vt 0.216436 0.085597
vt 0.010182 0.898540
vt 0.018344 0.898540
vt 0.534618 0.246454
vt 0.530804 0.205284
vt 0.541392 0.207107
vt 0.875024 0.447700
vt 0.889009 0.381882
vt 0.889680 0.448190
vt 0.567047 0.090172
vt 0.566314 0.052833
vt 0.578085 0.050593
vt 0.548167 0.167760
vt 0.556648 0.087490
vt 0.525299 0.360021
vt 0.515738 0.325156
vt 0.526463 0.325889
vt 0.093117 0.898540
vt 0.084686 0.898540
vt 0.066568 0.898540
vt 0.875040 0.538997
vt 0.888837 0.594191
vt 0.874999 0.594581
vt 0.881676 0.508395
vt 0.875049 0.518114
vt 0.875046 0.508397
vt 0.889097 0.534150
vt 0.874992 0.603989
vt 0.875031 0.466248
vt 0.797626 0.959115
vt 0.797635 0.905264
vt 0.793105 0.117410
vt 0.778900 0.162280
vt 0.793105 0.162404
vt 0.581490 0.010475
vt 0.591171 0.014051
vt 0.889863 0.466243
vt 0.523967 0.244992
vt 0.204884 0.898540
vt 0.537640 0.165576
vt 0.514462 0.362555
vt 0.204747 0.853546
vt 0.847635 0.125715
vt 0.847775 0.145196
vt 0.836036 0.138503
vt 0.400084 0.417813
vt 0.536674 0.457261
vt 0.899547 0.085760
vt 0.888764 0.085754
vt 0.868790 0.111607
vt 0.843012 0.119011
vt 0.824684 0.158333
vt 0.824288 0.124394
vt 0.242843 0.948574
vt 0.204165 0.946441
vt 0.242842 0.946431
vt 0.690869 0.575484
vt 0.686878 0.621558
vt 0.690869 0.621558
vt 0.088134 0.948620
vt 0.049456 0.946494
vt 0.088133 0.946477
vt 0.684255 0.152239
vt 0.680263 0.195746
vt 0.684255 0.195746
vt 0.165489 0.948593
vt 0.165488 0.946450
vt 0.690869 0.665066
vt 0.204166 0.948584
vt 0.684255 0.241820
vt 0.680263 0.331206
vt 0.684255 0.331206
vt 0.010780 0.948655
vt 0.010779 0.946512
vt 0.684255 0.082742
vt 0.680263 0.152239
vt 0.320197 0.948563
vt 0.320197 0.946420
vt 0.686878 0.486098
vt 0.690869 0.486098
vt 0.553652 0.937329
vt 0.592464 0.940693
vt 0.553652 0.940699
vt 0.708902 0.940669
vt 0.747713 0.937288
vt 0.747714 0.940658
vt 0.631277 0.940686
vt 0.708901 0.937299
vt 0.631276 0.937317
vt 0.786526 0.937277
vt 0.786527 0.940646
vt 0.476027 0.940707
vt 0.398402 0.937339
vt 0.476027 0.937336
vt 0.686878 0.773482
vt 0.690869 0.813877
vt 0.690869 0.773482
vt 0.684255 0.003428
vt 0.680263 0.043823
vt 0.684255 0.043823
vt 0.690869 0.734563
vt 0.680263 0.408651
vt 0.686878 0.665066
vt 0.128516 0.919920
vt 0.171892 0.919920
vt 0.008255 0.919920
vt 0.085140 0.919920
vt 0.258644 0.919920
vt 0.345396 0.919920
vt 0.562275 0.919920
vt 0.518899 0.919920
vt 0.682536 0.919920
vt 0.605651 0.919920
vt 0.432147 0.919920
vt 0.377475 0.899314
vt 0.846426 0.302065
vt 0.848662 0.335227
vt 0.209728 0.901110
vt 0.210207 0.821688
vt 0.464842 0.792573
vt 0.544144 0.881315
vt 0.552606 0.848839
vt 0.552568 0.885112
vt 0.477871 0.851442
vt 0.526092 0.837214
vt 0.526042 0.873155
vt 0.544185 0.845147
vt 0.469643 0.847733
vt 0.477935 0.816099
vt 0.589132 0.864854
vt 0.589119 0.901588
vt 0.552664 0.792099
vt 0.526175 0.776780
vt 0.544252 0.787235
vt 0.605207 0.822487
vt 0.605197 0.864461
vt 0.469659 0.812471
vt 0.478058 0.748953
vt 0.589151 0.813201
vt 0.911951 0.063065
vt 0.933311 0.098125
vt 0.910489 0.098100
vt 0.775279 0.721990
vt 0.746360 0.776383
vt 0.775279 0.776383
vt 0.911946 0.009200
vt 0.813560 0.063067
vt 0.813550 0.009214
vt 0.746360 0.857701
vt 0.775279 0.857701
vt 0.775279 0.552638
vt 0.746360 0.455816
vt 0.746360 0.552638
vt 0.746360 0.664388
vt 0.775279 0.664388
vt 0.742229 0.188041
vt 0.713405 0.134116
vt 0.713405 0.188041
vt 0.746360 0.908203
vt 0.775279 0.908203
vt 0.742229 0.134116
vt 0.713405 0.053496
vt 0.742229 0.355939
vt 0.713405 0.451929
vt 0.742229 0.451929
vt 0.742229 0.245148
vt 0.713405 0.355939
vt 0.019210 0.998026
vt 0.055533 0.993169
vt 0.055533 0.998026
vt 0.309793 0.998025
vt 0.382439 0.993168
vt 0.382439 0.998025
vt 0.988455 0.418873
vt 0.947813 0.322012
vt 0.988455 0.322012
vt 0.947813 0.225151
vt 0.988455 0.225151
vt 0.947813 0.176720
vt 0.988455 0.176720
vt 0.164502 0.998025
vt 0.200825 0.993168
vt 0.200825 0.998025
vt 0.237148 0.998025
vt 0.309793 0.993168
vt 0.307546 0.470367
vt 0.239103 0.556880
vt 0.239103 0.470367
vt 0.239103 0.395411
vt 0.307546 0.395411
vt 0.307546 0.787611
vt 0.239103 0.748515
vt 0.307546 0.748515
vt 0.307546 0.643583
vt 0.239103 0.601474
vt 0.307546 0.601474
vt 0.661026 0.333327
vt 0.640697 0.243363
vt 0.661026 0.243363
vt 0.640697 0.411273
vt 0.640697 0.333327
vt 0.640697 0.044084
vt 0.661026 0.003428
vt 0.661026 0.044084
vt 0.640697 0.196991
vt 0.661026 0.153202
vt 0.661026 0.196991
vt 0.596132 0.180961
vt 0.552063 0.212910
vt 0.589855 0.219125
vt 0.555566 0.954377
vt 0.478212 0.956517
vt 0.478212 0.954365
vt 0.400858 0.954361
vt 0.787628 0.954457
vt 0.748950 0.956592
vt 0.748951 0.954440
vt 0.632920 0.954396
vt 0.594243 0.956538
vt 0.594243 0.954386
vt 0.323686 0.931505
vt 0.245077 0.926389
vt 0.323686 0.926389
vt 0.402295 0.926389
vt 0.048554 0.931505
vt 0.009249 0.926389
vt 0.048554 0.926389
vt 0.205772 0.931505
vt 0.166468 0.926389
vt 0.205772 0.926389
vt 0.562275 0.908522
vt 0.605651 0.905337
vt 0.605651 0.908570
vt 0.433049 0.236060
vt 0.385590 0.318645
vt 0.424087 0.321336
vt 0.421727 0.388923
vt 0.456381 0.490286
vt 0.448978 0.576688
vt 0.440221 0.491390
vt 0.454299 0.429245
vt 0.479387 0.657900
vt 0.456252 0.618939
vt 0.472206 0.616192
vt 0.624817 0.068589
vt 0.576607 0.095732
vt 0.613631 0.105613
vt 0.557002 0.386066
vt 0.573504 0.411586
vt 0.576025 0.334273
vt 0.583578 0.257289
vt 0.537787 0.331777
vt 0.781453 0.239696
vt 0.822550 0.198777
vt 0.825862 0.239689
vt 0.825882 0.388977
vt 0.781477 0.484184
vt 0.781472 0.388980
vt 0.781462 0.293775
vt 0.447936 0.151616
vt 0.402563 0.185973
vt 0.440492 0.193838
vt 0.899482 0.388972
vt 0.943758 0.293753
vt 0.943766 0.388970
vt 0.943767 0.484185
vt 0.943751 0.239713
vt 0.902764 0.198802
vt 0.943745 0.198795
vt 0.345396 0.908570
vt 0.432147 0.905337
vt 0.432147 0.908570
vt 0.518899 0.908522
vt 0.848384 0.291851
vt 0.860316 0.248475
vt 0.860315 0.291851
vt 0.136293 0.620493
vt 0.037968 0.670133
vt 0.136293 0.672057
vt 0.932038 0.162068
vt 0.136293 0.368163
vt 0.037968 0.459949
vt 0.136293 0.459949
vt 0.136293 0.565887
vt 0.161186 0.481368
vt 0.142539 0.587331
vt 0.142539 0.481368
vt 0.142539 0.389561
vt 0.161186 0.389561
vt 0.797697 0.166563
vt 0.814145 0.098361
vt 0.797649 0.098333
vt 0.161186 0.641950
vt 0.142539 0.693526
vt 0.142539 0.641950
vt 0.706873 0.083031
vt 0.696504 0.132865
vt 0.706873 0.132865
vt 0.696504 0.288023
vt 0.706873 0.376729
vt 0.706873 0.288023
vt 0.696504 0.185639
vt 0.991449 0.238896
vt 0.996306 0.311542
vt 0.991449 0.311542
vt 0.991449 0.166251
vt 0.996306 0.202573
vt 0.991449 0.202573
vt 0.677312 0.384261
vt 0.672046 0.311478
vt 0.672046 0.384261
vt 0.996306 0.384188
vt 0.991449 0.384188
vt 0.991449 0.057282
vt 0.996306 0.020959
vt 0.996306 0.057282
vt 0.669154 0.541050
vt 0.663889 0.584351
vt 0.669154 0.584351
vt 0.525775 0.961163
vt 0.452769 0.989964
vt 0.452769 0.961163
vt 0.598782 0.961163
vt 0.562278 0.989964
vt 0.562279 0.961163
vt 0.379763 0.989964
vt 0.379763 0.961163
vt 0.744794 0.961163
vt 0.708291 0.989964
vt 0.708291 0.961163
vt 0.669154 0.384261
vt 0.663889 0.457044
vt 0.669154 0.457044
vt 0.677312 0.003428
vt 0.672046 0.041392
vt 0.677312 0.041392
vt 0.677312 0.311478
vt 0.672046 0.227472
vt 0.669154 0.690553
vt 0.663889 0.727130
vt 0.669154 0.727130
vt 0.663889 0.541050
vt 0.663889 0.625239
vt 0.663889 0.690553
vt 0.677312 0.143282
vt 0.672046 0.184171
vt 0.677312 0.184171
vt 0.677312 0.077968
vt 0.672046 0.143282
vt 0.671788 0.961163
vt 0.598782 0.989964
vt 0.991449 0.093605
vt 0.996306 0.166251
vt 0.696504 0.003428
vt 0.696504 0.083031
vt 0.161186 0.693526
vt 0.142539 0.720083
vt 0.037968 0.701601
vt 0.136293 0.733080
vt 0.682536 0.908488
vt 0.942459 0.162066
vt 0.781447 0.198785
vt 0.558543 0.173513
vt 0.483437 0.742781
vt 0.463527 0.661190
vt 0.426074 0.077904
vt 0.410886 0.143848
vt 0.166468 0.931505
vt 0.087858 0.926389
vt 0.710274 0.954423
vt 0.632920 0.956548
vt 0.605212 0.901588
vt 0.640697 0.083255
vt 0.661026 0.083255
vt 0.307546 0.710847
vt 0.239103 0.643583
vt 0.988455 0.128289
vt 0.947813 0.031428
vt 0.988455 0.031428
vt 0.091856 0.998026
vt 0.164502 0.993169
vt 0.669154 0.765093
vt 0.663889 0.765093
vt 0.672046 0.077968
vt 0.671788 0.989964
vt 0.996306 0.093605
vt 0.087858 0.931505
vt 0.710274 0.956575
vt 0.239103 0.710847
vt 0.091856 0.993169
vt 0.587096 0.056003
vt 0.636003 0.031564
vt 0.599691 0.019289
vt 0.499104 0.738740
vt 0.501173 0.746157
vt 0.298636 0.819231
vt 0.263593 0.901434
vt 0.254421 0.820459
vt 0.320095 0.817163
vt 0.298656 0.901643
vt 0.933307 0.063062
vt 0.867444 0.341110
vt 0.877682 0.248475
vt 0.877682 0.343050
vt 0.848882 0.345093
vt 0.860314 0.335227
vt 0.860314 0.345093
vt 0.873803 0.369622
vt 0.877003 0.370228
vt 0.306914 0.793385
vt 0.297094 0.794370
vt 0.210376 0.796857
vt 0.253735 0.795614
vt 0.032493 0.667271
vt 0.005182 0.727197
vt 0.032493 0.749170
vt 0.032493 0.464915
vt 0.005182 0.565982
vt 0.032493 0.565982
vt 0.005182 0.377349
vt 0.005182 0.464915
vt 0.005182 0.618078
vt 0.032493 0.618078
vt 0.380247 0.710856
vt 0.311710 0.748524
vt 0.380247 0.748524
vt 0.311710 0.643591
vt 0.380247 0.643591
vt 0.311710 0.601482
vt 0.380247 0.601482
vt 0.380247 0.787622
vt 0.380247 0.470373
vt 0.311710 0.395416
vt 0.311710 0.470373
vt 0.311710 0.556888
vt 0.380247 0.556888
vt 0.839064 0.706787
vt 0.883772 0.637629
vt 0.883763 0.678271
vt 0.988455 0.003428
vt 0.742229 0.053496
vt 0.713405 0.003428
vt 0.746360 0.721990
vt 0.713405 0.245148
vt 0.947813 0.128289
vt 0.237148 0.993168
vt 0.307546 0.556880
vt 0.545584 0.252307
vt 0.555566 0.956529
vt 0.245077 0.931505
vt 0.518899 0.905275
vt 0.465025 0.574485
vt 0.825871 0.293770
vt 0.394833 0.230690
vt 0.899473 0.293758
vt 0.037968 0.565887
vt 0.161186 0.587331
vt 0.706873 0.185639
vt 0.996306 0.238896
vt 0.669154 0.625239
vt 0.525775 0.989964
vt 0.677312 0.227472
vt 0.235477 0.641950
vt 0.216436 0.587331
vt 0.235477 0.587331
vt 0.235477 0.693526
vt 0.216436 0.763699
vt 0.216436 0.693526
vt 0.216436 0.641950
vt 0.235477 0.481368
vt 0.216436 0.389561
vt 0.235477 0.389561
vt 0.216436 0.481368
vt 0.161186 0.730163
vt 0.469617 0.901588
vt 0.477779 0.901588
vt 0.534618 0.564933
vt 0.530804 0.606104
vt 0.523967 0.566395
vt 0.874724 0.447699
vt 0.860738 0.381882
vt 0.874756 0.379572
vt 0.567047 0.721215
vt 0.566314 0.758554
vt 0.556648 0.723897
vt 0.548167 0.643627
vt 0.537640 0.645812
vt 0.541392 0.604280
vt 0.515738 0.486232
vt 0.525299 0.451367
vt 0.526463 0.485499
vt 0.552551 0.901588
vt 0.544121 0.901588
vt 0.526003 0.901588
vt 0.874708 0.538997
vt 0.860910 0.594191
vt 0.860650 0.534151
vt 0.874699 0.518114
vt 0.868071 0.508395
vt 0.874702 0.508397
vt 0.860011 0.514436
vt 0.874756 0.603989
vt 0.860947 0.606593
vt 0.874717 0.466248
vt 0.859884 0.466243
vt 0.797634 0.009214
vt 0.779749 0.069740
vt 0.793954 0.114610
vt 0.793954 0.069615
vt 0.581490 0.800912
vt 0.578085 0.760795
vt 0.591172 0.797336
vt 0.860067 0.448189
vt 0.664318 0.901588
vt 0.664182 0.856594
vt 0.514462 0.448833
vt 0.853886 0.172538
vt 0.865485 0.159751
vt 0.853746 0.153057
vt 0.523741 0.405694
vt 0.512990 0.405694
vt 0.400084 0.396247
vt 0.382504 0.407030
vt 0.400084 0.407030
vt 0.535184 0.411586
vt 0.557002 0.411586
vt 0.536674 0.365911
vt 0.877981 0.085760
vt 0.888764 0.112595
vt 0.877996 0.112602
vt 0.843012 0.100838
vt 0.868790 0.090070
vt 0.868787 0.100838
vt 0.876837 0.139921
vt 0.824976 0.100838
vt 0.843011 0.082666
vt 0.590937 0.946441
vt 0.552260 0.948574
vt 0.552260 0.946431
vt 0.690869 0.241821
vt 0.686878 0.195747
vt 0.686878 0.241821
vt 0.706969 0.946477
vt 0.745645 0.948638
vt 0.706968 0.948620
vt 0.684255 0.665063
vt 0.680263 0.621556
vt 0.680263 0.665063
vt 0.629614 0.946450
vt 0.629614 0.948593
vt 0.690869 0.152240
vt 0.690869 0.195747
vt 0.590937 0.948584
vt 0.684255 0.575482
vt 0.680263 0.486096
vt 0.680263 0.575482
vt 0.784323 0.946512
vt 0.745646 0.946495
vt 0.684255 0.734560
vt 0.680263 0.734560
vt 0.474906 0.946420
vt 0.397551 0.948559
vt 0.397551 0.946416
vt 0.686878 0.331208
vt 0.690869 0.331208
vt 0.474905 0.948563
vt 0.204340 0.940693
vt 0.243153 0.937329
vt 0.243152 0.940699
vt 0.049090 0.940658
vt 0.087903 0.937299
vt 0.087902 0.940669
vt 0.165528 0.937317
vt 0.165527 0.940687
vt 0.204340 0.937323
vt 0.010278 0.937277
vt 0.049091 0.937288
vt 0.320777 0.937337
vt 0.398402 0.940709
vt 0.320777 0.940707
vt 0.690869 0.003428
vt 0.686878 0.043823
vt 0.690869 0.043823
vt 0.684255 0.621556
vt 0.684255 0.813874
vt 0.680263 0.773479
vt 0.680263 0.813874
vt 0.690869 0.082742
vt 0.686878 0.082742
vt 0.690869 0.408653
vt 0.686878 0.408653
vt 0.684255 0.773479
vt 0.684255 0.408651
vt 0.684255 0.486096
vt 0.686878 0.152240
vt 0.093171 0.845791
vt 0.084709 0.878267
vt 0.093133 0.882064
vt 0.066657 0.834166
vt 0.018436 0.848393
vt 0.066607 0.870107
vt 0.084751 0.842099
vt 0.018501 0.813052
vt 0.010208 0.844685
vt 0.129697 0.861806
vt 0.093229 0.789052
vt 0.066740 0.773732
vt 0.084817 0.784187
vt 0.145772 0.819439
vt 0.145762 0.861413
vt 0.018623 0.745905
vt 0.010225 0.809423
vt 0.129716 0.810153
vt 0.911934 0.905272
vt 0.933293 0.870216
vt 0.933288 0.905276
vt 0.775279 0.189641
vt 0.746360 0.135248
vt 0.746360 0.189641
vt 0.813552 0.905267
vt 0.911927 0.959132
vt 0.813541 0.959114
vt 0.775279 0.135248
vt 0.746360 0.053930
vt 0.775279 0.358994
vt 0.775279 0.455816
vt 0.775279 0.247243
vt 0.746360 0.358994
vt 0.742229 0.715817
vt 0.713405 0.769743
vt 0.742229 0.769743
vt 0.775279 0.053930
vt 0.746360 0.003428
vt 0.713405 0.850362
vt 0.742229 0.850362
vt 0.742229 0.547919
vt 0.713405 0.547919
vt 0.742229 0.658710
vt 0.709346 0.993168
vt 0.745668 0.998025
vt 0.709346 0.998025
vt 0.455085 0.998025
vt 0.947813 0.515734
vt 0.988455 0.515734
vt 0.947813 0.612595
vt 0.988455 0.612595
vt 0.947813 0.661026
vt 0.988455 0.661026
vt 0.564054 0.993168
vt 0.600377 0.998025
vt 0.564054 0.998025
vt 0.455085 0.993168
vt 0.527731 0.998025
vt 0.239103 0.320455
vt 0.307546 0.233942
vt 0.307546 0.320455
vt 0.239103 0.042307
vt 0.307546 0.003211
vt 0.307546 0.042307
vt 0.239103 0.189348
vt 0.307546 0.147239
vt 0.307546 0.189348
vt 0.661026 0.489219
vt 0.640697 0.579183
vt 0.640697 0.489219
vt 0.661026 0.411273
vt 0.661026 0.819117
vt 0.640697 0.778461
vt 0.661026 0.778461
vt 0.661026 0.669344
vt 0.640697 0.625555
vt 0.661026 0.625555
vt 0.552063 0.610262
vt 0.596132 0.642211
vt 0.589855 0.604047
vt 0.323505 0.956517
vt 0.246150 0.954377
vt 0.323504 0.954365
vt 0.400858 0.956514
vt 0.052765 0.954440
vt 0.014089 0.956610
vt 0.014088 0.954457
vt 0.207473 0.954386
vt 0.168797 0.956548
vt 0.168796 0.954396
vt 0.559513 0.926389
vt 0.480904 0.931505
vt 0.480904 0.926389
vt 0.795340 0.926389
vt 0.756036 0.931505
vt 0.756036 0.926389
vt 0.638122 0.926389
vt 0.598817 0.931505
vt 0.598817 0.926389
vt 0.128516 0.908522
vt 0.053305 0.905293
vt 0.128516 0.905275
vt 0.424087 0.492724
vt 0.394833 0.583371
vt 0.433049 0.578000
vt 0.421727 0.425138
vt 0.385590 0.495416
vt 0.456381 0.321102
vt 0.448977 0.234700
vt 0.465025 0.236902
vt 0.454299 0.382142
vt 0.440221 0.319998
vt 0.456252 0.192448
vt 0.479387 0.153488
vt 0.472206 0.195195
vt 0.576607 0.727441
vt 0.624817 0.754584
vt 0.613631 0.717560
vt 0.557002 0.437106
vt 0.576025 0.488899
vt 0.537787 0.491395
vt 0.583578 0.565883
vt 0.781455 0.728655
vt 0.822546 0.769571
vt 0.781447 0.769562
vt 0.825881 0.579387
vt 0.781474 0.579384
vt 0.781464 0.674581
vt 0.402563 0.628087
vt 0.447937 0.662444
vt 0.440493 0.620222
vt 0.943746 0.674609
vt 0.899478 0.579394
vt 0.943759 0.579398
vt 0.923243 0.754603
vt 0.902752 0.769549
vt 0.899453 0.728636
vt 0.258644 0.905337
vt 0.258644 0.908570
vt 0.171892 0.908522
vt 0.834494 0.302065
vt 0.846426 0.345441
vt 0.834216 0.345441
vt 0.136293 0.115833
vt 0.037968 0.101951
vt 0.037968 0.115833
vt 0.910473 0.870241
vt 0.037968 0.276377
vt 0.136293 0.276377
vt 0.136293 0.170439
vt 0.161186 0.297754
vt 0.142539 0.191791
vt 0.161186 0.191791
vt 0.142539 0.297754
vt 0.797695 0.801781
vt 0.814139 0.869977
vt 0.797644 0.870005
vt 0.161186 0.137172
vt 0.142539 0.085597
vt 0.161186 0.085597
vt 0.696504 0.620594
vt 0.706873 0.670427
vt 0.706873 0.620594
vt 0.706873 0.465436
vt 0.696504 0.376729
vt 0.696504 0.465436
vt 0.706873 0.567820
vt 0.996306 0.456834
vt 0.991449 0.529480
vt 0.991449 0.456834
vt 0.996306 0.565803
vt 0.991449 0.602126
vt 0.991449 0.565803
vt 0.677312 0.457044
vt 0.991449 0.711094
vt 0.996306 0.747417
vt 0.991449 0.747417
vt 0.663889 0.184171
vt 0.669154 0.227472
vt 0.669154 0.184171
vt 0.306757 0.989964
vt 0.233750 0.961163
vt 0.306757 0.961163
vt 0.197247 0.989963
vt 0.160744 0.961163
vt 0.197247 0.961163
vt 0.051235 0.989963
vt 0.014732 0.961163
vt 0.051235 0.961163
vt 0.669154 0.311477
vt 0.663889 0.384261
vt 0.672046 0.727130
vt 0.677312 0.765094
vt 0.677312 0.727130
vt 0.672046 0.541050
vt 0.677312 0.541050
vt 0.663889 0.041392
vt 0.669154 0.077968
vt 0.669154 0.041392
vt 0.663889 0.227472
vt 0.663889 0.077968
vt 0.669154 0.143282
vt 0.672046 0.584351
vt 0.677312 0.625240
vt 0.677312 0.584351
vt 0.672046 0.690554
vt 0.677312 0.690554
vt 0.160744 0.989963
vt 0.087738 0.961163
vt 0.996306 0.602126
vt 0.991449 0.674771
vt 0.696504 0.750031
vt 0.706873 0.750031
vt 0.142539 0.047008
vt 0.161186 0.038015
vt 0.783643 0.801797
vt 0.558543 0.649659
vt 0.483437 0.068607
vt 0.499104 0.072648
vt 0.426074 0.736156
vt 0.468306 0.743921
vt 0.716731 0.926389
vt 0.638122 0.931505
vt 0.091443 0.956575
vt 0.091442 0.954423
vt 0.145777 0.898540
vt 0.129684 0.898540
vt 0.661026 0.739291
vt 0.640697 0.669344
vt 0.239103 0.147239
vt 0.307546 0.079975
vt 0.947813 0.806317
vt 0.988455 0.709456
vt 0.988455 0.806317
vt 0.600377 0.993168
vt 0.673023 0.998025
vt 0.669154 0.003428
vt 0.087738 0.989963
vt 0.996306 0.674771
vt 0.716731 0.931505
vt 0.052766 0.956592
vt 0.640697 0.739291
vt 0.673023 0.993168
vt 0.587096 0.767169
vt 0.636003 0.791608
vt 0.501172 0.065231
vt 0.404726 0.873228
vt 0.428429 0.793576
vt 0.404369 0.793579
vt 0.356752 0.879988
vt 0.314802 0.793560
vt 0.933279 0.959136
vt 0.883382 0.341106
vt 0.893620 0.248472
vt 0.883382 0.246531
vt 0.846424 0.248823
vt 0.834773 0.258689
vt 0.834992 0.248823
vt 0.889742 0.369617
vt 0.893620 0.343046
vt 0.367677 0.900400
vt 0.462208 0.896602
vt 0.435057 0.871770
vt 0.435148 0.898072
vt 0.032493 0.289783
vt 0.005182 0.188716
vt 0.005182 0.289783
vt 0.032493 0.377349
vt 0.032493 0.136621
vt 0.005182 0.073274
vt 0.005182 0.136621
vt 0.380247 0.079976
vt 0.311710 0.042308
vt 0.311710 0.079976
vt 0.311710 0.147241
vt 0.380247 0.147241
vt 0.311710 0.189351
vt 0.380247 0.189351
vt 0.380247 0.003211
vt 0.380247 0.042308
vt 0.380247 0.320459
vt 0.380247 0.395416
vt 0.311710 0.233945
vt 0.311710 0.320459
vt 0.839942 0.710339
vt 0.884650 0.779497
vt 0.839952 0.750982
vt 0.988455 0.834317
vt 0.713405 0.900430
vt 0.746360 0.247243
vt 0.713405 0.715817
vt 0.947813 0.709456
vt 0.527731 0.993168
vt 0.661026 0.579183
vt 0.246151 0.956529
vt 0.559513 0.931505
vt 0.171892 0.905275
vt 0.825869 0.674587
vt 0.899464 0.674602
vt 0.037968 0.170439
vt 0.696504 0.567820
vt 0.996306 0.529480
vt 0.233750 0.989964
vt 0.032493 0.188716
vt 0.380247 0.233945
vt 0.216436 0.191791
vt 0.235477 0.137172
vt 0.235477 0.191791
vt 0.235477 0.085597
vt 0.216436 0.012252
vt 0.235477 0.003211
vt 0.216436 0.137172
vt 0.235477 0.297754
vt 0.216436 0.297754
vt 0.216436 0.085597
vt 0.010182 0.898540
vt 0.018344 0.898540
vt 0.534618 0.246454
vt 0.530804 0.205284
vt 0.541392 0.207107
vt 0.875024 0.447700
vt 0.889009 0.381882
vt 0.889680 0.448190
vt 0.567047 0.090172
vt 0.566314 0.052833
vt 0.578085 0.050593
vt 0.548167 0.167760
vt 0.556648 0.087490
vt 0.525299 0.360021
vt 0.515738 0.325156
vt 0.526463 0.325889
vt 0.523967 0.244992
vt 0.093117 0.898540
vt 0.084686 0.898540
vt 0.066568 0.898540
vt 0.875040 0.538997
vt 0.888837 0.594191
vt 0.874999 0.594581
vt 0.881676 0.508395
vt 0.875049 0.518114
vt 0.875046 0.508397
vt 0.889097 0.534150
vt 0.874992 0.603989
vt 0.875031 0.466248
vt 0.797635 0.905264
vt 0.793105 0.117410
vt 0.778900 0.162280
vt 0.793105 0.162404
vt 0.581490 0.010475
vt 0.591171 0.014051
vt 0.889863 0.466243
vt 0.204884 0.898540
vt 0.537640 0.165576
vt 0.514462 0.362555
vt 0.204747 0.853546
vt 0.847635 0.125715
vt 0.847775 0.145196
vt 0.836036 0.138503
vt 0.400084 0.417813
vt 0.536674 0.457261
vt 0.899547 0.085760
vt 0.888764 0.085754
vt 0.868790 0.111607
vt 0.843012 0.119011
vt 0.824684 0.158333
vt 0.824288 0.124394
vt 0.242843 0.948574
vt 0.204165 0.946441
vt 0.242842 0.946431
vt 0.690869 0.575484
vt 0.686878 0.621558
vt 0.690869 0.621558
vt 0.088134 0.948620
vt 0.049456 0.946494
vt 0.088133 0.946477
vt 0.684255 0.152239
vt 0.680263 0.195746
vt 0.684255 0.195746
vt 0.165489 0.948593
vt 0.165488 0.946450
vt 0.690869 0.665066
vt 0.204166 0.948584
vt 0.684255 0.241820
vt 0.680263 0.331206
vt 0.684255 0.331206
vt 0.010780 0.948655
vt 0.010779 0.946512
vt 0.680263 0.082742
vt 0.684255 0.082742
vt 0.320197 0.948563
vt 0.320197 0.946420
vt 0.690869 0.486098
vt 0.686878 0.575484
vt 0.553652 0.937329
vt 0.592464 0.940693
vt 0.553652 0.940699
vt 0.708901 0.937299
vt 0.747714 0.940658
vt 0.708902 0.940669
vt 0.631277 0.940686
vt 0.631276 0.937317
vt 0.786526 0.937277
vt 0.786527 0.940646
vt 0.476027 0.937336
vt 0.476027 0.940707
vt 0.686878 0.773482
vt 0.690869 0.813877
vt 0.690869 0.773482
vt 0.684255 0.003428
vt 0.680263 0.043823
vt 0.684255 0.043823
vt 0.690869 0.734563
vt 0.680263 0.408651
vt 0.686878 0.734563
vt 0.128516 0.919920
vt 0.171892 0.919920
vt 0.053305 0.919920
vt 0.008255 0.919920
vt 0.053305 0.908536
vt 0.258644 0.919920
vt 0.345396 0.919920
vt 0.562275 0.919920
vt 0.518899 0.919920
vt 0.682536 0.919920
vt 0.605651 0.919920
vt 0.432147 0.919920
vt 0.405403 0.899541
vt 0.846426 0.302065
vt 0.848662 0.335227
vt 0.209728 0.901110
vt 0.210207 0.821688
vt 0.462705 0.793573
vt 0.469915 0.744243
vt 0.746360 0.455816
vt 0.019210 0.993169
vt 0.947813 0.418873
vt 0.239103 0.787611
vt 0.640697 0.243363
vt 0.640697 0.003428
vt 0.787627 0.956610
vt 0.402295 0.931505
vt 0.009249 0.931505
vt 0.562275 0.905275
vt 0.437915 0.423802
vt 0.825885 0.484183
vt 0.899483 0.484184
vt 0.943749 0.228451
vt 0.345396 0.905337
vt 0.848106 0.248475
vt 0.037968 0.620493
vt 0.932038 0.162068
vt 0.037968 0.368163
vt 0.797641 0.063070
vt 0.991449 0.020959
vt 0.744794 0.989964
vt 0.672046 0.003428
vt 0.706873 0.003428
vt 0.783644 0.166546
vt 0.468306 0.070139
vt 0.640697 0.083255
vt 0.362824 0.901433
vt 0.933300 0.009197
vt 0.867444 0.246536
vt 0.005182 0.377349
vt 0.311710 0.710856
vt 0.311710 0.787622
vt 0.839064 0.608395
vt 0.947813 0.003428
vt 0.742229 0.003428
vt 0.235477 0.775912
vt 0.874749 0.594581
vt 0.779749 0.114734
vt 0.453496 0.405694
vt 0.853746 0.126236
vt 0.824288 0.077283
vt 0.784323 0.946512
vt 0.010277 0.940647
vt 0.686878 0.003428
vt 0.010480 0.741195
vt 0.775279 0.003428
vt 0.713405 0.658710
vt 0.745668 0.993168
vt 0.239103 0.233942
vt 0.239103 0.003211
vt 0.640697 0.819117
vt 0.052766 0.956592
vt 0.207474 0.956538
vt 0.795340 0.931505
vt 0.448977 0.234700
vt 0.437915 0.387586
vt 0.463526 0.150197
vt 0.545584 0.570866
vt 0.825858 0.728663
vt 0.410886 0.670213
vt 0.142539 0.137172
vt 0.696504 0.670427
vt 0.996306 0.711094
vt 0.014732 0.989963
vt 0.672046 0.765094
vt 0.663889 0.077968
vt 0.672046 0.690554
vt 0.136293 0.003211
vt 0.008255 0.905232
vt 0.942442 0.806282
vt 0.239103 0.079975
vt 0.663889 0.003428
vt 0.599691 0.803884
vt 0.846424 0.248823
vt 0.892941 0.370224
vt 0.464362 0.871996
vt 0.032493 0.016719
vt 0.311710 0.003211
vt 0.884650 0.681105
vt 0.947813 0.834317
vt 0.742229 0.900430
vt 0.874992 0.379572
vt 0.889737 0.514436
vt 0.888801 0.606593
vt 0.797626 0.959115
vt 0.778900 0.117285
vt 0.899532 0.112602
vt 0.847775 0.172018
vt 0.680263 0.241820
vt 0.680263 0.082742
vt 0.747713 0.937288
vt 0.686878 0.813877
vt 0.680263 0.003428
vt 0.686878 0.734563
vt 0.469915 0.744243
vt 0.746360 0.664388
vt 0.019210 0.993169
vt 0.947813 0.418873
vt 0.239103 0.787611
vt 0.640697 0.243363
vt 0.640697 0.411273
vt 0.640697 0.003428
vt 0.400858 0.956514
vt 0.787628 0.954457
vt 0.402295 0.931505
vt 0.009249 0.931505
vt 0.562275 0.905275
vt 0.437915 0.423802
vt 0.825885 0.484183
vt 0.899473 0.293758
vt 0.899483 0.484184
vt 0.345396 0.905337
vt 0.848106 0.248475
vt 0.037968 0.620493
vt 0.991449 0.020959
vt 0.744794 0.989964
vt 0.672046 0.003428
vt 0.706873 0.003428
vt 0.682536 0.905232
vt 0.783644 0.166546
vt 0.468306 0.070139
vt 0.640697 0.083255
vt 0.362605 0.901643
vt 0.933300 0.009197
vt 0.867444 0.246536
vt 0.005182 0.667271
vt 0.311710 0.710856
vt 0.311710 0.787622
vt 0.839064 0.608395
vt 0.947813 0.003428
vt 0.742229 0.003428
vt 0.235477 0.775912
vt 0.874749 0.594581
vt 0.797634 0.009214
vt 0.779749 0.114734
vt 0.453496 0.405694
vt 0.853746 0.126236
vt 0.824288 0.077283
vt 0.784323 0.946512
vt 0.010277 0.940647
vt 0.686878 0.003428
vt 0.010480 0.741195
vt 0.775279 0.003428
vt 0.713405 0.658710
vt 0.745668 0.993168
vt 0.239103 0.233942
vt 0.239103 0.003211
vt 0.640697 0.819117
vt 0.014089 0.956610
vt 0.207474 0.956538
vt 0.795340 0.931505
vt 0.437915 0.387586
vt 0.463526 0.150197
vt 0.545584 0.570866
vt 0.825858 0.728663
vt 0.410886 0.670213
vt 0.142539 0.137172
vt 0.696504 0.670427
vt 0.996306 0.711094
vt 0.014732 0.989963
vt 0.672046 0.765094
vt 0.663889 0.143282
vt 0.672046 0.625240
vt 0.136293 0.003211
vt 0.008255 0.905232
vt 0.942442 0.806282
vt 0.239103 0.079975
vt 0.663889 0.003428
vt 0.599691 0.803884
vt 0.846424 0.248823
vt 0.892941 0.370224
vt 0.464362 0.871996
vt 0.032493 0.016719
vt 0.311710 0.003211
vt 0.884650 0.681105
vt 0.947813 0.834317
vt 0.742229 0.900430
vt 0.874992 0.379572
vt 0.889737 0.514436
vt 0.888801 0.606593
vt 0.778900 0.117285
vt 0.899532 0.112602
vt 0.847775 0.172018
vt 0.204166 0.948584
vt 0.049457 0.948637
vt 0.680263 0.152239
vt 0.680263 0.241820
vt 0.592464 0.937323
vt 0.747713 0.937288
vt 0.686878 0.813877
vt 0.680263 0.003428
vt 0.686878 0.734563
vt 0.469915 0.744243
vt 0.713405 0.451929
vt 0.019210 0.993169
vt 0.947813 0.418873
vt 0.239103 0.395411
vt 0.239103 0.787611
vt 0.640697 0.243363
vt 0.640697 0.411273
vt 0.640697 0.003428
vt 0.787628 0.954457
vt 0.402295 0.931505
vt 0.009249 0.931505
vt 0.562275 0.905275
vt 0.437915 0.423802
vt 0.825885 0.484183
vt 0.899483 0.484184
vt 0.899464 0.239719
vt 0.345396 0.905337
vt 0.848106 0.248475
vt 0.037968 0.620493
vt 0.797641 0.063070
vt 0.696504 0.376729
vt 0.991449 0.020959
vt 0.744794 0.989964
vt 0.672046 0.003428
vt 0.706873 0.003428
vt 0.682536 0.905232
vt 0.783644 0.166546
vt 0.468306 0.070139
vt 0.640697 0.083255
vt 0.362605 0.901643
vt 0.933300 0.009197
vt 0.867444 0.246536
vt 0.005182 0.667271
vt 0.311710 0.643591
vt 0.311710 0.787622
vt 0.311710 0.556888
vt 0.839064 0.608395
vt 0.947813 0.003428
vt 0.742229 0.003428
vt 0.235477 0.775912
vt 0.874749 0.594581
vt 0.779749 0.114734
vt 0.453496 0.405694
vt 0.853746 0.126236
vt 0.824288 0.077283
vt 0.784322 0.948655
vt 0.010278 0.937277
vt 0.686878 0.003428
vt 0.010480 0.741195
vt 0.775279 0.003428
vt 0.745668 0.993168
vt 0.239103 0.233942
vt 0.239103 0.003211
vt 0.640697 0.819117
vt 0.052766 0.956592
vt 0.207474 0.956538
vt 0.795340 0.931505
vt 0.448977 0.234700
vt 0.437915 0.387586
vt 0.463526 0.150197
vt 0.537787 0.491395
vt 0.825858 0.728663
vt 0.410886 0.670213
vt 0.142539 0.137172
vt 0.696504 0.670427
vt 0.996306 0.711094
vt 0.663889 0.227472
vt 0.014732 0.989963
vt 0.672046 0.765094
vt 0.672046 0.541050
vt 0.663889 0.077968
vt 0.672046 0.690554
vt 0.136293 0.003211
vt 0.008255 0.905232
vt 0.942442 0.806282
vt 0.239103 0.079975
vt 0.663889 0.003428
vt 0.599691 0.803884
vt 0.846424 0.248823
vt 0.892941 0.370224
vt 0.464362 0.871996
vt 0.032493 0.016719
vt 0.311710 0.003211
vt 0.884650 0.681105
vt 0.947813 0.834317
vt 0.742229 0.900430
vt 0.874992 0.379572
vt 0.889737 0.514436
vt 0.888801 0.606593
vt 0.778900 0.117285
vt 0.899532 0.112602
vt 0.847775 0.172018
vt 0.242843 0.948574
vt 0.686878 0.575484
vt 0.049457 0.948637
vt 0.680263 0.152239
vt 0.686878 0.665066
vt 0.680263 0.241820
vt 0.592464 0.937323
vt 0.786526 0.937277
vt 0.686878 0.813877
vt 0.680263 0.003428
vt 0.469915 0.744243
vt 0.746360 0.455816
vt 0.019210 0.993169
vt 0.947813 0.418873
vt 0.239103 0.395411
vt 0.239103 0.787611
vt 0.640697 0.003428
vt 0.640697 0.153202
vt 0.787628 0.954457
vt 0.402295 0.931505
vt 0.009249 0.931505
vt 0.562275 0.905275
vt 0.437915 0.423802
vt 0.825885 0.484183
vt 0.899483 0.484184
vt 0.899464 0.239719
vt 0.345396 0.905337
vt 0.848106 0.248475
vt 0.037968 0.620493
vt 0.037968 0.368163
vt 0.797641 0.063070
vt 0.991449 0.020959
vt 0.744794 0.989964
vt 0.663889 0.384261
vt 0.672046 0.003428
vt 0.706873 0.003428
vt 0.682536 0.905232
vt 0.783644 0.166546
vt 0.468306 0.070139
vt 0.362605 0.901643
vt 0.933300 0.009197
vt 0.867444 0.246536
vt 0.005182 0.667271
vt 0.005182 0.377349
vt 0.311710 0.710856
vt 0.311710 0.787622
vt 0.839064 0.608395
vt 0.947813 0.003428
vt 0.742229 0.003428
vt 0.235477 0.775912
vt 0.874749 0.594581
vt 0.779749 0.114734
vt 0.453496 0.405694
vt 0.853746 0.126236
vt 0.824288 0.077283
vt 0.784323 0.946512
vt 0.010277 0.940647
vt 0.686878 0.003428
vt 0.010480 0.741195
vt 0.775279 0.003428
vt 0.713405 0.658710
vt 0.745668 0.993168
vt 0.239103 0.233942
vt 0.239103 0.003211
vt 0.640697 0.819117
vt 0.052766 0.956592
vt 0.207474 0.956538
vt 0.795340 0.931505
vt 0.394833 0.583371
vt 0.437915 0.387586
vt 0.463526 0.150197
vt 0.545584 0.570866
vt 0.825858 0.728663
vt 0.410886 0.670213
vt 0.142539 0.137172
vt 0.696504 0.670427
vt 0.996306 0.711094
vt 0.014732 0.989963
vt 0.672046 0.765094
vt 0.663889 0.143282
vt 0.672046 0.625240
vt 0.136293 0.003211
vt 0.008255 0.905232
vt 0.942442 0.806282
vt 0.239103 0.079975
vt 0.663889 0.003428
vt 0.599691 0.803884
vt 0.846424 0.248823
vt 0.892941 0.370224
vt 0.464362 0.871996
vt 0.032493 0.016719
vt 0.311710 0.003211
vt 0.884650 0.681105
vt 0.947813 0.834317
vt 0.742229 0.900430
vt 0.874992 0.379572
vt 0.889737 0.514436
vt 0.888801 0.606593
vt 0.778900 0.117285
vt 0.899532 0.112602
vt 0.847775 0.172018
vt 0.680263 0.152239
vt 0.165489 0.948593
vt 0.686878 0.665066
vt 0.680263 0.241820
vt 0.592464 0.937323
vt 0.786526 0.937277
vt 0.686878 0.813877
vt 0.680263 0.003428
vt 0.469915 0.744243
vt 0.019210 0.993169
vt 0.947813 0.418873
vt 0.239103 0.787611
vt 0.640697 0.003428
vt 0.640697 0.153202
vt 0.787627 0.956610
vt 0.402295 0.931505
vt 0.009249 0.931505
vt 0.562275 0.905275
vt 0.437915 0.423802
vt 0.825885 0.484183
vt 0.899483 0.484184
vt 0.899464 0.239719
vt 0.345396 0.905337
vt 0.848106 0.248475
vt 0.037968 0.620493
vt 0.037968 0.368163
vt 0.991449 0.020959
vt 0.744794 0.989964
vt 0.672046 0.003428
vt 0.706873 0.003428
vt 0.682536 0.905232
vt 0.783644 0.166546
vt 0.468306 0.070139
vt 0.362605 0.901643
vt 0.933300 0.009197
vt 0.867444 0.246536
vt 0.005182 0.667271
vt 0.311710 0.710856
vt 0.311710 0.787622
vt 0.839064 0.608395
vt 0.947813 0.003428
vt 0.742229 0.003428
vt 0.235477 0.775912
vt 0.874749 0.594581
vt 0.797634 0.009214
vt 0.779749 0.114734
vt 0.453496 0.405694
vt 0.853746 0.126236
vt 0.824288 0.077283
vt 0.784322 0.948655
vt 0.010277 0.940647
vt 0.398402 0.937339
vt 0.686878 0.003428
vt 0.010480 0.741195
vt 0.775279 0.003428
vt 0.745668 0.993168
vt 0.239103 0.233942
vt 0.239103 0.003211
vt 0.239103 0.147239
vt 0.640697 0.819117
vt 0.246151 0.956529
vt 0.795340 0.931505
vt 0.394833 0.583371
vt 0.437915 0.387586
vt 0.463526 0.150197
vt 0.545584 0.570866
vt 0.825858 0.728663
vt 0.410886 0.670213
vt 0.142539 0.137172
vt 0.696504 0.670427
vt 0.996306 0.711094
vt 0.663889 0.227472
vt 0.014732 0.989963
vt 0.672046 0.765094
vt 0.672046 0.541050
vt 0.663889 0.143282
vt 0.672046 0.625240
vt 0.136293 0.003211
vt 0.008255 0.905232
vt 0.942442 0.806282
vt 0.663889 0.003428
vt 0.599691 0.803884
vt 0.846424 0.248823
vt 0.892941 0.370224
vt 0.464362 0.871996
vt 0.032493 0.016719
vt 0.311710 0.003211
vt 0.884650 0.681105
vt 0.947813 0.834317
vt 0.742229 0.900430
vt 0.874992 0.379572
vt 0.889737 0.514436
vt 0.888801 0.606593
vt 0.797626 0.959115
vt 0.778900 0.117285
vt 0.899532 0.112602
vt 0.847775 0.172018
vt 0.686878 0.575484
vt 0.049457 0.948637
vt 0.680263 0.241820
vt 0.680263 0.082742
vt 0.592464 0.937323
vt 0.686878 0.813877
vt 0.680263 0.003428
vt 0.686878 0.734563
vt 0.469915 0.744243
vt 0.019210 0.993169
vt 0.947813 0.418873
vt 0.239103 0.395411
vt 0.239103 0.787611
vt 0.640697 0.243363
vt 0.640697 0.003428
vt 0.640697 0.153202
vt 0.787628 0.954457
vt 0.402295 0.931505
vt 0.009249 0.931505
vt 0.562275 0.905275
vt 0.437915 0.423802
vt 0.825885 0.484183
vt 0.899483 0.484184
vt 0.899464 0.239719
vt 0.345396 0.905337
vt 0.848106 0.248475
vt 0.037968 0.620493
vt 0.797641 0.063070
vt 0.991449 0.020959
vt 0.744794 0.989964
vt 0.672046 0.003428
vt 0.706873 0.003428
vt 0.682536 0.905232
vt 0.783644 0.166546
vt 0.468306 0.070139
vt 0.362605 0.901643
vt 0.933300 0.009197
vt 0.867444 0.246536
vt 0.005182 0.667271
vt 0.005182 0.377349
vt 0.311710 0.710856
vt 0.311710 0.787622
vt 0.839064 0.608395
vt 0.947813 0.003428
vt 0.742229 0.003428
vt 0.235477 0.775912
vt 0.874749 0.594581
vt 0.779749 0.114734
vt 0.453496 0.405694
vt 0.853746 0.126236
vt 0.824288 0.077283
vt 0.784322 0.948655
vt 0.010277 0.940647
vt 0.398402 0.937339
vt 0.686878 0.003428
vt 0.010480 0.741195
vt 0.775279 0.003428
vt 0.713405 0.658710
vt 0.745668 0.993168
vt 0.239103 0.233942
vt 0.239103 0.003211
vt 0.640697 0.819117
vt 0.246151 0.956529
vt 0.795340 0.931505
vt 0.437915 0.387586
vt 0.463526 0.150197
vt 0.537787 0.491395
vt 0.825858 0.728663
vt 0.410886 0.670213
vt 0.142539 0.137172
vt 0.696504 0.670427
vt 0.672046 0.457044
vt 0.996306 0.711094
vt 0.014732 0.989963
vt 0.663889 0.311477
vt 0.672046 0.765094
vt 0.663889 0.143282
vt 0.672046 0.625240
vt 0.136293 0.003211
vt 0.008255 0.905232
vt 0.942442 0.806282
vt 0.239103 0.079975
vt 0.663889 0.003428
vt 0.599691 0.803884
vt 0.846424 0.248823
vt 0.892941 0.370224
vt 0.464362 0.871996
vt 0.032493 0.016719
vt 0.311710 0.003211
vt 0.884650 0.681105
vt 0.947813 0.834317
vt 0.742229 0.900430
vt 0.874992 0.379572
vt 0.889737 0.514436
vt 0.888801 0.606593
vt 0.778900 0.117285
vt 0.899532 0.112602
vt 0.847775 0.172018
vt 0.049457 0.948637
vt 0.680263 0.152239
vt 0.686878 0.665066
vt 0.680263 0.241820
vt 0.592464 0.937323
vt 0.686878 0.813877
vt 0.680263 0.003428
vt 0.469915 0.744243
vt 0.019210 0.993169
vt 0.947813 0.418873
vt 0.239103 0.395411
vt 0.239103 0.787611
vt 0.640697 0.411273
vt 0.640697 0.003428
vt 0.640697 0.153202
vt 0.787628 0.954457
vt 0.402295 0.931505
vt 0.009249 0.931505
vt 0.562275 0.905275
vt 0.437915 0.423802
vt 0.825885 0.484183
vt 0.899483 0.484184
vt 0.899464 0.239719
vt 0.345396 0.905337
vt 0.848106 0.248475
vt 0.037968 0.620493
vt 0.037968 0.368163
vt 0.991449 0.020959
vt 0.744794 0.989964
vt 0.672046 0.003428
vt 0.706873 0.003428
vt 0.682536 0.905232
vt 0.783644 0.166546
vt 0.468306 0.070139
vt 0.362605 0.901643
vt 0.933300 0.009197
vt 0.867444 0.246536
vt 0.005182 0.667271
vt 0.005182 0.377349
vt 0.311710 0.710856
vt 0.311710 0.787622
vt 0.839064 0.608395
vt 0.947813 0.003428
vt 0.742229 0.003428
vt 0.235477 0.775912
vt 0.874749 0.594581
vt 0.797634 0.009214
vt 0.779749 0.114734
vt 0.453496 0.405694
vt 0.853746 0.126236
vt 0.824288 0.077283
vt 0.784323 0.946512
vt 0.397551 0.948559
vt 0.010277 0.940647
vt 0.686878 0.003428
vt 0.010480 0.741195
vt 0.775279 0.003428
vt 0.713405 0.658710
vt 0.745668 0.993168
vt 0.239103 0.233942
vt 0.239103 0.003211
vt 0.640697 0.819117
vt 0.052766 0.956592
vt 0.207474 0.956538
vt 0.795340 0.931505
vt 0.437915 0.387586
vt 0.463526 0.150197
vt 0.545584 0.570866
vt 0.825858 0.728663
vt 0.410886 0.670213
vt 0.142539 0.137172
vt 0.696504 0.670427
vt 0.996306 0.711094
vt 0.663889 0.227472
vt 0.014732 0.989963
vt 0.672046 0.765094
vt 0.672046 0.541050
vt 0.663889 0.143282
vt 0.672046 0.625240
vt 0.136293 0.003211
vt 0.008255 0.905232
vt 0.942442 0.806282
vt 0.239103 0.079975
vt 0.663889 0.003428
vt 0.599691 0.803884
vt 0.846424 0.248823
vt 0.892941 0.370224
vt 0.464362 0.871996
vt 0.032493 0.016719
vt 0.311710 0.003211
vt 0.884650 0.681105
vt 0.947813 0.834317
vt 0.742229 0.900430
vt 0.874992 0.379572
vt 0.889737 0.514436
vt 0.888801 0.606593
vt 0.778900 0.117285
vt 0.899532 0.112602
vt 0.847775 0.172018
vt 0.049457 0.948637
vt 0.680263 0.241820
vt 0.680263 0.082742
vt 0.592464 0.937323
vt 0.747713 0.937288
vt 0.686878 0.813877
vt 0.680263 0.003428
vt 0.686878 0.734563
vt 0.469915 0.744243
vt 0.019210 0.993169
vt 0.947813 0.418873
vt 0.239103 0.787611
vt 0.640697 0.243363
vt 0.640697 0.003428
vt 0.787627 0.956610
vt 0.402295 0.931505
vt 0.009249 0.931505
vt 0.562275 0.905275
vt 0.437915 0.423802
vt 0.825885 0.484183
vt 0.899483 0.484184
vt 0.899464 0.239719
vt 0.345396 0.905337
vt 0.848106 0.248475
vt 0.037968 0.620493
vt 0.797641 0.063070
vt 0.991449 0.020959
vt 0.744794 0.989964
vt 0.663889 0.384261
vt 0.672046 0.003428
vt 0.706873 0.003428
vt 0.682536 0.905232
vt 0.783644 0.166546
vt 0.468306 0.070139
vt 0.640697 0.083255
vt 0.362605 0.901643
vt 0.933300 0.009197
vt 0.867444 0.246536
vt 0.005182 0.667271
vt 0.311710 0.710856
vt 0.311710 0.787622
vt 0.839064 0.608395
vt 0.947813 0.003428
vt 0.742229 0.003428
vt 0.235477 0.775912
vt 0.874749 0.594581
vt 0.779749 0.114734
vt 0.453496 0.405694
vt 0.853746 0.126236
vt 0.824288 0.077283
vt 0.784322 0.948655
vt 0.010277 0.940647
vt 0.686878 0.003428
vt 0.010480 0.741195
vt 0.775279 0.003428
vt 0.713405 0.658710
vt 0.745668 0.993168
vt 0.239103 0.233942
vt 0.239103 0.003211
vt 0.239103 0.147239
vt 0.640697 0.819117
vt 0.558543 0.649659
vt 0.246151 0.956529
vt 0.795340 0.931505
vt 0.437915 0.387586
vt 0.463526 0.150197
vt 0.545584 0.570866
vt 0.825858 0.728663
vt 0.410886 0.670213
vt 0.142539 0.137172
vt 0.696504 0.670427
vt 0.996306 0.711094
vt 0.014732 0.989963
vt 0.672046 0.765094
vt 0.663889 0.143282
vt 0.672046 0.625240
vt 0.136293 0.003211
vt 0.008255 0.905232
vt 0.942442 0.806282
vt 0.663889 0.003428
vt 0.599691 0.803884
vt 0.846424 0.248823
vt 0.892941 0.370224
vt 0.464362 0.871996
vt 0.032493 0.016719
vt 0.311710 0.003211
vt 0.884650 0.681105
vt 0.947813 0.834317
vt 0.742229 0.900430
vt 0.874992 0.379572
vt 0.889737 0.514436
vt 0.888801 0.606593
vt 0.778900 0.117285
vt 0.899532 0.112602
vt 0.847775 0.172018
vt 0.686878 0.575484
vt 0.049457 0.948637
vt 0.680263 0.241820
vt 0.680263 0.082742
vt 0.592464 0.937323
vt 0.686878 0.813877
vt 0.680263 0.003428
vt 0.686878 0.734563
vt 0.469915 0.744243
vt 0.019210 0.993169
vt 0.947813 0.418873
vt 0.239103 0.787611
vt 0.640697 0.003428
vt 0.640697 0.153202
vt 0.787627 0.956610
vt 0.402295 0.931505
vt 0.009249 0.931505
vt 0.562275 0.905275
vt 0.437915 0.423802
vt 0.825885 0.484183
vt 0.899483 0.484184
vt 0.899464 0.239719
vt 0.345396 0.905337
vt 0.848106 0.248475
vt 0.037968 0.620493
vt 0.037968 0.368163
vt 0.797641 0.063070
vt 0.991449 0.020959
vt 0.744794 0.989964
vt 0.672046 0.003428
vt 0.706873 0.003428
vt 0.682536 0.905232
vt 0.783644 0.166546
vt 0.468306 0.070139
vt 0.362605 0.901643
vt 0.933300 0.009197
vt 0.867444 0.246536
vt 0.005182 0.667271
vt 0.311710 0.710856
vt 0.311710 0.787622
vt 0.839064 0.608395
vt 0.947813 0.003428
vt 0.742229 0.003428
vt 0.235477 0.775912
vt 0.874749 0.594581
vt 0.779749 0.114734
vt 0.453496 0.405694
vt 0.853746 0.126236
vt 0.824288 0.077283
vt 0.784322 0.948655
vt 0.010277 0.940647
vt 0.398402 0.937339
vt 0.686878 0.003428
vt 0.010480 0.741195
vt 0.775279 0.003428
vt 0.713405 0.658710
vt 0.745668 0.993168
vt 0.239103 0.233942
vt 0.239103 0.003211
vt 0.640697 0.819117
vt 0.207474 0.956538
vt 0.795340 0.931505
vt 0.437915 0.387586
vt 0.463526 0.150197
vt 0.545584 0.570866
vt 0.825858 0.728663
vt 0.410886 0.670213
vt 0.943736 0.728643
vt 0.943734 0.739658
vt 0.136293 0.049434
vt 0.932022 0.806280
vt 0.142539 0.137172
vt 0.696504 0.670427
vt 0.672046 0.457044
vt 0.996306 0.711094
vt 0.014732 0.989963
vt 0.663889 0.311477
vt 0.672046 0.765094
vt 0.663889 0.143282
vt 0.672046 0.625240
vt 0.239103 0.079975
vt 0.663889 0.003428
vt 0.599691 0.803884
vt 0.846425 0.258689
vt 0.892941 0.370224
vt 0.462705 0.870309
vt 0.032493 0.058150
vt 0.311710 0.003211
vt 0.884650 0.681105
vt 0.947813 0.834317
vt 0.742229 0.900430
vt 0.874992 0.379572
vt 0.889737 0.514436
vt 0.888801 0.606593
vt 0.797626 0.959115
vt 0.778900 0.117285
vt 0.899532 0.112602
vt 0.847775 0.172018
vt 0.049457 0.948637
vt 0.680263 0.152239
vt 0.686878 0.665066
vt 0.680263 0.241820
vt 0.686878 0.486098
vt 0.592464 0.937323
vt 0.747713 0.937288
vt 0.686878 0.813877
vt 0.680263 0.003428
vn -0.0001 -0.2044 -0.9789
vn -0.0001 -0.2045 -0.9789
vn 0.0000 -0.2044 -0.9789
vn -0.0001 -0.2046 -0.9789
vn 0.0008 1.0000 -0.0058
vn -0.0008 1.0000 -0.0042
vn -0.0006 1.0000 -0.0040
vn 0.0928 0.5680 0.8178
vn 0.0730 0.5609 0.8247
vn 0.0721 0.5606 0.8249
vn -0.0000 1.0000 -0.0043
vn -0.0017 1.0000 0.0093
vn -0.0000 0.9999 0.0119
vn 0.0493 0.5606 0.8266
vn 0.0469 0.5612 0.8264
vn 0.1977 0.5431 0.8161
vn 0.1593 0.5556 0.8161
vn 0.1222 0.5672 0.8144
vn 0.1222 0.5672 0.8145
vn 0.0931 0.5581 -0.8245
vn 0.0753 0.5578 -0.8265
vn 0.0960 0.5588 -0.8237
vn 0.0355 0.5639 0.8251
vn 0.0354 0.5639 0.8251
vn 0.0744 0.5579 -0.8266
vn 0.0437 0.5625 -0.8257
vn 0.1553 0.5416 -0.8261
vn 0.1927 0.5295 -0.8261
vn 0.1200 0.5539 -0.8239
vn -0.0349 -0.9994 0.0000
vn -0.2756 -0.9613 0.0000
vn -0.3420 -0.9397 0.0000
vn 0.3420 0.9397 0.0000
vn 0.2756 0.9613 0.0000
vn 0.2079 0.9781 0.0000
vn 0.1736 0.9848 0.0000
vn -0.1392 -0.9903 0.0000
vn -0.1736 -0.9848 0.0000
vn -0.2079 -0.9781 0.0000
vn -0.0365 -0.1718 -0.9845
vn -0.0484 -0.1688 -0.9845
vn -0.0601 -0.1650 -0.9845
vn 0.0000 -0.1756 -0.9845
vn -0.0061 -0.1756 -0.9844
vn -0.0244 -0.1739 -0.9845
vn -0.0305 -0.1730 -0.9844
vn 0.1300 0.4533 0.8818
vn 0.0981 0.4613 0.8818
vn 0.1613 0.4432 0.8818
vn 0.0165 0.4715 0.8817
vn 0.0819 0.4647 0.8817
vn 0.0656 0.4670 0.8818
vn 0.0819 0.4646 0.8817
vn -0.0497 -0.3539 -0.9340
vn -0.0621 -0.3521 -0.9339
vn 0.2079 0.9781 0.0015
vn 0.2756 0.9613 0.0014
vn 0.3420 0.9397 0.0016
vn 0.0349 0.9994 0.0015
vn 0.1736 0.9848 0.0014
vn 0.1392 0.9903 0.0013
vn 0.0349 0.9994 0.0000
vn 0.1392 0.9903 0.0000
vn -0.1590 -0.9873 0.0000
vn -0.1444 -0.9895 0.0000
vn 0.0044 0.0153 -0.9999
vn 0.0033 0.0156 -0.9999
vn 0.0049 0.0151 -0.9999
vn -0.0444 -0.2090 -0.9769
vn -0.0589 -0.2054 -0.9769
vn -0.0661 -0.2033 -0.9769
vn -0.0297 -0.2116 -0.9769
vn -0.0371 -0.2106 -0.9769
vn -0.0125 -0.3573 -0.9339
vn -0.0248 -0.3565 -0.9340
vn -0.0249 -0.3565 -0.9340
vn -0.1105 -0.3401 -0.9339
vn -0.1222 -0.3358 -0.9340
vn -0.0985 -0.3435 -0.9340
vn -0.0743 -0.3496 -0.9340
vn 0.0992 0.9951 -0.0001
vn 0.0036 1.0000 -0.0023
vn 0.1017 0.9948 0.0000
vn 0.2155 0.9765 0.0000
vn 0.0022 0.0159 -0.9999
vn 0.0027 0.0157 -0.9999
vn 0.0028 0.0156 -0.9999
vn 0.2133 0.9770 0.0000
vn 0.0952 0.9955 0.0004
vn 0.0017 1.0000 0.0005
vn 0.0009 1.0000 0.0009
vn -0.0349 -0.9994 -0.0003
vn -0.0348 -0.9994 -0.0005
vn -0.0349 -0.9994 -0.0002
vn -0.0307 -0.1862 0.9820
vn -0.0253 -0.1876 0.9819
vn -0.0254 -0.1876 0.9819
vn -0.0644 -0.1770 0.9821
vn -0.0519 -0.1810 0.9821
vn -0.0518 -0.1811 0.9821
vn -0.0408 -0.1836 0.9821
vn -0.0541 -0.1892 -0.9805
vn -0.0432 -0.1968 -0.9795
vn -0.0559 -0.1955 -0.9791
vn -0.0698 -0.1917 -0.9790
vn -0.0672 -0.1846 -0.9805
vn -0.0006 1.0000 -0.0071
vn -0.0024 1.0000 -0.0059
vn -0.0027 1.0000 -0.0056
vn -0.0306 -0.1998 -0.9793
vn -0.0314 -0.2310 -0.9724
vn -0.0286 -0.2136 -0.9765
vn -0.1247 -0.8961 -0.4259
vn -0.1532 -0.8970 -0.4147
vn -0.1538 -0.8971 -0.4142
vn -0.2550 -0.8893 -0.3797
vn -0.3164 -0.8693 -0.3797
vn -0.1957 -0.8994 -0.3909
vn -0.0556 -0.1940 -0.9794
vn -0.0690 -0.1896 -0.9794
vn -0.0420 -0.1974 0.9794
vn -0.0351 -0.1988 0.9794
vn -0.0556 -0.1940 0.9794
vn -0.0690 -0.1896 0.9794
vn 0.0000 -0.2018 -0.9794
vn -0.0070 -0.2018 -0.9794
vn -0.0420 -0.1974 -0.9794
vn -0.0141 -0.2013 0.9794
vn -0.0070 -0.2018 0.9794
vn -0.0281 -0.1998 0.9794
vn -0.0281 -0.1998 -0.9794
vn -0.0351 -0.1988 -0.9794
vn -0.0141 -0.2013 -0.9794
vn -0.0698 -0.9976 0.0000
vn -0.1100 -0.8985 -0.4249
vn -0.1248 -0.8961 -0.4259
vn -0.0296 -0.2092 -0.9774
vn -0.0466 -0.2312 -0.9718
vn 0.0016 1.0000 0.0010
vn -0.0179 -0.2132 -0.9768
vn 0.0017 0.0157 -0.9999
vn 0.0022 0.0161 -0.9999
vn 0.0698 0.9976 0.0000
vn 0.0698 0.9976 0.0015
vn 0.0329 0.4705 0.8818
vn -0.0122 -0.1752 -0.9845
vn 0.0890 0.9960 0.0000
vn 0.0000 -0.2018 0.9794
vn -0.0125 -0.3572 -0.9339
vn -0.0123 -0.2137 -0.9768
vn -0.0023 -0.2146 -0.9767
vn -0.0101 -0.1893 0.9819
vn -0.0038 -0.2150 0.9766
vn -0.0033 -0.1863 0.9825
vn -0.0166 -0.1954 0.9806
vn -0.0104 -0.2098 0.9777
vn -0.0004 1.0000 -0.0081
vn -0.8126 0.5828 -0.0039
vn -0.8183 0.5748 -0.0031
vn -0.8098 0.5867 -0.0043
vn -0.1045 -0.9945 0.0000
vn -0.8033 0.5956 -0.0051
vn -0.0164 -0.1733 0.9847
vn -0.0095 -0.1678 0.9858
vn -0.0000 -0.1511 0.9885
vn -0.0023 -0.1566 0.9877
vn -0.1208 -0.4215 0.8987
vn -0.0932 -0.4253 0.9003
vn -0.0921 -0.4254 0.9003
vn -0.1503 -0.4128 0.8983
vn -0.1209 -0.4216 0.8987
vn -0.0706 -0.4240 0.9029
vn -0.0615 -0.4225 0.9043
vn -0.0614 -0.4224 0.9043
vn -0.0126 -0.1801 0.9836
vn -0.0063 -0.1805 0.9836
vn -0.0251 -0.1787 0.9836
vn -0.0314 -0.1779 0.9836
vn 0.0000 -0.1805 0.9836
vn -0.0498 -0.1735 0.9836
vn -0.0617 -0.1696 0.9836
vn -0.0375 -0.1766 0.9836
vn -0.9419 0.3360 0.0001
vn -0.9419 0.3359 0.0001
vn -0.9418 0.3361 0.0000
vn 0.0735 0.9973 0.0000
vn 0.0397 0.5631 -0.8254
vn 0.0200 0.5659 -0.8242
vn 0.0960 0.5694 0.8164
vn 0.1200 0.5538 -0.8239
vn 0.0933 0.9956 0.0005
vn -0.0402 -0.1839 0.9821
vn -0.0417 -0.1908 -0.9807
vn -0.0699 -0.4239 0.9030
vn -0.0206 -0.1230 -0.9922
vn -0.0335 -0.1552 -0.9873
vn -0.0265 -0.1247 -0.9918
vn -0.0205 -0.1282 -0.9915
vn -0.0223 -0.1549 -0.9877
vn -0.0235 -0.1579 -0.9872
vn -0.0268 -0.1551 -0.9875
vn -0.0351 -0.1225 -0.9918
vn -0.0544 -0.1494 -0.9873
vn -0.0436 -0.1197 -0.9919
vn -0.0436 -0.1525 -0.9873
vn -0.0317 -0.2039 -0.9785
vn -0.8611 0.5081 -0.0187
vn -0.5207 0.8536 -0.0123
vn -0.4705 0.8823 -0.0124
vn -0.0033 -0.2203 -0.9754
vn -0.0124 -0.2137 -0.9768
vn -0.0661 -0.2034 -0.9769
vn -0.8629 0.5047 -0.0273
vn -0.8639 0.5037 -0.0082
vn -0.8612 0.5073 -0.0310
vn -0.8638 0.5028 -0.0309
vn -0.8678 0.4961 -0.0277
vn -0.8671 0.4974 -0.0290
vn -0.8636 0.5032 -0.0311
vn -0.8615 0.5078 0.0043
vn -0.8617 0.5074 0.0048
vn -0.8621 0.5057 -0.0316
vn -0.8622 0.5057 -0.0313
vn -0.0000 0.9997 0.0247
vn -0.0029 0.9999 -0.0108
vn -0.0060 -0.2377 -0.9713
vn -0.0048 -0.2297 -0.9732
vn -0.8611 0.5080 -0.0191
vn -0.0002 -0.2044 -0.9789
vn 0.7796 -0.6263 -0.0006
vn 0.7800 -0.6257 -0.0005
vn 0.7802 -0.6256 -0.0005
vn -0.0731 -0.2008 -0.9769
vn 0.0054 0.0150 -0.9999
vn 0.1844 0.5067 -0.8422
vn 0.1811 0.4983 -0.8479
vn 0.1813 0.4982 -0.8479
vn 0.7805 -0.6252 -0.0005
vn 0.1875 0.5151 -0.8364
vn 0.1789 0.5104 -0.8411
vn 0.1736 0.9848 0.0015
vn 0.2079 0.9781 0.0014
vn 0.0501 0.2358 -0.9705
vn 0.0419 0.2375 -0.9705
vn 0.0349 0.9994 0.0014
vn 0.0698 0.9976 0.0014
vn 0.0335 0.2386 0.9705
vn 0.0419 0.2375 0.9705
vn 0.1392 0.9903 0.0012
vn 0.0335 0.2387 -0.9705
vn 0.0501 0.2357 0.9705
vn 0.0664 0.2317 0.9705
vn 0.0349 0.9994 0.0016
vn 0.0168 0.2404 0.9705
vn 0.2756 0.9613 0.0013
vn 0.3420 0.9397 0.0014
vn 0.0664 0.2317 -0.9705
vn 0.2079 0.9781 0.0008
vn 0.1736 0.9848 0.0009
vn 0.0349 0.9994 0.0009
vn 0.0698 0.9976 0.0009
vn 0.1392 0.9903 0.0009
vn 0.0349 0.9994 0.0010
vn 0.2756 0.9613 0.0010
vn 0.3420 0.9397 0.0009
vn -0.0000 0.2410 -0.9705
vn 0.0084 0.2410 -0.9705
vn -0.0000 0.2410 0.9705
vn 0.0084 0.2410 0.9705
vn 0.0168 0.2405 -0.9705
vn 0.0824 0.2265 -0.9705
vn 0.0824 0.2264 0.9705
vn -0.1313 -0.1566 -0.9789
vn -0.1313 -0.1567 -0.9789
vn -0.1314 -0.1568 -0.9789
vn 0.6421 0.7666 -0.0058
vn 0.6436 0.7653 -0.0055
vn 0.6431 0.7658 -0.0081
vn 0.2940 0.4947 0.8178
vn 0.3046 0.4766 0.8247
vn 0.2925 0.4979 0.8164
vn 0.6440 0.7649 0.0094
vn 0.6428 0.7660 -0.0043
vn 0.6427 0.7660 0.0118
vn 0.3051 0.4758 0.8249
vn 0.3226 0.4611 0.8266
vn 0.2351 0.5280 0.8161
vn 0.2710 0.5131 0.8144
vn 0.2874 0.4874 -0.8245
vn 0.3009 0.4757 -0.8265
vn 0.3016 0.4752 -0.8266
vn 0.3248 0.4600 0.8264
vn 0.3353 0.4547 0.8251
vn 0.3281 0.4590 -0.8257
vn 0.3315 0.4569 -0.8254
vn 0.2292 0.5148 -0.8261
vn 0.2640 0.5015 -0.8239
vn -0.6157 -0.7880 0.0000
vn -0.4067 -0.9135 0.0000
vn 0.4067 0.9135 0.0000
vn 0.4695 0.8829 0.0000
vn 0.5000 0.8660 0.0000
vn -0.5000 -0.8660 0.0000
vn -0.5299 -0.8480 0.0000
vn -0.4695 -0.8829 0.0000
vn -0.0714 -0.1604 -0.9845
vn -0.0824 -0.1550 -0.9845
vn -0.1082 -0.1385 -0.9844
vn -0.1129 -0.1345 -0.9845
vn -0.0879 -0.1522 -0.9844
vn -0.0931 -0.1489 -0.9845
vn 0.1918 0.4308 0.8818
vn 0.2214 0.4164 0.8818
vn 0.2905 0.3718 0.8817
vn 0.2499 0.3999 0.8818
vn 0.2359 0.4086 0.8817
vn -0.1788 -0.3097 -0.9339
vn -0.1894 -0.3031 -0.9340
vn 0.4067 0.9135 0.0014
vn 0.4695 0.8829 0.0015
vn 0.6157 0.7880 0.0014
vn 0.6157 0.7880 0.0015
vn 0.5000 0.8660 0.0014
vn 0.5299 0.8480 0.0015
vn 0.6157 0.7880 0.0000
vn 0.5299 0.8480 0.0000
vn 0.0065 0.0145 -0.9999
vn 0.0074 0.0141 -0.9999
vn 0.0075 0.0140 -0.9999
vn 0.0060 0.0148 -0.9999
vn -0.0869 -0.1952 -0.9769
vn -0.1003 -0.1887 -0.9769
vn -0.0801 -0.1982 -0.9769
vn -0.1069 -0.1852 -0.9769
vn -0.1133 -0.1812 -0.9769
vn -0.2101 -0.2890 -0.9340
vn -0.2201 -0.2817 -0.9339
vn -0.2101 -0.2891 -0.9340
vn -0.1339 -0.3315 -0.9339
vn -0.1454 -0.3265 -0.9340
vn -0.1678 -0.3156 -0.9340
vn 0.5636 0.8261 -0.0001
vn 0.6401 0.7683 -0.0024
vn 0.6416 0.7671 0.0010
vn 0.4626 0.8866 0.0000
vn 0.0080 0.0138 -0.9999
vn 0.0085 0.0136 -0.9999
vn 0.0079 0.0137 -0.9999
vn 0.4646 0.8855 0.0000
vn 0.5678 0.8232 -0.0001
vn 0.6409 0.7676 -0.0010
vn 0.5663 0.8242 -0.0000
vn -0.6157 -0.7880 -0.0003
vn -0.6157 -0.7880 -0.0005
vn -0.6157 -0.7880 -0.0006
vn -0.0979 -0.1624 0.9819
vn -0.1014 -0.1619 0.9816
vn -0.0979 -0.1623 0.9819
vn 0.6436 0.7654 -0.0055
vn 0.6407 0.7678 -0.0022
vn -0.0766 -0.1720 0.9821
vn -0.0767 -0.1720 0.9821
vn -0.0873 -0.1669 0.9821
vn -0.0800 -0.1794 -0.9805
vn -0.0933 -0.1784 -0.9795
vn -0.0907 -0.1730 -0.9807
vn -0.0828 -0.1857 -0.9791
vn 0.6433 0.7656 -0.0071
vn 0.6446 0.7645 -0.0059
vn 0.6448 0.7643 -0.0056
vn -0.1050 -0.1728 -0.9793
vn -0.1245 -0.1972 -0.9724
vn -0.1118 -0.1793 -0.9774
vn -0.4592 -0.7856 -0.4147
vn -0.4805 -0.7666 -0.4259
vn -0.4589 -0.7861 -0.4142
vn -0.3763 -0.8451 -0.3797
vn -0.4282 -0.8147 -0.3909
vn -0.4282 -0.8148 -0.3909
vn -0.0821 -0.1843 -0.9794
vn -0.1009 -0.1748 0.9794
vn -0.0947 -0.1781 0.9794
vn -0.0821 -0.1843 0.9794
vn -0.1243 -0.1591 -0.9794
vn -0.1297 -0.1546 -0.9794
vn -0.0947 -0.1781 -0.9794
vn -0.1243 -0.1591 0.9794
vn -0.1186 -0.1632 0.9794
vn -0.1069 -0.1711 0.9794
vn -0.1009 -0.1748 -0.9794
vn -0.1069 -0.1711 -0.9794
vn -0.1186 -0.1632 -0.9794
vn -0.5878 -0.8090 0.0000
vn -0.4933 -0.7590 -0.4249
vn -0.4933 -0.7590 -0.4248
vn -0.1129 -0.2071 -0.9718
vn -0.1068 -0.1766 -0.9785
vn -0.1010 -0.1621 0.9816
vn -0.0979 -0.1637 0.9816
vn -0.5592 -0.8290 0.0000
vn 0.6404 0.7680 -0.0010
vn 0.6472 0.7623 0.0023
vn -0.1234 -0.1748 -0.9768
vn -0.1279 -0.1716 -0.9768
vn 0.0088 0.0135 -0.9999
vn 0.0088 0.0134 -0.9999
vn 0.5878 0.8090 0.0000
vn 0.5878 0.8090 0.0013
vn -0.1314 -0.1566 -0.9789
vn 0.2772 0.3815 0.8818
vn -0.1032 -0.1421 -0.9845
vn 0.5720 0.8202 0.0000
vn -0.1297 -0.1546 0.9794
vn -0.2200 -0.2817 -0.9339
vn -0.1361 -0.1659 -0.9767
vn -0.1173 -0.1487 0.9819
vn -0.1353 -0.1671 0.9766
vn -0.1315 -0.1640 0.9777
vn -0.1194 -0.1538 0.9809
vn -0.1292 -0.1620 0.9783
vn 0.6428 0.7660 -0.0076
vn 0.9843 -0.1767 0.0000
vn -0.5881 -0.8088 -0.0000
vn -0.1026 -0.1398 0.9849
vn -0.0971 -0.1157 0.9885
vn -0.1172 -0.1448 0.9825
vn -0.0989 -0.1215 0.9877
vn -0.2296 -0.3666 0.9016
vn -0.2405 -0.3588 0.9019
vn -0.2307 -0.3658 0.9016
vn -0.1784 -0.4011 0.8985
vn -0.2019 -0.3857 0.9003
vn -0.1784 -0.4008 0.8986
vn -0.2166 -0.3751 0.9013
vn -0.2162 -0.3753 0.9014
vn -0.1061 -0.1460 0.9836
vn -0.1112 -0.1423 0.9836
vn -0.0957 -0.1531 0.9836
vn -0.0903 -0.1564 0.9836
vn -0.1160 -0.1383 0.9836
vn -0.0734 -0.1649 0.9836
vn -0.0847 -0.1594 0.9836
vn 0.9375 -0.3481 0.0001
vn 0.9374 -0.3482 0.0002
vn 0.5848 0.8112 0.0000
vn 0.3484 0.4463 -0.8243
vn 0.2710 0.5131 0.8145
vn 0.2856 0.4898 -0.8237
vn -0.0874 -0.1667 0.9821
vn -0.2031 -0.3848 0.9004
vn -0.0741 -0.1404 -0.9873
vn -0.0632 -0.1074 -0.9922
vn -0.0596 -0.1123 -0.9919
vn -0.0666 -0.1114 -0.9915
vn -0.0825 -0.1330 -0.9877
vn -0.0704 -0.1180 -0.9905
vn -0.0791 -0.1360 -0.9875
vn -0.0518 -0.1164 -0.9918
vn -0.0646 -0.1449 -0.9873
vn -0.0835 -0.1360 -0.9872
vn 0.9862 -0.1643 -0.0188
vn 0.9476 0.3192 -0.0124
vn 0.9862 -0.1643 -0.0191
vn -0.1391 -0.1709 -0.9754
vn -0.1440 -0.1790 -0.9732
vn -0.0801 -0.1983 -0.9769
vn 0.9854 -0.1680 -0.0273
vn 0.9855 -0.1695 -0.0082
vn 0.9855 -0.1693 -0.0077
vn 0.9837 -0.1778 -0.0277
vn 0.9850 -0.1700 -0.0309
vn 0.9839 -0.1763 -0.0290
vn 0.9858 -0.1649 -0.0310
vn 0.9863 -0.1651 0.0047
vn 0.9855 -0.1669 -0.0317
vn 0.6459 0.7632 0.0145
vn 0.6450 0.7641 -0.0108
vn 0.9276 0.3734 -0.0124
vn -0.1482 -0.1860 -0.9713
vn 0.9855 -0.1667 -0.0313
vn -0.1312 -0.1567 -0.9789
vn -0.9998 0.0213 -0.0005
vn -0.9998 0.0222 -0.0005
vn -0.9998 0.0221 -0.0005
vn 0.1816 0.4981 -0.8479
vn 0.1910 0.5060 -0.8411
vn -0.9997 0.0227 -0.0005
vn 0.1976 0.5114 -0.8363
vn 0.5000 0.8660 0.0015
vn 0.1132 0.2128 -0.9705
vn 0.1206 0.2089 -0.9705
vn 0.1277 0.2044 0.9705
vn 0.1206 0.2088 0.9705
vn 0.5299 0.8480 0.0014
vn 0.1277 0.2044 -0.9705
vn 0.1131 0.2128 0.9705
vn 0.0980 0.2202 0.9705
vn 0.1416 0.1950 0.9705
vn 0.0980 0.2202 -0.9705
vn 0.4695 0.8829 0.0009
vn 0.5000 0.8660 0.0009
vn 0.5878 0.8090 0.0009
vn 0.6157 0.7880 0.0009
vn 0.5299 0.8480 0.0010
vn 0.6157 0.7880 0.0008
vn 0.4067 0.9135 0.0010
vn 0.1485 0.1901 -0.9705
vn 0.1550 0.1847 -0.9705
vn 0.1549 0.1846 0.9705
vn 0.1485 0.1900 0.9705
vn 0.1417 0.1950 -0.9705
vn -0.1021 -0.6997 0.7071
vn 0.0000 0.0000 0.0000
vn -0.1024 -0.1328 0.9858
vn -0.0696 -0.9976 -0.0000
vn 0.0000 -0.2172 0.9761
vn 0.0000 -0.1849 0.9827
vn -0.1395 -0.1663 0.9762
vn -0.1315 -0.1565 -0.9789
vn -0.1315 -0.1566 -0.9789
vn -0.1316 -0.1566 -0.9789
vn -0.1314 -0.1565 -0.9789
vn 0.6434 0.7655 -0.0058
vn 0.6419 0.7668 -0.0056
vn 0.6420 0.7667 -0.0055
vn 0.4361 0.3755 0.8178
vn 0.4165 0.3827 0.8247
vn 0.4156 0.3831 0.8249
vn 0.6415 0.7671 0.0093
vn 0.3981 0.3977 0.8266
vn 0.3966 0.3997 0.8264
vn 0.4792 0.3232 0.8161
vn 0.5005 0.2890 0.8161
vn 0.4583 0.3559 0.8144
vn 0.4301 0.3677 -0.8245
vn 0.4162 0.3789 -0.8265
vn 0.4328 0.3663 -0.8237
vn 0.3896 0.4092 0.8251
vn 0.4157 0.3795 -0.8265
vn 0.3950 0.4028 -0.8256
vn 0.4671 0.3151 -0.8261
vn 0.4880 0.2817 -0.8261
vn 0.4480 0.3471 -0.8239
vn -0.6691 -0.7431 0.0000
vn -0.8290 -0.5592 0.0000
vn -0.8660 -0.5000 0.0000
vn 0.8660 0.5000 0.0000
vn 0.8290 0.5592 0.0000
vn 0.7880 0.6157 0.0000
vn 0.7660 0.6428 0.0000
vn -0.7431 -0.6691 0.0000
vn -0.7660 -0.6428 0.0000
vn -0.7880 -0.6157 0.0000
vn -0.1456 -0.0982 -0.9845
vn -0.1384 -0.1081 -0.9845
vn -0.1521 -0.0878 -0.9845
vn -0.1176 -0.1306 -0.9844
vn -0.1305 -0.1175 -0.9845
vn -0.1346 -0.1129 -0.9844
vn 0.3910 0.2637 0.8818
vn 0.3716 0.2903 0.8818
vn 0.4084 0.2358 0.8818
vn 0.3157 0.3506 0.8817
vn 0.3614 0.3033 0.8817
vn 0.3505 0.3156 0.8818
vn -0.2656 -0.2391 -0.9340
vn -0.2739 -0.2298 -0.9339
vn 0.8290 0.5592 0.0014
vn 0.7880 0.6157 0.0015
vn 0.8660 0.5000 0.0015
vn 0.6691 0.7431 0.0016
vn 0.6691 0.7431 0.0014
vn 0.7431 0.6691 0.0015
vn 0.7660 0.6428 0.0015
vn 0.6691 0.7431 0.0000
vn 0.7431 0.6691 0.0000
vn 0.0132 0.0089 -0.9999
vn 0.0126 0.0098 -0.9999
vn 0.0135 0.0084 -0.9999
vn -0.1772 -0.1195 -0.9769
vn -0.1684 -0.1316 -0.9769
vn -0.1813 -0.1133 -0.9769
vn -0.1588 -0.1430 -0.9769
vn -0.1638 -0.1374 -0.9769
vn -0.2392 -0.2656 -0.9339
vn -0.2482 -0.2571 -0.9340
vn -0.2483 -0.2571 -0.9340
vn -0.3032 -0.1895 -0.9339
vn -0.3095 -0.1787 -0.9340
vn -0.2963 -0.1998 -0.9340
vn -0.2816 -0.2200 -0.9340
vn 0.7156 0.6985 -0.0001
vn 0.6456 0.7637 -0.0021
vn 0.7174 0.6967 0.0000
vn 0.7928 0.6095 0.0000
vn 0.0119 0.0107 -0.9999
vn 0.0122 0.0103 -0.9999
vn 0.0122 0.0105 -0.9999
vn 0.7914 0.6113 -0.0000
vn 0.7120 0.7021 -0.0001
vn 0.6447 0.7645 -0.0010
vn 0.6452 0.7640 -0.0010
vn -0.6691 -0.7432 -0.0003
vn -0.6691 -0.7432 -0.0005
vn -0.6691 -0.7432 -0.0002
vn -0.1429 -0.1246 0.9819
vn -0.1405 -0.1287 0.9817
vn -0.1406 -0.1284 0.9817
vn 0.6448 0.7643 -0.0022
vn -0.1561 -0.1054 0.9821
vn -0.1631 -0.0942 0.9821
vn -0.1561 -0.1053 0.9821
vn -0.1493 -0.1145 0.9821
vn -0.1626 -0.1099 -0.9806
vn -0.1597 -0.1230 -0.9795
vn -0.1685 -0.1138 -0.9791
vn -0.1767 -0.1020 -0.9790
vn -0.1699 -0.0981 -0.9806
vn 0.6423 0.7664 -0.0070
vn 0.6409 0.7676 -0.0059
vn 0.6407 0.7677 -0.0056
vn -0.1519 -0.1334 -0.9793
vn -0.1726 -0.1568 -0.9724
vn -0.1592 -0.1452 -0.9765
vn -0.6715 -0.6063 -0.4259
vn -0.6939 -0.5887 -0.4147
vn -0.6944 -0.5884 -0.4142
vn -0.7670 -0.5173 -0.3797
vn -0.8012 -0.4626 -0.3797
vn -0.7281 -0.5632 -0.3908
vn -0.7669 -0.5173 -0.3797
vn -0.1673 -0.1128 -0.9794
vn -0.1747 -0.1009 -0.9794
vn -0.1590 -0.1242 0.9794
vn -0.1547 -0.1298 0.9794
vn -0.1673 -0.1128 0.9794
vn -0.1747 -0.1009 0.9794
vn -0.1351 -0.1500 -0.9794
vn -0.1590 -0.1242 -0.9794
vn -0.1402 -0.1451 0.9794
vn -0.1351 -0.1500 0.9794
vn -0.1499 -0.1350 0.9794
vn -0.1499 -0.1350 -0.9794
vn -0.1547 -0.1298 -0.9794
vn -0.1402 -0.1451 -0.9794
vn -0.6947 -0.7193 0.0000
vn -0.6618 -0.6177 -0.4249
vn -0.6716 -0.6062 -0.4259
vn -0.1572 -0.1412 -0.9774
vn -0.1843 -0.1471 -0.9718
vn -0.1415 -0.1264 0.9818
vn -0.7193 -0.6947 -0.0000
vn 0.6458 0.7635 -0.0018
vn 0.6440 0.7650 0.0010
vn -0.1507 -0.1518 -0.9768
vn -0.1587 -0.1430 -0.9769
vn 0.0115 0.0109 -0.9999
vn 0.0120 0.0109 -0.9999
vn 0.6947 0.7193 0.0000
vn 0.6947 0.7193 0.0014
vn 0.3276 0.3392 0.8818
vn -0.1220 -0.1263 -0.9845
vn 0.7084 0.7058 0.0000
vn -0.2392 -0.2657 -0.9339
vn -0.1468 -0.1558 -0.9768
vn -0.1397 -0.1629 -0.9767
vn -0.1261 -0.1413 0.9819
vn -0.1411 -0.1623 0.9766
vn -0.1223 -0.1406 0.9825
vn -0.1308 -0.1443 0.9809
vn -0.1387 -0.1580 0.9777
vn 0.6425 0.7663 -0.0081
vn -0.3449 0.9386 0.0000
vn -0.6946 -0.7194 -0.0000
vn -0.1198 -0.1253 0.9849
vn -0.1130 -0.1240 0.9858
vn -0.1025 -0.1185 0.9877
vn -0.3217 -0.2908 0.9011
vn -0.3126 -0.3013 0.9008
vn -0.3126 -0.3014 0.9008
vn -0.3636 -0.2453 0.8987
vn -0.3448 -0.2658 0.9003
vn -0.3440 -0.2667 0.9003
vn -0.3805 -0.2197 0.8983
vn -0.3318 -0.2784 0.9014
vn -0.3320 -0.2781 0.9014
vn -0.1254 -0.1298 0.9836
vn -0.1209 -0.1342 0.9836
vn -0.1341 -0.1208 0.9836
vn -0.1384 -0.1161 0.9836
vn -0.1563 -0.0903 0.9836
vn -0.1496 -0.1009 0.9836
vn -0.1422 -0.1111 0.9836
vn -0.5056 0.8628 0.0001
vn -0.5054 0.8629 0.0000
vn 0.6973 0.7167 0.0000
vn 0.3924 0.4059 -0.8254
vn 0.3790 0.4206 -0.8242
vn 0.4396 0.3745 0.8164
vn 0.0125 0.0098 -0.9999
vn 0.7134 0.7008 -0.0000
vn -0.1490 -0.1150 0.9821
vn -0.1548 -0.1194 -0.9807
vn -0.7280 -0.5632 -0.3909
vn -0.0948 -0.0809 -0.9922
vn -0.1255 -0.0975 -0.9873
vn -0.1002 -0.0781 -0.9919
vn -0.0981 -0.0850 -0.9915
vn -0.1166 -0.1043 -0.9877
vn -0.1195 -0.1058 -0.9872
vn -0.1202 -0.1015 -0.9875
vn -0.1056 -0.0713 -0.9918
vn -0.1377 -0.0795 -0.9873
vn -0.1103 -0.0637 -0.9919
vn -0.1315 -0.0888 -0.9873
vn -0.1554 -0.1358 -0.9785
vn -0.3330 0.9427 -0.0187
vn 0.1498 0.9886 -0.0124
vn 0.2067 0.9783 -0.0124
vn -0.1441 -0.1667 -0.9754
vn -0.3366 0.9413 -0.0273
vn -0.3380 0.9411 -0.0082
vn -0.3336 0.9422 -0.0310
vn -0.3385 0.9405 -0.0309
vn -0.3459 0.9379 -0.0277
vn -0.3445 0.9383 -0.0289
vn -0.3382 0.9406 -0.0312
vn -0.3339 0.9426 0.0047
vn -0.3354 0.9415 -0.0316
vn -0.3354 0.9416 -0.0313
vn 0.6395 0.7687 0.0145
vn 0.6405 0.7679 -0.0108
vn -0.1574 -0.1782 -0.9713
vn -0.1513 -0.1729 -0.9732
vn -0.3331 0.9427 -0.0191
vn -0.1315 -0.1564 -0.9789
vn 0.1946 -0.9809 -0.0006
vn 0.1953 -0.9807 -0.0006
vn 0.1955 -0.9807 -0.0005
vn -0.1851 -0.1068 -0.9769
vn 0.0138 0.0080 -0.9999
vn 0.4670 0.2696 -0.8422
vn 0.4590 0.2654 -0.8479
vn 0.4591 0.2651 -0.8479
vn 0.1960 -0.9806 -0.0005
vn 0.4748 0.2741 -0.8363
vn 0.4651 0.2760 -0.8411
vn 0.7880 0.6157 0.0014
vn 0.1900 0.1484 -0.9705
vn 0.1848 0.1550 -0.9705
vn 0.1791 0.1613 0.9705
vn 0.1847 0.1550 0.9705
vn 0.7431 0.6691 0.0012
vn 0.7431 0.6691 0.0013
vn 0.1791 0.1613 -0.9705
vn 0.1998 0.1348 0.9705
vn 0.1899 0.1484 0.9705
vn 0.6691 0.7431 0.0015
vn 0.1674 0.1734 0.9705
vn 0.1998 0.1348 -0.9705
vn 0.7660 0.6428 0.0009
vn 0.7880 0.6157 0.0009
vn 0.6691 0.7431 0.0009
vn 0.6947 0.7193 0.0009
vn 0.7431 0.6691 0.0009
vn 0.6691 0.7431 0.0008
vn 0.8290 0.5592 0.0009
vn 0.8660 0.5000 0.0009
vn 0.1614 0.1792 -0.9705
vn 0.1613 0.1792 0.9705
vn 0.1675 0.1734 -0.9705
vn 0.2087 0.1205 -0.9705
vn 0.2087 0.1205 0.9705
vn -0.2012 -0.0356 -0.9789
vn -0.2013 -0.0356 -0.9789
vn -0.2014 -0.0356 -0.9789
vn 0.9846 0.1745 -0.0058
vn 0.9850 0.1725 -0.0056
vn 0.9848 0.1732 -0.0081
vn 0.5432 0.1900 0.8178
vn 0.5397 0.1693 0.8247
vn 0.5441 0.1934 0.8164
vn 0.9851 0.1720 0.0093
vn 0.9848 0.1736 -0.0044
vn 0.9847 0.1736 0.0119
vn 0.5396 0.1684 0.8249
vn 0.5435 0.1459 0.8266
vn 0.5195 0.2534 0.8161
vn 0.5374 0.2189 0.8144
vn 0.5335 0.1886 -0.8245
vn 0.5363 0.1710 -0.8265
vn 0.5365 0.1702 -0.8265
vn 0.5445 0.1436 0.8264
vn 0.5492 0.1328 0.8251
vn 0.5464 0.1407 -0.8257
vn 0.5476 0.1369 -0.8254
vn 0.5064 0.2470 -0.8261
vn 0.5246 0.2145 -0.8239
vn -0.9781 -0.2079 0.0000
vn -0.8988 -0.4384 0.0000
vn 0.8988 0.4384 0.0000
vn 0.9272 0.3746 0.0000
vn 0.9397 0.3420 0.0000
vn -0.9397 -0.3420 0.0000
vn -0.9511 -0.3090 0.0000
vn -0.9272 -0.3746 0.0000
vn -0.1578 -0.0770 -0.9845
vn -0.1628 -0.0658 -0.9845
vn -0.1719 -0.0365 -0.9844
vn -0.1729 -0.0305 -0.9845
vn -0.1651 -0.0601 -0.9844
vn -0.1670 -0.0543 -0.9845
vn 0.4373 0.1767 0.8818
vn 0.4239 0.2067 0.8818
vn 0.4615 0.0981 0.8817
vn 0.4485 0.1457 0.8818
vn 0.4434 0.1614 0.8817
vn -0.3360 -0.1223 -0.9339
vn -0.3399 -0.1104 -0.9340
vn 0.8988 0.4384 0.0014
vn 0.9272 0.3746 0.0015
vn 0.9272 0.3746 0.0016
vn 0.9781 0.2079 0.0015
vn 0.9781 0.2079 0.0013
vn 0.9397 0.3420 0.0014
vn 0.9511 0.3090 0.0013
vn 0.9781 0.2079 0.0000
vn 0.9511 0.3090 0.0000
vn 0.0143 0.0070 -0.9999
vn 0.0147 0.0060 -0.9999
vn 0.0141 0.0075 -0.9999
vn -0.1921 -0.0937 -0.9769
vn -0.1981 -0.0800 -0.9769
vn -0.1888 -0.1004 -0.9769
vn -0.2009 -0.0731 -0.9769
vn -0.2033 -0.0660 -0.9769
vn -0.3468 -0.0863 -0.9340
vn -0.3497 -0.0744 -0.9339
vn -0.3468 -0.0865 -0.9340
vn -0.3157 -0.1679 -0.9339
vn -0.3212 -0.1567 -0.9340
vn -0.3314 -0.1339 -0.9340
vn 0.9627 0.2705 -0.0001
vn 0.9842 0.1772 -0.0023
vn 0.9845 0.1752 0.0010
vn 0.9242 0.3818 0.0000
vn 0.0150 0.0054 -0.9999
vn 0.0153 0.0050 -0.9999
vn 0.0149 0.0054 -0.9999
vn 0.9251 0.3797 0.0000
vn 0.9641 0.2656 -0.0001
vn 0.9844 0.1760 -0.0007
vn 0.9636 0.2674 -0.0000
vn -0.9782 -0.2079 -0.0003
vn -0.9782 -0.2078 -0.0005
vn -0.9782 -0.2078 -0.0006
vn -0.1794 -0.0615 0.9819
vn -0.1817 -0.0587 0.9816
vn 0.9850 0.1726 -0.0054
vn 0.9843 0.1763 -0.0022
vn -0.1694 -0.0825 0.9821
vn -0.1738 -0.0721 0.9821
vn -0.1693 -0.0825 0.9821
vn -0.1765 -0.0859 -0.9806
vn -0.1863 -0.0768 -0.9795
vn -0.1806 -0.0742 -0.9807
vn -0.1829 -0.0890 -0.9791
vn 0.9849 0.1731 -0.0070
vn 0.9852 0.1713 -0.0059
vn 0.9852 0.1710 -0.0056
vn -0.1915 -0.0649 -0.9793
vn -0.2221 -0.0710 -0.9724
vn -0.2009 -0.0655 -0.9774
vn -0.8567 -0.3066 -0.4147
vn -0.8609 -0.2784 -0.4259
vn -0.8568 -0.3072 -0.4142
vn -0.8315 -0.4055 -0.3797
vn -0.8517 -0.3489 -0.3909
vn -0.1814 -0.0885 -0.9794
vn -0.1897 -0.0690 0.9794
vn -0.1871 -0.0756 0.9794
vn -0.1814 -0.0885 0.9794
vn -0.1975 -0.0420 -0.9794
vn -0.1987 -0.0350 -0.9794
vn -0.1871 -0.0756 -0.9794
vn -0.1975 -0.0420 0.9794
vn -0.1958 -0.0488 0.9794
vn -0.1919 -0.0623 0.9794
vn -0.1897 -0.0690 -0.9794
vn -0.1919 -0.0623 -0.9794
vn -0.1958 -0.0488 -0.9794
vn -0.9703 -0.2419 0.0000
vn -0.8658 -0.2643 -0.4249
vn -0.2196 -0.0861 -0.9718
vn -0.1953 -0.0667 -0.9785
vn -0.1815 -0.0593 0.9816
vn -0.1802 -0.0625 0.9816
vn -0.9613 -0.2756 0.0000
vn 0.9843 0.1767 -0.0010
vn 0.9858 0.1680 0.0023
vn -0.2068 -0.0546 -0.9768
vn -0.2083 -0.0492 -0.9768
vn 0.0152 0.0044 -0.9999
vn 0.0151 0.0043 -0.9999
vn 0.9703 0.2419 0.0000
vn 0.9703 0.2419 0.0013
vn -0.2013 -0.0355 -0.9789
vn 0.4576 0.1141 0.8818
vn -0.1704 -0.0425 -0.9845
vn 0.9654 0.2606 0.0000
vn -0.1987 -0.0350 0.9794
vn -0.3496 -0.0744 -0.9339
vn -0.3497 -0.0743 -0.9339
vn -0.2109 -0.0396 -0.9767
vn -0.1854 -0.0386 0.9819
vn -0.2111 -0.0411 0.9766
vn -0.2061 -0.0411 0.9777
vn -0.1903 -0.0411 0.9809
vn -0.2031 -0.0411 0.9783
vn 0.9848 0.1736 -0.0076
vn 0.6404 -0.7680 -0.0000
vn -0.9704 -0.2416 -0.0000
vn -0.1684 -0.0411 0.9849
vn -0.1487 -0.0262 0.9885
vn -0.1829 -0.0357 0.9825
vn -0.1539 -0.0295 0.9877
vn -0.4115 -0.1333 0.9016
vn -0.4149 -0.1203 0.9019
vn -0.4119 -0.1319 0.9016
vn -0.3945 -0.1926 0.8985
vn -0.4026 -0.1657 0.9003
vn -0.3941 -0.1922 0.8988
vn -0.4070 -0.1481 0.9014
vn -0.4068 -0.1485 0.9014
vn -0.1751 -0.0437 0.9836
vn -0.1767 -0.0375 0.9836
vn -0.1717 -0.0558 0.9836
vn -0.1697 -0.0618 0.9836
vn -0.1778 -0.0313 0.9836
vn -0.1622 -0.0791 0.9836
vn -0.1674 -0.0676 0.9836
vn 0.4944 -0.8692 0.0001
vn 0.4946 -0.8691 0.0000
vn 0.9694 0.2455 0.0000
vn 0.5538 0.1180 -0.8243
vn 0.5374 0.2188 0.8145
vn 0.5337 0.1916 -0.8237
vn -0.1741 -0.0715 0.9821
vn -0.4030 -0.1645 0.9003
vn -0.1471 -0.0599 -0.9873
vn -0.1174 -0.0417 -0.9922
vn -0.1182 -0.0477 -0.9918
vn -0.1226 -0.0425 -0.9915
vn -0.1486 -0.0488 -0.9877
vn -0.1298 -0.0452 -0.9905
vn -0.1478 -0.0532 -0.9876
vn -0.1145 -0.0559 -0.9918
vn -0.1427 -0.0695 -0.9873
vn -0.1514 -0.0505 -0.9872
vn -0.1981 -0.0801 -0.9769
vn 0.6499 -0.7598 -0.0187
vn 0.9311 -0.3646 -0.0124
vn 0.6498 -0.7598 -0.0191
vn -0.2083 -0.0493 -0.9768
vn -0.2164 -0.0415 -0.9754
vn -0.2254 -0.0446 -0.9732
vn -0.2032 -0.0660 -0.9769
vn 0.6469 -0.7621 -0.0273
vn 0.6460 -0.7633 -0.0082
vn 0.6462 -0.7632 -0.0077
vn 0.6393 -0.7685 -0.0277
vn 0.6452 -0.7634 -0.0309
vn 0.6404 -0.7675 -0.0290
vn 0.6492 -0.7600 -0.0310
vn 0.6494 -0.7604 0.0047
vn 0.6477 -0.7612 -0.0315
vn 0.9845 0.1736 0.0246
vn 0.9854 0.1695 0.0145
vn 0.9853 0.1707 -0.0108
vn 0.9506 -0.3102 -0.0124
vn -0.2331 -0.0472 -0.9713
vn 0.6477 -0.7612 -0.0313
vn -0.7522 0.6589 -0.0006
vn -0.7516 0.6597 -0.0005
vn -0.7517 0.6595 -0.0005
vn 0.4593 0.2648 -0.8479
vn 0.4715 0.2648 -0.8411
vn -0.7512 0.6600 -0.0005
vn 0.4801 0.2647 -0.8363
vn 0.9272 0.3746 0.0014
vn 0.2235 0.0903 -0.9705
vn 0.2266 0.0825 -0.9705
vn 0.9703 0.2419 0.0015
vn 0.9781 0.2079 0.0014
vn 0.2292 0.0745 0.9705
vn 0.2266 0.0825 0.9705
vn 0.9511 0.3090 0.0014
vn 0.2293 0.0745 -0.9705
vn 0.2234 0.0903 0.9705
vn 0.2166 0.1056 0.9705
vn 0.2338 0.0583 0.9705
vn 0.2166 0.1057 -0.9705
vn 0.9272 0.3746 0.0009
vn 0.9397 0.3420 0.0010
vn 0.9703 0.2419 0.0009
vn 0.9781 0.2079 0.0009
vn 0.9511 0.3090 0.0009
vn 0.8988 0.4384 0.0009
vn 0.2359 0.0501 -0.9705
vn 0.2374 0.0419 -0.9705
vn 0.2373 0.0418 0.9705
vn 0.2359 0.0501 0.9705
vn 0.2339 0.0583 -0.9705
vn -0.1639 -0.0359 0.9858
vn -0.6944 -0.7196 -0.0000
vn -0.1188 -0.1416 0.9828
vn -0.2139 -0.0377 0.9761
vn -0.2013 -0.0354 -0.9789
vn -0.2014 -0.0354 -0.9789
vn -0.2015 -0.0354 -0.9789
vn 0.9849 0.1728 -0.0057
vn 0.9846 0.1747 -0.0056
vn 0.9846 0.1747 -0.0054
vn 0.5754 0.0073 0.8178
vn 0.5651 0.0255 0.8247
vn 0.5646 0.0263 0.8249
vn 0.9845 0.1753 0.0094
vn 0.5606 0.0488 0.8266
vn 0.5608 0.0513 0.8264
vn 0.5748 -0.0604 0.8161
vn 0.5692 -0.1004 0.8161
vn 0.5799 -0.0219 0.8144
vn 0.5797 -0.0218 0.8145
vn 0.5658 0.0052 -0.8245
vn 0.5624 0.0227 -0.8265
vn 0.5670 0.0025 -0.8237
vn 0.5615 0.0630 0.8251
vn 0.5624 0.0236 -0.8266
vn 0.5615 0.0547 -0.8256
vn 0.5604 -0.0589 -0.8261
vn 0.5549 -0.0978 -0.8261
vn 0.5663 -0.0220 -0.8239
vn -0.9903 -0.1392 0.0000
vn -0.9945 0.1045 0.0000
vn -0.9848 0.1736 0.0000
vn 0.9848 -0.1736 0.0000
vn 0.9945 -0.1045 0.0000
vn 0.9994 -0.0349 -0.0000
vn 1.0000 0.0000 0.0000
vn -0.9994 -0.0349 0.0000
vn -1.0000 0.0000 0.0000
vn -0.9994 0.0349 0.0000
vn -0.1755 0.0061 -0.9845
vn -0.1746 0.0184 -0.9845
vn -0.1729 0.0305 -0.9845
vn -0.1740 -0.0245 -0.9844
vn -0.1755 -0.0061 -0.9845
vn -0.1757 -0.0000 -0.9844
vn 0.4690 -0.0493 0.8818
vn 0.4713 -0.0165 0.8818
vn 0.4644 -0.0819 0.8818
vn 0.4672 0.0657 0.8817
vn 0.4718 0.0000 0.8817
vn 0.4713 0.0165 0.8818
vn -0.3572 -0.0125 -0.9340
vn -0.3576 -0.0000 -0.9339
vn 0.9994 -0.0349 0.0014
vn 0.9945 -0.1045 0.0014
vn 0.9848 -0.1736 0.0014
vn 0.9903 0.1392 0.0014
vn 0.9903 0.1392 0.0013
vn 1.0000 0.0000 0.0014
vn 0.9994 0.0349 0.0014
vn 0.9903 0.1392 0.0000
vn 0.9994 0.0349 0.0000
vn 0.0158 -0.0017 -0.9999
vn 0.0159 -0.0006 -0.9999
vn 0.0158 -0.0022 -0.9999
vn -0.2136 0.0075 -0.9769
vn -0.2125 0.0223 -0.9769
vn -0.2117 0.0298 -0.9769
vn -0.2136 -0.0075 -0.9769
vn -0.2138 -0.0000 -0.9769
vn -0.3540 -0.0497 -0.9339
vn -0.3554 -0.0375 -0.9340
vn -0.3554 -0.0374 -0.9340
vn -0.3541 0.0498 -0.9339
vn -0.3520 0.0621 -0.9340
vn -0.3554 0.0374 -0.9340
vn -0.3572 0.0125 -0.9340
vn 0.9972 0.0751 -0.0001
vn 0.9854 0.1702 -0.0024
vn 0.9974 0.0726 0.0000
vn 0.9991 -0.0427 -0.0000
vn 0.0160 0.0005 -0.9999
vn 0.0160 0.0001 -0.9999
vn 0.0159 0.0000 -0.9999
vn 0.9992 -0.0404 -0.0000
vn 0.9968 0.0802 -0.0001
vn 0.9852 0.1712 -0.0010
vn 0.9853 0.1706 -0.0010
vn -0.9903 -0.1392 -0.0003
vn -0.9903 -0.1392 -0.0005
vn -0.1896 -0.0036 0.9819
vn -0.1904 -0.0083 0.9817
vn -0.1903 -0.0079 0.9817
vn 0.9853 0.1710 -0.0022
vn -0.1874 0.0196 0.9821
vn -0.1855 0.0327 0.9821
vn -0.1873 0.0196 0.9821
vn -0.1881 0.0080 0.9821
vn -0.1957 0.0204 -0.9805
vn -0.2013 0.0084 -0.9795
vn -0.2023 0.0211 -0.9791
vn -0.2010 0.0354 -0.9790
vn -0.1933 0.0341 -0.9805
vn 0.9847 0.1742 -0.0071
vn 0.9844 0.1760 -0.0059
vn 0.9843 0.1763 -0.0056
vn -0.2022 -0.0045 -0.9793
vn -0.2330 -0.0092 -0.9724
vn -0.2153 -0.0089 -0.9765
vn -0.9042 -0.0328 -0.4259
vn -0.9099 -0.0049 -0.4147
vn -0.9102 -0.0044 -0.4142
vn -0.9200 0.0967 -0.3797
vn -0.9110 0.1606 -0.3797
vn -0.9197 0.0366 -0.3909
vn -0.2007 0.0211 -0.9794
vn -0.1987 0.0350 -0.9794
vn -0.2016 0.0070 0.9794
vn -0.2019 -0.0000 0.9794
vn -0.2007 0.0211 0.9794
vn -0.1987 0.0350 0.9794
vn -0.1999 -0.0281 -0.9794
vn -0.2016 0.0070 -0.9794
vn -0.2007 -0.0211 0.9794
vn -0.1999 -0.0281 0.9794
vn -0.2016 -0.0070 0.9794
vn -0.2016 -0.0070 -0.9794
vn -0.2019 0.0000 -0.9794
vn -0.2007 -0.0211 -0.9794
vn -0.9945 -0.1045 -0.0000
vn -0.9040 -0.0477 -0.4249
vn -0.9042 -0.0327 -0.4259
vn -0.2112 -0.0072 -0.9774
vn -0.2358 0.0058 -0.9718
vn -0.1896 -0.0059 0.9818
vn -0.1897 -0.0059 0.9818
vn -0.9976 -0.0698 0.0000
vn 0.9855 0.1697 -0.0018
vn 0.9851 0.1721 0.0010
vn -0.2130 -0.0194 -0.9768
vn 0.0158 0.0010 -0.9999
vn 0.0162 0.0006 -0.9999
vn 0.9945 0.1045 0.0000
vn 0.9945 0.1045 0.0014
vn 0.4690 0.0493 0.8818
vn -0.1746 -0.0184 -0.9845
vn 0.9964 0.0853 0.0000
vn -0.3540 -0.0498 -0.9339
vn -0.2126 -0.0250 -0.9768
vn -0.2117 -0.0349 -0.9767
vn -0.1875 -0.0272 0.9819
vn -0.2124 -0.0336 0.9766
vn -0.1839 -0.0292 0.9825
vn -0.1929 -0.0265 0.9809
vn -0.2077 -0.0319 0.9777
vn 0.9847 0.1740 -0.0081
vn 0.3391 0.9407 0.0000
vn -0.1723 -0.0189 0.9849
vn -0.1662 -0.0223 0.9858
vn -0.1547 -0.0250 0.9877
vn -0.4333 -0.0160 0.9011
vn -0.4332 -0.0299 0.9008
vn -0.4331 -0.0299 0.9008
vn -0.4361 0.0458 0.8987
vn -0.4350 0.0180 0.9003
vn -0.4347 0.0164 0.9004
vn -0.4327 0.0763 0.8983
vn -0.4362 0.0459 0.8987
vn -0.4331 -0.0000 0.9013
vn -0.4331 0.0004 0.9013
vn -0.1795 -0.0189 0.9836
vn -0.1789 -0.0251 0.9836
vn -0.1804 -0.0063 0.9836
vn -0.1806 -0.0000 0.9836
vn -0.1795 0.0189 0.9836
vn -0.1778 0.0313 0.9836
vn -0.1804 0.0063 0.9836
vn 0.1673 0.9859 0.0001
vn 0.1675 0.9859 0.0000
vn 0.9949 0.1008 0.0000
vn 0.5614 0.0587 -0.8254
vn 0.5607 0.0786 -0.8242
vn 0.5775 0.0043 0.8164
vn 0.5663 -0.0221 -0.8239
vn -0.1881 0.0077 0.9821
vn -0.1951 0.0080 -0.9807
vn -0.9197 0.0365 -0.3909
vn -0.1246 -0.0010 -0.9922
vn -0.1585 0.0060 -0.9873
vn -0.1274 0.0044 -0.9918
vn -0.1298 -0.0020 -0.9915
vn -0.1564 -0.0049 -0.9877
vn -0.1596 -0.0043 -0.9872
vn -0.1574 -0.0005 -0.9875
vn -0.1267 0.0133 -0.9918
vn -0.1563 0.0276 -0.9873
vn -0.1254 0.0221 -0.9919
vn -0.1578 0.0165 -0.9873
vn -0.2063 -0.0041 -0.9785
vn 0.3509 0.9362 -0.0187
vn 0.7503 0.6610 -0.0124
vn 0.7872 0.6166 -0.0124
vn -0.2176 -0.0350 -0.9754
vn -0.2126 -0.0249 -0.9768
vn 0.3472 0.9374 -0.0273
vn 0.3460 0.9382 -0.0082
vn 0.3501 0.9362 -0.0310
vn 0.3452 0.9380 -0.0309
vn 0.3379 0.9408 -0.0277
vn 0.3392 0.9403 -0.0289
vn 0.3455 0.9379 -0.0312
vn 0.3505 0.9366 0.0043
vn 0.3502 0.9367 0.0047
vn 0.3483 0.9369 -0.0316
vn 0.3483 0.9369 -0.0313
vn 0.9842 0.1765 -0.0108
vn -0.2351 -0.0353 -0.9713
vn -0.2271 -0.0352 -0.9732
vn 0.3508 0.9363 -0.0191
vn -0.2013 -0.0353 -0.9789
vn -0.4814 -0.8765 -0.0005
vn -0.4808 -0.8768 -0.0005
vn -0.4806 -0.8769 -0.0005
vn -0.2104 0.0371 -0.9769
vn 0.0157 -0.0028 -0.9999
vn -0.9848 0.1737 0.0000
vn 0.5310 -0.0936 -0.8422
vn 0.5222 -0.0918 -0.8479
vn 0.5221 -0.0921 -0.8479
vn -0.4802 -0.8772 -0.0005
vn 0.5398 -0.0952 -0.8364
vn 0.5337 -0.0876 -0.8411
vn 1.0000 0.0000 0.0016
vn 0.9994 -0.0349 0.0015
vn 0.2409 -0.0084 -0.9705
vn 0.2412 0.0000 -0.9705
vn 0.2408 0.0084 0.9705
vn 0.2411 0.0000 0.9705
vn 0.2409 0.0084 -0.9705
vn 0.2397 -0.0252 0.9705
vn 0.2408 -0.0084 0.9705
vn 0.2397 0.0252 0.9705
vn 0.2397 -0.0252 -0.9705
vn 1.0000 0.0000 0.0009
vn 0.9994 -0.0349 0.0009
vn 0.9903 0.1392 0.0009
vn 0.9945 0.1045 0.0010
vn 0.9994 0.0349 0.0009
vn 0.9945 -0.1045 0.0009
vn 0.9848 -0.1736 0.0009
vn 0.2388 0.0336 -0.9705
vn 0.2388 0.0336 0.9705
vn 0.2397 0.0252 -0.9705
vn 0.2374 -0.0419 -0.9705
vn 0.2373 -0.0418 0.9705
vn -0.1771 0.1021 -0.9789
vn -0.1772 0.1021 -0.9789
vn -0.1770 0.1021 -0.9789
vn -0.1772 0.1022 -0.9789
vn 0.8664 -0.4993 -0.0058
vn 0.8654 -0.5010 -0.0055
vn 0.8658 -0.5003 -0.0081
vn 0.5383 -0.2036 0.8178
vn 0.5222 -0.2172 0.8247
vn 0.5412 -0.2016 0.8164
vn 0.8651 -0.5014 0.0093
vn 0.8660 -0.5000 -0.0043
vn 0.8660 -0.5000 0.0118
vn 0.5216 -0.2178 0.8249
vn 0.5101 -0.2376 0.8266
vn 0.5608 -0.1398 0.8161
vn 0.5523 -0.1777 0.8144
vn 0.5299 -0.1984 -0.8245
vn 0.5207 -0.2137 -0.8265
vn 0.5204 -0.2145 -0.8265
vn 0.5095 -0.2400 0.8263
vn 0.5061 -0.2512 0.8251
vn 0.5090 -0.2434 -0.8257
vn 0.5075 -0.2472 -0.8254
vn 0.5467 -0.1363 -0.8261
vn 0.5397 -0.1730 -0.8239
vn 0.5397 -0.1729 -0.8239
vn -0.8829 0.4695 0.0000
vn -0.9703 0.2419 0.0000
vn 0.9703 -0.2419 0.0000
vn 0.9511 -0.3090 0.0000
vn 0.9397 -0.3420 0.0000
vn -0.9397 0.3420 0.0000
vn -0.9272 0.3746 0.0000
vn -0.9511 0.3090 0.0000
vn -0.1704 0.0425 -0.9845
vn -0.1670 0.0543 -0.9845
vn -0.1551 0.0825 -0.9844
vn -0.1521 0.0878 -0.9845
vn -0.1651 0.0601 -0.9844
vn -0.1628 0.0658 -0.9845
vn 0.4576 -0.1141 0.8818
vn 0.4485 -0.1457 0.8818
vn 0.4166 -0.2215 0.8817
vn 0.4373 -0.1767 0.8818
vn 0.4434 -0.1614 0.8817
vn -0.3360 0.1223 -0.9339
vn -0.3314 0.1339 -0.9340
vn 0.9703 -0.2419 0.0015
vn 0.9511 -0.3090 0.0015
vn 0.8829 -0.4695 0.0015
vn 0.9397 -0.3420 0.0014
vn 0.9272 -0.3746 0.0014
vn 0.8829 -0.4695 0.0000
vn 0.9272 -0.3746 0.0000
vn 0.0154 -0.0039 -0.9999
vn 0.0151 -0.0049 -0.9999
vn 0.0156 -0.0033 -0.9999
vn -0.2073 0.0517 -0.9769
vn -0.2032 0.0660 -0.9769
vn -0.2091 0.0445 -0.9769
vn -0.2009 0.0731 -0.9769
vn -0.1981 0.0801 -0.9769
vn -0.3211 0.1568 -0.9340
vn -0.3157 0.1678 -0.9339
vn -0.3212 0.1567 -0.9340
vn -0.3498 0.0743 -0.9339
vn -0.3468 0.0865 -0.9340
vn -0.3399 0.1104 -0.9340
vn 0.9114 -0.4116 -0.0001
vn 0.8678 -0.4968 -0.0022
vn 0.8668 -0.4986 0.0010
vn 0.9534 -0.3016 0.0000
vn 0.0150 -0.0055 -0.9999
vn 0.0149 -0.0060 -0.9999
vn 0.0149 -0.0054 -0.9999
vn 0.9527 -0.3038 0.0000
vn 0.9092 -0.4163 -0.0001
vn 0.8673 -0.4979 -0.0010
vn 0.9100 -0.4146 0.0000
vn -0.8829 0.4695 -0.0003
vn -0.8829 0.4695 -0.0005
vn -0.8829 0.4695 -0.0006
vn -0.1769 0.0682 0.9819
vn -0.1770 0.0718 0.9816
vn -0.1769 0.0683 0.9819
vn 0.8655 -0.5009 -0.0054
vn 0.8674 -0.4977 -0.0022
vn -0.1827 0.0456 0.9821
vn -0.1828 0.0457 0.9821
vn -0.1794 0.0565 0.9821
vn -0.1902 0.0476 -0.9806
vn -0.1920 0.0610 -0.9795
vn -0.1861 0.0593 -0.9807
vn -0.1973 0.0493 -0.9791
vn 0.8657 -0.5005 -0.0069
vn 0.8648 -0.5021 -0.0059
vn 0.8647 -0.5023 -0.0056
vn -0.1884 0.0734 -0.9793
vn -0.2158 0.0883 -0.9724
vn -0.1960 0.0790 -0.9774
vn -0.8534 0.3158 -0.4147
vn -0.8384 0.3401 -0.4259
vn -0.8538 0.3154 -0.4142
vn -0.8976 0.2238 -0.3797
vn -0.8767 0.2803 -0.3909
vn -0.8768 0.2802 -0.3909
vn -0.1958 0.0488 -0.9794
vn -0.1897 0.0690 0.9794
vn -0.1919 0.0623 0.9794
vn -0.8830 0.4695 0.0000
vn -0.1958 0.0488 0.9794
vn -0.1783 0.0948 -0.9794
vn -0.1747 0.1009 -0.9794
vn -0.1919 0.0623 -0.9794
vn -0.1783 0.0948 0.9794
vn -0.1814 0.0885 0.9794
vn -0.1871 0.0756 0.9794
vn -0.1897 0.0690 -0.9794
vn -0.1871 0.0756 -0.9794
vn -0.1814 0.0885 -0.9794
vn -0.8988 0.4384 0.0000
vn -0.8331 0.3540 -0.4249
vn -0.2235 0.0752 -0.9718
vn -0.1925 0.0745 -0.9785
vn -0.1772 0.0713 0.9816
vn -0.1782 0.0680 0.9816
vn -0.9135 0.4067 0.0000
vn 0.8676 -0.4973 -0.0010
vn 0.8631 -0.5050 0.0023
vn -0.1935 0.0911 -0.9768
vn -0.1912 0.0962 -0.9768
vn 0.0148 -0.0063 -0.9999
vn 0.0147 -0.0064 -0.9999
vn 0.8988 -0.4384 0.0000
vn 0.8988 -0.4384 0.0013
vn -0.1770 0.1022 -0.9789
vn 0.4239 -0.2067 0.8818
vn -0.1578 0.0770 -0.9845
vn 0.9071 -0.4209 0.0000
vn -0.1747 0.1009 0.9794
vn -0.3156 0.1678 -0.9339
vn -0.1870 0.1053 -0.9767
vn -0.1668 0.0897 0.9819
vn -0.1881 0.1042 0.9766
vn -0.1843 0.1010 0.9777
vn -0.1722 0.0908 0.9809
vn -0.1820 0.0991 0.9783
vn 0.8660 -0.5000 -0.0076
vn -0.0031 -1.0000 0.0000
vn -0.8986 0.4387 -0.0000
vn -0.1555 0.0767 0.9849
vn -0.1308 0.0755 0.9885
vn -0.1627 0.0904 0.9825
vn -0.1368 0.0764 0.9877
vn -0.4010 0.1624 0.9016
vn -0.3952 0.1745 0.9019
vn -0.4003 0.1637 0.9016
vn -0.4257 0.1061 0.8986
vn -0.4150 0.1319 0.9002
vn -0.4255 0.1061 0.8987
vn -0.4070 0.1481 0.9013
vn -0.4071 0.1477 0.9014
vn -0.1622 0.0791 0.9836
vn -0.1595 0.0848 0.9836
vn -0.1674 0.0676 0.9836
vn -0.1697 0.0618 0.9836
vn -0.1563 0.0903 0.9836
vn -0.1751 0.0437 0.9836
vn -0.1717 0.0558 0.9836
vn -0.1800 -0.9837 0.0001
vn -0.1801 -0.9837 0.0002
vn 0.9004 -0.4350 0.0000
vn 0.5001 -0.2656 -0.8243
vn 0.5524 -0.1778 0.8144
vn 0.5320 -0.1962 -0.8237
vn -0.1794 0.0571 0.9821
vn -0.4145 0.1330 0.9003
vn -0.1511 0.0486 -0.9873
vn -0.1168 0.0436 -0.9922
vn -0.1212 0.0394 -0.9918
vn -0.1212 0.0463 -0.9915
vn -0.1453 0.0581 -0.9877
vn -0.1285 0.0488 -0.9905
vn -0.1474 0.0543 -0.9876
vn -0.1236 0.0308 -0.9918
vn -0.1539 0.0385 -0.9873
vn -0.1485 0.0586 -0.9872
vn 0.0095 -0.9998 -0.0187
vn 0.4789 -0.8778 -0.0123
vn 0.0094 -0.9998 -0.0191
vn -0.1924 0.1073 -0.9754
vn -0.2013 0.1107 -0.9732
vn -0.1912 0.0961 -0.9768
vn -0.2092 0.0445 -0.9769
vn 0.0057 -0.9996 -0.0273
vn 0.0042 -1.0000 -0.0082
vn 0.0044 -1.0000 -0.0077
vn -0.0043 -0.9996 -0.0277
vn 0.0036 -0.9995 -0.0309
vn -0.0028 -0.9996 -0.0290
vn 0.0088 -0.9995 -0.0310
vn 0.0087 -1.0000 0.0047
vn 0.0069 -0.9995 -0.0316
vn 0.8658 -0.4998 0.0246
vn 0.8638 -0.5036 0.0144
vn 0.8645 -0.5025 -0.0108
vn 0.5288 -0.8486 -0.0124
vn -0.2089 0.1136 -0.9713
vn 0.0069 -0.9995 -0.0313
vn -0.1771 0.1020 -0.9789
vn -0.1526 0.9883 -0.0006
vn -0.1517 0.9884 -0.0005
vn -0.1519 0.9884 -0.0005
vn 0.5221 -0.0923 -0.8479
vn 0.5314 -0.1002 -0.8411
vn -0.1512 0.9885 -0.0005
vn 0.5379 -0.1058 -0.8363
vn 0.9397 -0.3420 0.0015
vn 0.2292 -0.0745 -0.9705
vn 0.2266 -0.0825 -0.9705
vn 0.8988 -0.4384 0.0014
vn 0.2234 -0.0903 0.9705
vn 0.2266 -0.0825 0.9705
vn 0.2235 -0.0903 -0.9705
vn 0.2292 -0.0745 0.9705
vn 0.2338 -0.0583 0.9705
vn 0.8829 -0.4695 0.0014
vn 0.2166 -0.1056 0.9705
vn 0.9703 -0.2419 0.0014
vn 0.2339 -0.0583 -0.9705
vn 0.9511 -0.3090 0.0009
vn 0.9397 -0.3420 0.0009
vn 0.8988 -0.4384 0.0009
vn 0.8829 -0.4695 0.0009
vn 0.9272 -0.3746 0.0009
vn 0.9272 -0.3746 0.0010
vn 0.8829 -0.4695 0.0008
vn 0.9703 -0.2419 0.0009
vn 0.2129 -0.1132 -0.9705
vn 0.2088 -0.1205 -0.9705
vn 0.2087 -0.1205 0.9705
vn 0.2129 -0.1132 0.9705
vn 0.2167 -0.1057 -0.9705
vn -0.9136 0.4067 0.0000
vn -0.1486 0.0779 0.9858
vn -0.9945 -0.1048 -0.0000
vn -0.1821 -0.0321 0.9827
vn -0.1881 0.1086 0.9761
vn -0.1769 0.1023 -0.9789
vn -0.1770 0.1023 -0.9789
vn -0.1771 0.1024 -0.9789
vn 0.8656 -0.5007 -0.0058
vn 0.8666 -0.4990 -0.0055
vn 0.8665 -0.4991 -0.0055
vn 0.4455 -0.3643 0.8178
vn 0.4492 -0.3437 0.8247
vn 0.4494 -0.3428 0.8249
vn 0.8668 -0.4985 0.0094
vn 0.4608 -0.3230 0.8266
vn 0.4625 -0.3212 0.8264
vn 0.3715 -0.4427 0.8161
vn 0.4015 -0.4158 0.8161
vn 0.4301 -0.3895 0.8144
vn 0.4301 -0.3893 0.8145
vn 0.4368 -0.3597 -0.8245
vn 0.4454 -0.3441 -0.8265
vn 0.4359 -0.3626 -0.8237
vn 0.4706 -0.3127 0.8251
vn 0.4706 -0.3126 0.8251
vn 0.4459 -0.3434 -0.8265
vn 0.4653 -0.3191 -0.8257
vn 0.3914 -0.4053 -0.8261
vn 0.3622 -0.4316 -0.8261
vn 0.4197 -0.3809 -0.8239
vn -0.8480 0.5299 0.0000
vn -0.6947 0.7193 0.0000
vn -0.6428 0.7660 0.0000
vn 0.6428 -0.7660 0.0000
vn 0.6947 -0.7193 0.0000
vn 0.7431 -0.6691 0.0000
vn 0.7660 -0.6428 0.0000
vn -0.7880 0.6157 0.0000
vn -0.7660 0.6428 0.0000
vn -0.7431 0.6691 0.0000
vn -0.1305 0.1175 -0.9845
vn -0.1220 0.1263 -0.9845
vn -0.1129 0.1345 -0.9845
vn -0.1490 0.0931 -0.9844
vn -0.1384 0.1081 -0.9845
vn -0.1346 0.1129 -0.9844
vn 0.3276 -0.3392 0.8818
vn 0.3505 -0.3156 0.8818
vn 0.3031 -0.3613 0.8818
vn 0.4001 -0.2500 0.8817
vn 0.3614 -0.3033 0.8817
vn 0.3716 -0.2903 0.8818
vn -0.2816 0.2200 -0.9340
vn -0.2739 0.2298 -0.9339
vn 0.7431 -0.6691 0.0015
vn 0.6947 -0.7193 0.0013
vn 0.6428 -0.7660 0.0014
vn 0.8480 -0.5299 0.0015
vn 0.7880 -0.6157 0.0015
vn 0.7660 -0.6428 0.0013
vn 0.8480 -0.5299 0.0000
vn 0.8481 -0.5299 0.0000
vn 0.7880 -0.6157 0.0000
vn 0.0118 -0.0107 -0.9999
vn 0.0111 -0.0114 -0.9999
vn 0.0107 -0.0118 -0.9999
vn -0.1484 0.1537 -0.9769
vn -0.1588 0.1430 -0.9769
vn -0.1431 0.1589 -0.9769
vn -0.1684 0.1315 -0.9769
vn -0.1638 0.1374 -0.9769
vn -0.3031 0.1895 -0.9339
vn -0.2963 0.1997 -0.9340
vn -0.2963 0.1998 -0.9340
vn -0.2393 0.2657 -0.9339
vn -0.2297 0.2738 -0.9340
vn -0.2483 0.2571 -0.9340
vn -0.2656 0.2391 -0.9340
vn 0.8121 -0.5835 -0.0001
vn 0.8642 -0.5031 -0.0024
vn 0.8107 -0.5855 0.0000
vn 0.7379 -0.6749 0.0000
vn 0.0126 -0.0099 -0.9999
vn 0.0123 -0.0102 -0.9999
vn 0.0122 -0.0102 -0.9999
vn 0.7395 -0.6732 0.0000
vn 0.8151 -0.5793 -0.0001
vn 0.8649 -0.5020 -0.0007
vn 0.8645 -0.5027 -0.0010
vn -0.8481 0.5299 -0.0003
vn -0.8481 0.5299 -0.0005
vn -0.8481 0.5299 -0.0002
vn -0.1475 0.1191 0.9819
vn -0.1512 0.1160 0.9817
vn -0.1509 0.1162 0.9817
vn 0.8647 -0.5024 -0.0023
vn -0.1211 0.1443 0.9821
vn -0.1309 0.1354 0.9821
vn -0.1387 0.1271 0.9821
vn -0.1368 0.1414 -0.9805
vn -0.1488 0.1358 -0.9795
vn -0.1414 0.1462 -0.9791
vn -0.1312 0.1563 -0.9790
vn -0.1261 0.1503 -0.9806
vn 0.8663 -0.4995 -0.0071
vn 0.8672 -0.4979 -0.0059
vn 0.8673 -0.4977 -0.0056
vn -0.1578 0.1265 -0.9793
vn -0.1844 0.1427 -0.9724
vn -0.1706 0.1316 -0.9765
vn -0.7137 0.5560 -0.4259
vn -0.7002 0.5811 -0.4147
vn -0.7001 0.5817 -0.4142
vn -0.6426 0.6655 -0.3797
vn -0.5946 0.7087 -0.3797
vn -0.6810 0.6192 -0.3909
vn -0.1297 0.1546 -0.9794
vn -0.1402 0.1451 -0.9794
vn -0.1499 0.1350 0.9794
vn -0.1546 0.1298 0.9794
vn -0.1297 0.1546 0.9794
vn -0.1402 0.1451 0.9794
vn -0.1712 0.1070 -0.9794
vn -0.1499 0.1350 -0.9794
vn -0.1673 0.1128 0.9794
vn -0.1712 0.1070 0.9794
vn -0.1590 0.1242 0.9794
vn -0.1590 0.1242 -0.9794
vn -0.1546 0.1298 -0.9794
vn -0.1673 0.1128 -0.9794
vn -0.8290 0.5592 0.0000
vn -0.7232 0.5445 -0.4249
vn -0.7137 0.5561 -0.4259
vn -0.1664 0.1303 -0.9774
vn -0.1769 0.1560 -0.9718
vn -0.1491 0.1174 0.9818
vn -0.1490 0.1174 0.9818
vn -0.8090 0.5878 0.0000
vn 0.8640 -0.5035 -0.0018
vn 0.8652 -0.5014 0.0010
vn -0.1757 0.1221 -0.9768
vn 0.0128 -0.0094 -0.9999
vn 0.0128 -0.0100 -0.9999
vn 0.8290 -0.5592 0.0000
vn 0.8290 -0.5592 0.0014
vn 0.3910 -0.2637 0.8818
vn -0.1456 0.0982 -0.9845
vn 0.8181 -0.5751 0.0000
vn -0.3031 0.1894 -0.9339
vn -0.3032 0.1894 -0.9339
vn -0.1789 0.1175 -0.9768
vn -0.1847 0.1093 -0.9767
vn -0.1611 0.0997 0.9819
vn -0.1843 0.1108 0.9766
vn -0.1596 0.0959 0.9825
vn -0.1648 0.1037 0.9809
vn -0.1797 0.1091 0.9777
vn 0.8662 -0.4996 -0.0081
vn 0.8645 0.5027 0.0000
vn -0.1442 0.0962 0.9849
vn -0.1417 0.0898 0.9858
vn -0.1345 0.0803 0.9877
vn -0.3423 0.2663 0.9011
vn -0.3511 0.2555 0.9008
vn -0.3047 0.3155 0.8987
vn -0.3217 0.2934 0.9003
vn -0.3224 0.2924 0.9003
vn -0.2824 0.3365 0.8983
vn -0.3318 0.2784 0.9014
vn -0.3315 0.2787 0.9014
vn -0.1496 0.1009 0.9836
vn -0.1532 0.0957 0.9836
vn -0.1422 0.1111 0.9836
vn -0.1384 0.1161 0.9836
vn -0.1160 0.1383 0.9836
vn -0.1254 0.1298 0.9836
vn -0.1341 0.1208 0.9836
vn 0.7619 0.6477 0.0001
vn 0.7619 0.6477 0.0002
vn 0.7618 0.6479 0.0003
vn 0.8269 -0.5623 0.0000
vn 0.4678 -0.3159 -0.8254
vn 0.4801 -0.3002 -0.8243
vn 0.4451 -0.3679 0.8164
vn 0.4196 -0.3809 -0.8239
vn -0.7432 0.6691 0.0000
vn -0.1392 0.1268 0.9821
vn -0.1444 0.1316 -0.9807
vn -0.6811 0.6191 -0.3909
vn -0.0961 0.0793 -0.9922
vn -0.1177 0.1066 -0.9873
vn -0.0948 0.0853 -0.9918
vn -0.1007 0.0819 -0.9915
vn -0.1230 0.0967 -0.9877
vn -0.1250 0.0993 -0.9872
vn -0.1209 0.1008 -0.9875
vn -0.0885 0.0917 -0.9918
vn -0.1019 0.1214 -0.9874
vn -0.0819 0.0976 -0.9919
vn -0.1103 0.1141 -0.9873
vn -0.1607 0.1294 -0.9785
vn 0.8706 0.4917 -0.0188
vn 0.9996 0.0241 -0.0124
vn 0.9994 -0.0336 -0.0123
vn -0.1892 0.1130 -0.9754
vn -0.1684 0.1316 -0.9769
vn 0.8685 0.4949 -0.0273
vn 0.8681 0.4963 -0.0082
vn 0.8700 0.4921 -0.0310
vn 0.8674 0.4967 -0.0309
vn 0.8636 0.5035 -0.0276
vn 0.8643 0.5022 -0.0289
vn 0.8676 0.4964 -0.0311
vn 0.8703 0.4924 0.0047
vn 0.8703 0.4925 0.0047
vn 0.8690 0.4938 -0.0316
vn 0.8690 0.4938 -0.0313
vn 0.8674 -0.4974 -0.0108
vn -0.2029 0.1241 -0.9713
vn -0.1966 0.1190 -0.9732
vn 0.8705 0.4917 -0.0191
vn -0.9322 -0.3620 -0.0005
vn -0.9319 -0.3627 -0.0005
vn -0.9319 -0.3628 -0.0005
vn -0.1374 0.1637 -0.9769
vn 0.0102 -0.0122 -0.9999
vn -0.6428 0.7661 -0.0000
vn 0.3466 -0.4131 -0.8422
vn 0.3410 -0.4060 -0.8479
vn 0.3408 -0.4061 -0.8479
vn -0.9317 -0.3633 -0.0005
vn 0.3524 -0.4199 -0.8364
vn 0.3525 -0.4101 -0.8411
vn 0.7431 -0.6691 0.0013
vn 0.7660 -0.6428 0.0015
vn 0.1791 -0.1613 -0.9705
vn 0.1848 -0.1550 -0.9705
vn 0.8480 -0.5299 0.0014
vn 0.1899 -0.1484 0.9705
vn 0.1847 -0.1550 0.9705
vn 0.1899 -0.1484 -0.9705
vn 0.1674 -0.1733 0.9705
vn 0.1791 -0.1613 0.9705
vn 0.1998 -0.1348 0.9705
vn 0.6947 -0.7193 0.0015
vn 0.6428 -0.7660 0.0016
vn 0.1674 -0.1734 -0.9705
vn 0.7431 -0.6691 0.0009
vn 0.7660 -0.6428 0.0009
vn 0.8290 -0.5592 0.0010
vn 0.8480 -0.5299 0.0009
vn 0.7880 -0.6157 0.0009
vn 0.8481 -0.5299 0.0008
vn 0.6947 -0.7193 0.0010
vn 0.6428 -0.7660 0.0009
vn 0.2045 -0.1278 -0.9705
vn 0.2045 -0.1278 0.9705
vn 0.1998 -0.1348 -0.9705
vn 0.1549 -0.1847 -0.9705
vn 0.1549 -0.1846 0.9705
vn -0.0700 0.1920 -0.9789
vn -0.0700 0.1921 -0.9789
vn -0.0701 0.1921 -0.9789
vn -0.0701 0.1922 -0.9789
vn 0.3428 -0.9394 -0.0058
vn 0.3410 -0.9401 -0.0056
vn 0.3416 -0.9398 -0.0081
vn 0.2814 -0.5020 0.8178
vn 0.2605 -0.5021 0.8247
vn 0.2850 -0.5023 0.8164
vn 0.3404 -0.9402 0.0093
vn 0.3420 -0.9397 -0.0043
vn 0.3420 -0.9396 0.0117
vn 0.2595 -0.5021 0.8249
vn 0.2381 -0.5099 0.8266
vn 0.3397 -0.4676 0.8161
vn 0.3089 -0.4912 0.8145
vn 0.2784 -0.4926 -0.8245
vn 0.2615 -0.4984 -0.8265
vn 0.2608 -0.4988 -0.8265
vn 0.2360 -0.5113 0.8264
vn 0.2261 -0.5177 0.8251
vn 0.2334 -0.5136 -0.8257
vn 0.2299 -0.5156 -0.8254
vn 0.3312 -0.4559 -0.8261
vn 0.3023 -0.4794 -0.8239
vn -0.3746 0.9272 0.0000
vn -0.5878 0.8090 0.0000
vn 0.5878 -0.8090 0.0000
vn 0.5299 -0.8480 0.0000
vn 0.5000 -0.8660 0.0000
vn -0.5000 0.8660 0.0000
vn -0.4695 0.8829 0.0000
vn -0.5299 0.8480 0.0000
vn -0.1032 0.1421 -0.9845
vn -0.0931 0.1489 -0.9845
vn -0.0658 0.1629 -0.9844
vn -0.0601 0.1650 -0.9845
vn -0.0879 0.1522 -0.9844
vn -0.0824 0.1550 -0.9845
vn 0.2772 -0.3815 0.8818
vn 0.2499 -0.3999 0.8818
vn 0.1768 -0.4375 0.8817
vn 0.2214 -0.4164 0.8818
vn 0.2359 -0.4086 0.8817
vn -0.1788 0.3097 -0.9339
vn -0.1678 0.3156 -0.9340
vn 0.5878 -0.8090 0.0016
vn 0.5299 -0.8480 0.0014
vn 0.3746 -0.9272 0.0015
vn 0.3746 -0.9272 0.0011
vn 0.5000 -0.8660 0.0014
vn 0.4695 -0.8829 0.0015
vn 0.3746 -0.9272 0.0000
vn 0.4695 -0.8829 0.0000
vn 0.0094 -0.0129 -0.9999
vn 0.0084 -0.0135 -0.9999
vn 0.0098 -0.0126 -0.9999
vn -0.1256 0.1729 -0.9769
vn -0.1132 0.1812 -0.9769
vn -0.1316 0.1685 -0.9769
vn -0.1069 0.1852 -0.9769
vn -0.1003 0.1887 -0.9769
vn -0.1453 0.3265 -0.9340
vn -0.1339 0.3314 -0.9339
vn -0.1454 0.3265 -0.9340
vn -0.2201 0.2818 -0.9339
vn -0.2101 0.2891 -0.9340
vn -0.1894 0.3031 -0.9340
vn 0.4336 -0.9011 -0.0001
vn 0.3453 -0.9385 -0.0025
vn 0.3435 -0.9392 0.0010
vn 0.5365 -0.8439 0.0000
vn 0.0079 -0.0139 -0.9999
vn 0.0075 -0.0142 -0.9999
vn 0.0079 -0.0137 -0.9999
vn 0.5346 -0.8451 0.0000
vn 0.4290 -0.9033 -0.0001
vn 0.3442 -0.9389 -0.0007
vn 0.4306 -0.9025 0.0000
vn -0.3746 0.9272 -0.0003
vn -0.3745 0.9272 -0.0005
vn -0.0916 0.1660 0.9819
vn -0.0894 0.1688 0.9816
vn 0.3411 -0.9400 -0.0055
vn 0.3445 -0.9388 -0.0022
vn -0.1107 0.1524 0.9821
vn -0.1106 0.1525 0.9821
vn -0.1011 0.1586 0.9821
vn -0.1152 0.1588 -0.9806
vn -0.1079 0.1701 -0.9795
vn -0.1045 0.1650 -0.9807
vn -0.1194 0.1646 -0.9791
vn 0.3414 -0.9399 -0.0071
vn 0.3397 -0.9405 -0.0059
vn 0.3395 -0.9406 -0.0056
vn -0.0972 0.1773 -0.9793
vn -0.1085 0.2064 -0.9724
vn -0.0994 0.1865 -0.9774
vn -0.4507 0.7905 -0.4148
vn -0.4236 0.7994 -0.4260
vn -0.4513 0.7904 -0.4142
vn -0.5438 0.7484 -0.3797
vn -0.4915 0.7782 -0.3909
vn -0.1186 0.1632 -0.9794
vn -0.1009 0.1748 0.9794
vn -0.1069 0.1711 0.9794
vn -0.1186 0.1632 0.9794
vn -0.0756 0.1872 -0.9794
vn -0.0690 0.1896 -0.9794
vn -0.1069 0.1711 -0.9794
vn -0.0756 0.1872 0.9794
vn -0.0821 0.1843 0.9794
vn -0.0947 0.1781 0.9794
vn -0.1009 0.1748 -0.9794
vn -0.0947 0.1781 -0.9794
vn -0.0821 0.1843 -0.9794
vn -0.4067 0.9135 0.0000
vn -0.4106 0.8067 -0.4249
vn -0.4107 0.8067 -0.4249
vn -0.1229 0.2013 -0.9718
vn -0.0996 0.1808 -0.9785
vn -0.0899 0.1685 0.9816
vn -0.0929 0.1666 0.9816
vn -0.4384 0.8988 0.0000
vn 0.3449 -0.9386 -0.0010
vn 0.3366 -0.9416 0.0023
vn -0.0897 0.1942 -0.9768
vn -0.0847 0.1966 -0.9768
vn 0.0070 -0.0142 -0.9999
vn 0.0069 -0.0141 -0.9999
vn 0.4067 -0.9135 0.0000
vn 0.4067 -0.9135 0.0012
vn 0.4067 -0.9135 0.0017
vn -0.0699 0.1921 -0.9789
vn 0.1918 -0.4308 0.8818
vn -0.0714 0.1604 -0.9845
vn 0.4243 -0.9055 0.0000
vn -0.0690 0.1896 0.9794
vn -0.1340 0.3314 -0.9339
vn -0.0756 0.2008 -0.9767
vn -0.0702 0.1759 0.9819
vn -0.0771 0.2008 0.9766
vn -0.0762 0.1959 0.9777
vn -0.0735 0.1803 0.9809
vn -0.0757 0.1929 0.9783
vn 0.3420 -0.9397 -0.0076
vn -0.6452 -0.7641 -0.0000
vn -0.4064 0.9137 -0.0000
vn -0.0698 0.1587 0.9849
vn -0.0517 0.1420 0.9885
vn -0.0668 0.1739 0.9825
vn -0.0558 0.1464 0.9877
vn -0.2027 0.3821 0.9016
vn -0.1905 0.3877 0.9019
vn -0.2014 0.3827 0.9016
vn -0.2581 0.3551 0.8985
vn -0.2331 0.3677 0.9002
vn -0.2578 0.3548 0.8987
vn -0.2166 0.3751 0.9013
vn -0.2169 0.3748 0.9014
vn -0.0734 0.1649 0.9836
vn -0.0677 0.1675 0.9836
vn -0.0847 0.1594 0.9836
vn -0.0903 0.1564 0.9836
vn -0.0617 0.1696 0.9836
vn -0.1061 0.1460 0.9836
vn -0.0957 0.1531 0.9836
vn -0.7702 -0.6378 0.0001
vn -0.7700 -0.6380 0.0000
vn 0.4102 -0.9120 0.0000
vn 0.2123 -0.5249 -0.8243
vn 0.3088 -0.4912 0.8144
vn 0.2814 -0.4923 -0.8237
vn -0.5299 0.8481 0.0000
vn -0.1007 0.1591 0.9821
vn -0.2317 0.3683 0.9004
vn -0.0845 0.1344 -0.9873
vn -0.0614 0.1085 -0.9922
vn -0.0675 0.1078 -0.9919
vn -0.0631 0.1134 -0.9915
vn -0.0739 0.1379 -0.9877
vn -0.0670 0.1199 -0.9905
vn -0.0779 0.1362 -0.9876
vn -0.0749 0.1031 -0.9918
vn -0.0932 0.1284 -0.9873
vn -0.0761 0.1404 -0.9872
vn -0.6354 -0.7720 -0.0187
vn -0.1973 -0.9803 -0.0124
vn -0.6354 -0.7719 -0.0191
vn -0.0784 0.2059 -0.9754
vn -0.0830 0.2142 -0.9732
vn -0.0699 0.1920 -0.9789
vn -0.6382 -0.7694 -0.0273
vn -0.6395 -0.7687 -0.0082
vn -0.6394 -0.7689 -0.0077
vn -0.6458 -0.7630 -0.0277
vn -0.6397 -0.7680 -0.0309
vn -0.6447 -0.7639 -0.0290
vn -0.6357 -0.7713 -0.0310
vn -0.6360 -0.7717 0.0046
vn -0.6372 -0.7701 -0.0316
vn 0.3419 -0.9394 0.0247
vn 0.3380 -0.9410 0.0144
vn 0.3392 -0.9406 -0.0108
vn -0.1404 -0.9900 -0.0124
vn -0.0870 0.2213 -0.9713
vn -0.6371 -0.7701 -0.0313
vn 0.5183 0.8552 -0.0006
vn 0.5191 0.8547 -0.0005
vn 0.5190 0.8548 -0.0005
vn 0.0098 -0.0125 -0.9999
vn 0.3406 -0.4063 -0.8479
vn 0.3427 -0.4184 -0.8411
vn 0.5196 0.8544 -0.0005
vn 0.3441 -0.4268 -0.8363
vn 0.5299 -0.8480 0.0015
vn 0.5000 -0.8660 0.0015
vn 0.1277 -0.2044 -0.9705
vn 0.1206 -0.2089 -0.9705
vn 0.4067 -0.9135 0.0014
vn 0.3746 -0.9272 0.0014
vn 0.3746 -0.9272 0.0013
vn 0.1131 -0.2128 0.9705
vn 0.1206 -0.2088 0.9705
vn 0.4695 -0.8829 0.0013
vn 0.1132 -0.2128 -0.9705
vn 0.1277 -0.2044 0.9705
vn 0.1417 -0.1950 0.9705
vn 0.0980 -0.2201 0.9705
vn 0.5878 -0.8090 0.0012
vn 0.1417 -0.1950 -0.9705
vn 0.5299 -0.8480 0.0009
vn 0.5000 -0.8660 0.0009
vn 0.4067 -0.9135 0.0009
vn 0.3746 -0.9272 0.0009
vn 0.4695 -0.8829 0.0009
vn 0.4695 -0.8829 0.0010
vn 0.3746 -0.9272 0.0008
vn 0.5878 -0.8090 0.0009
vn 0.0904 -0.2236 -0.9705
vn 0.0824 -0.2265 -0.9705
vn 0.0824 -0.2264 0.9705
vn 0.0903 -0.2236 0.9705
vn 0.0980 -0.2202 -0.9705
vn -0.0638 0.1551 0.9858
vn -0.8292 0.5589 -0.0000
vn -0.1602 0.0925 0.9827
vn -0.0743 0.2041 0.9761
vn -0.0698 0.1921 -0.9789
vn -0.0698 0.1922 -0.9789
vn -0.0699 0.1923 -0.9789
vn 0.3412 -0.9400 -0.0058
vn 0.3431 -0.9393 -0.0055
vn 0.3430 -0.9393 -0.0054
vn 0.1071 -0.5654 0.8178
vn 0.1232 -0.5520 0.8247
vn 0.1240 -0.5515 0.8249
vn 0.3436 -0.9391 0.0094
vn 0.1454 -0.5437 0.8266
vn 0.1479 -0.5434 0.8264
vn -0.0000 -0.5780 0.8161
vn 0.0403 -0.5766 0.8161
vn 0.0792 -0.5748 0.8145
vn 0.0791 -0.5748 0.8145
vn 0.1034 -0.5563 -0.8245
vn 0.1200 -0.5499 -0.8265
vn 0.1009 -0.5580 -0.8237
vn 0.1595 -0.5420 0.8251
vn 0.1596 -0.5420 0.8251
vn 0.1208 -0.5498 -0.8265
vn 0.1513 -0.5435 -0.8257
vn 0.0393 -0.5621 -0.8261
vn -0.0000 -0.5635 -0.8261
vn 0.0767 -0.5615 -0.8239
vn -0.3090 0.9511 0.0000
vn -0.0698 0.9976 0.0000
vn 0.0000 1.0000 0.0000
vn -0.0000 -1.0000 0.0000
vn 0.0698 -0.9976 0.0000
vn 0.1392 -0.9903 0.0000
vn 0.1736 -0.9848 0.0000
vn -0.2079 0.9781 0.0000
vn -0.1737 0.9848 0.0000
vn -0.1392 0.9903 0.0000
vn -0.0122 0.1752 -0.9845
vn -0.0244 0.1739 -0.9845
vn 0.0000 0.1756 -0.9845
vn -0.0543 0.1671 -0.9844
vn -0.0365 0.1718 -0.9845
vn -0.0305 0.1730 -0.9844
vn 0.0329 -0.4705 0.8818
vn 0.0656 -0.4670 0.8818
vn -0.0000 -0.4716 0.8818
vn 0.1458 -0.4487 0.8817
vn 0.0819 -0.4647 0.8817
vn 0.0981 -0.4613 0.8818
vn -0.0743 0.3496 -0.9340
vn -0.0621 0.3521 -0.9339
vn 0.1392 -0.9903 0.0014
vn 0.0698 -0.9976 0.0015
vn 0.0000 -1.0000 0.0014
vn 0.3090 -0.9511 0.0016
vn 0.3090 -0.9511 0.0013
vn 0.1737 -0.9848 0.0013
vn 0.2079 -0.9781 0.0015
vn 0.3090 -0.9511 0.0000
vn 0.2079 -0.9781 0.0000
vn 0.0011 -0.0159 -0.9999
vn 0.0022 -0.0158 -0.9999
vn 0.0006 -0.0159 -0.9999
vn -0.0297 0.2116 -0.9769
vn -0.0149 0.2132 -0.9769
vn -0.0075 0.2137 -0.9769
vn -0.0445 0.2090 -0.9769
vn -0.0371 0.2106 -0.9769
vn -0.1104 0.3400 -0.9339
vn -0.0986 0.3435 -0.9340
vn -0.0985 0.3435 -0.9340
vn -0.0125 0.3574 -0.9339
vn -0.0000 0.3574 -0.9340
vn -0.0249 0.3565 -0.9340
vn -0.0497 0.3539 -0.9340
vn 0.2471 -0.9690 -0.0001
vn 0.3386 -0.9409 -0.0023
vn 0.2447 -0.9696 0.0000
vn 0.1314 -0.9913 0.0000
vn 0.0033 -0.0157 -0.9999
vn 0.0028 -0.0157 -0.9999
vn 0.0028 -0.0156 -0.9999
vn 0.1337 -0.9910 0.0000
vn 0.2520 -0.9677 -0.0001
vn 0.3397 -0.9405 -0.0010
vn 0.3391 -0.9408 -0.0010
vn -0.3091 0.9510 -0.0003
vn -0.3091 0.9510 -0.0005
vn -0.3090 0.9510 -0.0003
vn -0.0365 0.1861 0.9819
vn -0.0412 0.1860 0.9817
vn -0.0409 0.1860 0.9817
vn 0.3395 -0.9406 -0.0022
vn -0.0000 0.1884 0.9821
vn -0.0132 0.1879 0.9821
vn -0.0248 0.1866 0.9821
vn -0.0138 0.1958 -0.9806
vn -0.0267 0.1998 -0.9795
vn -0.0143 0.2029 -0.9791
vn -0.0000 0.2041 -0.9789
vn -0.0000 0.1964 -0.9805
vn 0.3426 -0.9395 -0.0071
vn 0.3443 -0.9388 -0.0059
vn 0.3445 -0.9388 -0.0056
vn -0.0396 0.1983 -0.9793
vn -0.0495 0.2278 -0.9724
vn -0.0461 0.2105 -0.9765
vn -0.1893 0.8847 -0.4259
vn -0.1628 0.8953 -0.4147
vn -0.1624 0.8956 -0.4142
vn -0.0645 0.9228 -0.3797
vn 0.0000 0.9251 -0.3797
vn -0.1238 0.9121 -0.3909
vn 0.0000 0.2018 -0.9794
vn -0.0141 0.2013 -0.9794
vn -0.0281 0.1998 0.9794
vn -0.0351 0.1988 0.9794
vn 0.0000 0.2018 0.9794
vn -0.0141 0.2013 0.9794
vn -0.0624 0.1920 -0.9794
vn -0.0281 0.1998 -0.9794
vn -0.0556 0.1939 0.9794
vn -0.0624 0.1920 0.9794
vn -0.0420 0.1974 0.9794
vn -0.0420 0.1974 -0.9794
vn -0.0351 0.1988 -0.9794
vn -0.0556 0.1939 -0.9794
vn -0.2756 0.9613 0.0000
vn -0.2040 0.8820 -0.4249
vn -0.1892 0.8848 -0.4259
vn -0.0437 0.2067 -0.9774
vn -0.0352 0.2332 -0.9718
vn -0.0387 0.1858 0.9818
vn -0.2419 0.9703 0.0000
vn 0.3383 -0.9411 -0.0018
vn 0.3405 -0.9402 0.0010
vn -0.0561 0.2064 -0.9768
vn 0.0038 -0.0154 -0.9999
vn 0.0034 -0.0159 -0.9999
vn 0.2756 -0.9613 0.0000
vn 0.2756 -0.9613 0.0013
vn 0.1300 -0.4533 0.8818
vn -0.0484 0.1688 -0.9845
vn 0.2570 -0.9664 0.0000
vn -0.1105 0.3400 -0.9339
vn -0.0615 0.2050 -0.9768
vn -0.0712 0.2024 -0.9767
vn -0.0593 0.1799 0.9819
vn -0.0700 0.2033 0.9766
vn -0.0608 0.1758 0.9825
vn -0.0596 0.1854 0.9809
vn -0.0675 0.1990 0.9777
vn 0.3424 -0.9395 -0.0081
vn 0.9853 -0.1706 0.0000
vn -0.0486 0.1664 0.9849
vn -0.0509 0.1598 0.9858
vn -0.0514 0.1480 0.9877
vn -0.0910 0.4240 0.9011
vn -0.1047 0.4214 0.9008
vn -0.0306 0.4377 0.8986
vn -0.0578 0.4315 0.9003
vn -0.0590 0.4312 0.9003
vn -0.0000 0.4393 0.8983
vn -0.0752 0.4265 0.9014
vn -0.0748 0.4266 0.9014
vn -0.0498 0.1735 0.9836
vn -0.0558 0.1718 0.9836
vn -0.0375 0.1766 0.9836
vn -0.0314 0.1779 0.9836
vn -0.0126 0.1801 0.9836
vn 0.0000 0.1805 0.9836
vn -0.0251 0.1787 0.9836
vn 1.0000 0.0064 0.0001
vn 1.0000 0.0065 0.0002
vn 1.0000 0.0062 0.0000
vn 0.2720 -0.9623 0.0000
vn 0.1553 -0.5427 -0.8254
vn 0.1748 -0.5386 -0.8243
vn 0.1045 -0.5679 0.8164
vn 0.0766 -0.5615 -0.8239
vn 0.0022 -0.0157 -0.9999
vn -0.0251 0.1866 0.9821
vn -0.0261 0.1937 -0.9807
vn -0.1237 0.9121 -0.3909
vn -0.0226 0.1225 -0.9922
vn -0.0216 0.1572 -0.9873
vn -0.0178 0.1262 -0.9918
vn -0.0245 0.1274 -0.9915
vn -0.0320 0.1531 -0.9877
vn -0.0319 0.1564 -0.9872
vn -0.0278 0.1549 -0.9875
vn -0.0089 0.1271 -0.9918
vn 0.0000 0.1590 -0.9873
vn 0.0000 0.1274 -0.9919
vn -0.0112 0.1583 -0.9873
vn -0.0399 0.2025 -0.9785
vn 0.9829 -0.1829 -0.0187
vn 0.7813 -0.6241 -0.0124
vn 0.7439 -0.6681 -0.0124
vn -0.0723 0.2082 -0.9754
vn -0.0444 0.2090 -0.9769
vn 0.9834 -0.1792 -0.0273
vn 0.9840 -0.1778 -0.0082
vn 0.9828 -0.1822 -0.0310
vn 0.9837 -0.1771 -0.0309
vn 0.9852 -0.1694 -0.0277
vn 0.9849 -0.1708 -0.0289
vn 0.9836 -0.1774 -0.0311
vn 0.9832 -0.1823 0.0046
vn 0.9833 -0.1821 0.0047
vn 0.9831 -0.1803 -0.0316
vn 0.9831 -0.1804 -0.0313
vn 0.3459 -0.9381 0.0145
vn 0.3448 -0.9386 -0.0108
vn -0.0756 0.2254 -0.9713
vn -0.0741 0.2175 -0.9732
vn 0.9830 -0.1829 -0.0191
vn -0.0697 0.1921 -0.9789
vn -0.9468 0.3219 -0.0005
vn -0.9470 0.3212 -0.0005
vn -0.9471 0.3210 -0.0005
vn 0.0000 0.2137 -0.9769
vn -0.0000 -0.0159 -0.9999
vn 0.0000 -0.5392 -0.8422
vn 0.0003 -0.5302 -0.8479
vn 0.0000 -0.5301 -0.8479
vn -0.9472 0.3206 -0.0005
vn 0.0000 -0.5482 -0.8364
vn 0.0064 -0.5408 -0.8411
vn 0.1737 -0.9848 0.0014
vn 0.0335 -0.2387 -0.9705
vn 0.0419 -0.2375 -0.9705
vn 0.3090 -0.9511 0.0010
vn 0.0501 -0.2357 0.9705
vn 0.0419 -0.2375 0.9705
vn 0.0501 -0.2358 -0.9705
vn 0.0335 -0.2386 0.9705
vn 0.0168 -0.2404 0.9705
vn 0.3090 -0.9511 0.0014
vn 0.0664 -0.2317 0.9705
vn 0.0698 -0.9976 0.0016
vn 0.0168 -0.2404 -0.9705
vn 0.1736 -0.9848 0.0010
vn 0.1392 -0.9903 0.0009
vn 0.3090 -0.9511 0.0008
vn 0.2756 -0.9613 0.0010
vn 0.2079 -0.9781 0.0009
vn 0.3090 -0.9511 0.0009
vn 0.0698 -0.9976 0.0010
vn -0.0000 -1.0000 0.0008
vn 0.0745 -0.2294 -0.9705
vn 0.0745 -0.2293 0.9705
vn 0.0664 -0.2317 -0.9705
vn -0.0000 -0.2411 -0.9705
vn 0.0000 -0.2410 0.9705
vn 0.0698 0.1921 -0.9789
vn 0.0698 0.1922 -0.9789
vn 0.0698 0.1923 -0.9789
vn -0.3412 -0.9400 -0.0058
vn -0.3431 -0.9393 -0.0055
vn -0.3424 -0.9395 -0.0081
vn -0.1071 -0.5654 0.8178
vn -0.1232 -0.5520 0.8247
vn -0.1045 -0.5679 0.8164
vn -0.3436 -0.9391 0.0094
vn -0.3420 -0.9397 -0.0043
vn -0.3420 -0.9396 0.0117
vn -0.1240 -0.5515 0.8249
vn -0.1454 -0.5436 0.8266
vn -0.0403 -0.5766 0.8161
vn -0.0791 -0.5749 0.8144
vn -0.1034 -0.5563 -0.8245
vn -0.1200 -0.5499 -0.8265
vn -0.1208 -0.5498 -0.8265
vn -0.1479 -0.5433 0.8264
vn -0.1595 -0.5420 0.8251
vn -0.1514 -0.5435 -0.8257
vn -0.1553 -0.5427 -0.8254
vn -0.0393 -0.5621 -0.8261
vn -0.0767 -0.5615 -0.8239
vn -0.0766 -0.5615 -0.8239
vn 0.3090 0.9511 0.0000
vn -0.1737 -0.9848 0.0000
vn 0.1737 0.9848 0.0000
vn 0.0122 0.1752 -0.9845
vn 0.0244 0.1739 -0.9845
vn 0.0543 0.1671 -0.9844
vn 0.0601 0.1650 -0.9845
vn 0.0305 0.1730 -0.9844
vn 0.0365 0.1718 -0.9845
vn -0.0329 -0.4705 0.8818
vn -0.0656 -0.4670 0.8818
vn -0.1458 -0.4487 0.8817
vn -0.0981 -0.4613 0.8818
vn -0.0819 -0.4647 0.8817
vn 0.0621 0.3521 -0.9339
vn 0.0743 0.3496 -0.9340
vn -0.0698 -0.9976 0.0014
vn -0.1392 -0.9903 0.0013
vn -0.3090 -0.9511 0.0015
vn -0.1736 -0.9848 0.0014
vn -0.2079 -0.9781 0.0013
vn -0.3090 -0.9511 0.0000
vn -0.0011 -0.0159 -0.9999
vn -0.0022 -0.0157 -0.9999
vn -0.0006 -0.0159 -0.9999
vn 0.0149 0.2132 -0.9769
vn 0.0297 0.2116 -0.9769
vn 0.0075 0.2137 -0.9769
vn 0.0371 0.2106 -0.9769
vn 0.0445 0.2090 -0.9769
vn 0.0986 0.3435 -0.9340
vn 0.1104 0.3400 -0.9339
vn 0.0985 0.3435 -0.9340
vn 0.0125 0.3574 -0.9339
vn 0.0249 0.3565 -0.9340
vn 0.0497 0.3539 -0.9340
vn -0.2471 -0.9690 -0.0001
vn -0.3387 -0.9409 -0.0024
vn -0.3405 -0.9402 0.0010
vn -0.1314 -0.9913 0.0000
vn -0.0028 -0.0157 -0.9999
vn -0.0033 -0.0157 -0.9999
vn -0.0028 -0.0156 -0.9999
vn -0.1337 -0.9910 -0.0000
vn -0.2520 -0.9677 -0.0001
vn -0.3397 -0.9405 -0.0010
vn -0.2502 -0.9682 -0.0000
vn 0.3091 0.9510 -0.0003
vn 0.3091 0.9510 -0.0005
vn 0.3090 0.9511 -0.0002
vn 0.0364 0.1861 0.9819
vn 0.0400 0.1867 0.9816
vn 0.0365 0.1861 0.9819
vn -0.3430 -0.9393 -0.0055
vn -0.3395 -0.9406 -0.0022
vn 0.0132 0.1879 0.9821
vn 0.0245 0.1865 0.9821
vn 0.0138 0.1958 -0.9806
vn 0.0267 0.1998 -0.9795
vn 0.0261 0.1937 -0.9807
vn 0.0143 0.2029 -0.9791
vn -0.3426 -0.9395 -0.0071
vn -0.3443 -0.9388 -0.0059
vn -0.3445 -0.9388 -0.0056
vn 0.0396 0.1983 -0.9793
vn 0.0495 0.2278 -0.9724
vn 0.0437 0.2067 -0.9774
vn 0.1629 0.8953 -0.4147
vn 0.1893 0.8847 -0.4260
vn 0.1623 0.8956 -0.4142
vn 0.0645 0.9229 -0.3797
vn 0.1237 0.9121 -0.3908
vn 0.0141 0.2013 -0.9794
vn 0.0351 0.1988 0.9794
vn 0.0281 0.1998 0.9794
vn 0.0141 0.2013 0.9794
vn 0.0624 0.1920 -0.9794
vn 0.0690 0.1896 -0.9794
vn 0.0281 0.1998 -0.9794
vn 0.0624 0.1920 0.9794
vn 0.0556 0.1940 0.9794
vn 0.0419 0.1974 0.9794
vn 0.0351 0.1988 -0.9794
vn 0.0419 0.1974 -0.9794
vn 0.0556 0.1940 -0.9794
vn 0.2040 0.8820 -0.4249
vn 0.0352 0.2332 -0.9718
vn 0.0399 0.2025 -0.9785
vn 0.0395 0.1868 0.9816
vn 0.0360 0.1873 0.9816
vn 0.2419 0.9703 0.0000
vn -0.3391 -0.9408 -0.0010
vn -0.3474 -0.9377 0.0023
vn 0.0561 0.2064 -0.9768
vn 0.0615 0.2050 -0.9768
vn -0.0038 -0.0154 -0.9999
vn -0.0038 -0.0152 -0.9999
vn -0.2756 -0.9613 0.0013
vn 0.0699 0.1921 -0.9789
vn -0.1300 -0.4533 0.8818
vn 0.0484 0.1688 -0.9845
vn -0.2570 -0.9664 0.0000
vn 0.0690 0.1896 0.9794
vn 0.1105 0.3400 -0.9339
vn 0.0712 0.2024 -0.9767
vn 0.0593 0.1799 0.9819
vn 0.0700 0.2033 0.9766
vn 0.0675 0.1991 0.9777
vn 0.0596 0.1854 0.9809
vn 0.0659 0.1965 0.9783
vn -0.3420 -0.9397 -0.0076
vn -0.9853 -0.1706 -0.0000
vn 0.2759 0.9612 -0.0000
vn 0.0486 0.1664 0.9849
vn 0.0517 0.1420 0.9885
vn 0.0608 0.1758 0.9825
vn 0.0514 0.1480 0.9877
vn 0.0903 0.4231 0.9016
vn 0.1033 0.4194 0.9019
vn 0.0917 0.4227 0.9016
vn 0.0305 0.4379 0.8985
vn 0.0578 0.4315 0.9003
vn 0.0306 0.4374 0.8988
vn 0.0752 0.4265 0.9014
vn 0.0748 0.4265 0.9014
vn 0.0498 0.1735 0.9836
vn 0.0558 0.1718 0.9836
vn 0.0375 0.1766 0.9836
vn 0.0314 0.1779 0.9836
vn 0.0617 0.1696 0.9836
vn 0.0126 0.1801 0.9836
vn 0.0251 0.1787 0.9836
vn -1.0000 0.0065 0.0001
vn -1.0000 0.0064 0.0001
vn -1.0000 0.0062 0.0000
vn -0.2720 -0.9623 0.0000
vn -0.1748 -0.5386 -0.8243
vn -0.0792 -0.5749 0.8144
vn -0.1009 -0.5580 -0.8237
vn 0.0251 0.1866 0.9821
vn 0.1238 0.9121 -0.3909
vn 0.0593 0.4309 0.9004
vn 0.0216 0.1573 -0.9873
vn 0.0226 0.1225 -0.9922
vn 0.0178 0.1262 -0.9918
vn 0.0245 0.1274 -0.9915
vn 0.0320 0.1531 -0.9877
vn 0.0257 0.1350 -0.9905
vn 0.0278 0.1549 -0.9875
vn 0.0089 0.1271 -0.9918
vn 0.0112 0.1583 -0.9873
vn 0.0319 0.1564 -0.9872
vn -0.9829 -0.1829 -0.0187
vn -0.7813 -0.6241 -0.0124
vn -0.9830 -0.1829 -0.0191
vn 0.0723 0.2082 -0.9754
vn 0.0741 0.2175 -0.9732
vn 0.0444 0.2090 -0.9769
vn 0.0699 0.1920 -0.9789
vn -0.9834 -0.1792 -0.0273
vn -0.9840 -0.1778 -0.0082
vn -0.9840 -0.1780 -0.0077
vn -0.9852 -0.1694 -0.0277
vn -0.9837 -0.1771 -0.0309
vn -0.9849 -0.1708 -0.0289
vn -0.9828 -0.1822 -0.0310
vn -0.9833 -0.1822 0.0047
vn -0.9831 -0.1803 -0.0316
vn -0.3459 -0.9381 0.0144
vn -0.3448 -0.9386 -0.0108
vn -0.7439 -0.6682 -0.0124
vn 0.0756 0.2254 -0.9713
vn -0.9831 -0.1804 -0.0313
vn 0.0697 0.1921 -0.9789
vn 0.9468 0.3219 -0.0006
vn 0.9471 0.3210 -0.0005
vn 0.9470 0.3212 -0.0005
vn -0.0003 -0.5302 -0.8479
vn -0.0064 -0.5408 -0.8411
vn 0.9472 0.3206 -0.0005
vn -0.0108 -0.5481 -0.8363
vn -0.1392 -0.9903 0.0014
vn -0.1736 -0.9848 0.0013
vn -0.0335 -0.2387 -0.9705
vn -0.0419 -0.2375 -0.9705
vn -0.2756 -0.9613 0.0017
vn -0.3090 -0.9511 0.0017
vn -0.0501 -0.2357 0.9705
vn -0.0419 -0.2375 0.9705
vn -0.2079 -0.9781 0.0014
vn -0.0501 -0.2358 -0.9705
vn -0.0335 -0.2386 0.9705
vn -0.0168 -0.2404 0.9705
vn -0.3089 -0.9511 0.0009
vn -0.3090 -0.9511 0.0014
vn -0.0664 -0.2316 0.9705
vn -0.0698 -0.9976 0.0013
vn -0.0168 -0.2405 -0.9705
vn -0.1392 -0.9903 0.0009
vn -0.1737 -0.9848 0.0008
vn -0.2756 -0.9613 0.0009
vn -0.3090 -0.9511 0.0009
vn -0.2079 -0.9781 0.0009
vn -0.0698 -0.9976 0.0009
vn -0.0745 -0.2294 -0.9705
vn -0.0824 -0.2265 -0.9705
vn -0.0824 -0.2264 0.9705
vn -0.0745 -0.2293 0.9705
vn -0.0664 -0.2317 -0.9705
vn 0.0508 0.1599 0.9858
vn 0.3090 0.9510 -0.0003
vn -0.2759 0.9612 -0.0000
vn -0.0633 0.1738 0.9827
vn 0.0743 0.2041 0.9761
vn 0.0700 0.1920 -0.9789
vn 0.0700 0.1921 -0.9789
vn 0.0701 0.1922 -0.9789
vn -0.3428 -0.9394 -0.0057
vn -0.3409 -0.9401 -0.0055
vn -0.3410 -0.9400 -0.0055
vn -0.2814 -0.5020 0.8178
vn -0.2605 -0.5021 0.8247
vn -0.2595 -0.5021 0.8249
vn -0.3404 -0.9402 0.0093
vn -0.2380 -0.5099 0.8266
vn -0.2360 -0.5113 0.8264
vn -0.3715 -0.4427 0.8161
vn -0.3397 -0.4676 0.8161
vn -0.3089 -0.4912 0.8144
vn -0.3089 -0.4912 0.8145
vn -0.2784 -0.4926 -0.8245
vn -0.2615 -0.4984 -0.8265
vn -0.2814 -0.4923 -0.8237
vn -0.2262 -0.5177 0.8251
vn -0.2608 -0.4988 -0.8265
vn -0.2334 -0.5136 -0.8256
vn -0.3312 -0.4559 -0.8261
vn -0.3622 -0.4316 -0.8261
vn -0.3022 -0.4794 -0.8239
vn 0.3746 0.9272 0.0000
vn 0.6428 0.7660 0.0000
vn -0.6428 -0.7660 0.0000
vn 0.1032 0.1421 -0.9845
vn 0.0931 0.1489 -0.9845
vn 0.1129 0.1345 -0.9845
vn 0.0658 0.1629 -0.9844
vn 0.0824 0.1550 -0.9845
vn 0.0879 0.1522 -0.9844
vn -0.2772 -0.3815 0.8818
vn -0.2499 -0.3999 0.8818
vn -0.3031 -0.3613 0.8818
vn -0.1767 -0.4375 0.8817
vn -0.1768 -0.4375 0.8817
vn -0.2359 -0.4086 0.8817
vn -0.2214 -0.4164 0.8818
vn 0.1678 0.3156 -0.9340
vn 0.1788 0.3097 -0.9339
vn -0.5878 -0.8090 0.0014
vn -0.5299 -0.8480 0.0013
vn -0.6428 -0.7660 0.0014
vn -0.3746 -0.9272 0.0014
vn -0.3746 -0.9272 0.0015
vn -0.4695 -0.8829 0.0015
vn -0.5000 -0.8660 0.0014
vn -0.3746 -0.9272 0.0000
vn -0.0084 -0.0135 -0.9999
vn -0.0094 -0.0129 -0.9999
vn -0.0098 -0.0126 -0.9999
vn 0.1256 0.1729 -0.9769
vn 0.1132 0.1812 -0.9769
vn 0.1316 0.1685 -0.9769
vn 0.1003 0.1887 -0.9769
vn 0.1069 0.1852 -0.9769
vn 0.1339 0.3314 -0.9339
vn 0.1453 0.3265 -0.9340
vn 0.1454 0.3265 -0.9340
vn 0.2201 0.2818 -0.9339
vn 0.2297 0.2738 -0.9340
vn 0.2101 0.2891 -0.9340
vn 0.1894 0.3031 -0.9340
vn -0.4336 -0.9011 -0.0001
vn -0.3454 -0.9385 -0.0023
vn -0.4358 -0.9000 0.0000
vn -0.5365 -0.8439 0.0000
vn -0.0075 -0.0142 -0.9999
vn -0.0079 -0.0139 -0.9999
vn -0.0079 -0.0141 -0.9999
vn -0.5346 -0.8451 0.0000
vn -0.4290 -0.9033 -0.0001
vn -0.3442 -0.9389 -0.0007
vn -0.3449 -0.9386 -0.0010
vn 0.3746 0.9272 -0.0003
vn 0.3746 0.9272 -0.0005
vn 0.3746 0.9272 -0.0002
vn 0.0916 0.1660 0.9819
vn 0.0880 0.1690 0.9817
vn 0.0882 0.1688 0.9817
vn -0.3446 -0.9388 -0.0022
vn 0.1106 0.1525 0.9821
vn 0.1211 0.1443 0.9821
vn 0.1107 0.1524 0.9821
vn 0.1009 0.1589 0.9821
vn 0.1152 0.1589 -0.9806
vn 0.1079 0.1701 -0.9795
vn 0.1194 0.1646 -0.9791
vn 0.1311 0.1563 -0.9790
vn 0.1262 0.1505 -0.9805
vn -0.3415 -0.9399 -0.0070
vn -0.3397 -0.9405 -0.0059
vn -0.3395 -0.9406 -0.0056
vn 0.0971 0.1773 -0.9793
vn 0.1085 0.2064 -0.9724
vn 0.1000 0.1909 -0.9765
vn 0.4237 0.7994 -0.4259
vn 0.4507 0.7905 -0.4147
vn 0.4513 0.7904 -0.4142
vn 0.5438 0.7484 -0.3797
vn 0.5946 0.7087 -0.3797
vn 0.4915 0.7782 -0.3909
vn 0.1297 0.1546 -0.9794
vn 0.1186 0.1632 -0.9794
vn 0.1069 0.1711 0.9794
vn 0.1009 0.1748 0.9794
vn 0.1297 0.1546 0.9794
vn 0.1186 0.1632 0.9794
vn 0.0756 0.1872 -0.9794
vn 0.1069 0.1711 -0.9794
vn 0.0821 0.1843 0.9794
vn 0.0756 0.1872 0.9794
vn 0.0947 0.1781 0.9794
vn 0.0947 0.1781 -0.9794
vn 0.1009 0.1748 -0.9794
vn 0.0821 0.1843 -0.9794
vn 0.4106 0.8067 -0.4249
vn 0.4238 0.7994 -0.4259
vn 0.0994 0.1865 -0.9774
vn 0.1229 0.2013 -0.9718
vn 0.0898 0.1672 0.9818
vn 0.0897 0.1672 0.9818
vn 0.4384 0.8988 0.0000
vn -0.3458 -0.9383 -0.0018
vn -0.3435 -0.9392 0.0010
vn 0.0897 0.1942 -0.9768
vn -0.0070 -0.0142 -0.9999
vn -0.0074 -0.0140 -0.9999
vn -0.4067 -0.9135 0.0012
vn -0.1918 -0.4308 0.8818
vn 0.0714 0.1604 -0.9845
vn -0.4243 -0.9055 0.0000
vn 0.1340 0.3314 -0.9339
vn 0.0847 0.1966 -0.9768
vn 0.0756 0.2008 -0.9767
vn 0.0702 0.1759 0.9819
vn 0.0771 0.2008 0.9766
vn 0.0667 0.1739 0.9825
vn 0.0735 0.1803 0.9809
vn 0.0763 0.1959 0.9777
vn -0.3416 -0.9398 -0.0081
vn 0.6452 -0.7641 -0.0000
vn 0.0698 0.1587 0.9849
vn 0.0638 0.1551 0.9858
vn 0.0557 0.1464 0.9877
vn 0.2028 0.3833 0.9011
vn 0.1906 0.3901 0.9008
vn 0.2579 0.3549 0.8986
vn 0.2331 0.3677 0.9002
vn 0.2317 0.3683 0.9004
vn 0.2824 0.3365 0.8983
vn 0.2578 0.3549 0.8987
vn 0.2166 0.3751 0.9013
vn 0.2169 0.3748 0.9014
vn 0.0734 0.1649 0.9836
vn 0.0677 0.1675 0.9836
vn 0.0847 0.1594 0.9836
vn 0.0903 0.1564 0.9836
vn 0.1061 0.1460 0.9836
vn 0.1160 0.1383 0.9836
vn 0.0957 0.1531 0.9836
vn 0.7702 -0.6378 0.0001
vn 0.7702 -0.6378 0.0002
vn 0.7703 -0.6377 0.0003
vn -0.4102 -0.9120 0.0000
vn -0.2299 -0.5156 -0.8254
vn -0.2123 -0.5249 -0.8242
vn -0.2850 -0.5023 0.8164
vn -0.3022 -0.4793 -0.8240
vn 0.5299 0.8481 0.0000
vn -0.0085 -0.0135 -0.9999
vn 0.1007 0.1591 0.9821
vn 0.1044 0.1649 -0.9808
vn 0.0614 0.1084 -0.9922
vn 0.0845 0.1343 -0.9873
vn 0.0675 0.1081 -0.9918
vn 0.0631 0.1134 -0.9915
vn 0.0739 0.1379 -0.9877
vn 0.0761 0.1403 -0.9872
vn 0.0780 0.1363 -0.9876
vn 0.0749 0.1031 -0.9918
vn 0.1022 0.1218 -0.9873
vn 0.0819 0.0976 -0.9919
vn 0.0932 0.1284 -0.9873
vn 0.0996 0.1808 -0.9785
vn 0.6354 -0.7720 -0.0187
vn 0.1973 -0.9803 -0.0124
vn 0.1404 -0.9900 -0.0124
vn 0.0784 0.2059 -0.9754
vn 0.6382 -0.7694 -0.0273
vn 0.6395 -0.7687 -0.0082
vn 0.6357 -0.7713 -0.0310
vn 0.6398 -0.7680 -0.0309
vn 0.6458 -0.7630 -0.0277
vn 0.6447 -0.7639 -0.0289
vn 0.6395 -0.7682 -0.0312
vn 0.6360 -0.7716 0.0046
vn 0.6362 -0.7715 0.0047
vn 0.6372 -0.7701 -0.0316
vn 0.6372 -0.7701 -0.0313
vn -0.3419 -0.9394 0.0246
vn -0.3392 -0.9406 -0.0108
vn 0.0870 0.2213 -0.9713
vn 0.0830 0.2143 -0.9732
vn 0.6354 -0.7719 -0.0191
vn -0.5183 0.8552 -0.0005
vn -0.5190 0.8548 -0.0005
vn -0.5191 0.8547 -0.0005
vn 0.1374 0.1637 -0.9769
vn -0.0098 -0.0125 -0.9999
vn -0.0102 -0.0122 -0.9999
vn -0.3466 -0.4131 -0.8422
vn -0.3406 -0.4063 -0.8479
vn -0.3408 -0.4061 -0.8479
vn -0.5196 0.8544 -0.0005
vn -0.3524 -0.4199 -0.8363
vn -0.3427 -0.4184 -0.8411
vn -0.5299 -0.8480 0.0014
vn -0.5000 -0.8660 0.0015
vn -0.1277 -0.2044 -0.9705
vn -0.1206 -0.2089 -0.9705
vn -0.4067 -0.9135 0.0015
vn -0.1131 -0.2128 0.9705
vn -0.1206 -0.2088 0.9705
vn -0.4695 -0.8829 0.0014
vn -0.1132 -0.2128 -0.9705
vn -0.1416 -0.1950 0.9705
vn -0.1277 -0.2044 0.9705
vn -0.0980 -0.2202 0.9705
vn -0.1417 -0.1950 -0.9705
vn -0.5299 -0.8480 0.0009
vn -0.5000 -0.8660 0.0009
vn -0.5299 -0.8480 0.0010
vn -0.4067 -0.9135 0.0009
vn -0.3746 -0.9272 0.0009
vn -0.4695 -0.8829 0.0009
vn -0.5878 -0.8090 0.0010
vn -0.6428 -0.7660 0.0009
vn -0.0903 -0.2236 -0.9705
vn -0.0903 -0.2236 0.9705
vn -0.0980 -0.2202 -0.9705
vn -0.1549 -0.1847 -0.9705
vn -0.1549 -0.1846 0.9705
vn 0.1769 0.1023 -0.9789
vn 0.1770 0.1023 -0.9789
vn 0.1771 0.1024 -0.9789
vn -0.8656 -0.5007 -0.0058
vn -0.8666 -0.4990 -0.0056
vn -0.8662 -0.4996 -0.0081
vn -0.4455 -0.3643 0.8178
vn -0.4492 -0.3437 0.8247
vn -0.4451 -0.3679 0.8164
vn -0.8668 -0.4985 0.0093
vn -0.8660 -0.5000 -0.0043
vn -0.8660 -0.5000 0.0117
vn -0.4494 -0.3428 0.8249
vn -0.4608 -0.3230 0.8266
vn -0.4015 -0.4158 0.8161
vn -0.4301 -0.3895 0.8144
vn -0.4368 -0.3597 -0.8245
vn -0.4454 -0.3441 -0.8265
vn -0.4459 -0.3434 -0.8266
vn -0.4626 -0.3212 0.8264
vn -0.4706 -0.3127 0.8251
vn -0.4653 -0.3191 -0.8257
vn -0.4678 -0.3159 -0.8254
vn -0.3914 -0.4053 -0.8261
vn -0.4196 -0.3809 -0.8239
vn 0.8480 0.5299 0.0000
vn 0.1220 0.1263 -0.9845
vn 0.1305 0.1175 -0.9845
vn 0.1490 0.0931 -0.9844
vn 0.1521 0.0878 -0.9845
vn 0.1346 0.1129 -0.9844
vn 0.1384 0.1081 -0.9845
vn -0.3276 -0.3392 0.8818
vn -0.3505 -0.3156 0.8818
vn -0.4001 -0.2500 0.8817
vn -0.3716 -0.2903 0.8818
vn -0.3614 -0.3033 0.8817
vn 0.2739 0.2298 -0.9339
vn 0.2816 0.2200 -0.9340
vn -0.6947 -0.7193 0.0014
vn -0.7431 -0.6691 0.0015
vn -0.8480 -0.5299 0.0015
vn -0.7660 -0.6428 0.0014
vn -0.7880 -0.6157 0.0014
vn -0.8481 -0.5299 0.0000
vn -0.8480 -0.5299 0.0000
vn -0.0111 -0.0114 -0.9999
vn -0.0118 -0.0107 -0.9999
vn -0.0107 -0.0118 -0.9999
vn 0.1484 0.1537 -0.9769
vn 0.1588 0.1430 -0.9769
vn 0.1431 0.1589 -0.9769
vn 0.1638 0.1374 -0.9769
vn 0.1684 0.1315 -0.9769
vn 0.2963 0.1997 -0.9340
vn 0.3031 0.1895 -0.9339
vn 0.2963 0.1998 -0.9340
vn 0.2393 0.2657 -0.9339
vn 0.2483 0.2571 -0.9340
vn 0.2656 0.2391 -0.9340
vn -0.8121 -0.5835 -0.0001
vn -0.8642 -0.5031 -0.0023
vn -0.8652 -0.5014 0.0010
vn -0.7379 -0.6749 0.0000
vn -0.0123 -0.0102 -0.9999
vn -0.0126 -0.0099 -0.9999
vn -0.0122 -0.0102 -0.9999
vn -0.7395 -0.6732 0.0000
vn -0.8151 -0.5793 -0.0001
vn -0.8648 -0.5020 -0.0007
vn -0.8140 -0.5808 0.0000
vn 0.8481 0.5299 -0.0003
vn 0.8481 0.5299 -0.0005
vn 0.1475 0.1191 0.9819
vn 0.1507 0.1174 0.9816
vn 0.1475 0.1190 0.9819
vn -0.8665 -0.4991 -0.0055
vn -0.8646 -0.5024 -0.0024
vn 0.1309 0.1354 0.9821
vn 0.1387 0.1271 0.9821
vn 0.1364 0.1411 -0.9806
vn 0.1488 0.1358 -0.9795
vn 0.1442 0.1314 -0.9808
vn 0.1414 0.1462 -0.9791
vn -0.8663 -0.4995 -0.0070
vn -0.8672 -0.4979 -0.0059
vn -0.8673 -0.4977 -0.0056
vn 0.1578 0.1265 -0.9793
vn 0.1844 0.1427 -0.9724
vn 0.1664 0.1303 -0.9774
vn 0.7002 0.5811 -0.4147
vn 0.7137 0.5561 -0.4259
vn 0.7000 0.5817 -0.4142
vn 0.6426 0.6655 -0.3797
vn 0.6810 0.6192 -0.3909
vn 0.1402 0.1451 -0.9794
vn 0.1546 0.1298 0.9794
vn 0.1499 0.1350 0.9794
vn 0.1402 0.1451 0.9794
vn 0.1712 0.1070 -0.9794
vn 0.1747 0.1009 -0.9794
vn 0.1499 0.1350 -0.9794
vn 0.1712 0.1070 0.9794
vn 0.1673 0.1128 0.9794
vn 0.1590 0.1242 0.9794
vn 0.1546 0.1298 -0.9794
vn 0.1590 0.1242 -0.9794
vn 0.1673 0.1128 -0.9794
vn 0.7232 0.5445 -0.4249
vn 0.1769 0.1560 -0.9718
vn 0.1607 0.1294 -0.9785
vn 0.1503 0.1178 0.9816
vn 0.1480 0.1204 0.9816
vn 0.8090 0.5878 0.0000
vn -0.8645 -0.5027 -0.0010
vn -0.8689 -0.4950 0.0023
vn 0.1757 0.1221 -0.9768
vn 0.1789 0.1175 -0.9768
vn -0.0128 -0.0094 -0.9999
vn -0.0127 -0.0092 -0.9999
vn -0.8290 -0.5592 0.0015
vn 0.1770 0.1022 -0.9789
vn -0.3910 -0.2637 0.8818
vn 0.1456 0.0982 -0.9845
vn -0.8181 -0.5751 0.0000
vn 0.1747 0.1009 0.9794
vn 0.3031 0.1894 -0.9339
vn 0.1847 0.1093 -0.9767
vn 0.1611 0.0997 0.9819
vn 0.1843 0.1108 0.9766
vn 0.1797 0.1091 0.9777
vn 0.1648 0.1037 0.9809
vn 0.1768 0.1081 0.9783
vn -0.8660 -0.5000 -0.0076
vn -0.8645 0.5027 -0.0000
vn 0.8292 0.5589 -0.0000
vn 0.1442 0.0963 0.9849
vn 0.1308 0.0755 0.9885
vn 0.1596 0.0958 0.9825
vn 0.1345 0.0804 0.9877
vn 0.3411 0.2660 0.9016
vn 0.3487 0.2549 0.9019
vn 0.3420 0.2649 0.9016
vn 0.3047 0.3155 0.8987
vn 0.3217 0.2934 0.9003
vn 0.3046 0.3154 0.8988
vn 0.3318 0.2784 0.9014
vn 0.3315 0.2787 0.9014
vn 0.1496 0.1009 0.9836
vn 0.1532 0.0957 0.9836
vn 0.1422 0.1111 0.9836
vn 0.1384 0.1161 0.9836
vn 0.1563 0.0903 0.9836
vn 0.1254 0.1298 0.9836
vn 0.1341 0.1208 0.9836
vn -0.7619 0.6477 0.0001
vn -0.7620 0.6476 0.0000
vn -0.8269 -0.5623 0.0000
vn -0.4801 -0.3002 -0.8243
vn -0.4359 -0.3626 -0.8237
vn 0.7432 0.6691 0.0000
vn 0.1392 0.1268 0.9821
vn 0.6811 0.6191 -0.3909
vn 0.3225 0.2920 0.9004
vn 0.1178 0.1067 -0.9873
vn 0.0961 0.0793 -0.9922
vn 0.0948 0.0853 -0.9918
vn 0.1007 0.0819 -0.9915
vn 0.1230 0.0967 -0.9877
vn 0.1065 0.0868 -0.9905
vn 0.1209 0.1008 -0.9875
vn 0.0885 0.0917 -0.9918
vn 0.1103 0.1141 -0.9873
vn 0.1250 0.0993 -0.9872
vn -0.8706 0.4917 -0.0187
vn -0.9996 0.0241 -0.0124
vn -0.8705 0.4917 -0.0191
vn 0.1892 0.1130 -0.9754
vn 0.1966 0.1190 -0.9732
vn 0.1684 0.1316 -0.9769
vn -0.8685 0.4949 -0.0273
vn -0.8681 0.4963 -0.0082
vn -0.8682 0.4962 -0.0077
vn -0.8635 0.5035 -0.0277
vn -0.8674 0.4967 -0.0309
vn -0.8643 0.5022 -0.0289
vn -0.8700 0.4921 -0.0310
vn -0.8704 0.4924 0.0046
vn -0.8690 0.4938 -0.0315
vn -0.8658 -0.4998 0.0247
vn -0.8680 -0.4963 0.0145
vn -0.8674 -0.4974 -0.0108
vn -0.9994 -0.0337 -0.0124
vn 0.2028 0.1241 -0.9713
vn 0.2029 0.1241 -0.9713
vn -0.8690 0.4938 -0.0313
vn 0.9322 -0.3620 -0.0006
vn 0.9319 -0.3628 -0.0005
vn 0.9319 -0.3627 -0.0005
vn 0.6428 0.7661 0.0000
vn -0.3410 -0.4060 -0.8479
vn -0.3525 -0.4101 -0.8411
vn 0.9317 -0.3633 -0.0005
vn -0.3606 -0.4129 -0.8363
vn -0.7431 -0.6691 0.0016
vn -0.1791 -0.1613 -0.9705
vn -0.1848 -0.1550 -0.9705
vn -0.8290 -0.5592 0.0014
vn -0.8480 -0.5299 0.0013
vn -0.8290 -0.5592 0.0013
vn -0.1899 -0.1484 0.9705
vn -0.1847 -0.1550 0.9705
vn -0.7880 -0.6157 0.0013
vn -0.1900 -0.1484 -0.9705
vn -0.1791 -0.1613 0.9705
vn -0.1674 -0.1734 0.9705
vn -0.8481 -0.5299 0.0015
vn -0.1998 -0.1348 0.9705
vn -0.6947 -0.7193 0.0013
vn -0.1674 -0.1734 -0.9705
vn -0.7431 -0.6691 0.0009
vn -0.7660 -0.6428 0.0009
vn -0.8290 -0.5592 0.0009
vn -0.8480 -0.5299 0.0008
vn -0.7880 -0.6157 0.0009
vn -0.8290 -0.5592 0.0010
vn -0.6947 -0.7193 0.0009
vn -0.2045 -0.1278 -0.9705
vn -0.2088 -0.1205 -0.9705
vn -0.2087 -0.1205 0.9705
vn -0.2045 -0.1278 0.9705
vn -0.1998 -0.1348 -0.9705
vn 0.1417 0.0897 0.9858
vn 0.4064 0.9137 -0.0000
vn 0.0633 0.1738 0.9827
vn 0.1880 0.1085 0.9762
vn 0.1771 0.1021 -0.9789
vn 0.1770 0.1021 -0.9789
vn 0.1772 0.1022 -0.9789
vn -0.8664 -0.4993 -0.0058
vn -0.8654 -0.5010 -0.0055
vn -0.8655 -0.5009 -0.0054
vn -0.5382 -0.2037 0.8178
vn -0.5223 -0.2172 0.8247
vn -0.5216 -0.2178 0.8249
vn -0.8651 -0.5014 0.0094
vn -0.5101 -0.2376 0.8266
vn -0.5094 -0.2400 0.8264
vn -0.5692 -0.1004 0.8161
vn -0.5608 -0.1398 0.8161
vn -0.5523 -0.1778 0.8145
vn -0.5522 -0.1778 0.8145
vn -0.5299 -0.1984 -0.8245
vn -0.5207 -0.2137 -0.8265
vn -0.5320 -0.1962 -0.8237
vn -0.5061 -0.2512 0.8251
vn -0.5060 -0.2512 0.8251
vn -0.5204 -0.2145 -0.8265
vn -0.5090 -0.2434 -0.8256
vn -0.5467 -0.1363 -0.8261
vn -0.5549 -0.0978 -0.8261
vn -0.5397 -0.1730 -0.8239
vn 0.8829 0.4695 0.0000
vn 0.9848 0.1736 0.0000
vn -0.9848 -0.1736 0.0000
vn 0.1704 0.0425 -0.9845
vn 0.1670 0.0543 -0.9845
vn 0.1729 0.0305 -0.9845
vn 0.1551 0.0825 -0.9844
vn 0.1628 0.0658 -0.9845
vn 0.1651 0.0601 -0.9844
vn -0.4576 -0.1141 0.8818
vn -0.4485 -0.1457 0.8818
vn -0.4644 -0.0819 0.8818
vn -0.4166 -0.2215 0.8817
vn -0.4434 -0.1614 0.8817
vn -0.4373 -0.1767 0.8818
vn 0.3314 0.1339 -0.9340
vn 0.3360 0.1223 -0.9339
vn -0.9511 -0.3090 0.0015
vn -0.9703 -0.2419 0.0015
vn -0.9848 -0.1737 0.0015
vn -0.8829 -0.4695 0.0014
vn -0.8829 -0.4695 0.0015
vn -0.9397 -0.3420 0.0014
vn -0.9272 -0.3746 0.0013
vn -0.8829 -0.4695 0.0000
vn -0.0151 -0.0049 -0.9999
vn -0.0154 -0.0039 -0.9999
vn -0.0156 -0.0033 -0.9999
vn 0.2073 0.0517 -0.9769
vn 0.2032 0.0660 -0.9769
vn 0.2091 0.0445 -0.9769
vn 0.1981 0.0801 -0.9769
vn 0.2009 0.0731 -0.9769
vn 0.3157 0.1678 -0.9339
vn 0.3211 0.1568 -0.9340
vn 0.3212 0.1567 -0.9340
vn 0.3498 0.0743 -0.9339
vn 0.3520 0.0621 -0.9340
vn 0.3468 0.0865 -0.9340
vn 0.3399 0.1104 -0.9340
vn -0.9114 -0.4116 -0.0001
vn -0.8678 -0.4969 -0.0024
vn -0.9124 -0.4093 0.0000
vn -0.9534 -0.3016 0.0000
vn -0.0149 -0.0060 -0.9999
vn -0.0150 -0.0055 -0.9999
vn -0.0149 -0.0054 -0.9999
vn -0.9527 -0.3038 0.0000
vn -0.9092 -0.4163 -0.0001
vn -0.8672 -0.4980 -0.0007
vn -0.8676 -0.4973 -0.0010
vn 0.8829 0.4695 -0.0003
vn 0.8829 0.4695 -0.0005
vn 0.8829 0.4695 -0.0002
vn 0.1769 0.0683 0.9819
vn 0.1761 0.0729 0.9817
vn 0.1761 0.0726 0.9817
vn -0.8674 -0.4976 -0.0023
vn 0.1855 0.0327 0.9821
vn 0.1827 0.0456 0.9821
vn 0.1828 0.0457 0.9821
vn 0.1794 0.0565 0.9821
vn 0.1905 0.0477 -0.9805
vn 0.1921 0.0610 -0.9795
vn 0.1972 0.0493 -0.9791
vn 0.2010 0.0354 -0.9790
vn 0.1932 0.0341 -0.9806
vn -0.8657 -0.5005 -0.0071
vn -0.8648 -0.5021 -0.0059
vn -0.8647 -0.5023 -0.0056
vn 0.1884 0.0734 -0.9793
vn 0.2158 0.0883 -0.9724
vn 0.1993 0.0820 -0.9765
vn 0.8384 0.3401 -0.4259
vn 0.8534 0.3158 -0.4147
vn 0.8538 0.3154 -0.4142
vn 0.8976 0.2238 -0.3797
vn 0.9110 0.1606 -0.3797
vn 0.8767 0.2802 -0.3909
vn 0.1987 0.0350 -0.9794
vn 0.1958 0.0488 -0.9794
vn 0.1919 0.0624 0.9794
vn 0.1897 0.0690 0.9794
vn 0.8830 0.4695 0.0000
vn 0.1987 0.0350 0.9794
vn 0.1958 0.0488 0.9794
vn 0.1783 0.0948 -0.9794
vn 0.1919 0.0624 -0.9794
vn 0.1814 0.0885 0.9794
vn 0.1783 0.0948 0.9794
vn 0.1871 0.0756 0.9794
vn 0.1871 0.0756 -0.9794
vn 0.1897 0.0690 -0.9794
vn 0.1814 0.0885 -0.9794
vn 0.8331 0.3540 -0.4249
vn 0.8385 0.3400 -0.4259
vn 0.1960 0.0790 -0.9774
vn 0.2235 0.0752 -0.9718
vn 0.1762 0.0704 0.9818
vn 0.9135 0.4067 0.0000
vn -0.8680 -0.4965 -0.0018
vn -0.8668 -0.4986 0.0010
vn 0.1935 0.0911 -0.9768
vn -0.0145 -0.0064 -0.9999
vn -0.0147 -0.0060 -0.9999
vn -0.8988 -0.4384 0.0012
vn -0.4239 -0.2067 0.8818
vn 0.1578 0.0770 -0.9845
vn -0.9071 -0.4209 0.0000
vn 0.3156 0.1678 -0.9339
vn 0.1912 0.0962 -0.9768
vn 0.1870 0.1053 -0.9767
vn 0.1668 0.0897 0.9819
vn 0.1881 0.1042 0.9766
vn 0.1627 0.0904 0.9825
vn 0.1722 0.0908 0.9809
vn 0.1843 0.1011 0.9777
vn -0.8658 -0.5003 -0.0081
vn 0.0031 -1.0000 0.0000
vn 0.1554 0.0768 0.9849
vn 0.1486 0.0779 0.9858
vn 0.1368 0.0763 0.9877
vn 0.4017 0.1632 0.9011
vn 0.3968 0.1763 0.9008
vn 0.4256 0.1061 0.8987
vn 0.4149 0.1319 0.9003
vn 0.4145 0.1330 0.9003
vn 0.4327 0.0763 0.8983
vn 0.4257 0.1061 0.8986
vn 0.4070 0.1481 0.9014
vn 0.4071 0.1477 0.9014
vn 0.1622 0.0791 0.9836
vn 0.1595 0.0848 0.9836
vn 0.1674 0.0676 0.9836
vn 0.1697 0.0618 0.9836
vn 0.1751 0.0437 0.9836
vn 0.1778 0.0313 0.9836
vn 0.1717 0.0558 0.9836
vn 0.1800 -0.9837 0.0001
vn 0.1798 -0.9837 0.0000
vn -0.9004 -0.4350 0.0000
vn -0.5075 -0.2472 -0.8254
vn -0.5001 -0.2656 -0.8242
vn -0.5412 -0.2016 0.8164
vn -0.5397 -0.1729 -0.8239
vn 0.1794 0.0571 0.9821
vn 0.1862 0.0593 -0.9807
vn 0.8768 0.2802 -0.3909
vn 0.1167 0.0435 -0.9922
vn 0.1510 0.0485 -0.9873
vn 0.1212 0.0394 -0.9918
vn 0.1212 0.0463 -0.9915
vn 0.1453 0.0581 -0.9877
vn 0.1485 0.0586 -0.9872
vn 0.1477 0.0543 -0.9875
vn 0.1236 0.0308 -0.9918
vn 0.1566 0.0276 -0.9873
vn 0.1254 0.0221 -0.9919
vn 0.1539 0.0385 -0.9873
vn 0.1925 0.0745 -0.9785
vn -0.0095 -0.9998 -0.0187
vn -0.4789 -0.8778 -0.0124
vn -0.5288 -0.8486 -0.0124
vn 0.1924 0.1073 -0.9754
vn 0.1912 0.0961 -0.9768
vn 0.2074 0.0517 -0.9769
vn -0.0057 -0.9996 -0.0273
vn -0.0042 -1.0000 -0.0082
vn -0.0088 -0.9995 -0.0310
vn -0.0036 -0.9995 -0.0309
vn 0.0043 -0.9996 -0.0277
vn 0.0028 -0.9996 -0.0290
vn -0.0039 -0.9995 -0.0311
vn -0.0086 -1.0000 0.0047
vn -0.0068 -0.9995 -0.0316
vn -0.0069 -0.9995 -0.0313
vn -0.8638 -0.5036 0.0145
vn -0.8645 -0.5025 -0.0108
vn 0.2089 0.1136 -0.9713
vn 0.2013 0.1108 -0.9732
vn -0.0094 -0.9998 -0.0191
vn 0.1771 0.1020 -0.9789
vn 0.1526 0.9883 -0.0005
vn 0.1519 0.9884 -0.0005
vn 0.1517 0.9884 -0.0005
vn 0.2104 0.0371 -0.9769
vn -0.0157 -0.0028 -0.9999
vn 0.9848 0.1737 -0.0000
vn -0.5310 -0.0936 -0.8422
vn -0.5221 -0.0924 -0.8479
vn -0.5221 -0.0921 -0.8479
vn 0.1512 0.9885 -0.0005
vn -0.5398 -0.0952 -0.8364
vn -0.5314 -0.1002 -0.8411
vn -0.9511 -0.3090 0.0014
vn -0.9397 -0.3420 0.0015
vn -0.2293 -0.0745 -0.9705
vn -0.2266 -0.0825 -0.9705
vn -0.8988 -0.4384 0.0014
vn -0.2234 -0.0903 0.9705
vn -0.2266 -0.0825 0.9705
vn -0.9272 -0.3746 0.0014
vn -0.2235 -0.0903 -0.9705
vn -0.2292 -0.0745 0.9705
vn -0.2338 -0.0583 0.9705
vn -0.2166 -0.1056 0.9705
vn -0.9848 -0.1737 0.0014
vn -0.2339 -0.0583 -0.9705
vn -0.9397 -0.3420 0.0010
vn -0.9511 -0.3090 0.0009
vn -0.8829 -0.4695 0.0008
vn -0.8988 -0.4384 0.0009
vn -0.9272 -0.3746 0.0009
vn -0.8829 -0.4695 0.0009
vn -0.9703 -0.2419 0.0009
vn -0.9848 -0.1737 0.0008
vn -0.2130 -0.1132 -0.9705
vn -0.2129 -0.1132 -0.9705
vn -0.2129 -0.1132 0.9705
vn -0.2166 -0.1057 -0.9705
vn -0.2374 -0.0419 -0.9705
vn -0.2373 -0.0418 0.9705
vn 0.2013 -0.0354 -0.9789
vn 0.2014 -0.0354 -0.9789
vn 0.2013 -0.0353 -0.9789
vn 0.2015 -0.0354 -0.9789
vn -0.9849 0.1728 -0.0058
vn -0.9846 0.1748 -0.0055
vn -0.9847 0.1740 -0.0081
vn -0.5754 0.0073 0.8178
vn -0.5650 0.0255 0.8247
vn -0.5775 0.0043 0.8164
vn -0.9845 0.1753 0.0093
vn -0.9848 0.1736 -0.0043
vn -0.9847 0.1736 0.0119
vn -0.5646 0.0263 0.8249
vn -0.5606 0.0488 0.8266
vn -0.5748 -0.0604 0.8161
vn -0.5798 -0.0219 0.8144
vn -0.5658 0.0052 -0.8245
vn -0.5624 0.0227 -0.8265
vn -0.5624 0.0236 -0.8266
vn -0.5608 0.0513 0.8263
vn -0.5615 0.0630 0.8251
vn -0.5615 0.0547 -0.8257
vn -0.5614 0.0587 -0.8254
vn -0.5604 -0.0589 -0.8261
vn -0.5662 -0.0220 -0.8239
vn 0.9903 -0.1392 0.0000
vn 0.1746 0.0184 -0.9845
vn 0.1755 0.0061 -0.9845
vn 0.1740 -0.0245 -0.9844
vn 0.1729 -0.0305 -0.9845
vn 0.1757 -0.0000 -0.9844
vn 0.1755 -0.0061 -0.9845
vn -0.4690 -0.0493 0.8818
vn -0.4713 -0.0165 0.8818
vn -0.4672 0.0657 0.8817
vn -0.4713 0.0165 0.8818
vn -0.4718 0.0000 0.8817
vn 0.3576 -0.0000 -0.9339
vn 0.3572 -0.0125 -0.9340
vn -0.9945 -0.1045 0.0014
vn -0.9994 -0.0349 0.0014
vn -0.9848 -0.1736 0.0015
vn -0.9903 0.1392 0.0014
vn -1.0000 0.0000 0.0014
vn -0.9994 0.0349 0.0014
vn -0.9903 0.1392 0.0000
vn -0.0158 -0.0017 -0.9999
vn -0.0159 -0.0006 -0.9999
vn -0.0158 -0.0022 -0.9999
vn 0.2125 0.0223 -0.9769
vn 0.2136 0.0075 -0.9769
vn 0.2117 0.0298 -0.9769
vn 0.2138 0.0000 -0.9769
vn 0.2136 -0.0075 -0.9769
vn 0.3554 -0.0375 -0.9340
vn 0.3540 -0.0497 -0.9339
vn 0.3554 -0.0374 -0.9340
vn 0.3541 0.0498 -0.9339
vn 0.3554 0.0374 -0.9340
vn 0.3572 0.0125 -0.9340
vn -0.9972 0.0751 -0.0001
vn -0.9854 0.1702 -0.0024
vn -0.9851 0.1721 0.0010
vn -0.9991 -0.0427 -0.0000
vn -0.0160 0.0001 -0.9999
vn -0.0160 0.0005 -0.9999
vn -0.0159 0.0000 -0.9999
vn -0.9992 -0.0404 0.0000
vn -0.9968 0.0802 -0.0001
vn -0.9852 0.1712 -0.0010
vn -0.9969 0.0783 -0.0000
vn 0.9903 -0.1392 -0.0003
vn 0.9903 -0.1392 -0.0005
vn 0.1896 -0.0036 0.9819
vn 0.1909 -0.0069 0.9816
vn -0.9846 0.1747 -0.0054
vn -0.9853 0.1710 -0.0023
vn 0.1873 0.0196 0.9821
vn 0.1874 0.0196 0.9821
vn 0.1879 0.0083 0.9821
vn 0.1952 0.0204 -0.9806
vn 0.2014 0.0084 -0.9795
vn 0.1950 0.0079 -0.9808
vn 0.2023 0.0211 -0.9791
vn -0.9847 0.1742 -0.0071
vn -0.9844 0.1760 -0.0059
vn -0.9843 0.1763 -0.0056
vn 0.2021 -0.0045 -0.9793
vn 0.2330 -0.0092 -0.9724
vn 0.2112 -0.0072 -0.9774
vn 0.9099 -0.0049 -0.4147
vn 0.9042 -0.0328 -0.4259
vn 0.9102 -0.0044 -0.4142
vn 0.9200 0.0967 -0.3797
vn 0.9197 0.0366 -0.3909
vn 0.2007 0.0211 -0.9794
vn 0.2019 -0.0000 0.9794
vn 0.2016 0.0070 0.9794
vn 0.2007 0.0211 0.9794
vn 0.1999 -0.0281 -0.9794
vn 0.1987 -0.0350 -0.9794
vn 0.2016 0.0070 -0.9794
vn 0.1999 -0.0281 0.9794
vn 0.2007 -0.0211 0.9794
vn 0.2016 -0.0070 0.9794
vn 0.2019 0.0000 -0.9794
vn 0.2016 -0.0070 -0.9794
vn 0.2007 -0.0211 -0.9794
vn 0.9040 -0.0477 -0.4249
vn 0.2358 0.0058 -0.9718
vn 0.2063 -0.0041 -0.9785
vn 0.1908 -0.0064 0.9816
vn 0.1907 -0.0029 0.9816
vn 0.9976 -0.0698 0.0000
vn -0.9853 0.1706 -0.0010
vn -0.9838 0.1793 0.0023
vn 0.2130 -0.0194 -0.9768
vn 0.2126 -0.0250 -0.9768
vn -0.0158 0.0010 -0.9999
vn -0.0157 0.0011 -0.9999
vn -0.9945 0.1045 0.0014
vn 0.2013 -0.0355 -0.9789
vn -0.4690 0.0493 0.8818
vn 0.1746 -0.0184 -0.9845
vn -0.9964 0.0853 0.0000
vn 0.1987 -0.0350 0.9794
vn 0.3540 -0.0498 -0.9339
vn 0.2117 -0.0349 -0.9767
vn 0.1875 -0.0272 0.9819
vn 0.2124 -0.0336 0.9766
vn 0.2078 -0.0319 0.9777
vn 0.1929 -0.0265 0.9809
vn 0.2049 -0.0309 0.9783
vn -0.9848 0.1736 -0.0076
vn -0.3391 0.9407 0.0000
vn 0.9945 -0.1048 -0.0000
vn 0.1723 -0.0189 0.9849
vn 0.1488 -0.0262 0.9885
vn 0.1838 -0.0292 0.9825
vn 0.1547 -0.0249 0.9877
vn 0.4324 -0.0155 0.9016
vn 0.4310 -0.0289 0.9019
vn 0.4322 -0.0169 0.9016
vn 0.4363 0.0459 0.8986
vn 0.4350 0.0180 0.9003
vn 0.4362 0.0458 0.8987
vn 0.4331 0.0000 0.9014
vn 0.4331 0.0004 0.9014
vn 0.1795 -0.0189 0.9836
vn 0.1789 -0.0251 0.9836
vn 0.1804 -0.0063 0.9836
vn 0.1806 -0.0000 0.9836
vn 0.1778 -0.0313 0.9836
vn 0.1795 0.0189 0.9836
vn 0.1804 0.0063 0.9836
vn -0.1673 0.9859 0.0001
vn -0.1672 0.9859 0.0002
vn -0.9949 0.1008 0.0000
vn -0.5607 0.0786 -0.8243
vn -0.5799 -0.0219 0.8144
vn -0.5670 0.0025 -0.8237
vn 0.1881 0.0077 0.9821
vn 0.9197 0.0365 -0.3909
vn 0.4348 0.0165 0.9004
vn 0.1589 0.0060 -0.9873
vn 0.1246 -0.0010 -0.9922
vn 0.1274 0.0044 -0.9918
vn 0.1298 -0.0020 -0.9915
vn 0.1563 -0.0049 -0.9877
vn 0.1374 -0.0019 -0.9905
vn 0.1571 -0.0006 -0.9876
vn 0.1267 0.0133 -0.9918
vn 0.1578 0.0165 -0.9873
vn 0.1596 -0.0043 -0.9872
vn -0.3509 0.9362 -0.0187
vn -0.7503 0.6610 -0.0123
vn -0.3508 0.9363 -0.0190
vn 0.2175 -0.0350 -0.9754
vn 0.2271 -0.0352 -0.9732
vn 0.2126 -0.0249 -0.9768
vn -0.3472 0.9374 -0.0273
vn -0.3460 0.9382 -0.0082
vn -0.3462 0.9381 -0.0077
vn -0.3379 0.9408 -0.0277
vn -0.3452 0.9380 -0.0309
vn -0.3392 0.9403 -0.0290
vn -0.3501 0.9362 -0.0310
vn -0.3503 0.9366 0.0046
vn -0.3483 0.9369 -0.0316
vn -0.9845 0.1736 0.0245
vn -0.9840 0.1778 0.0145
vn -0.9842 0.1765 -0.0108
vn -0.7872 0.6166 -0.0123
vn 0.2351 -0.0353 -0.9713
vn 0.2352 -0.0353 -0.9713
vn -0.3483 0.9368 -0.0313
vn 0.4814 -0.8765 -0.0006
vn 0.4806 -0.8769 -0.0005
vn 0.4808 -0.8769 -0.0006
vn -0.5222 -0.0918 -0.8479
vn -0.5337 -0.0876 -0.8411
vn 0.4802 -0.8772 -0.0005
vn -0.5417 -0.0846 -0.8363
vn -0.9994 -0.0349 0.0015
vn -0.2409 -0.0084 -0.9705
vn -0.2412 0.0000 -0.9705
vn -0.9945 0.1045 0.0013
vn -0.9903 0.1392 0.0016
vn -0.2408 0.0084 0.9705
vn -0.2411 -0.0000 0.9705
vn -0.2409 0.0084 -0.9705
vn -0.2408 -0.0084 0.9705
vn -0.2397 -0.0252 0.9705
vn -0.2397 0.0252 0.9705
vn -0.2397 -0.0252 -0.9705
vn -0.9994 -0.0349 0.0009
vn -1.0000 0.0000 0.0008
vn -0.9945 0.1045 0.0010
vn -0.9903 0.1392 0.0009
vn -0.9994 0.0349 0.0009
vn -0.9903 0.1392 0.0008
vn -0.9945 -0.1045 0.0009
vn -0.9848 -0.1736 0.0008
vn -0.2388 0.0336 -0.9705
vn -0.2374 0.0419 -0.9705
vn -0.2373 0.0418 0.9705
vn -0.2388 0.0336 0.9705
vn -0.2397 0.0252 -0.9705
vn 0.1662 -0.0223 0.9858
vn 0.8987 0.4387 -0.0000
vn 0.1601 0.0924 0.9828
vn 0.2139 -0.0377 0.9761
vn 0.2013 -0.0356 -0.9789
vn 0.2012 -0.0356 -0.9789
vn 0.2014 -0.0356 -0.9789
vn -0.9846 0.1745 -0.0058
vn -0.9850 0.1726 -0.0057
vn -0.9850 0.1726 -0.0054
vn -0.5432 0.1900 0.8178
vn -0.5397 0.1693 0.8247
vn -0.5396 0.1684 0.8249
vn -0.9851 0.1720 0.0093
vn -0.5435 0.1459 0.8266
vn -0.5445 0.1436 0.8264
vn -0.5195 0.2534 0.8161
vn -0.5005 0.2890 0.8161
vn -0.5374 0.2188 0.8145
vn -0.5373 0.2188 0.8145
vn -0.5335 0.1886 -0.8245
vn -0.5363 0.1710 -0.8265
vn -0.5337 0.1916 -0.8237
vn -0.5492 0.1328 0.8251
vn -0.5365 0.1702 -0.8266
vn -0.5464 0.1407 -0.8256
vn -0.5064 0.2470 -0.8261
vn -0.4880 0.2817 -0.8261
vn -0.5246 0.2144 -0.8239
vn 0.9781 -0.2079 0.0000
vn 0.8660 -0.5000 0.0000
vn -0.8660 0.5000 0.0000
vn 0.1578 -0.0770 -0.9845
vn 0.1628 -0.0658 -0.9845
vn 0.1521 -0.0878 -0.9845
vn 0.1719 -0.0365 -0.9844
vn 0.1670 -0.0543 -0.9845
vn 0.1651 -0.0601 -0.9844
vn -0.4239 0.2067 0.8818
vn -0.4373 0.1767 0.8818
vn -0.4084 0.2358 0.8818
vn -0.4615 0.0981 0.8817
vn -0.4434 0.1614 0.8817
vn -0.4485 0.1457 0.8818
vn 0.3399 -0.1104 -0.9340
vn 0.3360 -0.1223 -0.9339
vn -0.8988 0.4384 0.0014
vn -0.9272 0.3746 0.0015
vn -0.8660 0.5000 0.0015
vn -0.9781 0.2079 0.0015
vn -0.9781 0.2079 0.0013
vn -0.9511 0.3090 0.0014
vn -0.9397 0.3420 0.0014
vn -0.9781 0.2079 0.0000
vn -0.0147 0.0060 -0.9999
vn -0.0143 0.0070 -0.9999
vn -0.0141 0.0075 -0.9999
vn 0.1981 -0.0800 -0.9769
vn 0.1921 -0.0937 -0.9769
vn 0.1888 -0.1004 -0.9769
vn 0.2033 -0.0660 -0.9769
vn 0.2009 -0.0731 -0.9769
vn 0.3497 -0.0744 -0.9339
vn 0.3468 -0.0863 -0.9340
vn 0.3468 -0.0865 -0.9340
vn 0.3157 -0.1679 -0.9339
vn 0.3095 -0.1787 -0.9340
vn 0.3212 -0.1567 -0.9340
vn 0.3314 -0.1339 -0.9340
vn -0.9627 0.2705 -0.0001
vn -0.9842 0.1772 -0.0023
vn -0.9620 0.2729 0.0000
vn -0.9242 0.3818 0.0000
vn -0.0153 0.0050 -0.9999
vn -0.0150 0.0054 -0.9999
vn -0.0149 0.0054 -0.9999
vn -0.9251 0.3797 0.0000
vn -0.9641 0.2656 -0.0001
vn -0.9844 0.1761 -0.0012
vn -0.9843 0.1767 -0.0010
vn 0.9782 -0.2079 -0.0003
vn 0.9782 -0.2079 -0.0005
vn 0.1794 -0.0614 0.9819
vn 0.1817 -0.0573 0.9817
vn 0.1815 -0.0576 0.9817
vn -0.9843 0.1763 -0.0021
vn 0.1694 -0.0825 0.9821
vn 0.1631 -0.0942 0.9821
vn 0.1693 -0.0825 0.9821
vn 0.1738 -0.0721 0.9821
vn 0.1769 -0.0861 -0.9805
vn 0.1863 -0.0767 -0.9795
vn 0.1828 -0.0890 -0.9791
vn 0.1767 -0.1020 -0.9790
vn 0.1701 -0.0982 -0.9805
vn -0.9849 0.1731 -0.0071
vn -0.9852 0.1713 -0.0059
vn -0.9853 0.1710 -0.0056
vn 0.1915 -0.0649 -0.9793
vn 0.2221 -0.0710 -0.9724
vn 0.2054 -0.0653 -0.9765
vn 0.8609 -0.2784 -0.4259
vn 0.8567 -0.3066 -0.4147
vn 0.8568 -0.3072 -0.4142
vn 0.8315 -0.4055 -0.3797
vn 0.8012 -0.4626 -0.3797
vn 0.8518 -0.3489 -0.3909
vn 0.1747 -0.1009 -0.9794
vn 0.1813 -0.0884 -0.9794
vn 0.1871 -0.0756 0.9794
vn 0.1897 -0.0690 0.9794
vn 0.1747 -0.1009 0.9794
vn 0.1813 -0.0884 0.9794
vn 0.1975 -0.0420 -0.9794
vn 0.1871 -0.0756 -0.9794
vn 0.1958 -0.0488 0.9794
vn 0.1975 -0.0420 0.9794
vn 0.1919 -0.0623 0.9794
vn 0.1919 -0.0623 -0.9794
vn 0.1897 -0.0690 -0.9794
vn 0.1958 -0.0488 -0.9794
vn 0.8658 -0.2643 -0.4249
vn 0.8608 -0.2785 -0.4259
vn 0.2009 -0.0655 -0.9774
vn 0.2196 -0.0861 -0.9718
vn 0.1802 -0.0594 0.9818
vn 0.9613 -0.2756 0.0000
vn -0.9841 0.1776 -0.0018
vn -0.9845 0.1752 0.0010
vn 0.2068 -0.0546 -0.9768
vn 0.2032 -0.0660 -0.9769
vn -0.0152 0.0044 -0.9999
vn -0.0154 0.0050 -0.9999
vn -0.9703 0.2419 0.0015
vn -0.4576 0.1141 0.8818
vn 0.1704 -0.0425 -0.9845
vn -0.9654 0.2606 0.0000
vn -0.9703 0.2419 0.0014
vn 0.3496 -0.0744 -0.9339
vn 0.3497 -0.0743 -0.9339
vn 0.2083 -0.0492 -0.9768
vn 0.2109 -0.0396 -0.9767
vn 0.1854 -0.0386 0.9819
vn 0.2111 -0.0411 0.9766
vn 0.1828 -0.0355 0.9825
vn 0.1903 -0.0411 0.9809
vn 0.2061 -0.0411 0.9777
vn -0.9848 0.1732 -0.0081
vn -0.6404 -0.7680 -0.0000
vn 0.1684 -0.0411 0.9849
vn 0.1639 -0.0359 0.9858
vn 0.1539 -0.0294 0.9877
vn 0.4127 -0.1332 0.9011
vn 0.4173 -0.1201 0.9008
vn 0.4173 -0.1200 0.9008
vn 0.3943 -0.1924 0.8986
vn 0.4026 -0.1657 0.9002
vn 0.4030 -0.1645 0.9003
vn 0.3805 -0.2197 0.8983
vn 0.3941 -0.1921 0.8988
vn 0.4070 -0.1481 0.9014
vn 0.4068 -0.1485 0.9014
vn 0.1751 -0.0437 0.9836
vn 0.1767 -0.0375 0.9836
vn 0.1717 -0.0558 0.9836
vn 0.1697 -0.0618 0.9836
vn 0.1563 -0.0903 0.9836
vn 0.1622 -0.0791 0.9836
vn 0.1674 -0.0676 0.9836
vn -0.4944 -0.8692 0.0001
vn -0.4944 -0.8693 0.0002
vn -0.4946 -0.8691 0.0000
vn -0.9694 0.2455 0.0000
vn -0.5476 0.1369 -0.8254
vn -0.5538 0.1180 -0.8242
vn -0.5441 0.1934 0.8164
vn 0.1741 -0.0715 0.9821
vn 0.1807 -0.0742 -0.9807
vn 0.8517 -0.3489 -0.3909
vn 0.1174 -0.0417 -0.9922
vn 0.1469 -0.0599 -0.9873
vn 0.1182 -0.0477 -0.9918
vn 0.1226 -0.0425 -0.9915
vn 0.1486 -0.0488 -0.9877
vn 0.1514 -0.0506 -0.9872
vn 0.1478 -0.0532 -0.9876
vn 0.1145 -0.0559 -0.9918
vn 0.1374 -0.0793 -0.9873
vn 0.1103 -0.0637 -0.9919
vn 0.1427 -0.0695 -0.9873
vn 0.1953 -0.0667 -0.9785
vn 0.1981 -0.0801 -0.9769
vn -0.6499 -0.7598 -0.0187
vn -0.9311 -0.3645 -0.0124
vn -0.9506 -0.3102 -0.0124
vn 0.2083 -0.0493 -0.9768
vn 0.2164 -0.0415 -0.9754
vn -0.6469 -0.7621 -0.0274
vn -0.6460 -0.7633 -0.0082
vn -0.6492 -0.7600 -0.0310
vn -0.6452 -0.7634 -0.0309
vn -0.6393 -0.7685 -0.0277
vn -0.6404 -0.7675 -0.0290
vn -0.6455 -0.7632 -0.0312
vn -0.6497 -0.7602 0.0043
vn -0.6494 -0.7605 0.0047
vn -0.6477 -0.7612 -0.0316
vn -0.6477 -0.7612 -0.0313
vn -0.9853 0.1708 -0.0108
vn 0.2331 -0.0472 -0.9713
vn 0.2254 -0.0446 -0.9732
vn -0.6499 -0.7598 -0.0191
vn 0.7522 0.6590 -0.0006
vn 0.7517 0.6595 -0.0005
vn 0.7516 0.6597 -0.0005
vn 0.1851 -0.1068 -0.9769
vn -0.0138 0.0080 -0.9999
vn -0.4670 0.2696 -0.8422
vn -0.4593 0.2648 -0.8479
vn -0.4591 0.2651 -0.8479
vn 0.7512 0.6600 -0.0005
vn -0.4747 0.2740 -0.8364
vn -0.4715 0.2648 -0.8411
vn -0.9272 0.3746 0.0014
vn -0.9397 0.3420 0.0016
vn -0.2235 0.0903 -0.9705
vn -0.2266 0.0825 -0.9705
vn -0.2292 0.0745 0.9705
vn -0.2266 0.0825 0.9705
vn -0.9511 0.3090 0.0015
vn -0.2292 0.0745 -0.9705
vn -0.2235 0.0903 0.9705
vn -0.2166 0.1056 0.9705
vn -0.9781 0.2079 0.0014
vn -0.2338 0.0583 0.9705
vn -0.8988 0.4384 0.0015
vn -0.8660 0.5000 0.0014
vn -0.2167 0.1057 -0.9705
vn -0.9272 0.3746 0.0009
vn -0.9397 0.3420 0.0009
vn -0.9781 0.2079 0.0009
vn -0.9703 0.2419 0.0009
vn -0.9511 0.3090 0.0009
vn -0.9781 0.2079 0.0008
vn -0.8988 0.4384 0.0009
vn -0.8660 0.5000 0.0008
vn -0.2359 0.0501 -0.9705
vn -0.2359 0.0501 0.9705
vn -0.2339 0.0583 -0.9705
vn -0.2088 0.1205 -0.9705
vn -0.2358 0.0501 0.9705
vn -0.2087 0.1205 0.9705
vn 0.1315 -0.1565 -0.9789
vn 0.1315 -0.1566 -0.9789
vn 0.1314 -0.1565 -0.9789
vn 0.1316 -0.1566 -0.9789
vn -0.6434 0.7655 -0.0058
vn -0.6419 0.7667 -0.0056
vn -0.6425 0.7663 -0.0082
vn -0.4361 0.3755 0.8178
vn -0.4165 0.3827 0.8247
vn -0.4396 0.3745 0.8164
vn -0.6415 0.7671 0.0093
vn -0.6428 0.7660 -0.0043
vn -0.6427 0.7660 0.0119
vn -0.4156 0.3831 0.8249
vn -0.3981 0.3978 0.8266
vn -0.4792 0.3232 0.8161
vn -0.4582 0.3559 0.8144
vn -0.4301 0.3677 -0.8245
vn -0.4162 0.3789 -0.8265
vn -0.4157 0.3795 -0.8265
vn -0.3966 0.3997 0.8264
vn -0.3896 0.4092 0.8251
vn -0.3950 0.4028 -0.8257
vn -0.3924 0.4059 -0.8254
vn -0.4671 0.3151 -0.8261
vn -0.4480 0.3471 -0.8239
vn 0.6691 -0.7431 0.0000
vn 0.1456 -0.0982 -0.9845
vn 0.1384 -0.1081 -0.9845
vn 0.1176 -0.1306 -0.9844
vn 0.1129 -0.1345 -0.9845
vn 0.1346 -0.1129 -0.9844
vn 0.1305 -0.1175 -0.9845
vn -0.3716 0.2903 0.8818
vn -0.3910 0.2637 0.8818
vn -0.3157 0.3506 0.8817
vn -0.3505 0.3156 0.8818
vn -0.3614 0.3033 0.8817
vn 0.2739 -0.2298 -0.9339
vn 0.2656 -0.2391 -0.9340
vn -0.8290 0.5592 0.0014
vn -0.7880 0.6157 0.0015
vn -0.6691 0.7431 0.0015
vn -0.6691 0.7431 0.0014
vn -0.7660 0.6428 0.0014
vn -0.7431 0.6691 0.0014
vn -0.6691 0.7431 0.0000
vn -0.0132 0.0089 -0.9999
vn -0.0126 0.0098 -0.9999
vn -0.0125 0.0098 -0.9999
vn -0.0135 0.0084 -0.9999
vn 0.1772 -0.1195 -0.9769
vn 0.1684 -0.1316 -0.9769
vn 0.1813 -0.1133 -0.9769
vn 0.1638 -0.1374 -0.9769
vn 0.1588 -0.1430 -0.9769
vn 0.2482 -0.2571 -0.9340
vn 0.2392 -0.2656 -0.9339
vn 0.2483 -0.2571 -0.9340
vn 0.3032 -0.1895 -0.9339
vn 0.2963 -0.1998 -0.9340
vn 0.2816 -0.2200 -0.9340
vn -0.7156 0.6985 -0.0001
vn -0.6455 0.7638 -0.0024
vn -0.6440 0.7650 0.0010
vn -0.7928 0.6095 0.0000
vn -0.0122 0.0103 -0.9999
vn -0.0119 0.0107 -0.9999
vn -0.0122 0.0102 -0.9999
vn -0.7914 0.6113 -0.0000
vn -0.7120 0.7021 -0.0001
vn -0.6446 0.7645 -0.0007
vn -0.7134 0.7008 -0.0000
vn 0.6691 -0.7432 -0.0003
vn 0.6691 -0.7432 -0.0005
vn 0.6691 -0.7432 -0.0006
vn 0.1429 -0.1246 0.9819
vn 0.1417 -0.1280 0.9816
vn -0.6420 0.7667 -0.0054
vn -0.6449 0.7643 -0.0023
vn 0.1561 -0.1054 0.9821
vn 0.1493 -0.1145 0.9821
vn 0.1561 -0.1053 0.9821
vn 0.1627 -0.1100 -0.9805
vn 0.1595 -0.1229 -0.9795
vn 0.1546 -0.1194 -0.9807
vn 0.1685 -0.1138 -0.9791
vn -0.6423 0.7664 -0.0071
vn -0.6409 0.7676 -0.0059
vn -0.6407 0.7677 -0.0056
vn 0.1520 -0.1334 -0.9793
vn 0.1726 -0.1568 -0.9724
vn 0.1572 -0.1412 -0.9774
vn 0.6939 -0.5887 -0.4147
vn 0.6715 -0.6063 -0.4259
vn 0.6944 -0.5884 -0.4142
vn 0.7670 -0.5173 -0.3797
vn 0.7281 -0.5631 -0.3909
vn 0.1673 -0.1128 -0.9794
vn 0.1547 -0.1298 0.9794
vn 0.1590 -0.1242 0.9794
vn 0.1673 -0.1128 0.9794
vn 0.1351 -0.1500 -0.9794
vn 0.1297 -0.1546 -0.9794
vn 0.1590 -0.1242 -0.9794
vn 0.1351 -0.1500 0.9794
vn 0.1402 -0.1452 0.9794
vn 0.1402 -0.1451 0.9794
vn 0.1499 -0.1350 0.9794
vn 0.1547 -0.1298 -0.9794
vn 0.1499 -0.1350 -0.9794
vn 0.1402 -0.1451 -0.9794
vn 0.1402 -0.1452 -0.9794
vn 0.6618 -0.6176 -0.4249
vn 0.1843 -0.1471 -0.9718
vn 0.1554 -0.1358 -0.9785
vn 0.1420 -0.1276 0.9816
vn 0.1443 -0.1248 0.9816
vn 0.7193 -0.6947 0.0000
vn -0.6452 0.7640 -0.0010
vn -0.6384 0.7697 0.0023
vn 0.1507 -0.1518 -0.9768
vn 0.1468 -0.1558 -0.9768
vn -0.0115 0.0109 -0.9999
vn -0.0113 0.0109 -0.9999
vn -0.6947 0.7193 0.0013
vn 0.1314 -0.1566 -0.9789
vn -0.3276 0.3392 0.8818
vn 0.1220 -0.1263 -0.9845
vn -0.7084 0.7058 0.0000
vn 0.1297 -0.1546 0.9794
vn 0.2392 -0.2657 -0.9339
vn 0.1397 -0.1629 -0.9767
vn 0.1261 -0.1413 0.9819
vn 0.1411 -0.1623 0.9766
vn 0.1387 -0.1580 0.9777
vn 0.1308 -0.1443 0.9809
vn 0.1371 -0.1554 0.9783
vn -0.6428 0.7660 -0.0076
vn 0.3449 0.9386 -0.0000
vn 0.6944 -0.7196 -0.0000
vn 0.1198 -0.1253 0.9849
vn 0.0971 -0.1157 0.9885
vn 0.1223 -0.1406 0.9825
vn 0.1024 -0.1185 0.9877
vn 0.3212 -0.2898 0.9016
vn 0.3116 -0.2991 0.9019
vn 0.3202 -0.2908 0.9016
vn 0.3636 -0.2452 0.8987
vn 0.3448 -0.2658 0.9002
vn 0.3637 -0.2453 0.8987
vn 0.3318 -0.2784 0.9014
vn 0.3320 -0.2780 0.9014
vn 0.1254 -0.1298 0.9836
vn 0.1209 -0.1342 0.9836
vn 0.1341 -0.1208 0.9836
vn 0.1384 -0.1161 0.9836
vn 0.1160 -0.1383 0.9836
vn 0.1496 -0.1009 0.9836
vn 0.1422 -0.1111 0.9836
vn 0.5056 0.8628 0.0001
vn 0.5054 0.8629 0.0000
vn -0.6973 0.7167 0.0000
vn -0.3791 0.4206 -0.8242
vn -0.4582 0.3560 0.8144
vn -0.4328 0.3663 -0.8237
vn 0.1490 -0.1150 0.9821
vn 0.7280 -0.5632 -0.3909
vn 0.3440 -0.2667 0.9003
vn 0.1258 -0.0978 -0.9872
vn 0.0948 -0.0809 -0.9922
vn 0.1004 -0.0785 -0.9918
vn 0.0981 -0.0850 -0.9915
vn 0.1166 -0.1043 -0.9877
vn 0.1040 -0.0898 -0.9905
vn 0.1199 -0.1014 -0.9876
vn 0.1056 -0.0713 -0.9918
vn 0.1315 -0.0888 -0.9873
vn 0.1195 -0.1058 -0.9872
vn 0.3330 0.9427 -0.0187
vn -0.1498 0.9886 -0.0124
vn 0.3331 0.9427 -0.0191
vn 0.1441 -0.1667 -0.9754
vn 0.1513 -0.1729 -0.9732
vn 0.3366 0.9413 -0.0273
vn 0.3380 0.9411 -0.0082
vn 0.3379 0.9412 -0.0077
vn 0.3459 0.9379 -0.0277
vn 0.3385 0.9405 -0.0309
vn 0.3445 0.9383 -0.0289
vn 0.3336 0.9422 -0.0310
vn 0.3335 0.9427 0.0043
vn 0.3354 0.9415 -0.0316
vn -0.6426 0.7658 0.0246
vn -0.6395 0.7687 0.0144
vn -0.6405 0.7679 -0.0108
vn -0.2067 0.9783 -0.0124
vn 0.1574 -0.1782 -0.9713
vn 0.3354 0.9416 -0.0313
vn 0.1315 -0.1564 -0.9789
vn -0.1946 -0.9809 -0.0006
vn -0.1955 -0.9807 -0.0005
vn -0.1953 -0.9807 -0.0005
vn -0.4590 0.2654 -0.8479
vn -0.4651 0.2759 -0.8411
vn -0.1960 -0.9806 -0.0005
vn -0.4693 0.2834 -0.8363
vn -0.7880 0.6157 0.0014
vn -0.1900 0.1484 -0.9705
vn -0.1848 0.1550 -0.9705
vn -0.6947 0.7193 0.0014
vn -0.1791 0.1612 0.9705
vn -0.1847 0.1550 0.9705
vn -0.7431 0.6691 0.0015
vn -0.1791 0.1613 -0.9705
vn -0.1899 0.1484 0.9705
vn -0.1998 0.1348 0.9705
vn -0.1674 0.1733 0.9705
vn -0.8290 0.5592 0.0013
vn -0.1998 0.1348 -0.9705
vn -0.7880 0.6157 0.0009
vn -0.7660 0.6428 0.0009
vn -0.6947 0.7193 0.0009
vn -0.6691 0.7431 0.0009
vn -0.7431 0.6691 0.0009
vn -0.6691 0.7431 0.0008
vn -0.8290 0.5592 0.0009
vn -0.1614 0.1792 -0.9705
vn -0.1550 0.1847 -0.9705
vn -0.1549 0.1846 0.9705
vn -0.1614 0.1792 0.9705
vn -0.1674 0.1734 -0.9705
vn 0.7194 -0.6946 0.0000
vn 0.1130 -0.1240 0.9858
vn 0.9704 -0.2416 -0.0000
vn 0.1821 -0.0321 0.9828
vn 0.1395 -0.1663 0.9762
vn 0.1313 -0.1566 -0.9789
vn 0.1313 -0.1567 -0.9789
vn 0.1314 -0.1567 -0.9789
vn 0.1314 -0.1568 -0.9789
vn -0.6421 0.7666 -0.0058
vn -0.6437 0.7653 -0.0055
vn -0.6436 0.7654 -0.0054
vn -0.2940 0.4947 0.8178
vn -0.3046 0.4766 0.8247
vn -0.3051 0.4758 0.8249
vn -0.6440 0.7649 0.0094
vn -0.3226 0.4611 0.8266
vn -0.3248 0.4600 0.8264
vn -0.2351 0.5280 0.8161
vn -0.1977 0.5431 0.8161
vn -0.2710 0.5131 0.8144
vn -0.2874 0.4874 -0.8245
vn -0.3009 0.4757 -0.8265
vn -0.2856 0.4898 -0.8237
vn -0.3353 0.4548 0.8251
vn -0.3353 0.4547 0.8251
vn -0.3016 0.4752 -0.8265
vn -0.3281 0.4590 -0.8256
vn -0.2292 0.5148 -0.8261
vn -0.1927 0.5295 -0.8261
vn -0.2640 0.5015 -0.8239
vn 0.6157 -0.7880 0.0000
vn 0.3420 -0.9397 0.0000
vn -0.3420 0.9397 0.0000
vn 0.0714 -0.1604 -0.9845
vn 0.0824 -0.1550 -0.9845
vn 0.0601 -0.1650 -0.9845
vn 0.1082 -0.1385 -0.9844
vn 0.0931 -0.1489 -0.9845
vn 0.0879 -0.1522 -0.9844
vn -0.1918 0.4308 0.8818
vn -0.2214 0.4164 0.8818
vn -0.1613 0.4432 0.8818
vn -0.2905 0.3718 0.8817
vn -0.2359 0.4086 0.8817
vn -0.2499 0.3999 0.8818
vn 0.1894 -0.3031 -0.9340
vn 0.1788 -0.3097 -0.9339
vn -0.4695 0.8829 0.0015
vn -0.4067 0.9135 0.0015
vn -0.3420 0.9397 0.0013
vn -0.6157 0.7880 0.0015
vn -0.6157 0.7880 0.0012
vn -0.5299 0.8480 0.0015
vn -0.5000 0.8660 0.0014
vn -0.6157 0.7880 0.0000
vn -0.0075 0.0140 -0.9999
vn -0.0065 0.0145 -0.9999
vn -0.0060 0.0148 -0.9999
vn 0.0869 -0.1952 -0.9769
vn 0.1003 -0.1887 -0.9769
vn 0.0801 -0.1982 -0.9769
vn 0.1133 -0.1812 -0.9769
vn 0.1069 -0.1852 -0.9769
vn 0.2201 -0.2817 -0.9339
vn 0.2101 -0.2890 -0.9340
vn 0.2101 -0.2891 -0.9340
vn 0.1339 -0.3315 -0.9339
vn 0.1222 -0.3358 -0.9340
vn 0.1454 -0.3265 -0.9340
vn 0.1678 -0.3156 -0.9340
vn -0.5636 0.8261 -0.0001
vn -0.6400 0.7683 -0.0023
vn -0.5615 0.8274 0.0000
vn -0.4626 0.8866 0.0000
vn -0.0085 0.0136 -0.9999
vn -0.0080 0.0138 -0.9999
vn -0.0082 0.0139 -0.9999
vn -0.4646 0.8855 0.0000
vn -0.5678 0.8232 -0.0001
vn -0.6409 0.7676 -0.0010
vn -0.6404 0.7680 -0.0010
vn 0.6157 -0.7880 -0.0003
vn 0.6157 -0.7880 -0.0005
vn 0.6157 -0.7880 -0.0002
vn 0.0979 -0.1624 0.9819
vn 0.1023 -0.1607 0.9817
vn 0.1020 -0.1608 0.9817
vn -0.6407 0.7678 -0.0022
vn 0.0644 -0.1770 0.9821
vn 0.0766 -0.1720 0.9821
vn 0.0767 -0.1720 0.9821
vn 0.0871 -0.1669 0.9821
vn 0.0802 -0.1797 -0.9805
vn 0.0934 -0.1785 -0.9795
vn 0.0828 -0.1857 -0.9791
vn 0.0698 -0.1917 -0.9790
vn 0.0671 -0.1844 -0.9806
vn -0.6432 0.7656 -0.0071
vn -0.6446 0.7645 -0.0059
vn -0.6448 0.7643 -0.0056
vn 0.1050 -0.1728 -0.9793
vn 0.1245 -0.1972 -0.9724
vn 0.1154 -0.1820 -0.9765
vn 0.4805 -0.7666 -0.4259
vn 0.4592 -0.7856 -0.4147
vn 0.4589 -0.7861 -0.4142
vn 0.3763 -0.8451 -0.3797
vn 0.3164 -0.8693 -0.3797
vn 0.4282 -0.8147 -0.3909
vn 0.0690 -0.1896 -0.9794
vn 0.0821 -0.1843 -0.9794
vn 0.0947 -0.1782 0.9794
vn 0.1009 -0.1748 0.9794
vn 0.0690 -0.1896 0.9794
vn 0.0821 -0.1843 0.9794
vn 0.1243 -0.1591 -0.9794
vn 0.0947 -0.1782 -0.9794
vn 0.1186 -0.1632 0.9794
vn 0.1243 -0.1591 0.9794
vn 0.1069 -0.1711 0.9794
vn 0.1069 -0.1711 -0.9794
vn 0.1009 -0.1748 -0.9794
vn 0.1186 -0.1632 -0.9794
vn 0.4933 -0.7590 -0.4249
vn 0.4804 -0.7667 -0.4259
vn 0.1118 -0.1793 -0.9774
vn 0.1129 -0.2071 -0.9718
vn 0.0999 -0.1613 0.9818
vn 0.5592 -0.8290 0.0000
vn -0.6397 0.7686 -0.0018
vn -0.6416 0.7671 0.0010
vn 0.1234 -0.1748 -0.9768
vn -0.0088 0.0135 -0.9999
vn -0.0086 0.0138 -0.9999
vn -0.5878 0.8090 0.0014
vn -0.2772 0.3815 0.8818
vn 0.1032 -0.1421 -0.9845
vn -0.5720 0.8202 0.0000
vn 0.2200 -0.2817 -0.9339
vn 0.1279 -0.1716 -0.9768
vn 0.1361 -0.1659 -0.9767
vn 0.1173 -0.1487 0.9819
vn 0.1353 -0.1671 0.9766
vn 0.1173 -0.1444 0.9825
vn 0.1194 -0.1538 0.9809
vn 0.1315 -0.1639 0.9777
vn -0.6431 0.7658 -0.0081
vn -0.9843 -0.1767 -0.0000
vn 0.1026 -0.1398 0.9849
vn 0.1025 -0.1328 0.9858
vn 0.0989 -0.1215 0.9877
vn 0.2305 -0.3673 0.9011
vn 0.2425 -0.3602 0.9008
vn 0.1784 -0.4008 0.8986
vn 0.2019 -0.3857 0.9003
vn 0.2029 -0.3851 0.9003
vn 0.1503 -0.4128 0.8983
vn 0.1784 -0.4005 0.8988
vn 0.2165 -0.3751 0.9014
vn 0.2162 -0.3753 0.9014
vn 0.1061 -0.1460 0.9836
vn 0.1112 -0.1423 0.9836
vn 0.0957 -0.1531 0.9836
vn 0.0903 -0.1564 0.9836
vn 0.0734 -0.1649 0.9836
vn 0.0617 -0.1696 0.9836
vn 0.0847 -0.1594 0.9836
vn -0.9375 -0.3481 0.0001
vn -0.9375 -0.3479 0.0000
vn -0.5848 0.8112 0.0000
vn -0.3315 0.4569 -0.8254
vn -0.3484 0.4464 -0.8242
vn -0.2925 0.4979 0.8164
vn -0.2641 0.5014 -0.8239
vn 0.1678 -0.3155 -0.9340
vn -0.0074 0.0141 -0.9999
vn 0.0874 -0.1667 0.9821
vn 0.0906 -0.1729 -0.9808
vn 0.4282 -0.8148 -0.3909
vn 0.0632 -0.1074 -0.9922
vn 0.0740 -0.1403 -0.9873
vn 0.0599 -0.1125 -0.9918
vn 0.0667 -0.1114 -0.9915
vn 0.0824 -0.1329 -0.9877
vn 0.0835 -0.1360 -0.9872
vn 0.0791 -0.1360 -0.9875
vn 0.0518 -0.1164 -0.9918
vn 0.0544 -0.1494 -0.9873
vn 0.0436 -0.1197 -0.9919
vn 0.0646 -0.1449 -0.9873
vn 0.1068 -0.1766 -0.9785
vn -0.9862 -0.1643 -0.0187
vn -0.9476 0.3192 -0.0124
vn -0.9276 0.3734 -0.0124
vn 0.1391 -0.1709 -0.9754
vn 0.0801 -0.1983 -0.9769
vn -0.9854 -0.1680 -0.0273
vn -0.9855 -0.1695 -0.0082
vn -0.9858 -0.1649 -0.0310
vn -0.9850 -0.1700 -0.0309
vn -0.9837 -0.1778 -0.0277
vn -0.9839 -0.1763 -0.0290
vn -0.9850 -0.1697 -0.0311
vn -0.9862 -0.1652 0.0048
vn -0.9863 -0.1651 0.0047
vn -0.9855 -0.1668 -0.0316
vn -0.9855 -0.1667 -0.0313
vn -0.6450 0.7641 -0.0108
vn 0.1482 -0.1860 -0.9713
vn 0.1440 -0.1790 -0.9732
vn -0.9862 -0.1643 -0.0191
vn 0.1312 -0.1567 -0.9789
vn 0.9998 0.0213 -0.0006
vn 0.9998 0.0221 -0.0006
vn 0.9998 0.0222 -0.0005
vn 0.0731 -0.2008 -0.9769
vn -0.0054 0.0150 -0.9999
vn -0.1844 0.5067 -0.8422
vn -0.1816 0.4981 -0.8479
vn -0.1813 0.4982 -0.8479
vn 0.9997 0.0227 -0.0005
vn -0.1875 0.5150 -0.8364
vn -0.1910 0.5060 -0.8411
vn -0.5000 0.8660 0.0015
vn -0.4695 0.8829 0.0014
vn -0.1132 0.2128 -0.9705
vn -0.1206 0.2089 -0.9705
vn -0.6157 0.7880 0.0014
vn -0.1277 0.2044 0.9705
vn -0.1206 0.2088 0.9705
vn -0.5299 0.8480 0.0014
vn -0.1277 0.2044 -0.9705
vn -0.1131 0.2128 0.9705
vn -0.0980 0.2202 0.9705
vn -0.1417 0.1950 0.9705
vn -0.3420 0.9397 0.0014
vn -0.0980 0.2202 -0.9705
vn -0.5000 0.8660 0.0009
vn -0.4695 0.8829 0.0009
vn -0.6157 0.7880 0.0009
vn -0.5878 0.8090 0.0010
vn -0.5299 0.8480 0.0008
vn -0.5299 0.8481 0.0008
vn -0.6157 0.7880 0.0008
vn -0.4067 0.9135 0.0009
vn -0.3420 0.9397 0.0008
vn -0.1485 0.1901 -0.9705
vn -0.1485 0.1900 0.9705
vn -0.1417 0.1950 -0.9705
vn -0.0824 0.2265 -0.9705
vn -0.0824 0.2264 0.9705
vn 0.0001 -0.2044 -0.9789
vn 0.0001 -0.2045 -0.9789
vn 0.0001 -0.2046 -0.9789
vn -0.0008 1.0000 -0.0058
vn 0.0008 1.0000 -0.0042
vn 0.0004 1.0000 -0.0081
vn -0.0928 0.5680 0.8178
vn -0.0730 0.5609 0.8247
vn -0.0960 0.5694 0.8164
vn 0.0017 1.0000 0.0093
vn -0.0721 0.5606 0.8249
vn -0.0493 0.5606 0.8266
vn -0.1593 0.5556 0.8161
vn -0.1222 0.5672 0.8144
vn -0.0931 0.5581 -0.8245
vn -0.0753 0.5578 -0.8265
vn -0.0744 0.5579 -0.8266
vn -0.0469 0.5611 0.8264
vn -0.0355 0.5639 0.8251
vn -0.0437 0.5625 -0.8257
vn -0.0397 0.5631 -0.8254
vn -0.1553 0.5417 -0.8261
vn -0.1200 0.5538 -0.8239
vn 0.0349 -0.9994 0.0000
vn -0.1736 0.9848 0.0000
vn 0.0484 -0.1688 -0.9845
vn 0.0365 -0.1718 -0.9845
vn 0.0061 -0.1756 -0.9844
vn 0.0305 -0.1730 -0.9844
vn 0.0244 -0.1739 -0.9845
vn -0.1300 0.4533 0.8818
vn -0.0980 0.4613 0.8818
vn -0.0165 0.4715 0.8817
vn -0.0656 0.4670 0.8818
vn -0.0819 0.4647 0.8817
vn 0.0621 -0.3521 -0.9339
vn 0.0497 -0.3539 -0.9340
vn -0.2756 0.9613 0.0014
vn -0.2079 0.9781 0.0015
vn -0.0349 0.9994 0.0014
vn -0.0349 0.9994 0.0015
vn -0.1736 0.9848 0.0014
vn -0.1392 0.9903 0.0013
vn -0.0349 0.9994 0.0000
vn 0.1591 -0.9873 0.0000
vn 0.8160 -0.3744 0.4404
vn -0.0044 0.0153 -0.9999
vn -0.0033 0.0156 -0.9999
vn -0.0049 0.0151 -0.9999
vn 0.0589 -0.2054 -0.9769
vn 0.0444 -0.2090 -0.9769
vn 0.0661 -0.2033 -0.9769
vn 0.0371 -0.2106 -0.9769
vn 0.0297 -0.2116 -0.9769
vn 0.0248 -0.3565 -0.9340
vn 0.0125 -0.3573 -0.9339
vn 0.0249 -0.3565 -0.9340
vn 0.1105 -0.3401 -0.9339
vn 0.0985 -0.3435 -0.9340
vn 0.0743 -0.3496 -0.9340
vn -0.0992 0.9951 -0.0001
vn -0.0036 1.0000 -0.0023
vn -0.0016 1.0000 0.0010
vn -0.2155 0.9765 0.0000
vn -0.0027 0.0157 -0.9999
vn -0.0022 0.0159 -0.9999
vn -0.0028 0.0156 -0.9999
vn -0.2133 0.9770 -0.0000
vn 0.3249 0.9457 0.0005
vn -0.0018 1.0000 0.0005
vn -0.0954 0.9954 0.0008
vn 0.0349 -0.9994 -0.0003
vn 0.0348 -0.9994 -0.0005
vn 0.0308 -0.1863 0.9820
vn 0.3793 0.6295 0.6781
vn 0.0309 -0.1862 0.9820
vn 0.0006 1.0000 -0.0040
vn 0.0519 -0.1810 0.9821
vn 0.0518 -0.1811 0.9821
vn 0.0408 -0.1836 0.9821
vn 0.0540 -0.1888 -0.9805
vn 0.0432 -0.1968 -0.9795
vn 0.0417 -0.1908 -0.9807
vn 0.0559 -0.1955 -0.9791
vn 0.0006 1.0000 -0.0070
vn 0.0024 1.0000 -0.0059
vn 0.0026 1.0000 -0.0056
vn 0.0307 -0.1999 -0.9793
vn 0.0314 -0.2310 -0.9724
vn 0.0296 -0.2092 -0.9774
vn 0.1532 -0.8970 -0.4147
vn 0.1247 -0.8961 -0.4259
vn 0.1538 -0.8971 -0.4142
vn 0.2550 -0.8893 -0.3797
vn 0.1957 -0.8994 -0.3909
vn 0.0556 -0.1940 -0.9794
vn 0.0351 -0.1988 0.9794
vn 0.0419 -0.1974 0.9794
vn 0.0556 -0.1940 0.9794
vn 0.0070 -0.2018 -0.9794
vn 0.0419 -0.1973 -0.9794
vn 0.0070 -0.2018 0.9794
vn 0.0141 -0.2013 0.9794
vn 0.0281 -0.1998 0.9794
vn 0.0351 -0.1988 -0.9794
vn 0.0281 -0.1998 -0.9794
vn 0.0141 -0.2013 -0.9794
vn 0.1100 -0.8985 -0.4249
vn 0.0467 -0.2312 -0.9718
vn 0.0317 -0.2039 -0.9785
vn 0.0057 1.0000 0.0022
vn 0.0179 -0.2132 -0.9768
vn 0.0123 -0.2137 -0.9768
vn -0.0017 0.0157 -0.9999
vn -0.0016 0.0156 -0.9999
vn -0.0698 0.9976 0.0015
vn -0.0329 0.4705 0.8818
vn 0.0122 -0.1752 -0.9845
vn -0.0890 0.9960 0.0000
vn 0.0125 -0.3572 -0.9339
vn 0.0024 -0.2146 -0.9767
vn 0.0109 -0.1898 0.9818
vn 0.0038 -0.2150 0.9766
vn 0.0109 -0.2090 0.9779
vn 0.0180 -0.1957 0.9805
vn 0.0177 -0.2049 0.9786
vn -0.0000 1.0000 -0.0076
vn 0.6462 0.1627 0.7456
vn 0.1045 -0.9945 -0.0000
vn 0.0696 -0.9976 -0.0000
vn 0.4147 -0.9100 -0.0000
vn 0.8110 0.5851 0.0000
vn 0.0187 -0.1774 0.9840
vn 0.0031 -0.1861 0.9825
vn 0.0023 -0.1566 0.9877
vn 0.1208 -0.4215 0.8987
vn 0.0932 -0.4253 0.9003
vn 0.1209 -0.4217 0.8987
vn 0.0708 -0.4238 0.9030
vn 0.0699 -0.4235 0.9032
vn 0.0126 -0.1801 0.9836
vn 0.0063 -0.1805 0.9836
vn 0.0251 -0.1787 0.9836
vn 0.0314 -0.1779 0.9836
vn 0.0498 -0.1735 0.9836
vn 0.0375 -0.1766 0.9836
vn 0.9419 0.3359 0.0001
vn 0.9419 0.3360 0.0001
vn 0.9418 0.3361 0.0000
vn -0.0735 0.9973 0.0000
vn -0.0200 0.5659 -0.8243
vn -0.1222 0.5673 0.8144
vn -0.0960 0.5588 -0.8237
vn 0.0402 -0.1839 0.9821
vn 0.0916 -0.4252 0.9004
vn 0.0335 -0.1553 -0.9873
vn 0.0207 -0.1229 -0.9922
vn 0.0265 -0.1247 -0.9918
vn 0.0205 -0.1282 -0.9915
vn 0.0223 -0.1548 -0.9877
vn 0.0220 -0.1356 -0.9905
vn 0.0268 -0.1551 -0.9875
vn 0.0351 -0.1225 -0.9918
vn 0.0436 -0.1526 -0.9873
vn 0.0235 -0.1579 -0.9872
vn 0.8611 0.5081 -0.0187
vn 0.5207 0.8536 -0.0123
vn 0.8611 0.5080 -0.0191
vn 0.0033 -0.2203 -0.9754
vn 0.0048 -0.2297 -0.9732
vn 0.0124 -0.2137 -0.9768
vn 0.0661 -0.2034 -0.9769
vn 0.8628 0.5047 -0.0273
vn 0.8639 0.5036 -0.0082
vn 0.8638 0.5038 -0.0077
vn 0.8678 0.4961 -0.0277
vn 0.8639 0.5028 -0.0309
vn 0.8671 0.4973 -0.0290
vn 0.8612 0.5074 -0.0310
vn 0.8617 0.5074 0.0047
vn 0.8622 0.5057 -0.0316
vn 0.0042 0.9999 0.0145
vn 0.0029 0.9999 -0.0108
vn 0.4705 0.8823 -0.0124
vn 0.0060 -0.2377 -0.9713
vn 0.8621 0.5058 -0.0313
vn 0.0002 -0.2044 -0.9789
vn -0.7796 -0.6263 -0.0006
vn -0.7802 -0.6256 -0.0005
vn -0.7800 -0.6257 -0.0006
vn -0.1814 0.4983 -0.8478
vn -0.1789 0.5104 -0.8411
vn -0.7805 -0.6252 -0.0005
vn -0.1773 0.5188 -0.8363
vn -0.2079 0.9781 0.0014
vn -0.0501 0.2358 -0.9705
vn -0.0419 0.2375 -0.9705
vn -0.0698 0.9976 0.0014
vn -0.0335 0.2386 0.9705
vn -0.0419 0.2375 0.9705
vn -0.1392 0.9903 0.0014
vn -0.0335 0.2387 -0.9705
vn -0.0501 0.2357 0.9705
vn -0.0664 0.2317 0.9705
vn -0.0349 0.9994 0.0016
vn -0.0168 0.2404 0.9705
vn -0.0664 0.2317 -0.9705
vn -0.2079 0.9781 0.0009
vn -0.1736 0.9848 0.0009
vn -0.0698 0.9976 0.0010
vn -0.0349 0.9994 0.0009
vn -0.1392 0.9903 0.0010
vn -0.2756 0.9613 0.0009
vn -0.0084 0.2410 -0.9705
vn -0.0084 0.2411 -0.9705
vn -0.0084 0.2410 0.9705
vn -0.0168 0.2404 -0.9705
vn 0.1245 -0.9922 0.0000
vn 0.0106 -0.1698 0.9854
vn 0.0349 -0.9994 -0.0002
vn 0.5881 -0.8088 -0.0000
vn 0.1189 -0.1417 0.9827
vn -0.0001 -0.2047 -0.9788
vn 0.0005 1.0000 0.0011
vn -0.0348 -0.9994 -0.0006
vn -0.0304 -0.1863 0.9820
vn -0.0042 0.9999 0.0145
vn -0.0057 1.0000 0.0023
vn 0.0018 0.0159 -0.9999
vn -0.0166 -0.2065 0.9783
vn -0.9419 0.3358 0.0002
vn -0.0220 -0.1356 -0.9905
vn -0.8638 0.5038 -0.0077
vn 0.1773 0.5187 -0.8363
vn 0.2641 0.5014 -0.8239
vn -0.1678 -0.3155 -0.9340
vn 0.5615 0.8274 0.0000
vn 0.0086 0.0138 -0.9999
vn -0.1154 -0.1820 -0.9765
vn -0.4804 -0.7667 -0.4259
vn 0.6397 0.7686 -0.0018
vn 0.3484 0.4463 -0.8242
vn 0.9850 -0.1697 -0.0312
vn 0.9863 -0.1652 0.0047
vn 0.6426 0.7658 0.0248
vn 0.4582 0.3560 0.8145
vn -0.6691 -0.7432 -0.0006
vn -0.6618 -0.6176 -0.4249
vn 0.6384 0.7697 0.0023
vn 0.0113 0.0109 -0.9999
vn -0.1371 -0.1554 0.9783
vn -0.3207 -0.2919 0.9011
vn -0.5057 0.8627 0.0002
vn 0.3791 0.4206 -0.8242
vn -0.1040 -0.0898 -0.9905
vn -0.3379 0.9412 -0.0077
vn 0.4693 0.2834 -0.8363
vn 0.5246 0.2143 -0.8239
vn 0.9620 0.2729 0.0000
vn 0.0154 0.0050 -0.9999
vn -0.2054 -0.0653 -0.9765
vn -0.8608 -0.2785 -0.4259
vn 0.9841 0.1776 -0.0018
vn 0.4943 -0.8693 0.0002
vn 0.5538 0.1180 -0.8242
vn 0.6455 -0.7631 -0.0311
vn 0.9969 0.0783 -0.0000
vn -0.9903 -0.1392 -0.0002
vn 0.9840 0.1778 0.0145
vn 0.9838 0.1793 0.0023
vn 0.0157 0.0011 -0.9999
vn -0.2049 -0.0309 0.9783
vn -0.4333 -0.0175 0.9011
vn 0.1672 0.9859 0.0002
vn 0.5608 0.0786 -0.8242
vn -0.1374 -0.0019 -0.9905
vn 0.3461 0.9382 -0.0077
vn 0.5417 -0.0845 -0.8363
vn 0.9124 -0.4093 0.0000
vn 0.0147 -0.0060 -0.9999
vn -0.1993 0.0820 -0.9765
vn -0.8385 0.3400 -0.4259
vn 0.8680 -0.4965 -0.0018
vn -0.3951 0.1745 0.9019
vn -0.1801 -0.9836 0.0002
vn 0.5001 -0.2656 -0.8242
vn 0.0039 -0.9995 -0.0311
vn 0.3715 -0.4428 0.8161
vn 0.8140 -0.5808 -0.0000
vn -0.8481 0.5299 -0.0006
vn -0.1475 0.1190 0.9819
vn 0.8680 -0.4963 0.0144
vn 0.8689 -0.4950 0.0023
vn 0.0127 -0.0092 -0.9999
vn -0.1768 0.1080 0.9783
vn -0.3432 0.2651 0.9011
vn 0.7618 0.6478 0.0002
vn 0.4801 -0.3003 -0.8242
vn -0.1065 0.0868 -0.9905
vn 0.8682 0.4961 -0.0077
vn 0.3606 -0.4129 -0.8363
vn 0.8481 -0.5299 0.0014
vn 0.2262 -0.5177 0.8251
vn 0.3022 -0.4794 -0.8239
vn 0.0085 -0.0135 -0.9999
vn 0.4358 -0.9000 0.0000
vn 0.0076 -0.0143 -0.9999
vn -0.1000 0.1909 -0.9765
vn -0.4238 0.7994 -0.4259
vn -0.0928 0.1666 0.9816
vn 0.3458 -0.9383 -0.0018
vn -0.7702 -0.6377 0.0002
vn 0.2124 -0.5249 -0.8242
vn -0.6395 -0.7682 -0.0311
vn -0.6362 -0.7715 0.0048
vn 0.3392 -0.9406 -0.0107
vn 0.2502 -0.9682 -0.0000
vn -0.0365 0.1860 0.9819
vn 0.3474 -0.9377 0.0023
vn 0.0038 -0.0152 -0.9999
vn -0.0660 0.1964 0.9783
vn -0.0925 0.4237 0.9011
vn 1.0000 0.0066 0.0002
vn 0.1747 -0.5386 -0.8242
vn -0.0257 0.1350 -0.9905
vn 0.9840 -0.1780 -0.0077
vn 0.0108 -0.5481 -0.8363
vn -0.1392 -0.9903 0.0016
vn -0.0022 -0.0158 -0.9999
vn -0.2447 -0.9696 0.0000
vn -0.0034 -0.0159 -0.9999
vn 0.0461 0.2105 -0.9765
vn 0.1892 0.8848 -0.4259
vn -0.3383 -0.9410 -0.0018
vn -1.0000 0.0066 0.0002
vn -0.9836 -0.1774 -0.0311
vn -0.3448 -0.9386 -0.0107
vn -0.4306 -0.9025 0.0000
vn 0.3745 0.9272 -0.0006
vn -0.3380 -0.9410 0.0144
vn 0.4107 0.8067 -0.4249
vn -0.3366 -0.9416 0.0023
vn -0.0069 -0.0141 -0.9999
vn 0.0757 0.1929 0.9783
vn 0.2015 0.3840 0.9011
vn 0.7703 -0.6377 0.0002
vn 0.0670 0.1199 -0.9905
vn 0.6394 -0.7688 -0.0077
vn -0.3441 -0.4268 -0.8363
vn -0.4706 -0.3126 0.8251
vn -0.4197 -0.3808 -0.8239
vn -0.8107 -0.5855 0.0000
vn -0.0128 -0.0100 -0.9999
vn 0.1706 0.1316 -0.9765
vn -0.8640 -0.5035 -0.0018
vn 0.3032 0.1894 -0.9339
vn -0.7618 0.6478 0.0002
vn -0.8676 0.4964 -0.0311
vn -0.8703 0.4925 0.0047
vn -0.9100 -0.4146 0.0000
vn 0.1769 0.0682 0.9819
vn -0.8631 -0.5050 0.0023
vn -0.0144 -0.0064 -0.9999
vn 0.1820 0.0991 0.9783
vn 0.4012 0.1647 0.9011
vn 0.1801 -0.9836 0.0002
vn 0.1285 0.0488 -0.9905
vn -0.0044 -1.0000 -0.0077
vn -0.5379 -0.1058 -0.8364
vn -0.5663 -0.0220 -0.8239
vn -0.9974 0.0726 0.0000
vn -0.0162 0.0006 -0.9999
vn 0.2153 -0.0089 -0.9765
vn 0.9042 -0.0327 -0.4259
vn -0.9855 0.1697 -0.0018
vn -0.5608 0.0786 -0.8242
vn -0.3456 0.9379 -0.0311
vn -0.3501 0.9367 0.0048
vn -0.9636 0.2674 -0.0000
vn 0.9782 -0.2078 -0.0005
vn 0.1794 -0.0615 0.9819
vn -0.9854 0.1695 0.0144
vn -0.9858 0.1680 0.0023
vn -0.0151 0.0043 -0.9999
vn 0.2031 -0.0411 0.9783
vn 0.4132 -0.1318 0.9011
vn -0.4943 -0.8693 0.0002
vn -0.9694 0.2456 0.0000
vn 0.1298 -0.0452 -0.9905
vn -0.6461 -0.7632 -0.0077
vn -0.4801 0.2647 -0.8363
vn -0.4480 0.3472 -0.8239
vn -0.7174 0.6967 0.0000
vn -0.0120 0.0109 -0.9999
vn 0.1592 -0.1452 -0.9765
vn 0.6716 -0.6062 -0.4259
vn 0.1442 -0.1248 0.9816
vn -0.6458 0.7635 -0.0018
vn 0.5057 0.8627 0.0002
vn 0.3382 0.9406 -0.0311
vn 0.3339 0.9426 0.0047
vn -0.5663 0.8242 -0.0000
vn 0.6157 -0.7880 -0.0006
vn 0.0979 -0.1623 0.9819
vn -0.6459 0.7632 0.0145
vn -0.6472 0.7624 0.0023
vn -0.0088 0.0130 -0.9999
vn 0.1292 -0.1621 0.9783
vn 0.2318 -0.3665 0.9011
vn -0.9374 -0.3482 0.0002
vn -0.3484 0.4463 -0.8242
vn 0.0704 -0.1180 -0.9905
vn -0.9855 -0.1693 -0.0077
vn -0.1976 0.5114 -0.8363
vn -0.0354 0.5639 0.8251
vn -0.1200 0.5539 -0.8239
vn -0.1017 0.9948 0.0000
vn -0.0022 0.0161 -0.9999
vn -0.0933 0.9956 0.0005
vn 0.0286 -0.2136 -0.9765
vn 0.1248 -0.8961 -0.4259
vn 0.0123 -0.1752 -0.9845
vn 0.0697 -0.9976 0.0000
vn 0.9419 0.3358 0.0002
vn 0.8636 0.5031 -0.0311
vn -0.1736 0.9848 0.0008
usemtl emrysGate
s 1
f 2/1/1 4/2/1 1/3/1
f 6/4/1 8/5/1 5/6/1
f 5/6/1 3/7/1 2/1/1
f 9/8/2 7/9/2 6/4/1
f 1/3/1 11/10/1 12/11/3
f 3/7/1 14/12/1 4/2/1
f 7/9/2 16/13/1 8/5/1
f 8/5/1 13/14/1 3/7/1
f 11/10/1 19/15/1 17/16/1
f 10/17/4 15/18/1 7/9/2
f 4/2/1 18/19/1 11/10/1
f 21/20/5 23/21/6 24/22/7
f 25/23/8 27/24/9 28/25/10
f 30/26/11 31/27/12 29/28/13
f 28/25/10 32/29/14 24/30/15
f 34/31/16 36/32/17 33/33/17
f 33/33/17 37/34/18 38/35/19
f 39/36/20 41/37/21 42/38/22
f 24/30/15 43/39/23 21/40/24
f 40/41/25 45/42/26 41/37/21
f 47/43/27 49/44/28 46/45/27
f 46/45/27 51/46/29 47/43/27
f 53/47/30 55/48/30 52/49/30
f 57/50/31 59/51/32 56/52/32
f 35/53/33 47/54/34 36/55/34
f 36/55/34 51/56/35 37/57/35
f 37/57/35 42/58/36 26/59/36
f 61/60/37 63/61/38 60/62/38
f 64/63/39 58/64/31 57/50/31
f 65/65/40 67/66/41 58/67/41
f 58/67/41 68/68/42 59/69/42
f 54/70/43 70/71/44 55/72/44
f 62/73/45 72/74/46 63/75/46
f 74/76/47 76/77/48 73/78/47
f 73/78/47 78/79/49 74/76/47
f 80/80/50 82/81/50 79/82/50
f 84/83/51 86/84/52 83/85/53
f 88/86/54 90/87/55 87/88/55
f 92/89/56 94/90/57 91/91/57
f 94/90/57 96/92/58 91/91/57
f 98/93/59 100/94/59 97/95/59
f 101/96/60 88/97/61 87/98/60
f 103/99/34 75/100/35 74/101/34
f 78/102/33 103/99/34 74/101/34
f 106/103/62 81/104/62 80/105/62
f 108/106/36 85/107/63 84/108/36
f 110/109/64 112/110/65 113/111/65
f 114/112/66 116/113/67 117/114/66
f 117/114/66 119/115/68 114/112/66
f 121/116/69 114/117/70 120/118/70
f 114/117/70 122/119/71 120/118/70
f 124/120/72 126/121/73 123/122/73
f 100/123/74 129/124/75 127/125/76
f 130/126/77 95/127/78 94/128/79
f 94/128/79 132/129/80 133/130/79
f 134/131/81 40/132/82 39/133/83
f 46/134/34 137/135/33 136/136/34
f 138/137/84 46/134/34 136/136/34
f 125/138/85 140/139/86 126/140/87
f 33/141/34 142/142/88 141/143/34
f 143/144/33 33/141/34 141/143/34
f 25/145/89 28/146/90 145/147/91
f 148/148/32 150/149/31 147/150/31
f 150/149/31 152/151/39 147/150/31
f 153/152/92 155/153/93 156/154/94
f 157/155/95 146/156/96 158/157/97
f 23/21/6 28/146/90 24/22/7
f 160/158/98 141/159/99 159/160/100
f 141/159/99 161/161/101 159/160/100
f 162/162/102 138/163/103 136/164/104
f 162/162/102 137/165/105 164/166/106
f 20/167/107 44/168/108 40/132/82
f 10/169/109 31/27/12 44/168/108
f 165/170/110 135/171/111 134/172/112
f 139/173/113 168/174/114 140/175/115
f 117/176/116 170/177/117 171/178/117
f 116/179/118 169/180/116 117/176/116
f 174/181/39 176/182/31 173/183/31
f 178/184/37 180/185/38 177/186/38
f 176/187/119 183/188/120 181/189/120
f 173/183/31 181/190/32 184/191/32
f 185/192/30 187/193/30 188/194/30
f 64/195/121 190/196/122 60/197/122
f 191/198/39 192/199/31 182/200/31
f 194/201/37 190/202/38 193/203/38
f 182/200/31 196/204/32 183/205/32
f 198/206/30 200/207/30 197/208/30
f 57/209/123 196/210/124 192/211/123
f 187/212/125 197/213/126 188/214/126
f 176/187/119 191/215/127 182/216/119
f 201/217/128 200/218/129 52/219/129
f 57/209/123 189/220/121 64/195/121
f 61/221/130 202/222/128 201/217/128
f 179/223/131 193/224/132 180/225/132
f 179/223/131 204/226/133 194/227/131
f 204/228/134 195/229/37 194/201/37
f 205/230/134 179/231/37 178/184/37
f 139/173/113 207/232/135 167/233/136
f 166/234/137 209/235/138 135/171/111
f 135/236/139 20/167/107 40/132/82
f 127/125/76 89/237/54 88/86/54
f 124/120/72 211/238/140 125/239/72
f 125/138/85 206/240/141 139/241/142
f 109/242/63 213/243/143 85/107/63
f 214/244/144 88/97/61 102/245/61
f 215/246/3 11/10/1 17/16/1
f 85/247/52 216/248/145 86/84/52
f 217/249/146 71/250/45 62/73/45
f 27/251/63 45/252/147 32/253/147
f 201/254/134 62/255/37 61/60/37
f 53/256/148 200/218/129 199/257/148
f 203/258/133 197/213/126 204/226/133
f 197/208/30 202/259/134 204/228/134
f 185/192/30 203/260/134 205/230/134
f 212/261/143 80/105/62 213/243/143
f 97/95/59 127/262/144 214/244/144
f 216/248/145 80/80/50 79/82/50
f 217/249/146 70/71/44 218/263/146
f 52/49/30 217/264/134 201/254/134
f 128/265/149 99/266/149 219/267/149
f 210/268/150 220/269/151 211/238/140
f 221/270/152 22/271/153 222/272/154
f 223/273/155 23/274/156 221/270/152
f 30/26/11 22/275/157 21/20/5
f 158/276/158 145/277/159 223/278/160
f 113/279/161 226/280/134 227/281/161
f 112/282/162 223/278/160 113/283/162
f 113/284/163 221/270/152 225/285/164
f 222/272/154 154/286/165 153/287/166
f 150/288/167 161/289/168 151/290/169
f 149/291/170 159/292/171 150/288/167
f 111/293/172 158/294/173 112/295/174
f 205/296/175 79/297/176 185/298/176
f 86/299/177 205/296/175 178/300/177
f 83/301/178 178/300/177 177/302/178
f 79/297/176 186/303/179 185/298/176
f 173/304/180 77/305/181 73/306/180
f 173/304/180 76/307/182 174/308/182
f 31/309/183 43/310/184 229/311/185
f 45/252/147 43/312/186 32/253/147
f 44/313/187 229/314/188 45/42/26
f 38/35/19 26/315/189 25/23/8
f 50/316/190 42/38/22 51/46/29
f 26/59/36 41/317/63 27/251/63
f 60/62/38 65/318/39 64/63/39
f 65/65/40 72/74/46 66/319/40
f 76/77/48 84/83/51 83/85/53
f 93/320/80 90/87/55 132/129/80
f 101/96/60 93/321/56 92/89/56
f 104/322/35 84/108/36 75/100/35
f 151/323/39 110/109/64 152/151/39
f 121/116/69 126/121/73 115/324/69
f 134/131/81 50/325/84 138/137/84
f 115/326/67 140/139/86 116/113/67
f 38/327/88 144/328/191 142/142/88
f 142/329/192 157/155/95 161/161/101
f 165/170/110 138/163/103 163/330/193
f 140/175/115 172/331/118 116/179/118
f 177/186/38 175/332/39 174/181/39
f 61/221/130 190/196/122 195/333/130
f 193/203/38 189/334/39 191/198/39
f 175/335/127 193/224/132 191/215/127
f 151/290/169 157/336/194 111/293/172
f 174/308/182 83/301/178 177/302/178
f 168/337/195 231/338/196 172/339/197
f 167/340/198 232/341/199 233/342/200
f 167/340/198 230/343/201 168/337/195
f 169/344/202 235/345/203 170/346/204
f 172/339/197 234/347/205 169/344/202
f 230/343/201 163/330/193 231/338/196
f 233/342/200 208/348/206 166/234/137
f 233/342/200 165/170/110 230/343/201
f 234/347/205 164/166/106 235/345/203
f 234/347/205 163/330/193 162/162/102
f 237/349/3 6/4/1 236/350/3
f 132/351/69 238/352/73 239/353/69
f 19/354/207 240/355/208 241/356/209
f 129/357/150 240/358/210 242/359/211
f 89/360/72 242/359/211 243/361/72
f 89/360/72 238/352/73 90/362/73
f 244/363/70 246/364/212 133/365/70
f 132/351/69 244/363/70 133/365/70
f 12/11/3 247/366/3 1/3/1
f 248/367/3 1/3/1 247/366/3
f 249/368/3 2/1/1 248/367/3
f 236/350/3 5/6/1 249/368/3
f 16/369/213 208/370/214 232/371/215
f 13/372/216 206/373/217 14/374/218
f 13/372/216 232/371/215 207/375/219
f 208/370/214 20/376/220 209/377/221
f 18/378/222 206/373/217 211/379/223
f 31/27/12 237/380/224 29/28/13
f 240/381/208 251/382/225 241/383/209
f 250/384/226 128/385/227 219/386/226
f 18/378/222 220/387/228 19/354/207
f 239/353/69 123/122/73 121/116/69
f 242/359/211 220/269/151 210/268/150
f 251/388/3 17/16/1 241/389/229
f 243/361/72 210/268/150 124/120/72
f 243/361/72 123/122/73 238/352/73
f 120/118/70 245/390/212 244/363/70
f 239/353/69 120/118/70 244/363/70
f 241/389/229 17/16/1 19/15/1
f 122/391/230 119/392/231 252/393/232
f 245/390/212 254/394/233 246/364/212
f 122/119/71 253/395/233 245/390/212
f 118/396/68 171/397/234 256/398/234
f 130/126/77 254/399/78 131/400/78
f 246/401/77 94/128/79 133/130/79
f 118/402/32 257/403/32 258/404/32
f 259/405/235 258/406/236 257/407/237
f 118/408/238 252/393/232 119/392/231
f 255/409/239 252/410/240 259/405/235
f 72/411/241 261/412/242 66/413/242
f 261/414/243 262/415/244 263/416/243
f 70/417/245 265/418/246 218/419/246
f 102/420/247 266/421/248 267/422/247
f 71/423/249 265/418/246 268/424/249
f 268/425/250 262/415/244 260/426/244
f 72/411/241 268/424/249 260/427/241
f 92/428/251 270/429/252 271/430/251
f 70/417/245 272/431/253 264/432/245
f 214/433/254 267/422/247 273/434/254
f 67/435/255 275/436/256 68/437/256
f 261/414/243 276/438/257 274/439/257
f 66/413/242 274/440/255 67/435/255
f 263/441/258 266/442/259 271/443/258
f 278/444/260 273/445/261 277/446/261
f 277/446/261 267/447/262 269/448/262
f 262/449/259 267/447/262 266/442/259
f 278/444/260 281/450/263 279/451/260
f 276/452/264 282/453/265 283/454/265
f 276/452/264 271/443/258 270/455/264
f 272/456/266 278/457/267 264/458/267
f 92/428/251 266/421/248 101/459/248
f 98/460/268 279/461/269 281/462/268
f 265/463/270 278/457/267 277/464/270
f 275/465/271 276/438/257 283/466/271
f 214/433/254 279/461/269 97/467/269
f 91/468/252 282/469/272 270/429/252
f 265/463/270 269/470/250 268/425/250
f 285/471/273 287/472/273 284/473/273
f 289/474/273 291/475/274 288/476/273
f 286/477/273 288/476/273 287/472/273
f 290/478/274 293/479/274 291/475/274
f 284/473/273 295/480/273 285/471/273
f 296/481/273 286/477/273 285/471/273
f 298/482/273 290/478/274 289/474/273
f 297/483/273 289/474/273 286/477/273
f 301/484/273 295/480/273 300/485/273
f 299/486/273 292/487/275 290/478/274
f 302/488/273 285/471/273 295/480/273
f 304/489/276 306/490/277 307/491/278
f 308/492/279 310/493/280 311/494/281
f 313/495/282 314/496/283 312/497/284
f 309/498/285 315/499/286 310/493/280
f 317/500/287 34/31/16 316/501/287
f 316/501/287 319/502/288 317/500/287
f 320/503/289 322/504/290 323/505/291
f 305/506/292 324/507/293 315/499/286
f 323/505/291 325/508/294 326/509/295
f 327/510/296 48/511/28 328/512/296
f 328/512/296 330/513/297 327/510/296
f 332/514/298 334/515/298 331/516/298
f 59/51/32 336/517/299 56/52/32
f 328/518/300 35/53/33 317/519/300
f 329/520/301 317/519/300 319/521/301
f 321/522/302 319/521/301 311/523/302
f 338/524/303 340/525/304 337/526/303
f 335/527/299 342/528/305 336/517/299
f 343/529/306 341/530/307 335/531/306
f 335/531/306 68/68/42 343/529/306
f 345/532/308 333/533/309 332/534/308
f 347/535/310 339/536/311 338/537/310
f 349/538/312 351/539/313 352/540/312
f 352/540/312 77/541/49 349/538/312
f 354/542/314 356/543/314 353/544/314
f 358/545/315 360/546/316 357/547/316
f 362/548/317 364/549/318 361/550/317
f 366/551/319 368/552/320 365/553/319
f 365/553/319 95/554/58 366/551/319
f 369/555/321 371/556/322 372/557/321
f 373/558/323 364/559/324 374/560/324
f 351/561/301 376/562/300 352/563/300
f 376/562/300 78/102/33 352/563/300
f 355/564/325 378/565/325 356/566/325
f 359/567/326 380/568/302 360/569/302
f 381/570/303 383/571/304 384/572/303
f 385/573/327 387/574/328 388/575/329
f 389/576/330 386/577/327 385/573/327
f 385/578/331 392/579/332 391/580/331
f 393/581/333 385/578/331 391/580/331
f 395/582/334 397/583/335 394/584/334
f 399/585/336 370/586/337 398/587/338
f 95/127/78 401/588/339 366/589/340
f 402/590/340 367/591/341 366/589/340
f 404/592/342 323/593/343 405/594/344
f 137/135/33 327/595/300 406/596/300
f 327/595/300 407/597/345 406/596/300
f 408/598/346 396/599/347 395/600/348
f 411/601/349 316/602/300 410/603/300
f 316/602/300 143/144/33 410/603/300
f 412/604/350 309/605/351 308/606/352
f 415/607/299 148/148/32 414/608/299
f 416/609/305 415/607/299 414/608/299
f 418/610/353 420/611/354 421/612/355
f 422/613/356 413/614/357 412/615/358
f 305/616/359 424/617/360 306/490/277
f 410/618/361 160/158/98 425/619/362
f 426/620/363 410/618/361 425/619/362
f 427/621/364 407/622/365 428/623/366
f 427/621/364 137/165/105 406/624/367
f 303/625/368 326/626/369 292/627/370
f 313/495/282 292/627/370 326/626/369
f 429/628/371 405/629/372 430/630/373
f 431/631/374 409/632/375 408/633/376
f 171/178/117 433/634/377 386/635/377
f 386/635/377 434/636/378 387/637/379
f 436/638/299 438/639/305 435/640/299
f 440/641/303 442/642/304 439/643/303
f 181/189/120 443/644/380 436/645/380
f 181/190/32 435/640/299 184/191/32
f 444/646/298 446/647/298 447/648/298
f 448/649/381 342/650/382 337/651/381
f 450/652/299 451/653/305 443/654/299
f 448/655/303 454/656/304 452/657/303
f 196/204/32 443/654/299 183/205/32
f 456/658/298 458/659/298 455/660/298
f 450/661/383 56/662/124 336/663/383
f 455/664/384 446/665/385 445/666/384
f 436/645/380 451/667/386 437/668/386
f 456/669/387 460/670/388 331/671/387
f 449/672/382 336/663/383 342/650/382
f 460/670/388 453/673/389 340/674/389
f 452/675/390 441/676/391 440/677/390
f 454/678/391 462/679/392 441/676/391
f 453/680/304 461/681/393 454/656/304
f 441/682/304 463/683/393 442/642/304
f 409/632/375 464/684/394 465/685/395
f 430/630/373 466/686/396 467/687/397
f 423/688/398 469/689/399 413/614/357
f 470/690/400 383/571/304 382/691/304
f 413/692/401 424/617/360 309/605/351
f 405/594/344 303/625/368 466/693/402
f 363/694/318 398/587/338 364/549/318
f 397/583/335 472/695/403 473/696/404
f 396/599/347 465/697/405 472/698/406
f 474/699/407 379/700/326 359/567/326
f 364/559/324 476/701/408 374/560/324
f 477/702/409 295/480/273 294/703/409
f 478/704/410 359/705/315 358/545/315
f 348/706/311 480/707/411 339/536/311
f 325/708/412 310/709/326 315/710/412
f 339/711/304 460/712/393 340/525/304
f 334/713/413 456/669/387 331/671/387
f 462/679/392 455/664/384 445/666/384
f 459/714/393 455/660/298 461/681/393
f 462/715/393 444/646/298 463/683/393
f 356/566/325 475/716/407 474/699/407
f 398/717/408 369/555/321 476/701/408
f 478/704/410 356/543/314 474/718/410
f 480/707/411 345/532/308 332/534/308
f 480/719/393 331/516/298 460/712/393
f 400/720/414 371/721/337 370/586/337
f 473/696/404 472/695/403 482/722/415
f 483/723/416 307/724/417 306/725/418
f 485/726/419 306/725/418 424/727/420
f 314/496/283 307/491/278 486/728/421
f 468/729/422 424/730/422 469/731/422
f 470/732/400 488/733/393 489/734/423
f 471/735/422 485/736/422 468/729/422
f 470/737/424 483/723/416 485/726/419
f 421/738/425 484/739/426 418/740/427
f 383/741/428 468/742/429 423/743/430
f 415/744/431 426/745/432 425/746/433
f 425/746/433 149/291/170 415/744/431
f 383/741/428 422/747/434 384/748/435
f 463/749/436 353/750/437 478/751/436
f 463/749/436 358/752/438 442/753/438
f 442/753/438 357/754/439 439/755/439
f 447/756/440 353/750/437 444/757/437
f 349/758/441 184/759/181 435/760/441
f 438/761/442 349/758/441 435/760/441
f 324/762/443 313/763/443 491/764/444
f 324/765/445 325/708/412 315/710/412
f 491/766/446 326/509/295 325/508/294
f 318/767/447 311/494/281 319/502/288
f 330/513/297 321/768/448 320/503/289
f 322/769/326 311/523/302 310/709/326
f 341/770/305 337/526/303 342/528/305
f 341/530/307 347/535/310 338/537/310
f 350/771/313 360/546/316 351/539/313
f 367/591/341 362/548/317 361/550/317
f 367/772/320 373/558/323 368/552/320
f 360/569/302 375/773/301 351/561/301
f 381/570/303 417/774/305 416/609/305
f 392/579/332 395/582/334 394/584/334
f 330/775/345 404/592/342 407/597/345
f 388/575/329 408/598/346 395/600/348
f 412/604/350 318/776/349 411/601/349
f 422/613/356 411/777/449 426/620/363
f 407/622/365 429/628/371 428/623/366
f 434/636/378 408/633/376 387/637/379
f 437/778/305 439/643/303 438/639/305
f 340/674/389 448/649/381 337/651/381
f 449/779/305 452/657/303 451/653/305
f 437/668/386 452/675/390 440/677/390
f 417/780/450 422/747/434 426/745/432
f 438/761/442 357/754/439 350/781/442
f 492/782/451 431/783/452 434/784/453
f 432/785/454 495/786/455 464/787/456
f 493/788/457 432/785/454 431/783/452
f 433/789/458 235/345/203 496/790/459
f 496/790/459 434/784/453 433/789/458
f 428/623/366 493/788/457 492/782/451
f 494/791/460 467/687/397 495/786/455
f 429/628/371 494/791/460 493/788/457
f 496/790/459 164/166/106 427/621/364
f 496/790/459 428/623/366 492/782/451
f 291/475/274 498/792/409 497/793/409
f 403/794/332 500/795/334 362/796/334
f 301/797/461 502/798/462 482/799/463
f 399/800/404 502/801/464 400/802/465
f 363/803/335 503/804/404 399/800/404
f 500/795/334 363/803/335 362/796/334
f 505/805/466 507/806/331 402/807/331
f 507/806/331 403/794/332 402/807/331
f 294/703/409 284/473/273 508/808/409
f 284/473/273 509/809/409 508/808/409
f 287/472/273 510/810/409 509/809/409
f 288/476/273 497/793/409 510/810/409
f 298/811/467 467/812/468 299/813/469
f 465/814/470 297/815/471 296/816/472
f 297/815/471 495/817/473 298/811/467
f 467/812/468 303/818/474 299/813/469
f 302/819/475 465/814/470 296/816/472
f 312/497/284 293/820/476 313/495/282
f 511/821/477 502/822/462 501/823/478
f 400/802/465 512/824/479 481/825/479
f 302/819/475 482/799/463 472/826/480
f 499/827/332 394/584/334 500/795/334
f 503/804/404 482/722/415 502/801/464
f 511/828/409 300/485/273 477/702/409
f 504/829/335 473/696/404 503/804/404
f 394/584/334 504/829/335 500/795/334
f 506/830/466 391/580/331 507/806/331
f 391/580/331 499/827/332 507/806/331
f 501/831/481 301/484/273 300/485/273
f 393/832/482 513/833/483 389/834/484
f 254/394/233 506/830/466 505/805/466
f 253/395/233 393/581/333 506/830/466
f 390/835/330 171/397/234 386/577/327
f 254/399/78 401/588/339 131/400/78
f 505/836/339 366/589/340 401/588/339
f 390/837/32 257/403/32 256/838/32
f 259/405/235 514/839/485 513/840/486
f 513/833/483 390/841/487 389/834/484
f 255/409/239 513/840/486 393/842/488
f 344/843/320 516/844/489 347/845/489
f 515/846/490 518/847/491 516/848/491
f 479/849/408 520/850/321 345/851/321
f 374/852/492 522/853/493 373/854/493
f 348/855/494 519/856/408 479/849/408
f 518/847/491 523/857/495 516/848/491
f 347/845/489 523/858/494 348/855/494
f 368/859/496 526/860/497 365/861/497
f 345/851/321 527/862/321 346/863/321
f 476/864/498 521/865/492 374/852/492
f 343/866/319 275/436/256 529/867/319
f 529/868/499 517/869/490 515/846/490
f 343/866/319 515/870/320 344/843/320
f 525/871/500 518/872/501 517/873/500
f 528/874/502 533/875/503 531/876/502
f 521/877/504 531/876/502 524/878/504
f 522/879/501 524/878/504 518/872/501
f 533/875/503 534/880/505 535/881/505
f 530/882/506 282/453/265 526/883/506
f 526/883/506 517/873/500 530/882/506
f 533/884/507 527/885/508 520/886/507
f 522/853/493 368/859/496 373/854/493
f 372/887/509 532/888/510 369/889/510
f 519/890/511 533/884/507 520/886/507
f 275/465/271 530/891/499 529/868/499
f 532/888/510 476/864/498 369/889/510
f 526/860/497 96/892/272 365/861/497
f 524/893/495 519/890/511 523/857/495
f 537/894/303 416/609/305 536/895/305
f 487/896/400 382/691/304 538/897/304
f 536/895/305 414/608/299 539/898/299
f 414/608/299 540/899/32 539/898/299
f 537/894/303 382/691/304 381/570/303
f 152/151/39 542/900/64 541/901/39
f 543/902/512 113/903/65 227/904/513
f 147/150/31 541/901/39 544/905/31
f 540/899/32 147/150/31 544/905/31
f 542/900/64 113/111/65 543/902/512
f 489/906/514 484/739/426 483/723/416
f 489/734/423 419/907/353 418/610/353
f 225/285/164 222/272/154 153/287/166
f 225/908/515 156/154/94 226/280/134
f 222/272/154 224/909/516 228/910/517
f 484/739/426 486/911/518 307/724/417
f 546/912/519 548/913/519 545/914/519
f 550/915/519 552/916/519 549/917/519
f 549/917/519 547/918/519 546/912/519
f 553/919/520 551/920/520 550/915/519
f 545/914/519 555/921/519 294/922/409
f 547/918/519 557/923/519 548/913/519
f 551/920/520 559/924/519 552/916/519
f 552/916/519 556/925/519 547/918/519
f 555/921/519 562/926/519 560/927/519
f 554/928/521 558/929/522 551/920/520
f 548/913/519 561/930/519 555/921/519
f 564/931/523 566/932/524 567/933/525
f 568/934/526 570/935/527 571/936/528
f 314/937/283 572/938/529 312/939/284
f 571/936/528 573/940/530 567/941/531
f 574/942/532 576/943/533 577/944/532
f 577/944/532 579/945/534 574/942/532
f 580/946/535 582/947/536 583/948/537
f 567/941/531 584/949/538 564/950/538
f 581/951/539 586/952/540 582/947/536
f 588/953/541 590/954/542 587/955/541
f 591/956/543 588/953/541 587/955/541
f 334/957/544 594/958/544 593/959/544
f 596/960/545 598/961/546 595/962/546
f 576/963/547 588/964/548 577/965/548
f 577/965/548 592/966/549 578/967/549
f 578/967/549 583/968/550 569/969/550
f 600/970/551 602/971/552 599/972/552
f 603/973/553 597/974/545 596/960/545
f 597/975/554 605/976/555 606/977/554
f 597/975/554 607/978/556 598/979/556
f 333/980/309 608/981/557 594/982/557
f 601/983/558 610/984/559 602/985/559
f 612/986/560 614/987/561 611/988/560
f 615/989/562 612/986/560 611/988/560
f 618/990/563 354/991/563 617/992/563
f 620/993/564 622/994/565 619/995/564
f 624/996/566 626/997/567 623/998/567
f 627/999/568 629/1000/569 630/1001/568
f 630/1001/568 632/1002/570 627/999/568
f 633/1003/571 371/1004/572 634/1005/571
f 636/1006/573 623/1007/574 635/1008/574
f 637/1009/548 613/1010/549 612/1011/548
f 616/1012/547 637/1009/548 612/1011/548
f 640/1013/575 355/1014/575 618/1015/575
f 641/1016/550 621/1017/576 620/1018/550
f 643/1019/552 645/1020/551 646/1021/551
f 647/1022/577 649/1023/578 650/1024/577
f 650/1024/577 652/1025/579 647/1022/577
f 653/1026/580 648/1027/581 647/1028/580
f 647/1028/580 655/1029/582 653/1026/580
f 657/1030/583 659/1031/584 656/1032/584
f 634/1033/585 662/1034/586 660/1035/587
f 663/1036/588 631/1037/589 630/1038/590
f 629/1039/591 666/1040/590 630/1038/590
f 667/1041/592 581/1042/593 580/1043/594
f 587/1044/548 670/1045/547 669/1046/548
f 671/1047/595 587/1044/548 669/1046/548
f 658/1048/596 673/1049/597 659/1050/598
f 574/1051/548 675/1052/599 674/1053/548
f 676/1054/547 574/1051/548 674/1053/548
f 677/1055/600 571/1056/601 678/1057/602
f 680/1058/546 682/1059/545 679/1060/545
f 682/1059/545 684/1061/553 679/1060/545
f 685/1062/603 420/1063/604 686/1064/605
f 687/1065/606 678/1066/607 688/1067/608
f 567/933/525 689/1068/609 571/1056/601
f 690/1069/610 676/1070/611 674/1071/612
f 674/1071/612 692/1072/613 690/1069/610
f 693/1073/614 671/1074/615 669/1075/616
f 693/1073/614 670/1076/617 695/1077/618
f 563/1078/619 585/1079/620 581/1042/593
f 554/1080/621 572/938/529 585/1079/620
f 696/1081/622 668/1082/623 667/1083/624
f 672/1084/625 699/1085/626 673/1086/627
f 650/1087/628 701/1088/629 702/1089/629
f 649/1090/630 700/1091/631 650/1087/628
f 705/1092/553 707/1093/545 704/1094/545
f 709/1095/551 711/1096/552 708/1097/552
f 707/1098/632 714/1099/633 712/1100/633
f 704/1094/545 712/1101/546 715/1102/546
f 716/1103/544 446/1104/544 717/1105/544
f 603/1106/634 719/1107/635 599/1108/635
f 720/1109/553 721/1110/545 713/1111/545
f 723/1112/551 719/1113/552 722/1114/552
f 713/1111/545 725/1115/546 714/1116/546
f 458/1117/544 727/1118/544 726/1119/544
f 596/1120/636 725/1121/637 721/1122/636
f 446/1123/385 726/1124/638 717/1125/638
f 706/1126/639 713/1127/632 707/1098/632
f 728/1128/640 727/1129/641 593/1130/641
f 603/1106/634 721/1122/636 718/1131/634
f 600/1132/642 729/1133/640 728/1128/640
f 710/1134/643 722/1135/644 711/1136/644
f 730/1137/645 723/1138/643 710/1134/643
f 731/1139/646 724/1140/551 723/1112/551
f 732/1141/646 710/1142/551 709/1095/551
f 672/1084/625 734/1143/647 698/1144/648
f 697/1145/649 736/1146/650 668/1082/623
f 688/1067/608 737/1147/651 738/1148/651
f 645/1020/551 740/1149/652 646/1021/551
f 678/1057/602 689/1068/609 737/1150/653
f 668/1151/654 563/1078/619 581/1042/593
f 660/1035/587 625/1152/566 624/996/566
f 657/1030/583 742/1153/655 658/1154/656
f 658/1048/596 733/1155/657 672/1156/658
f 642/1157/576 744/1158/659 621/1017/576
f 745/1159/660 624/1160/573 636/1006/573
f 477/1161/409 555/921/519 560/927/519
f 621/1162/565 746/1163/661 622/994/565
f 747/1164/662 609/1165/558 601/983/558
f 570/1166/576 586/1167/663 573/1168/663
f 728/1169/646 601/1170/551 600/970/551
f 334/1171/413 727/1129/641 457/1172/413
f 730/1137/645 726/1124/638 731/1173/645
f 726/1119/544 729/1174/646 731/1139/646
f 716/1103/544 730/1175/646 732/1141/646
f 743/1176/659 618/1015/575 744/1158/659
f 633/1003/571 660/1177/660 745/1159/660
f 746/1163/661 618/990/563 617/992/563
f 747/1164/662 608/981/557 748/1178/662
f 593/959/544 747/1179/646 728/1169/646
f 661/1180/585 371/1181/664 481/1182/664
f 741/1183/665 749/1184/666 742/1153/655
f 750/1185/667 565/1186/668 751/1187/669
f 752/1188/670 566/1189/671 750/1185/667
f 314/937/283 565/1190/672 564/931/523
f 738/1191/673 689/1192/673 752/1193/673
f 740/1194/652 754/1195/674 755/1196/652
f 739/1197/673 752/1193/673 740/1198/673
f 740/1199/675 750/1185/667 753/1200/676
f 751/1187/669 421/1201/425 685/1202/677
f 645/1203/678 738/1204/679 739/1205/680
f 682/1206/681 692/1207/682 683/1208/683
f 682/1206/681 691/1209/684 690/1210/681
f 687/1211/685 645/1203/678 644/1212/686
f 732/1213/687 617/1214/688 716/1215/688
f 622/1216/689 732/1213/687 709/1217/689
f 619/1218/690 709/1217/689 708/1219/690
f 617/1214/688 447/1220/440 716/1215/688
f 715/1221/691 611/1222/692 704/1223/692
f 704/1223/692 614/1224/693 705/1225/693
f 572/1226/694 584/1227/694 756/1228/695
f 586/1167/663 584/1229/696 573/1168/663
f 585/1230/697 756/1231/698 586/952/540
f 579/945/534 569/1232/699 568/934/526
f 591/956/543 583/948/537 592/1233/543
f 569/969/550 582/1234/576 570/1166/576
f 599/972/552 604/1235/553 603/973/553
f 604/1236/555 610/984/559 605/976/555
f 614/987/561 620/993/564 619/995/564
f 629/1039/591 626/997/567 665/1237/591
f 635/1008/574 629/1000/569 628/1238/569
f 638/1239/549 620/1018/550 613/1010/549
f 683/1240/553 643/1019/552 684/1061/553
f 654/1241/581 659/1031/584 648/1027/581
f 667/1041/592 591/1242/595 671/1047/595
f 648/1243/700 673/1049/597 649/1023/578
f 675/1052/599 568/1244/701 677/1055/600
f 675/1245/702 687/1065/606 692/1072/613
f 696/1081/622 671/1074/615 694/1246/703
f 673/1086/627 703/1247/704 649/1090/630
f 708/1097/552 706/1248/553 705/1092/553
f 600/1132/642 719/1107/635 724/1249/642
f 722/1114/552 718/1250/553 720/1109/553
f 706/1126/639 722/1135/644 720/1251/639
f 683/1208/683 687/1211/685 644/1212/686
f 705/1225/693 619/1218/690 708/1219/690
f 699/1252/705 758/1253/706 703/1254/707
f 698/1255/708 759/1256/709 760/1257/710
f 698/1255/708 757/1258/711 699/1252/705
f 700/1259/712 762/1260/713 701/1261/714
f 703/1254/707 761/1262/715 700/1259/712
f 757/1258/711 694/1246/703 758/1253/706
f 760/1257/710 735/1263/716 697/1145/649
f 760/1257/710 696/1081/622 757/1258/711
f 761/1262/715 695/1077/618 762/1260/713
f 761/1262/715 694/1246/703 693/1073/614
f 498/1264/409 550/915/519 497/1265/409
f 665/1266/581 763/1267/584 764/1268/581
f 562/1269/717 765/1270/718 766/1271/719
f 662/1272/665 765/1273/720 767/1274/665
f 625/1275/583 767/1274/665 768/1276/583
f 625/1275/583 763/1267/584 626/1277/584
f 769/1278/580 771/1279/582 666/1280/580
f 665/1266/581 769/1278/580 666/1280/580
f 294/922/409 508/1281/409 545/914/519
f 509/1282/409 545/914/519 508/1281/409
f 510/1283/409 546/912/519 509/1282/409
f 497/1265/409 549/917/519 510/1283/409
f 559/1284/721 735/1285/722 759/1286/723
f 556/1287/724 733/1288/725 557/1289/726
f 556/1287/724 759/1286/723 734/1290/727
f 735/1285/722 563/1291/728 736/1292/728
f 561/1293/729 733/1288/725 742/1294/730
f 553/1295/731 312/939/284 572/938/529
f 765/1296/718 511/1297/732 766/1298/719
f 772/1299/733 661/1300/734 481/1301/733
f 561/1293/729 749/1302/735 562/1269/717
f 764/1268/581 656/1032/584 654/1241/581
f 767/1274/665 749/1184/666 741/1183/665
f 511/1303/409 560/927/519 766/1304/736
f 768/1276/583 741/1183/665 657/1030/583
f 768/1276/583 656/1032/584 763/1267/584
f 653/1026/580 770/1305/582 769/1278/580
f 764/1268/581 653/1026/580 769/1278/580
f 766/1304/736 560/927/519 562/926/519
f 655/1306/737 652/1307/738 773/1308/739
f 770/1305/582 775/1309/740 771/1279/582
f 655/1029/582 774/1310/740 770/1305/582
f 651/1311/579 702/1312/741 777/1313/741
f 663/1036/588 775/1314/589 664/1315/589
f 771/1316/588 630/1038/590 666/1040/590
f 651/1317/546 778/1318/546 779/1319/546
f 780/1320/742 779/1321/743 778/1322/744
f 651/1323/745 773/1308/739 652/1307/738
f 776/1324/746 773/1325/747 780/1320/742
f 610/1326/574 782/1327/748 605/1328/748
f 782/1329/749 783/1330/750 784/1331/749
f 748/1332/660 785/1333/572 786/1334/660
f 636/1335/751 787/1336/752 788/1337/751
f 609/1338/753 786/1334/660 789/1339/754
f 789/1340/755 783/1330/750 781/1341/750
f 610/1326/574 789/1339/754 781/1342/574
f 627/1343/756 792/1344/757 628/1345/757
f 608/1346/572 527/1347/758 785/1333/572
f 745/1348/759 788/1337/751 793/1349/759
f 794/1350/568 607/1351/570 606/1352/568
f 794/1353/760 784/1331/749 796/1354/760
f 605/1328/748 794/1350/568 606/1352/568
f 783/1355/761 792/1356/762 784/1357/762
f 798/1358/763 793/1359/764 797/1360/764
f 797/1360/764 788/1361/765 790/1362/765
f 790/1362/765 787/1363/761 783/1355/761
f 798/1358/763 534/1364/766 799/1365/763
f 791/1366/767 801/1367/768 796/1368/767
f 784/1357/762 791/1366/767 796/1368/767
f 527/1369/508 798/1370/769 785/1371/769
f 628/1345/757 787/1336/752 635/1372/752
f 372/1373/509 799/1374/770 534/1375/509
f 786/1376/771 798/1370/769 797/1377/771
f 795/1378/772 796/1354/760 801/1379/772
f 745/1348/759 799/1374/770 633/1380/770
f 632/1381/773 791/1382/756 627/1343/756
f 789/1340/755 797/1377/771 790/1383/755
f 803/1384/774 805/1385/775 802/1386/775
f 807/1387/775 809/1388/775 806/1389/775
f 804/1390/775 806/1389/775 805/1385/775
f 808/1391/775 811/1392/776 809/1388/775
f 802/1386/775 813/1393/774 803/1384/774
f 814/1394/774 804/1390/775 803/1384/774
f 816/1395/774 808/1391/775 807/1387/775
f 815/1396/774 807/1387/775 804/1390/775
f 819/1397/774 813/1393/774 818/1398/774
f 817/1399/775 810/1400/776 808/1391/775
f 820/1401/774 803/1384/774 813/1393/774
f 822/1402/777 824/1403/778 825/1404/779
f 826/1405/780 828/1406/781 829/1407/782
f 831/1408/783 832/1409/784 830/1410/785
f 827/1411/786 833/1412/787 828/1406/781
f 834/1413/788 576/943/533 575/1414/533
f 836/1415/789 835/1416/788 834/1413/788
f 838/1417/790 840/1418/791 841/1419/792
f 823/1420/793 842/1421/794 833/1412/787
f 841/1419/792 843/1422/795 844/1423/796
f 845/1424/797 589/1425/542 846/1426/797
f 846/1426/797 848/1427/798 845/1424/797
f 850/1428/799 852/1429/799 849/1430/799
f 598/961/546 854/1431/800 595/962/546
f 846/1432/801 576/963/547 835/1433/801
f 847/1434/802 835/1433/801 837/1435/802
f 839/1436/803 837/1435/802 829/1437/803
f 856/1438/804 858/1439/805 855/1440/804
f 853/1441/800 860/1442/806 854/1431/800
f 861/1443/807 859/1444/808 853/1445/807
f 598/979/556 861/1443/807 853/1445/807
f 863/1446/809 851/1447/810 850/1448/809
f 865/1449/811 857/1450/812 856/1451/811
f 868/1452/813 870/1453/814 867/1454/814
f 870/1453/814 615/989/562 867/1454/814
f 872/1455/815 874/1456/815 871/1457/815
f 876/1458/816 878/1459/817 875/1460/817
f 880/1461/818 882/1462/819 879/1463/818
f 883/1464/820 885/1465/821 886/1466/822
f 632/1002/570 884/1467/820 883/1464/820
f 888/1468/823 890/1469/824 887/1470/823
f 891/1471/825 882/1472/826 892/1473/826
f 869/1474/802 894/1475/801 870/1476/801
f 894/1475/801 616/1012/547 870/1476/801
f 873/1477/827 896/1478/827 874/1479/827
f 877/1480/828 898/1481/803 878/1482/803
f 899/1483/804 901/1484/805 902/1485/804
f 903/1486/829 905/1487/830 906/1488/830
f 907/1489/831 904/1490/829 903/1486/829
f 909/1491/832 906/1492/833 910/1493/833
f 911/1494/834 903/1495/832 909/1491/832
f 913/1496/835 915/1497/836 912/1498/835
f 917/1499/837 888/1500/838 916/1501/839
f 631/1037/589 919/1502/840 884/1503/841
f 920/1504/841 885/1505/842 884/1503/841
f 922/1506/843 841/1507/844 923/1508/845
f 670/1045/547 845/1509/801 924/1510/801
f 845/1509/801 925/1511/846 924/1510/801
f 926/1512/847 914/1513/848 913/1514/849
f 929/1515/850 834/1516/801 928/1517/801
f 834/1516/801 676/1054/547 928/1517/801
f 930/1518/851 827/1519/852 826/1520/853
f 933/1521/800 680/1058/546 932/1522/800
f 934/1523/806 933/1521/800 932/1522/800
f 936/1524/854 938/1525/855 939/1526/856
f 940/1527/857 931/1528/858 930/1529/857
f 823/1530/859 942/1531/860 824/1403/778
f 943/1532/861 676/1070/611 691/1533/611
f 944/1534/862 928/1535/863 943/1532/861
f 945/1536/864 925/1537/865 946/1538/866
f 945/1536/864 670/1076/617 924/1539/867
f 821/1540/868 844/1541/869 810/1542/870
f 831/1408/783 810/1542/870 844/1541/869
f 947/1543/871 923/1544/872 948/1545/873
f 949/1546/874 927/1547/875 926/1548/876
f 702/1089/629 951/1549/877 904/1550/877
f 951/1549/877 905/1551/878 904/1550/877
f 954/1552/800 956/1553/806 953/1554/800
f 958/1555/804 960/1556/805 957/1557/804
f 712/1100/633 961/1558/879 954/1559/879
f 712/1101/546 953/1554/800 715/1102/546
f 962/1560/799 964/1561/799 965/1562/799
f 966/1563/880 860/1564/881 855/1565/880
f 968/1566/800 969/1567/806 961/1568/800
f 966/1569/804 972/1570/805 970/1571/804
f 725/1115/546 961/1568/800 714/1116/546
f 974/1572/799 976/1573/799 973/1574/799
f 968/1575/882 595/1576/637 854/1577/882
f 973/1578/883 964/1579/884 963/1580/883
f 954/1559/879 969/1581/885 955/1582/885
f 974/1583/886 978/1584/887 849/1585/886
f 967/1586/881 854/1577/882 860/1564/881
f 977/1587/887 858/1588/888 978/1584/887
f 970/1589/889 959/1590/890 958/1591/889
f 959/1590/890 979/1592/891 980/1593/891
f 971/1594/805 979/1595/892 972/1570/805
f 959/1596/805 981/1597/892 960/1556/805
f 927/1547/875 982/1598/893 983/1599/893
f 948/1545/873 984/1600/894 985/1601/895
f 941/1602/896 987/1603/897 931/1528/858
f 988/1604/898 901/1484/805 900/1605/805
f 931/1606/899 942/1531/860 827/1519/852
f 923/1508/845 821/1540/868 984/1607/900
f 881/1608/819 916/1501/839 882/1462/819
f 915/1497/836 990/1609/901 991/1610/902
f 914/1513/848 983/1611/903 990/1612/904
f 992/1613/905 897/1614/828 877/1480/828
f 892/1473/826 916/1615/906 994/1616/906
f 995/1617/907 813/1393/774 812/1618/907
f 996/1619/908 877/1620/816 876/1458/816
f 866/1621/812 998/1622/909 857/1450/812
f 843/1623/910 828/1624/828 833/1625/910
f 857/1626/805 978/1627/892 858/1439/805
f 852/1628/911 974/1583/886 849/1585/886
f 980/1593/891 973/1578/883 963/1580/883
f 977/1629/892 973/1574/799 979/1595/892
f 980/1630/892 962/1560/799 981/1597/892
f 874/1479/827 993/1631/905 992/1613/905
f 916/1615/906 887/1470/823 994/1616/906
f 996/1619/908 874/1456/815 992/1632/908
f 998/1622/909 863/1446/809 850/1448/809
f 998/1633/892 849/1430/799 978/1627/892
f 918/1634/912 889/1635/913 888/1500/838
f 991/1610/902 990/1609/901 1000/1636/914
f 1001/1637/915 825/1638/916 824/1639/917
f 1003/1640/918 824/1639/917 942/1641/919
f 832/1409/784 825/1404/779 1004/1642/920
f 986/1643/921 942/1644/921 987/1645/921
f 988/1646/898 1006/1647/892 1007/1648/922
f 989/1649/921 1003/1650/921 986/1643/921
f 988/1651/923 1001/1637/915 1003/1640/918
f 939/1652/924 1002/1653/925 936/1654/926
f 901/1655/927 986/1656/928 941/1657/929
f 933/1658/930 944/1659/931 943/1660/932
f 943/1660/932 681/1661/684 933/1658/930
f 901/1655/927 940/1662/933 902/1663/934
f 981/1664/935 871/1665/936 996/1666/935
f 981/1664/935 876/1667/937 960/1668/937
f 960/1668/937 875/1669/938 957/1670/938
f 965/1671/939 871/1665/936 962/1672/936
f 953/1673/940 615/1674/691 715/1221/691
f 956/1675/941 867/1676/940 953/1673/940
f 842/1677/942 831/1678/942 1009/1679/943
f 842/1680/944 843/1623/910 833/1625/910
f 1009/1681/945 844/1423/796 843/1422/795
f 836/1415/789 829/1407/782 837/1682/946
f 848/1427/798 839/1683/947 838/1417/790
f 840/1684/828 829/1437/803 828/1624/828
f 859/1685/806 855/1440/804 860/1442/806
f 859/1444/808 865/1449/811 856/1451/811
f 868/1452/813 878/1459/817 869/1686/813
f 885/1505/842 880/1461/818 879/1463/818
f 885/1465/821 891/1471/825 886/1466/822
f 878/1482/803 893/1687/802 869/1474/802
f 899/1483/804 935/1688/806 934/1523/806
f 910/1493/833 913/1496/835 912/1498/835
f 848/1689/846 922/1506/843 925/1511/846
f 906/1488/830 926/1512/847 913/1514/849
f 930/1518/851 836/1690/850 929/1515/850
f 940/1527/857 929/1691/948 944/1534/862
f 925/1537/865 947/1543/871 946/1538/866
f 952/1692/878 926/1548/876 905/1551/878
f 955/1693/806 957/1557/804 956/1553/806
f 858/1588/888 966/1563/880 855/1565/880
f 967/1694/806 970/1571/804 969/1567/806
f 955/1582/885 970/1589/889 958/1591/889
f 935/1695/949 940/1662/933 944/1659/931
f 956/1675/941 875/1669/938 868/1696/941
f 1010/1697/950 949/1698/951 952/1699/952
f 950/1700/953 1013/1701/954 982/1702/955
f 1011/1703/956 950/1700/953 949/1698/951
f 951/1704/957 762/1260/713 1014/1705/958
f 1014/1705/958 952/1699/952 951/1704/957
f 946/1538/866 1011/1703/956 1010/1697/950
f 1012/1706/959 985/1601/895 1013/1701/954
f 947/1543/871 1012/1706/959 1011/1703/956
f 1014/1705/958 695/1077/618 945/1536/864
f 1014/1705/958 946/1538/866 1010/1697/950
f 809/1388/775 1016/1707/907 1015/1708/907
f 921/1709/960 1018/1710/835 880/1711/835
f 819/1712/961 1020/1713/962 1000/1714/963
f 917/1715/964 1020/1716/965 918/1717/966
f 881/1718/967 1021/1719/964 917/1715/964
f 1018/1710/835 881/1718/967 880/1711/835
f 1023/1720/834 1025/1721/832 920/1722/832
f 1025/1721/832 921/1709/960 920/1722/832
f 812/1618/907 802/1386/775 1026/1723/907
f 802/1386/775 1027/1724/907 1026/1723/907
f 805/1385/775 1028/1725/907 1027/1724/907
f 806/1389/775 1015/1708/907 1028/1725/907
f 816/1726/968 985/1727/969 817/1728/970
f 983/1729/971 815/1730/972 814/1731/973
f 815/1730/972 1013/1732/974 816/1726/968
f 985/1727/969 821/1733/975 817/1728/970
f 820/1734/976 983/1729/971 814/1731/973
f 831/1408/783 1016/1735/977 811/1736/978
f 1029/1737/979 1020/1738/962 1019/1739/980
f 918/1717/966 1030/1740/981 999/1741/981
f 820/1734/976 1000/1714/963 990/1742/982
f 1017/1743/960 912/1498/835 1018/1710/835
f 1021/1719/964 1000/1636/914 1020/1716/965
f 1029/1744/907 818/1398/774 995/1617/907
f 1022/1745/836 991/1610/902 1021/1719/964
f 912/1498/835 1022/1745/836 1018/1710/835
f 1024/1746/834 909/1491/832 1025/1721/832
f 1025/1721/832 910/1493/833 1017/1743/960
f 1019/1747/774 819/1397/774 818/1398/774
f 911/1748/983 1031/1749/984 907/1750/985
f 775/1309/740 1024/1746/834 1023/1720/834
f 774/1310/740 911/1494/834 1024/1746/834
f 908/1751/831 702/1312/741 904/1490/829
f 775/1314/589 919/1502/840 664/1315/589
f 1023/1752/840 884/1503/841 919/1502/840
f 908/1753/546 778/1318/546 777/1754/546
f 780/1320/742 1032/1755/986 1031/1756/987
f 1031/1749/984 908/1757/988 907/1750/985
f 776/1324/746 1031/1756/987 911/1758/989
f 1033/1759/990 865/1760/825 862/1761/990
f 1033/1762/991 1036/1763/992 1034/1764/992
f 1037/1765/993 863/1766/994 997/1767/993
f 892/1768/995 1040/1769/996 891/1770/996
f 1041/1771/997 997/1767/993 866/1772/997
f 1036/1763/992 1041/1773/998 1034/1764/992
f 865/1760/825 1041/1771/997 866/1772/997
f 886/1774/999 1044/1775/1000 883/1776/1000
f 863/1766/994 1045/1777/994 864/1778/994
f 1046/1779/1001 892/1768/995 994/1780/1001
f 861/1781/820 795/1782/570 1047/1783/820
f 1047/1784/1002 1035/1785/991 1033/1762/991
f 1047/1783/820 862/1761/990 861/1781/820
f 1043/1786/1003 1036/1787/1004 1035/1788/1003
f 1046/1789/1005 1051/1790/1006 1049/1791/1005
f 1042/1792/1007 1046/1789/1005 1049/1791/1005
f 1036/1787/1004 1039/1793/1007 1042/1792/1007
f 1051/1790/1006 1052/1794/1006 1053/1795/1006
f 1048/1796/1008 800/1797/768 1044/1798/1008
f 1044/1798/1008 1035/1788/1003 1048/1796/1008
f 1051/1799/1009 1045/1800/1010 1038/1801/1009
f 1040/1769/996 886/1774/999 891/1770/996
f 890/1802/1011 1050/1803/1012 887/1804/1012
f 1037/1805/1013 1051/1799/1009 1038/1801/1009
f 795/1378/772 1048/1806/1002 1047/1784/1002
f 1050/1803/1012 994/1780/1001 887/1804/1012
f 883/1776/1000 800/1807/773 632/1381/773
f 1042/1808/998 1037/1805/1013 1041/1773/998
f 1055/1809/804 934/1523/806 1054/1810/806
f 1005/1811/898 900/1605/805 1056/1812/805
f 1054/1810/806 932/1522/800 1057/1813/800
f 932/1522/800 1058/1814/546 1057/1813/800
f 1055/1809/804 900/1605/805 899/1483/804
f 684/1061/553 1060/1815/552 1059/1816/553
f 646/1021/551 755/1817/652 1061/1818/551
f 679/1060/545 1059/1816/553 1062/1819/545
f 1058/1814/546 679/1060/545 1062/1819/545
f 1060/1815/552 646/1021/551 1061/1818/551
f 1007/1820/1014 1002/1653/925 1001/1637/915
f 1007/1648/922 937/1821/854 936/1524/854
f 753/1200/676 751/1187/669 685/1202/677
f 753/1822/1015 686/1064/605 754/1195/674
f 751/1187/669 486/1823/518 490/1824/1016
f 1002/1653/925 1004/1825/1017 825/1638/916
f 1064/1826/1018 1066/1827/1018 1063/1828/1018
f 1068/1829/1018 1070/1830/1018 1067/1831/1018
f 1067/1831/1018 1065/1832/1018 1064/1826/1018
f 1071/1833/1019 1069/1834/1019 1068/1829/1018
f 1063/1828/1018 1073/1835/1018 812/1836/907
f 1065/1832/1018 1075/1837/1018 1066/1827/1018
f 1069/1834/1019 1077/1838/1018 1070/1830/1018
f 1070/1830/1018 1074/1839/1018 1065/1832/1018
f 1073/1835/1018 1080/1840/1018 1078/1841/1018
f 1072/1842/1020 1076/1843/1018 1069/1834/1019
f 1066/1827/1018 1079/1844/1018 1073/1835/1018
f 1082/1845/1021 1084/1846/1022 1085/1847/1023
f 1086/1848/1024 1088/1849/1025 1089/1850/1026
f 832/1851/784 1090/1852/1027 830/1853/785
f 1089/1850/1026 1091/1854/1028 1085/1855/1029
f 1092/1856/1030 1094/1857/1031 1095/1858/1030
f 1092/1856/1030 1096/1859/1032 1097/1860/1033
f 1098/1861/1034 1100/1862/1035 1101/1863/1036
f 1085/1855/1029 1102/1864/1037 1082/1865/1037
f 1099/1866/1038 1104/1867/1039 1100/1862/1035
f 1106/1868/1040 1108/1869/1041 1105/1870/1040
f 1105/1870/1040 1110/1871/1042 1106/1868/1040
f 852/1872/1043 1112/1873/1043 1111/1874/1043
f 1114/1875/1044 1116/1876/1045 1113/1877/1045
f 1094/1878/1046 1106/1879/1047 1095/1880/1047
f 1095/1880/1047 1110/1881/1048 1096/1882/1048
f 1096/1882/1048 1101/1883/1049 1087/1884/1049
f 1118/1885/1050 1120/1886/1051 1117/1887/1051
f 1121/1888/1052 1115/1889/1044 1114/1875/1044
f 1122/1890/1053 1124/1891/1054 1115/1892/1054
f 1124/1891/1054 1116/1893/1055 1115/1892/1054
f 851/1894/810 1126/1895/1056 1112/1896/1056
f 1119/1897/1057 1128/1898/1058 1120/1899/1058
f 1130/1900/1059 1132/1901/1060 1129/1902/1059
f 1133/1903/1061 1130/1900/1059 1129/1902/1059
f 1136/1904/1062 872/1905/1062 1135/1906/1062
f 1138/1907/1063 1140/1908/1064 1137/1909/1063
f 1142/1910/1065 1144/1911/1066 1141/1912/1066
f 1146/1913/1067 1148/1914/1068 1145/1915/1068
f 1145/1915/1068 1149/1916/1069 1150/1917/1069
f 1151/1918/1070 889/1919/1071 1152/1920/1070
f 1153/1921/1072 1142/1922/1073 1141/1923/1072
f 1155/1924/1047 1131/1925/1048 1130/1926/1047
f 1134/1927/1046 1155/1924/1047 1130/1926/1047
f 1158/1928/1074 873/1929/1074 1136/1930/1074
f 1159/1931/1049 1139/1932/1075 1138/1933/1049
f 1161/1934/1051 1163/1935/1050 1164/1936/1050
f 1165/1937/1076 1167/1938/1077 1168/1939/1076
f 1168/1939/1076 1170/1940/1078 1165/1937/1076
f 1172/1941/1079 1165/1942/1080 1171/1943/1080
f 1165/1942/1080 1173/1944/1081 1171/1943/1080
f 1175/1945/1082 1177/1946/1083 1174/1947/1083
f 1152/1948/1084 1180/1949/1085 1178/1950/1086
f 1181/1951/1087 1149/1952/1088 1148/1953/1089
f 1147/1954/1090 1184/1955/1089 1148/1953/1089
f 1185/1956/1091 1099/1957/1092 1098/1958/1093
f 1105/1959/1047 1188/1960/1046 1187/1961/1047
f 1189/1962/1094 1105/1959/1047 1187/1961/1047
f 1176/1963/1095 1191/1964/1096 1177/1965/1097
f 1092/1966/1047 1193/1967/1098 1192/1968/1047
f 1194/1969/1046 1092/1966/1047 1192/1968/1047
f 1195/1970/1099 1089/1971/1100 1196/1972/1101
f 1198/1973/1045 1200/1974/1044 1197/1975/1044
f 1200/1974/1044 1202/1976/1052 1197/1975/1044
f 1203/1977/1102 938/1978/1103 1204/1979/1102
f 1205/1980/1104 1196/1981/1105 1206/1982/1106
f 1085/1847/1023 1207/1983/1107 1089/1971/1100
f 1208/1984/1108 1194/1985/1109 1192/1986/1110
f 1192/1986/1110 1210/1987/1111 1208/1984/1108
f 1211/1988/1112 1189/1989/1113 1187/1990/1114
f 1211/1988/1112 1188/1991/1115 1213/1992/1116
f 1081/1993/1117 1103/1994/1118 1099/1957/1092
f 1072/1995/1119 1090/1852/1027 1103/1994/1118
f 1214/1996/1120 1186/1997/1121 1185/1998/1122
f 1190/1999/1123 1217/2000/1124 1191/2001/1125
f 1218/2002/1126 1220/2003/1127 1168/2004/1126
f 1167/2005/1128 1218/2002/1126 1168/2004/1126
f 1223/2006/1052 1225/2007/1044 1222/2008/1044
f 1227/2009/1050 1229/2010/1051 1226/2011/1051
f 1225/2012/1129 1232/2013/1130 1230/2014/1130
f 1222/2008/1044 1230/2015/1045 1233/2016/1045
f 1234/2017/1043 964/2018/1043 1235/2019/1043
f 1121/2020/1131 1237/2021/1132 1117/2022/1132
f 1238/2023/1052 1239/2024/1044 1231/2025/1044
f 1241/2026/1050 1237/2027/1051 1240/2028/1051
f 1231/2025/1044 1243/2029/1045 1232/2030/1045
f 976/2031/1043 1245/2032/1043 1244/2033/1043
f 1114/2034/1133 1243/2035/1134 1239/2036/1133
f 964/2037/884 1244/2038/1135 1235/2039/1135
f 1224/2040/1136 1231/2041/1129 1225/2012/1129
f 1246/2042/1137 1245/2043/1138 1111/2044/1138
f 1121/2020/1131 1239/2036/1133 1236/2045/1131
f 1246/2042/1137 1242/2046/1139 1247/2047/1137
f 1228/2048/1140 1240/2049/1141 1229/2050/1141
f 1248/2051/1142 1241/2052/1140 1228/2048/1140
f 1249/2053/1143 1242/2054/1050 1241/2026/1050
f 1250/2055/1143 1228/2056/1050 1227/2009/1050
f 1190/1999/1123 1252/2057/1144 1216/2058/1145
f 1215/2059/1146 1254/2060/1147 1186/1997/1121
f 1206/1982/1106 1255/2061/1148 1256/2062/1149
f 1163/1935/1050 1258/2063/1150 1164/1936/1050
f 1196/1972/1101 1207/1983/1107 1255/2064/1151
f 1186/2065/1152 1081/1993/1117 1099/1957/1092
f 1178/1950/1086 1143/2066/1065 1142/1910/1065
f 1175/1945/1082 1260/2067/1153 1176/2068/1082
f 1176/1963/1095 1251/2069/1154 1190/2070/1155
f 1160/2071/1075 1262/2072/1156 1139/1932/1075
f 1154/2073/1073 1178/2074/1157 1142/1922/1073
f 995/2075/907 1073/1835/1018 1078/1841/1018
f 1139/2076/1064 1264/2077/1158 1140/1908/1064
f 1265/2078/1159 1127/2079/1057 1119/1897/1057
f 1088/2080/1075 1104/2081/1160 1091/2082/1160
f 1246/2083/1143 1119/2084/1050 1118/1885/1050
f 852/2085/911 1245/2043/1138 975/2086/911
f 1248/2051/1142 1244/2038/1135 1249/2087/1142
f 1244/2033/1043 1247/2088/1143 1249/2053/1143
f 1234/2017/1043 1248/2089/1143 1250/2055/1143
f 1261/2090/1156 1136/1930/1074 1262/2072/1156
f 1151/1918/1070 1178/2074/1157 1263/2091/1157
f 1264/2077/1158 1136/1904/1062 1135/1906/1062
f 1265/2078/1159 1126/1895/1056 1266/2092/1159
f 1111/1874/1043 1265/2093/1143 1246/2083/1143
f 1179/2094/1084 889/2095/1161 999/2096/1161
f 1259/2097/1162 1267/2098/1163 1260/2067/1153
f 1268/2099/1164 1083/2100/1165 1269/2101/1166
f 1270/2102/1167 1084/2103/1168 1268/2099/1164
f 832/1851/784 1083/2104/1169 1082/1845/1021
f 1256/2105/1170 1207/2106/1170 1270/2107/1170
f 1258/2108/1150 1272/2109/1143 1273/2110/1150
f 1257/2111/1170 1270/2107/1170 1258/2112/1170
f 1258/2113/1171 1268/2099/1164 1271/2114/1172
f 1269/2101/1166 939/2115/924 1203/2116/1173
f 1163/2117/1174 1256/2118/1175 1257/2119/1176
f 1200/2120/1177 1210/2121/1178 1201/2122/1179
f 1199/2123/1180 1208/2124/1181 1200/2120/1177
f 1205/2125/1182 1163/2117/1174 1162/2126/1183
f 1250/2127/1184 1135/2128/1185 1234/2129/1185
f 1227/2130/1186 1264/2131/1184 1250/2127/1184
f 1137/2132/1187 1227/2130/1186 1226/2133/1187
f 1135/2128/1185 965/2134/939 1234/2129/1185
f 1222/2135/1188 1133/2136/1189 1129/2137/1188
f 1129/2137/1188 1223/2138/1190 1222/2135/1188
f 1090/2139/1191 1102/2140/1191 1274/2141/1192
f 1104/2081/1160 1102/2142/1193 1091/2082/1160
f 1103/2143/1194 1274/2144/1195 1104/1867/1039
f 1097/1860/1033 1087/2145/1196 1086/1848/1024
f 1109/2146/1197 1101/1863/1036 1110/1871/1042
f 1087/1884/1049 1100/2147/1075 1088/2080/1075
f 1117/1887/1051 1122/2148/1052 1121/1888/1052
f 1122/1890/1053 1128/1898/1058 1123/2149/1053
f 1132/1901/1060 1138/1907/1063 1137/1909/1063
f 1147/1954/1090 1144/1911/1066 1183/2150/1090
f 1153/1921/1072 1147/2151/1067 1146/1913/1067
f 1156/2152/1048 1138/1933/1049 1131/1925/1048
f 1201/2153/1052 1161/1934/1051 1202/1976/1052
f 1172/1941/1079 1177/1946/1083 1166/2154/1079
f 1185/1956/1091 1109/2155/1094 1189/1962/1094
f 1166/2156/1077 1191/1964/1096 1167/1938/1077
f 1097/2157/1098 1195/1970/1099 1193/1967/1098
f 1193/2158/1198 1205/1980/1104 1210/1987/1111
f 1214/1996/1120 1189/1989/1113 1212/2159/1199
f 1191/2001/1125 1221/2160/1200 1167/2005/1128
f 1226/2011/1051 1224/2161/1052 1223/2006/1052
f 1118/2162/1139 1237/2021/1132 1242/2046/1139
f 1240/2028/1051 1236/2163/1052 1238/2023/1052
f 1224/2040/1136 1240/2049/1141 1238/2164/1136
f 1201/2122/1179 1205/2125/1182 1162/2126/1183
f 1223/2138/1190 1137/2132/1187 1226/2133/1187
f 1217/2165/1201 1276/2166/1202 1221/2167/1203
f 1216/2168/1204 1277/2169/1205 1278/2170/1206
f 1216/2168/1204 1275/2171/1207 1217/2165/1201
f 1218/2172/1208 1280/2173/1209 1219/2174/1210
f 1221/2167/1203 1279/2175/1211 1218/2172/1208
f 1275/2171/1207 1212/2159/1199 1276/2166/1202
f 1278/2170/1206 1253/2176/1212 1215/2059/1146
f 1278/2170/1206 1214/1996/1120 1275/2171/1207
f 1279/2175/1211 1213/1992/1116 1280/2173/1209
f 1279/2175/1211 1212/2159/1199 1211/1988/1112
f 1016/2177/907 1068/1829/1018 1015/2178/907
f 1183/2179/1079 1281/2180/1083 1282/2181/1079
f 1080/2182/1213 1283/2183/1214 1284/2184/1215
f 1180/2185/1162 1283/2186/1216 1285/2187/1217
f 1143/2188/1082 1285/2187/1217 1286/2189/1082
f 1143/2188/1082 1281/2180/1083 1144/2190/1083
f 1287/2191/1080 1289/2192/1081 1184/2193/1080
f 1183/2179/1079 1287/2191/1080 1184/2193/1080
f 812/1836/907 1026/2194/907 1063/1828/1018
f 1027/2195/907 1063/1828/1018 1026/2194/907
f 1028/2196/907 1064/1826/1018 1027/2195/907
f 1015/2178/907 1067/1831/1018 1028/2196/907
f 1077/2197/1218 1253/2198/1219 1277/2199/1220
f 1074/2200/1221 1251/2201/1222 1075/2202/1223
f 1074/2200/1221 1277/2199/1220 1252/2203/1224
f 1253/2198/1219 1081/2204/1225 1254/2205/1226
f 1079/2206/1227 1251/2201/1222 1260/2207/1228
f 1090/1852/1027 1016/2208/977 830/1853/785
f 1283/2209/1214 1029/2210/1229 1284/2211/1215
f 1290/2212/1230 1179/2213/1231 999/2214/1230
f 1079/2206/1227 1267/2215/1232 1080/2182/1213
f 1282/2181/1079 1174/1947/1083 1172/1941/1079
f 1285/2187/1217 1267/2098/1163 1259/2097/1162
f 1029/2216/907 1078/1841/1018 1284/2217/1233
f 1286/2189/1082 1259/2097/1162 1175/1945/1082
f 1286/2189/1082 1174/1947/1083 1281/2180/1083
f 1171/1943/1080 1288/2218/1081 1287/2191/1080
f 1282/2181/1079 1171/1943/1080 1287/2191/1080
f 1284/2217/1233 1078/1841/1018 1080/1840/1018
f 1173/2219/1234 1170/2220/1235 1291/2221/1236
f 1288/2218/1081 1293/2222/1237 1289/2192/1081
f 1173/1944/1081 1292/2223/1237 1288/2218/1081
f 1169/2224/1078 1220/2225/1238 1295/2226/1238
f 1181/1951/1087 1293/2227/1088 1182/2228/1088
f 1289/2229/1087 1148/1953/1089 1184/1955/1089
f 1169/2230/1239 1296/2231/1045 1297/2232/1045
f 1298/2233/1240 1297/2234/1241 1296/2235/1242
f 1169/2236/1243 1291/2221/1236 1170/2220/1235
f 1294/2237/1244 1291/2238/1245 1298/2233/1240
f 1128/2239/1246 1300/2240/1247 1123/2241/1247
f 1300/2242/1248 1301/2243/1249 1302/2244/1248
f 1266/2245/1157 1303/2246/1070 1304/2247/1157
f 1154/2248/1250 1305/2249/1251 1306/2250/1250
f 1127/2251/1073 1304/2247/1157 1307/2252/1073
f 1307/2253/1252 1301/2243/1249 1299/2254/1249
f 1127/2251/1073 1299/2255/1246 1128/2239/1246
f 1145/2256/1253 1310/2257/1254 1146/2258/1254
f 864/2259/1070 1303/2246/1070 1126/2260/1070
f 1263/2261/1255 1306/2250/1250 1311/2262/1255
f 1312/2263/1068 1125/2264/1069 1124/2265/1068
f 1312/2266/1256 1302/2244/1248 1314/2267/1256
f 1123/2241/1247 1312/2263/1068 1124/2265/1068
f 1301/2268/1257 1310/2269/1258 1302/2270/1258
f 1316/2271/1259 1311/2272/1260 1315/2273/1260
f 1315/2273/1260 1306/2274/1261 1308/2275/1261
f 1308/2275/1261 1305/2276/1257 1301/2268/1257
f 1053/2277/1259 1317/2278/1259 1316/2271/1259
f 1309/2279/1262 1319/2280/1263 1314/2281/1262
f 1314/2281/1262 1310/2269/1258 1309/2279/1262
f 1045/2282/1010 1316/2283/1264 1303/2284/1264
f 1146/2258/1254 1305/2249/1251 1153/2285/1251
f 890/2286/1011 1317/2287/1265 1052/2288/1011
f 1304/2289/1266 1316/2283/1264 1315/2290/1266
f 1312/2266/1256 1319/2291/1267 1313/2292/1267
f 1263/2261/1255 1317/2287/1265 1151/2293/1265
f 1150/2294/1268 1309/2295/1253 1145/2256/1253
f 1304/2289/1266 1308/2296/1252 1307/2253/1252
f 1321/2297/1269 1323/2298/1269 1320/2299/1269
f 1325/2300/1269 1327/2301/1269 1324/2302/1269
f 1322/2303/1269 1324/2302/1269 1323/2298/1269
f 1326/2304/1269 1329/2305/1270 1327/2301/1269
f 1320/2299/1269 1331/2306/1269 1321/2297/1269
f 1332/2307/1271 1322/2303/1269 1321/2297/1269
f 1334/2308/1271 1326/2304/1269 1325/2300/1269
f 1333/2309/1271 1325/2300/1269 1322/2303/1269
f 1337/2310/1271 1331/2306/1269 1336/2311/1269
f 1335/2312/1271 1328/2313/1272 1326/2304/1269
f 1338/2314/1271 1321/2297/1269 1331/2306/1269
f 1340/2315/1273 1342/2316/1274 1343/2317/1275
f 1344/2318/1276 1346/2319/1277 1347/2320/1278
f 1349/2321/1279 1350/2322/1280 1348/2323/1281
f 1345/2324/1282 1351/2325/1283 1346/2319/1277
f 1353/2326/1284 1093/2327/1031 1352/2328/1284
f 1354/2329/1285 1353/2326/1284 1352/2328/1284
f 1356/2330/1286 1358/2331/1287 1359/2332/1288
f 1341/2333/1289 1360/2334/1290 1351/2325/1283
f 1359/2332/1288 1361/2335/1291 1362/2336/1292
f 1108/1869/1041 1364/2337/1293 1363/2338/1293
f 1363/2338/1293 1365/2339/1294 1366/2340/1295
f 1368/2341/1296 1370/2342/1296 1367/2343/1296
f 1116/1876/1045 1372/2344/1297 1113/1877/1045
f 1364/2345/1298 1094/1878/1046 1353/2346/1298
f 1365/2347/1299 1353/2346/1298 1355/2348/1299
f 1357/2349/1300 1355/2348/1299 1347/2350/1300
f 1374/2351/1301 1376/2352/1302 1373/2353/1301
f 1371/2354/1297 1378/2355/1303 1372/2344/1297
f 1379/2356/1304 1377/2357/1305 1371/2358/1304
f 1116/1893/1055 1379/2356/1304 1371/2358/1304
f 1381/2359/1306 1369/2360/1307 1368/2361/1306
f 1383/2362/1308 1375/2363/1309 1374/2364/1308
f 1385/2365/1310 1387/2366/1311 1388/2367/1310
f 1388/2367/1310 1133/1903/1061 1385/2365/1310
f 1390/2368/1312 1392/2369/1312 1389/2370/1312
f 1394/2371/1313 1396/2372/1314 1393/2373/1314
f 1398/2374/1315 1400/2375/1316 1397/2376/1315
f 1402/2377/1317 1404/2378/1318 1401/2379/1317
f 1150/1917/1069 1402/2377/1317 1401/2379/1317
f 1405/2380/1319 1407/2381/1319 1408/2382/1319
f 1409/2383/1320 1400/2384/1321 1410/2385/1321
f 1387/2386/1299 1412/2387/1298 1388/2388/1298
f 1412/2387/1298 1134/1927/1046 1388/2388/1298
f 1391/2389/1322 1414/2390/1322 1392/2391/1322
f 1395/2392/1323 1416/2393/1300 1396/2394/1300
f 1417/2395/1301 1419/2396/1302 1420/2397/1301
f 1421/2398/1324 1423/2399/1325 1424/2400/1325
f 1425/2401/1326 1422/2402/1324 1421/2398/1324
f 1421/2403/1327 1428/2404/1328 1427/2405/1327
f 1429/2406/1329 1421/2403/1327 1427/2405/1327
f 1431/2407/1330 1433/2408/1331 1430/2409/1330
f 1435/2410/1332 1406/2411/1333 1434/2412/1334
f 1149/1952/1088 1437/2413/1335 1402/2414/1336
f 1402/2414/1336 1439/2415/1337 1403/2416/1337
f 1440/2417/1338 1359/2418/1339 1441/2419/1340
f 1188/1960/1046 1363/2420/1298 1442/2421/1298
f 1363/2420/1298 1443/2422/1341 1442/2421/1298
f 1444/2423/1342 1432/2424/1343 1431/2425/1344
f 1447/2426/1345 1352/2427/1298 1446/2428/1298
f 1352/2427/1298 1194/1969/1046 1446/2428/1298
f 1448/2429/1346 1345/2430/1347 1344/2431/1348
f 1451/2432/1297 1198/1973/1045 1450/2433/1297
f 1452/2434/1303 1451/2432/1297 1450/2433/1297
f 1454/2435/1349 1456/2436/1350 1457/2437/1351
f 1458/2438/1352 1449/2439/1353 1448/2440/1354
f 1341/2441/1355 1460/2442/1356 1342/2316/1274
f 1446/2443/1357 1209/2444/1109 1461/2445/1358
f 1462/2446/1359 1446/2443/1357 1461/2445/1358
f 1463/2447/1360 1443/2448/1361 1464/2449/1362
f 1463/2447/1360 1188/1991/1115 1442/2450/1363
f 1339/2451/1364 1362/2452/1365 1328/2453/1366
f 1349/2321/1279 1328/2453/1366 1362/2452/1365
f 1465/2454/1367 1441/2455/1368 1466/2456/1369
f 1467/2457/1370 1445/2458/1371 1444/2459/1372
f 1220/2003/1127 1469/2460/1373 1422/2461/1373
f 1422/2461/1373 1470/2462/1374 1423/2463/1375
f 1472/2464/1297 1474/2465/1303 1471/2466/1297
f 1476/2467/1301 1478/2468/1302 1475/2469/1301
f 1230/2014/1130 1479/2470/1376 1472/2471/1376
f 1230/2015/1045 1471/2466/1297 1233/2016/1045
f 1480/2472/1296 1482/2473/1296 1483/2474/1296
f 1484/2475/1377 1378/2476/1378 1373/2477/1377
f 1486/2478/1297 1487/2479/1303 1479/2480/1297
f 1484/2481/1301 1490/2482/1302 1488/2483/1301
f 1243/2029/1045 1479/2480/1297 1232/2030/1045
f 1492/2484/1296 1494/2485/1379 1491/2486/1296
f 1486/2487/1380 1113/2488/1134 1372/2489/1380
f 1491/2490/1381 1482/2491/1382 1481/2492/1381
f 1479/2470/1376 1473/2493/1383 1472/2471/1376
f 1492/2494/1384 1496/2495/1385 1367/2496/1384
f 1378/2476/1378 1486/2487/1380 1372/2489/1380
f 1496/2495/1385 1489/2497/1386 1376/2498/1386
f 1488/2499/1387 1477/2500/1388 1476/2501/1387
f 1490/2502/1388 1498/2503/1389 1477/2500/1388
f 1489/2504/1302 1497/2505/1390 1490/2482/1302
f 1477/2506/1302 1499/2507/1390 1478/2468/1302
f 1445/2458/1371 1500/2508/1391 1501/2509/1391
f 1466/2456/1369 1502/2510/1392 1503/2511/1393
f 1459/2512/1394 1505/2513/1395 1449/2439/1353
f 1506/2514/1396 1419/2396/1302 1418/2515/1302
f 1449/2516/1397 1460/2442/1356 1345/2430/1347
f 1441/2419/1340 1339/2451/1364 1502/2517/1398
f 1399/2518/1316 1434/2412/1334 1400/2375/1316
f 1433/2408/1331 1508/2519/1399 1509/2520/1400
f 1432/2424/1343 1501/2521/1401 1508/2522/1402
f 1510/2523/1403 1415/2524/1323 1395/2392/1323
f 1410/2385/1321 1434/2525/1404 1512/2526/1404
f 1513/2527/1405 1331/2306/1269 1330/2528/1405
f 1394/2371/1313 1510/2529/1406 1395/2530/1313
f 1384/2531/1309 1516/2532/1407 1375/2363/1309
f 1361/2533/1408 1346/2534/1323 1351/2535/1408
f 1375/2536/1302 1496/2537/1390 1376/2352/1302
f 1370/2538/1409 1492/2494/1384 1367/2496/1384
f 1498/2503/1389 1491/2490/1381 1481/2492/1381
f 1495/2539/1390 1491/2486/1296 1497/2505/1390
f 1498/2540/1390 1480/2472/1296 1499/2507/1390
f 1392/2391/1322 1511/2541/1403 1510/2523/1403
f 1434/2525/1404 1405/2380/1319 1512/2526/1404
f 1514/2542/1406 1392/2369/1312 1510/2529/1406
f 1516/2532/1407 1381/2359/1306 1368/2361/1306
f 1516/2543/1390 1367/2343/1296 1496/2537/1390
f 1436/2544/1410 1407/2545/1410 1406/2411/1333
f 1509/2520/1400 1508/2519/1399 1518/2546/1411
f 1519/2547/1412 1343/2548/1413 1342/2549/1414
f 1521/2550/1415 1342/2549/1414 1460/2551/1416
f 1350/2322/1280 1343/2317/1275 1522/2552/1417
f 1504/2553/1418 1460/2554/1418 1505/2555/1418
f 1506/2556/1396 1524/2557/1390 1525/2558/1419
f 1507/2559/1418 1521/2560/1418 1504/2553/1418
f 1506/2561/1420 1519/2547/1412 1521/2550/1415
f 1457/2562/1421 1520/2563/1422 1454/2564/1423
f 1419/2565/1424 1504/2566/1425 1459/2567/1426
f 1451/2568/1427 1462/2569/1428 1461/2570/1429
f 1451/2568/1427 1209/2571/1180 1199/2123/1180
f 1419/2565/1424 1458/2572/1430 1420/2573/1431
f 1499/2574/1432 1389/2575/1433 1514/2576/1432
f 1499/2574/1432 1394/2577/1434 1478/2578/1434
f 1478/2578/1434 1393/2579/1435 1475/2580/1435
f 1483/2581/1436 1389/2575/1433 1480/2582/1433
f 1471/2583/1437 1133/2136/1189 1233/2584/1189
f 1474/2585/1438 1385/2586/1437 1471/2583/1437
f 1360/2587/1439 1349/2588/1439 1527/2589/1440
f 1360/2590/1441 1361/2533/1408 1351/2535/1408
f 1527/2591/1442 1362/2336/1292 1361/2335/1291
f 1354/2329/1285 1347/2320/1278 1355/2592/1443
f 1366/2340/1295 1357/2593/1444 1356/2330/1286
f 1358/2594/1323 1347/2350/1300 1346/2534/1323
f 1377/2595/1303 1373/2353/1301 1378/2355/1303
f 1377/2357/1305 1383/2362/1308 1374/2364/1308
f 1386/2596/1311 1396/2372/1314 1387/2366/1311
f 1403/2416/1337 1398/2374/1315 1397/2376/1315
f 1403/2597/1318 1409/2383/1320 1404/2378/1318
f 1396/2394/1300 1411/2598/1299 1387/2386/1299
f 1417/2395/1301 1453/2599/1303 1452/2434/1303
f 1428/2404/1328 1431/2407/1330 1430/2409/1330
f 1366/2600/1341 1440/2417/1338 1443/2422/1341
f 1424/2400/1325 1444/2423/1342 1431/2425/1344
f 1448/2429/1346 1354/2601/1345 1447/2426/1345
f 1458/2438/1352 1447/2602/1445 1462/2446/1359
f 1443/2448/1361 1465/2454/1367 1464/2449/1362
f 1470/2462/1374 1444/2459/1372 1423/2463/1375
f 1473/2603/1303 1475/2469/1301 1474/2465/1303
f 1376/2498/1386 1484/2475/1377 1373/2477/1377
f 1485/2604/1303 1488/2483/1301 1487/2479/1303
f 1473/2493/1383 1488/2499/1387 1476/2501/1387
f 1453/2605/1446 1458/2572/1430 1462/2569/1428
f 1474/2585/1438 1393/2579/1435 1386/2606/1438
f 1528/2607/1447 1467/2608/1448 1470/2609/1449
f 1468/2610/1450 1531/2611/1451 1500/2612/1452
f 1529/2613/1453 1468/2610/1450 1467/2608/1448
f 1469/2614/1454 1280/2173/1209 1532/2615/1455
f 1532/2615/1455 1470/2609/1449 1469/2614/1454
f 1464/2449/1362 1529/2613/1453 1528/2607/1447
f 1530/2616/1456 1503/2511/1393 1531/2611/1451
f 1465/2454/1367 1530/2616/1456 1529/2613/1453
f 1532/2615/1455 1213/1992/1116 1463/2447/1360
f 1532/2615/1455 1464/2449/1362 1528/2607/1447
f 1327/2301/1269 1534/2617/1405 1533/2618/1405
f 1439/2619/1328 1536/2620/1330 1398/2621/1330
f 1337/2622/1457 1538/2623/1458 1518/2624/1459
f 1435/2625/1400 1538/2626/1460 1436/2627/1461
f 1399/2628/1331 1539/2629/1462 1435/2625/1400
f 1536/2620/1330 1399/2628/1331 1398/2621/1330
f 1541/2630/1463 1543/2631/1327 1438/2632/1327
f 1543/2631/1327 1439/2619/1328 1438/2632/1327
f 1330/2528/1405 1320/2299/1269 1544/2633/1405
f 1320/2299/1269 1545/2634/1405 1544/2633/1405
f 1323/2298/1269 1546/2635/1405 1545/2634/1405
f 1324/2302/1269 1533/2618/1405 1546/2635/1405
f 1334/2636/1464 1503/2637/1465 1335/2638/1466
f 1501/2639/1467 1333/2640/1468 1332/2641/1469
f 1333/2640/1468 1531/2642/1470 1334/2636/1464
f 1503/2637/1465 1339/2643/1471 1335/2638/1466
f 1338/2644/1472 1501/2639/1467 1332/2641/1469
f 1349/2321/1279 1534/2645/1473 1329/2646/1474
f 1547/2647/1475 1538/2648/1458 1537/2649/1476
f 1436/2627/1461 1548/2650/1477 1517/2651/1477
f 1338/2644/1472 1518/2624/1459 1508/2652/1478
f 1535/2653/1328 1430/2409/1330 1536/2620/1330
f 1539/2629/1462 1518/2546/1411 1538/2626/1460
f 1547/2654/1405 1336/2311/1269 1513/2527/1405
f 1540/2655/1331 1509/2520/1400 1539/2629/1462
f 1430/2409/1330 1540/2655/1331 1536/2620/1330
f 1542/2656/1329 1427/2405/1327 1543/2631/1327
f 1543/2631/1327 1428/2404/1328 1535/2653/1328
f 1537/2657/1479 1337/2310/1271 1336/2311/1269
f 1429/2658/1480 1549/2659/1481 1425/2660/1482
f 1293/2222/1237 1542/2656/1329 1541/2630/1463
f 1292/2223/1237 1429/2406/1329 1542/2656/1329
f 1426/2661/1326 1220/2225/1238 1422/2402/1324
f 1293/2227/1088 1437/2413/1335 1182/2228/1088
f 1541/2662/1335 1402/2414/1336 1437/2413/1335
f 1426/2663/1045 1296/2231/1045 1295/2664/1239
f 1298/2233/1240 1550/2665/1483 1549/2666/1484
f 1549/2659/1481 1426/2667/1485 1425/2660/1482
f 1294/2237/1244 1549/2666/1484 1429/2668/1486
f 1380/2669/1318 1552/2670/1487 1383/2671/1487
f 1551/2672/1488 1554/2673/1489 1552/2674/1489
f 1555/2675/1490 1381/2676/1319 1515/2677/1490
f 1410/2678/1491 1558/2679/1492 1409/2680/1492
f 1559/2681/1321 1515/2677/1490 1384/2682/1321
f 1554/2673/1489 1559/2683/1493 1552/2674/1489
f 1383/2671/1487 1559/2681/1321 1384/2682/1321
f 1404/2684/1494 1562/2685/1495 1401/2686/1495
f 1381/2676/1319 1563/2687/1496 1382/2688/1496
f 1564/2689/1497 1410/2678/1491 1512/2690/1497
f 1379/2691/1498 1313/2692/1069 1565/2693/1498
f 1566/2694/1499 1551/2672/1488 1565/2695/1499
f 1565/2693/1498 1380/2669/1318 1379/2691/1498
f 1561/2696/1500 1554/2697/1501 1553/2698/1500
f 1564/2699/1502 1569/2700/1503 1567/2701/1502
f 1557/2702/1504 1567/2701/1502 1560/2703/1505
f 1554/2697/1501 1557/2702/1504 1560/2703/1505
f 1568/2704/1503 1571/2705/1506 1569/2700/1503
f 1566/2706/1507 1318/2707/1263 1562/2708/1507
f 1562/2708/1507 1553/2698/1500 1566/2706/1507
f 1569/2709/1508 1563/2710/1509 1556/2711/1508
f 1558/2679/1492 1404/2684/1494 1409/2680/1492
f 1408/2712/1510 1568/2713/1511 1405/2714/1511
f 1555/2715/1512 1569/2709/1508 1556/2711/1508
f 1313/2292/1267 1566/2694/1499 1565/2695/1499
f 1568/2713/1511 1512/2690/1497 1405/2714/1511
f 1401/2686/1495 1318/2716/1268 1150/2294/1268
f 1559/2683/1493 1567/2717/1512 1555/2715/1512
f 1573/2718/1301 1452/2434/1303 1572/2719/1303
f 1523/2720/1513 1418/2515/1302 1574/2721/1302
f 1572/2719/1303 1450/2433/1297 1575/2722/1297
f 1450/2433/1297 1576/2723/1045 1575/2722/1297
f 1573/2718/1301 1418/2515/1302 1417/2395/1301
f 1202/1976/1052 1578/2724/1051 1577/2725/1052
f 1164/1936/1050 1273/2726/1150 1579/2727/1050
f 1197/1975/1044 1577/2725/1052 1580/2728/1044
f 1576/2723/1045 1197/1975/1044 1580/2728/1044
f 1578/2724/1051 1164/1936/1050 1579/2727/1050
f 1525/2729/1514 1520/2563/1422 1519/2547/1412
f 1525/2558/1419 1455/2730/1349 1454/2435/1349
f 1271/2114/1172 1269/2101/1166 1203/2116/1173
f 1271/2731/1515 1204/1979/1102 1272/2109/1143
f 1269/2101/1166 1004/2732/1017 1008/2733/1516
f 1520/2563/1422 1522/2734/1517 1343/2548/1413
f 1582/2735/1518 1584/2736/1518 1581/2737/1518
f 1586/2738/1519 1588/2739/1518 1585/2740/1518
f 1585/2740/1518 1583/2741/1518 1582/2735/1518
f 1589/2742/1519 1587/2743/1519 1586/2738/1519
f 1581/2737/1518 1591/2744/1518 1330/2745/1405
f 1583/2741/1518 1593/2746/1518 1584/2736/1518
f 1587/2743/1519 1595/2747/1518 1588/2739/1518
f 1588/2739/1518 1592/2748/1518 1583/2741/1518
f 1591/2744/1518 1598/2749/1518 1596/2750/1518
f 1590/2751/1520 1594/2752/1518 1587/2743/1519
f 1584/2736/1518 1597/2753/1518 1591/2744/1518
f 1600/2754/1521 1602/2755/1522 1603/2756/1523
f 1604/2757/1524 1606/2758/1525 1607/2759/1526
f 1350/2760/1280 1608/2761/1527 1348/2762/1281
f 1607/2759/1526 1609/2763/1528 1603/2764/1529
f 1611/2765/1530 1613/2766/1531 1610/2767/1531
f 1610/2767/1531 1614/2768/1532 1615/2769/1533
f 1616/2770/1534 1618/2771/1535 1619/2772/1536
f 1603/2764/1529 1620/2773/1537 1600/2774/1538
f 1617/2775/1539 1622/2776/1540 1618/2771/1535
f 1624/2777/1541 1626/2778/1542 1623/2779/1541
f 1623/2779/1541 1628/2780/1543 1624/2777/1541
f 1370/2781/1544 1630/2782/1544 1629/2783/1544
f 1632/2784/1545 1634/2785/1546 1631/2786/1546
f 1612/2787/1547 1624/2788/1548 1613/2789/1548
f 1613/2789/1548 1628/2790/1549 1614/2791/1549
f 1614/2791/1549 1619/2792/1550 1605/2793/1550
f 1636/2794/1551 1638/2795/1552 1635/2796/1552
f 1639/2797/1553 1633/2798/1545 1632/2784/1545
f 1640/2799/1554 1642/2800/1555 1633/2801/1555
f 1642/2800/1555 1634/2802/1556 1633/2801/1555
f 1369/2803/1307 1644/2804/1557 1630/2805/1557
f 1637/2806/1558 1646/2807/1559 1638/2808/1559
f 1647/2809/1560 1649/2810/1561 1650/2811/1561
f 1647/2809/1560 1652/2812/1562 1648/2813/1560
f 1654/2814/1563 1390/2815/1563 1653/2816/1563
f 1656/2817/1564 1658/2818/1565 1655/2819/1564
f 1660/2820/1566 1662/2821/1567 1659/2822/1567
f 1664/2823/1568 1666/2824/1569 1663/2825/1569
f 1666/2824/1569 1668/2826/1570 1663/2825/1569
f 1669/2827/1571 1407/2828/1571 1670/2829/1571
f 1672/2830/1572 1659/2831/1573 1671/2832/1573
f 1673/2833/1548 1649/2834/1549 1648/2835/1548
f 1652/2836/1547 1673/2833/1548 1648/2835/1548
f 1676/2837/1574 1391/2838/1575 1654/2839/1574
f 1677/2840/1550 1657/2841/1576 1656/2842/1550
f 1679/2843/1552 1681/2844/1551 1682/2845/1551
f 1684/2846/1577 1686/2847/1578 1683/2848/1578
f 1686/2847/1578 1688/2849/1579 1683/2848/1578
f 1689/2850/1580 1684/2851/1581 1683/2852/1580
f 1683/2852/1580 1691/2853/1582 1689/2850/1580
f 1693/2854/1583 1695/2855/1584 1692/2856/1584
f 1670/2857/1585 1698/2858/1586 1696/2859/1587
f 1699/2860/1588 1667/2861/1589 1666/2862/1590
f 1665/2863/1591 1702/2864/1590 1666/2862/1590
f 1703/2865/1592 1617/2866/1593 1616/2867/1594
f 1623/2868/1548 1706/2869/1547 1705/2870/1548
f 1707/2871/1595 1623/2868/1548 1705/2870/1548
f 1694/2872/1596 1709/2873/1597 1695/2874/1598
f 1610/2875/1548 1711/2876/1599 1710/2877/1548
f 1712/2878/1547 1610/2875/1548 1710/2877/1548
f 1713/2879/1600 1607/2880/1601 1714/2881/1602
f 1716/2882/1546 1718/2883/1545 1715/2884/1545
f 1718/2883/1545 1720/2885/1553 1715/2884/1545
f 1721/2886/1603 1456/2887/1604 1722/2888/1605
f 1723/2889/1606 1714/2890/1607 1724/2891/1608
f 1603/2756/1523 1725/2892/1609 1607/2880/1601
f 1727/2893/1610 1710/2894/1611 1726/2895/1611
f 1710/2894/1611 1728/2896/1612 1726/2895/1611
f 1729/2897/1613 1707/2898/1614 1705/2899/1615
f 1729/2897/1613 1706/2900/1616 1731/2901/1617
f 1599/2902/1618 1621/2903/1619 1617/2866/1593
f 1590/2904/1620 1608/2761/1527 1621/2903/1619
f 1732/2905/1621 1704/2906/1622 1703/2907/1623
f 1708/2908/1624 1735/2909/1625 1709/2910/1626
f 1736/2911/1627 1738/2912/1628 1686/2913/1627
f 1685/2914/1629 1736/2911/1627 1686/2913/1627
f 1741/2915/1553 1743/2916/1545 1740/2917/1545
f 1745/2918/1551 1747/2919/1552 1744/2920/1552
f 1748/2921/1630 1749/2922/1631 1750/2923/1630
f 1740/2917/1545 1748/2924/1546 1751/2925/1546
f 1752/2926/1544 1482/2927/1544 1753/2928/1544
f 1639/2929/1632 1755/2930/1633 1635/2931/1633
f 1756/2932/1553 1757/2933/1545 1749/2934/1545
f 1759/2935/1551 1755/2936/1552 1758/2937/1552
f 1749/2934/1545 1761/2938/1546 1750/2939/1546
f 1494/2940/1544 1763/2941/1544 1762/2942/1544
f 1631/2943/1634 1757/2944/1635 1632/2945/1635
f 1482/2946/1382 1762/2947/1636 1753/2948/1636
f 1743/2949/1631 1756/2950/1637 1749/2922/1631
f 1764/2951/1638 1763/2952/1639 1629/2953/1639
f 1632/2945/1635 1754/2954/1632 1639/2929/1632
f 1636/2955/1640 1765/2956/1638 1764/2951/1638
f 1746/2957/1641 1758/2958/1642 1747/2959/1642
f 1746/2957/1641 1767/2960/1643 1759/2961/1641
f 1767/2962/1644 1760/2963/1551 1759/2935/1551
f 1768/2964/1644 1746/2965/1551 1745/2918/1551
f 1708/2908/1624 1770/2966/1645 1734/2967/1646
f 1733/2968/1647 1772/2969/1648 1704/2906/1622
f 1724/2891/1608 1773/2970/1649 1774/2971/1650
f 1681/2844/1551 1776/2972/1651 1682/2845/1551
f 1714/2881/1602 1725/2892/1609 1773/2973/1652
f 1704/2974/1653 1599/2902/1618 1617/2866/1593
f 1696/2859/1587 1661/2975/1566 1660/2820/1566
f 1693/2854/1583 1778/2976/1654 1694/2977/1583
f 1694/2872/1596 1769/2978/1655 1708/2979/1656
f 1678/2980/1576 1780/2981/1657 1657/2841/1576
f 1672/2830/1572 1696/2982/1658 1660/2983/1572
f 1513/2984/1405 1591/2744/1518 1596/2750/1518
f 1658/2818/1565 1780/2985/1659 1782/2986/1659
f 1783/2987/1660 1645/2988/1558 1637/2806/1558
f 1606/2989/1576 1622/2990/1661 1609/2991/1661
f 1764/2992/1644 1637/2993/1551 1636/2794/1551
f 1370/2994/1409 1763/2952/1639 1493/2995/1409
f 1766/2996/1643 1762/2947/1636 1767/2960/1643
f 1762/2942/1544 1765/2997/1644 1767/2962/1644
f 1752/2926/1544 1766/2998/1644 1768/2964/1644
f 1779/2999/1657 1654/2839/1574 1780/2981/1657
f 1669/2827/1571 1696/2982/1658 1781/3000/1658
f 1782/2986/1659 1654/2814/1563 1653/2816/1563
f 1783/2987/1660 1644/2804/1557 1784/3001/1660
f 1629/2783/1544 1783/3002/1644 1764/2992/1644
f 1697/3003/1585 1407/3004/1662 1517/3005/1663
f 1777/3006/1664 1785/3007/1665 1778/2976/1654
f 1786/3008/1666 1601/3009/1667 1787/3010/1668
f 1788/3011/1669 1602/3012/1670 1786/3008/1666
f 1350/2760/1280 1601/3013/1671 1600/2754/1521
f 1774/3014/1672 1725/3015/1672 1788/3016/1672
f 1776/3017/1651 1790/3018/1644 1791/3019/1651
f 1775/3020/1672 1788/3016/1672 1776/3021/1672
f 1776/3022/1673 1786/3008/1666 1789/3023/1674
f 1787/3010/1668 1457/3024/1421 1721/3025/1675
f 1681/3026/1676 1774/3027/1677 1775/3028/1677
f 1718/3029/1678 1728/3030/1679 1719/3031/1680
f 1717/3032/1681 1726/3033/1678 1718/3029/1678
f 1723/3034/1682 1681/3026/1676 1680/3035/1683
f 1768/3036/1684 1653/3037/1685 1752/3038/1685
f 1658/3039/1686 1768/3036/1684 1745/3040/1686
f 1655/3041/1687 1745/3040/1686 1744/3042/1687
f 1653/3037/1685 1483/3043/1436 1752/3038/1685
f 1751/3044/1688 1647/3045/1689 1740/3046/1689
f 1740/3046/1689 1650/3047/1690 1741/3048/1690
f 1608/3049/1691 1620/3050/1692 1792/3051/1693
f 1622/2990/1661 1620/3052/1694 1609/2991/1661
f 1621/3053/1695 1792/3054/1696 1622/2776/1540
f 1615/2769/1533 1605/3055/1697 1604/2757/1524
f 1627/3056/1698 1619/2772/1536 1628/2780/1543
f 1605/2793/1550 1618/3057/1576 1606/2989/1576
f 1635/2796/1552 1640/3058/1553 1639/2797/1553
f 1640/2799/1554 1646/2807/1559 1641/3059/1554
f 1650/2811/1561 1656/2817/1564 1655/2819/1564
f 1665/2863/1591 1662/2821/1567 1701/3060/1591
f 1671/2832/1573 1665/3061/1568 1664/2823/1568
f 1674/3062/1549 1656/2842/1550 1649/2834/1549
f 1719/3063/1699 1679/2843/1552 1720/2885/1553
f 1690/3064/1581 1695/2855/1584 1684/2851/1581
f 1703/2865/1592 1627/3065/1595 1707/2871/1595
f 1684/2846/1577 1709/2873/1597 1685/3066/1577
f 1615/3067/1599 1713/2879/1600 1711/2876/1599
f 1711/3068/1700 1723/2889/1606 1728/2896/1612
f 1732/2905/1621 1707/2898/1614 1730/3069/1701
f 1709/2910/1626 1739/3070/1702 1685/2914/1629
f 1744/2920/1552 1742/3071/1553 1741/2915/1553
f 1636/2955/1640 1755/2930/1633 1760/3072/1640
f 1758/2937/1552 1754/3073/1553 1756/2932/1553
f 1742/3074/1637 1758/2958/1642 1756/2950/1637
f 1719/3031/1680 1723/3034/1682 1680/3035/1683
f 1741/3048/1690 1655/3041/1687 1744/3042/1687
f 1735/3075/1703 1794/3076/1704 1739/3077/1705
f 1734/3078/1706 1795/3079/1707 1796/3080/1708
f 1734/3078/1706 1793/3081/1709 1735/3075/1703
f 1736/3082/1710 1798/3083/1711 1737/3084/1712
f 1739/3077/1705 1797/3085/1713 1736/3082/1710
f 1793/3081/1709 1730/3069/1701 1794/3076/1704
f 1796/3080/1708 1771/3086/1714 1733/2968/1647
f 1796/3080/1708 1732/2905/1621 1793/3081/1709
f 1797/3085/1713 1731/2901/1617 1798/3083/1711
f 1797/3085/1713 1730/3069/1701 1729/2897/1613
f 1534/3087/1405 1586/2738/1519 1533/3088/1405
f 1701/3089/1581 1799/3090/1584 1800/3091/1581
f 1598/3092/1715 1801/3093/1716 1802/3094/1717
f 1698/3095/1664 1801/3096/1718 1803/3097/1664
f 1661/3098/1719 1803/3097/1664 1804/3099/1719
f 1661/3098/1719 1799/3090/1584 1662/3100/1584
f 1805/3101/1580 1807/3102/1582 1702/3103/1580
f 1702/3103/1580 1800/3091/1581 1805/3101/1580
f 1330/2745/1405 1544/3104/1405 1581/2737/1518
f 1545/3105/1405 1581/2737/1518 1544/3104/1405
f 1546/3106/1405 1582/2735/1518 1545/3105/1405
f 1533/3088/1405 1585/2740/1518 1546/3106/1405
f 1595/3107/1720 1771/3108/1721 1795/3109/1722
f 1592/3110/1723 1769/3111/1724 1593/3112/1725
f 1592/3110/1723 1795/3109/1722 1770/3113/1726
f 1771/3108/1721 1599/3114/1727 1772/3115/1728
f 1597/3116/1729 1769/3111/1724 1778/3117/1730
f 1608/2761/1527 1534/3118/1473 1348/2762/1281
f 1801/3119/1716 1547/3120/1731 1802/3121/1717
f 1808/3122/1732 1697/3123/1733 1517/3124/1732
f 1597/3116/1729 1785/3125/1734 1598/3092/1715
f 1800/3091/1581 1692/2856/1584 1690/3064/1581
f 1803/3097/1664 1785/3007/1665 1777/3006/1664
f 1547/3126/1405 1596/2750/1518 1802/3127/1518
f 1804/3099/1719 1777/3006/1664 1693/2854/1583
f 1804/3099/1719 1692/2856/1584 1799/3090/1584
f 1689/2850/1580 1806/3128/1582 1805/3101/1580
f 1800/3091/1581 1689/2850/1580 1805/3101/1580
f 1802/3127/1518 1596/2750/1518 1598/2749/1518
f 1691/3129/1735 1688/3130/1736 1809/3131/1737
f 1806/3128/1582 1811/3132/1738 1807/3102/1582
f 1691/2853/1582 1810/3133/1738 1806/3128/1582
f 1687/3134/1579 1738/3135/1739 1813/3136/1739
f 1699/2860/1588 1811/3137/1589 1700/3138/1589
f 1807/3139/1588 1666/2862/1590 1702/2864/1590
f 1687/3140/1740 1814/3141/1546 1815/3142/1546
f 1816/3143/1741 1815/3144/1742 1814/3145/1743
f 1687/3146/1744 1809/3131/1737 1688/3130/1736
f 1812/3147/1745 1809/3148/1746 1816/3143/1741
f 1641/3149/1747 1817/3150/1748 1818/3151/1747
f 1818/3152/1749 1819/3153/1750 1820/3154/1749
f 1784/3155/1658 1821/3156/1751 1822/3157/1658
f 1672/3158/1752 1823/3159/1753 1824/3160/1752
f 1645/3161/1572 1822/3157/1658 1825/3162/1572
f 1825/3163/1754 1819/3153/1750 1817/3164/1750
f 1646/3165/1748 1825/3162/1572 1817/3150/1748
f 1663/3166/1755 1828/3167/1756 1664/3168/1756
f 1644/3169/1751 1563/3170/1751 1821/3156/1751
f 1672/3158/1752 1829/3171/1757 1781/3172/1757
f 1830/3173/1758 1643/3174/1759 1642/3175/1758
f 1818/3152/1749 1832/3176/1760 1830/3177/1760
f 1642/3175/1758 1818/3151/1747 1830/3173/1758
f 1820/3178/1761 1823/3179/1762 1828/3180/1761
f 1833/3181/1763 1835/3182/1764 1829/3183/1763
f 1833/3181/1763 1824/3184/1765 1826/3185/1765
f 1819/3186/1762 1824/3184/1765 1823/3179/1762
f 1834/3187/1764 1570/3188/1766 1835/3182/1764
f 1827/3189/1767 1837/3190/1768 1832/3191/1767
f 1832/3191/1767 1828/3180/1761 1827/3189/1767
f 1563/3192/1509 1834/3193/1769 1821/3194/1769
f 1664/3168/1756 1823/3159/1753 1671/3195/1753
f 1408/3196/1510 1835/3197/1770 1570/3198/1510
f 1822/3199/1771 1834/3193/1769 1833/3200/1771
f 1830/3177/1760 1837/3201/1772 1831/3202/1772
f 1781/3172/1757 1835/3197/1770 1669/3203/1770
f 1668/3204/1773 1827/3205/1755 1663/3166/1755
f 1822/3199/1771 1826/3206/1754 1825/3163/1754
f 1839/3207/1774 1841/3208/1774 1838/3209/1774
f 1843/3210/1774 1845/3211/1775 1842/3212/1774
f 1840/3213/1774 1842/3212/1774 1841/3208/1774
f 1844/3214/1775 1847/3215/1776 1845/3211/1775
f 1838/3209/1774 1849/3216/1774 1839/3207/1774
f 1850/3217/1774 1840/3213/1774 1839/3207/1774
f 1852/3218/1774 1844/3214/1775 1843/3210/1774
f 1851/3219/1774 1843/3210/1774 1840/3213/1774
f 1855/3220/1774 1849/3216/1774 1854/3221/1774
f 1853/3222/1774 1846/3223/1777 1844/3214/1775
f 1856/3224/1774 1839/3207/1774 1849/3216/1774
f 1858/3225/1778 1860/3226/1779 1861/3227/1780
f 1862/3228/1781 1864/3229/1782 1865/3230/1783
f 1867/3231/1784 1868/3232/1785 1866/3233/1786
f 1863/3234/1787 1869/3235/1788 1864/3229/1782
f 1871/3236/1789 1611/2765/1530 1870/3237/1789
f 1872/3238/1790 1871/3236/1789 1870/3237/1789
f 1874/3239/1791 1876/3240/1792 1877/3241/1793
f 1859/3242/1794 1878/3243/1795 1869/3235/1788
f 1877/3241/1793 1879/3244/1796 1880/3245/1797
f 1881/3246/1798 1625/3247/1542 1882/3248/1798
f 1882/3248/1798 1884/3249/1799 1881/3246/1798
f 1886/3250/1800 1888/3251/1800 1885/3252/1800
f 1634/2785/1546 1890/3253/1801 1631/2786/1546
f 1882/3254/1802 1612/2787/1547 1871/3255/1802
f 1883/3256/1803 1871/3255/1802 1873/3257/1803
f 1875/3258/1804 1873/3257/1803 1865/3259/1804
f 1892/3260/1805 1894/3261/1806 1891/3262/1805
f 1889/3263/1801 1896/3264/1807 1890/3253/1801
f 1897/3265/1808 1895/3266/1809 1889/3267/1808
f 1634/2802/1556 1897/3265/1808 1889/3267/1808
f 1899/3268/1810 1887/3269/1811 1886/3270/1810
f 1901/3271/1812 1893/3272/1813 1892/3273/1812
f 1903/3274/1814 1905/3275/1815 1906/3276/1814
f 1906/3276/1814 1651/3277/1562 1903/3274/1814
f 1908/3278/1816 1910/3279/1816 1907/3280/1816
f 1912/3281/1817 1914/3282/1818 1911/3283/1818
f 1916/3284/1819 1918/3285/1820 1915/3286/1819
f 1920/3287/1821 1922/3288/1822 1919/3289/1821
f 1919/3289/1821 1667/3290/1570 1920/3287/1821
f 1923/3291/1823 1925/3292/1823 1926/3293/1824
f 1927/3294/1825 1918/3295/1826 1928/3296/1826
f 1905/3297/1803 1930/3298/1802 1906/3299/1802
f 1930/3298/1802 1652/2836/1547 1906/3299/1802
f 1909/3300/1827 1932/3301/1827 1910/3302/1827
f 1913/3303/1828 1934/3304/1804 1914/3305/1804
f 1935/3306/1805 1937/3307/1806 1938/3308/1805
f 1940/3309/1829 1942/3310/1830 1939/3311/1829
f 1943/3312/1831 1940/3309/1829 1939/3311/1829
f 1945/3313/1832 1942/3314/1833 1946/3315/1833
f 1947/3316/1834 1939/3317/1832 1945/3313/1832
f 1949/3318/1835 1951/3319/1836 1948/3320/1835
f 1953/3321/1837 1924/3322/1838 1952/3323/1839
f 1667/2861/1589 1955/3324/1840 1920/3325/1841
f 1956/3326/1841 1921/3327/1842 1920/3325/1841
f 1958/3328/1843 1877/3329/1844 1959/3330/1845
f 1706/2869/1547 1881/3331/1802 1960/3332/1802
f 1881/3331/1802 1961/3333/1846 1960/3332/1802
f 1962/3334/1847 1950/3335/1848 1949/3336/1849
f 1965/3337/1850 1870/3338/1802 1964/3339/1802
f 1870/3338/1802 1712/2878/1547 1964/3339/1802
f 1966/3340/1851 1863/3341/1852 1862/3342/1853
f 1969/3343/1801 1716/2882/1546 1968/3344/1801
f 1970/3345/1807 1969/3343/1801 1968/3344/1801
f 1972/3346/1854 1974/3347/1855 1975/3348/1855
f 1976/3349/1856 1967/3350/1857 1966/3351/1856
f 1859/3352/1858 1978/3353/1859 1860/3226/1779
f 1964/3354/1860 1727/2893/1610 1979/3355/1861
f 1980/3356/1862 1964/3354/1860 1979/3355/1861
f 1981/3357/1863 1961/3358/1864 1982/3359/1865
f 1981/3357/1863 1706/2900/1616 1960/3360/1866
f 1857/3361/1867 1880/3362/1868 1846/3363/1869
f 1867/3231/1784 1846/3363/1869 1880/3362/1868
f 1983/3364/1870 1959/3365/1871 1984/3366/1872
f 1985/3367/1873 1963/3368/1874 1962/3369/1875
f 1940/3370/1876 1737/3371/1628 1987/3372/1876
f 1987/3372/1876 1941/3373/1877 1940/3370/1876
f 1990/3374/1801 1992/3375/1807 1989/3376/1801
f 1994/3377/1805 1996/3378/1806 1993/3379/1805
f 1748/2921/1630 1997/3380/1878 1990/3381/1878
f 1748/2924/1546 1989/3376/1801 1751/2925/1546
f 1998/3382/1800 2000/3383/1800 2001/3384/1800
f 2002/3385/1879 1896/3386/1880 1891/3387/1879
f 2004/3388/1801 2005/3389/1807 1997/3390/1801
f 2002/3391/1805 2008/3392/1806 2006/3393/1805
f 1761/2938/1546 1997/3390/1801 1750/2939/1546
f 2010/3394/1800 2012/3395/1800 2009/3396/1800
f 2004/3397/1881 1631/2943/1634 1890/3398/1881
f 2009/3399/1882 2000/3400/1883 1999/3401/1882
f 1990/3381/1878 2005/3402/1884 1991/3403/1884
f 2010/3404/1885 2014/3405/1886 1885/3406/1885
f 2003/3407/1880 1890/3398/1881 1896/3386/1880
f 2013/3408/1886 1894/3409/1887 2014/3405/1886
f 2006/3410/1888 1995/3411/1889 1994/3412/1888
f 1995/3411/1889 2015/3413/1890 2016/3414/1890
f 2007/3415/1806 2015/3416/1891 2008/3392/1806
f 1995/3417/1806 2017/3418/1891 1996/3378/1806
f 1963/3368/1874 2018/3419/1892 2019/3420/1893
f 1984/3366/1872 2020/3421/1894 2021/3422/1895
f 1977/3423/1896 2023/3424/1897 1967/3350/1857
f 2024/3425/1898 1937/3307/1806 1936/3426/1806
f 1967/3427/1899 1978/3353/1859 1863/3341/1852
f 1959/3330/1845 1857/3361/1867 2020/3428/1900
f 1917/3429/1820 1952/3323/1839 1918/3285/1820
f 1951/3319/1836 2026/3430/1901 2027/3431/1902
f 1950/3335/1848 2019/3432/1903 2026/3433/1904
f 2028/3434/1905 1933/3435/1828 1913/3303/1828
f 1928/3296/1826 1952/3436/1906 2030/3437/1907
f 2031/3438/1908 1849/3216/1774 1848/3439/1908
f 2032/3440/1909 1913/3441/1817 1912/3281/1817
f 1902/3442/1813 2034/3443/1910 1893/3272/1813
f 1879/3444/1911 1864/3445/1828 1869/3446/1911
f 1893/3447/1806 2014/3448/1891 1894/3261/1806
f 1888/3449/1912 2010/3404/1885 1885/3406/1885
f 2016/3414/1890 2009/3399/1882 1999/3401/1882
f 2013/3450/1891 2009/3396/1800 2015/3416/1891
f 2016/3451/1891 1998/3382/1800 2017/3418/1891
f 1910/3302/1827 2029/3452/1905 2028/3434/1905
f 1952/3436/1906 1923/3291/1823 2030/3437/1907
f 2032/3440/1909 1910/3279/1816 2028/3453/1909
f 2034/3443/1910 1899/3268/1810 1886/3270/1810
f 2034/3454/1891 1885/3252/1800 2014/3448/1891
f 1954/3455/1913 1925/3456/1838 1924/3322/1838
f 2027/3431/1902 2026/3430/1901 2036/3457/1914
f 2037/3458/1915 1861/3459/1916 1860/3460/1917
f 2039/3461/1918 1860/3460/1917 1978/3462/1919
f 1868/3232/1785 1861/3227/1780 2040/3463/1920
f 2022/3464/1921 1978/3465/1921 2023/3466/1921
f 2024/3467/1898 2042/3468/1891 2043/3469/1922
f 2025/3470/1921 2039/3471/1921 2022/3464/1921
f 2024/3472/1923 2037/3458/1915 2039/3461/1918
f 1975/3473/1924 2038/3474/1925 1972/3475/1926
f 1937/3476/1927 2022/3477/1928 1977/3478/1929
f 1969/3479/1930 1980/3480/1931 1979/3481/1932
f 1979/3481/1932 1717/3032/1681 1969/3479/1930
f 1937/3476/1927 1976/3482/1933 1938/3483/1934
f 2017/3484/1935 1907/3485/1936 2032/3486/1935
f 2017/3484/1935 1912/3487/1937 1996/3488/1937
f 1996/3488/1937 1911/3489/1938 1993/3490/1938
f 2001/3491/1939 1907/3485/1936 1998/3492/1936
f 1989/3493/1940 1651/3494/1688 1751/3044/1688
f 1989/3493/1940 1904/3495/1941 1903/3496/1940
f 1878/3497/1942 1867/3498/1942 2045/3499/1943
f 1878/3500/1944 1879/3444/1911 1869/3446/1911
f 2045/3501/1945 1880/3245/1797 1879/3244/1796
f 1872/3238/1790 1865/3230/1783 1873/3502/1946
f 1884/3249/1799 1875/3503/1947 1874/3239/1791
f 1876/3504/1828 1865/3259/1804 1864/3445/1828
f 1895/3505/1807 1891/3262/1805 1896/3264/1807
f 1895/3266/1809 1901/3271/1812 1892/3273/1812
f 1904/3506/1815 1914/3282/1818 1905/3275/1815
f 1921/3327/1842 1916/3284/1819 1915/3286/1819
f 1921/3507/1822 1927/3294/1825 1922/3288/1822
f 1914/3305/1804 1929/3508/1803 1905/3297/1803
f 1935/3306/1805 1971/3509/1948 1970/3345/1807
f 1946/3315/1833 1949/3318/1835 1948/3320/1835
f 1884/3510/1846 1958/3328/1843 1961/3333/1846
f 1942/3310/1830 1962/3334/1847 1949/3336/1849
f 1965/3337/1850 1862/3342/1853 1872/3511/1850
f 1976/3349/1856 1965/3512/1949 1980/3356/1862
f 1961/3358/1864 1983/3364/1870 1982/3359/1865
f 1988/3513/1877 1962/3369/1875 1941/3373/1877
f 1991/3514/1807 1993/3379/1805 1992/3375/1807
f 1894/3409/1887 2002/3385/1879 1891/3387/1879
f 2003/3515/1807 2006/3393/1805 2005/3389/1807
f 1991/3403/1884 2006/3410/1888 1994/3412/1888
f 1971/3516/1950 1976/3482/1933 1980/3480/1931
f 1992/3517/1941 1911/3489/1938 1904/3495/1941
f 2046/3518/1951 1985/3519/1952 1988/3520/1953
f 1986/3521/1954 2049/3522/1955 2018/3523/1956
f 2047/3524/1957 1986/3521/1954 1985/3519/1952
f 1987/3525/1958 1798/3083/1711 2050/3526/1959
f 2050/3526/1959 1988/3520/1953 1987/3525/1958
f 1982/3359/1865 2047/3524/1957 2046/3518/1951
f 2048/3527/1960 2021/3422/1895 2049/3522/1955
f 1983/3364/1870 2048/3527/1960 2047/3524/1957
f 2050/3526/1959 1731/2901/1617 1981/3357/1863
f 2050/3526/1959 1982/3359/1865 2046/3518/1951
f 1845/3211/1775 2052/3528/1908 2051/3529/1908
f 1957/3530/1833 2054/3531/1835 1916/3532/1835
f 1855/3533/1961 2056/3534/1962 2036/3535/1963
f 1953/3536/1902 2056/3537/1964 1954/3538/1965
f 1917/3539/1836 2057/3540/1902 1953/3536/1902
f 2054/3531/1835 1917/3539/1836 1916/3532/1835
f 2059/3541/1834 2061/3542/1832 1956/3543/1832
f 2061/3542/1832 1957/3530/1833 1956/3543/1832
f 1848/3439/1908 1838/3209/1774 2062/3544/1966
f 1838/3209/1774 2063/3545/1908 2062/3544/1966
f 1841/3208/1774 2064/3546/1908 2063/3545/1908
f 1842/3212/1774 2051/3529/1908 2064/3546/1908
f 1852/3547/1967 2021/3548/1968 1853/3549/1969
f 2019/3550/1970 1851/3551/1971 1850/3552/1972
f 1851/3551/1971 2049/3553/1973 1852/3547/1967
f 2021/3548/1968 1857/3554/1974 1853/3549/1969
f 1856/3555/1975 2019/3550/1970 1850/3552/1972
f 1867/3231/1784 2052/3556/1976 1847/3557/1977
f 2065/3558/1978 2056/3559/1962 2055/3560/1979
f 1954/3538/1965 2066/3561/1980 2035/3562/1980
f 1856/3555/1975 2036/3535/1963 2026/3563/1981
f 2053/3564/1833 1948/3320/1835 2054/3531/1835
f 2057/3540/1902 2036/3457/1914 2056/3537/1964
f 2065/3565/1966 1854/3221/1774 2031/3438/1908
f 2058/3566/1836 2027/3431/1902 2057/3540/1902
f 1948/3320/1835 2058/3566/1836 2054/3531/1835
f 2060/3567/1834 1945/3313/1832 2061/3542/1832
f 1945/3313/1832 2053/3564/1833 2061/3542/1832
f 2055/3568/1774 1855/3220/1774 1854/3221/1774
f 1947/3569/1982 2067/3570/1983 1943/3571/1984
f 1811/3132/1738 2060/3567/1834 2059/3541/1834
f 1810/3133/1738 1947/3316/1834 2060/3567/1834
f 1944/3572/1985 1738/3135/1739 1940/3309/1829
f 1811/3137/1589 1955/3324/1840 1700/3138/1589
f 2059/3573/1840 1920/3325/1841 1955/3324/1840
f 1944/3574/1546 1814/3141/1546 1813/3575/1546
f 1816/3143/1741 2068/3576/1986 2067/3577/1987
f 2067/3570/1983 1944/3578/1988 1943/3571/1984
f 1812/3147/1745 2067/3577/1987 1947/3579/1989
f 2069/3580/1990 1901/3581/1991 1898/3582/1990
f 2069/3583/1992 2072/3584/1993 2070/3585/1993
f 2033/3586/1994 2074/3587/1995 1899/3588/1996
f 1928/3589/1997 2076/3590/1998 1927/3591/1998
f 1902/3592/1999 2073/3593/1994 2033/3586/1994
f 2072/3584/1993 2077/3594/2000 2070/3585/1993
f 2070/3595/1991 1902/3592/1999 1901/3581/1991
f 1922/3596/2001 2080/3597/2002 1919/3598/2002
f 1899/3588/1996 2081/3599/1996 1900/3600/1996
f 2082/3601/2003 1928/3589/1997 2030/3602/2003
f 1897/3603/2004 1831/3604/1759 2083/3605/2004
f 2083/3606/2005 2071/3607/1992 2069/3583/1992
f 1897/3603/2004 2069/3580/1990 1898/3582/1990
f 2079/3608/2006 2072/3609/2007 2071/3610/2006
f 2082/3611/2008 2087/3612/2009 2085/3613/2008
f 2075/3614/2010 2085/3613/2008 2078/3615/2011
f 2072/3609/2007 2075/3614/2010 2078/3615/2011
f 2086/3616/2009 2089/3617/2012 2087/3612/2009
f 2084/3618/2013 1836/3619/1768 2080/3620/2013
f 2080/3620/2013 2071/3610/2006 2084/3618/2013
f 2087/3621/2014 2081/3622/2015 2074/3623/2014
f 2076/3590/1998 1922/3596/2001 1927/3591/1998
f 1926/3624/2016 2086/3625/2017 1923/3626/2017
f 2073/3627/2018 2087/3621/2014 2074/3623/2014
f 1831/3202/1772 2084/3628/2005 2083/3606/2005
f 2086/3625/2017 2030/3602/2003 1923/3626/2017
f 1919/3598/2002 1836/3629/1773 1668/3204/1773
f 2077/3594/2000 2085/3630/2018 2073/3627/2018
f 2091/3631/1805 1970/3345/1807 2090/3632/1807
f 2041/3633/1898 1936/3426/1806 2092/3634/1806
f 2090/3632/1807 1968/3344/1801 2093/3635/1801
f 1968/3344/1801 2094/3636/1546 2093/3635/1801
f 2091/3631/1805 1936/3426/1806 1935/3306/1805
f 1720/2885/1553 2096/3637/1552 2095/3638/1553
f 1682/2845/1551 1791/3639/1651 2097/3640/1551
f 1715/2884/1545 2095/3638/1553 2098/3641/1545
f 2094/3636/1546 1715/2884/1545 2098/3641/1545
f 2096/3637/1552 1682/2845/1551 2097/3640/1551
f 2043/3642/2019 2038/3474/1925 2037/3458/1915
f 2043/3469/1922 1973/3643/1854 1972/3346/1854
f 1789/3023/1674 1787/3010/1668 1721/3025/1675
f 1789/3644/2020 1722/2888/1605 1790/3018/1644
f 1787/3010/1668 1522/3645/1517 1526/3646/2021
f 2038/3474/1925 2040/3647/2022 1861/3459/1916
f 2100/3648/2023 2102/3649/2023 2099/3650/2023
f 2104/3651/2023 2106/3652/2023 2103/3653/2023
f 2103/3653/2023 2101/3654/2023 2100/3648/2023
f 2107/3655/2024 2105/3656/2024 2104/3651/2023
f 2099/3650/2023 2109/3657/2023 1848/3658/1908
f 2101/3654/2023 2111/3659/2023 2102/3649/2023
f 2105/3656/2024 2113/3660/2023 2106/3652/2023
f 2106/3652/2023 2110/3661/2023 2101/3654/2023
f 2109/3657/2023 2116/3662/2023 2114/3663/2023
f 2108/3664/2025 2112/3665/2023 2105/3656/2024
f 2102/3649/2023 2115/3666/2023 2109/3657/2023
f 2118/3667/2026 2120/3668/2027 2121/3669/2028
f 2122/3670/2029 2124/3671/2030 2125/3672/2031
f 1868/3673/1785 2126/3674/2032 1866/3675/1786
f 2125/3672/2031 2127/3676/2033 2121/3677/2034
f 2129/3678/2035 2131/3679/2036 2128/3680/2036
f 2128/3680/2036 2132/3681/2037 2133/3682/2038
f 2134/3683/2039 2136/3684/2040 2137/3685/2041
f 2121/3677/2034 2138/3686/2042 2118/3687/2043
f 2135/3688/2044 2140/3689/2045 2136/3684/2040
f 2141/3690/2046 2143/3691/2047 2144/3692/2047
f 2141/3690/2046 2146/3693/2048 2142/3694/2046
f 1888/3695/2049 2148/3696/2049 2147/3697/2049
f 2150/3698/2050 2152/3699/2051 2149/3700/2051
f 2130/3701/2052 2142/3702/2053 2131/3703/2053
f 2131/3703/2053 2146/3704/2054 2132/3705/2054
f 2132/3705/2054 2137/3706/2055 2123/3707/2055
f 2154/3708/2056 2156/3709/2057 2153/3710/2057
f 2157/3711/2058 2151/3712/2050 2150/3698/2050
f 2151/3713/2059 2159/3714/2060 2160/3715/2059
f 2151/3713/2059 2161/3716/2061 2152/3717/2061
f 1887/3718/1811 2162/3719/2062 2148/3720/2062
f 2155/3721/2063 2164/3722/2064 2156/3723/2064
f 2165/3724/2065 2167/3725/2066 2168/3726/2066
f 2165/3724/2065 2170/3727/2067 2166/3728/2065
f 2172/3729/2068 1908/3730/2068 2171/3731/2068
f 2174/3732/2069 2176/3733/2070 2173/3734/2069
f 2178/3735/2071 2180/3736/2072 2177/3737/2072
f 2182/3738/2073 2184/3739/2074 2181/3740/2074
f 2184/3739/2074 2186/3741/2075 2181/3740/2074
f 1926/3742/2076 2188/3743/2077 2187/3744/2077
f 2189/3745/2078 2178/3746/2079 2177/3747/2078
f 2191/3748/2053 2167/3749/2054 2166/3750/2053
f 2170/3751/2052 2191/3748/2053 2166/3750/2053
f 2194/3752/2080 1909/3753/2080 2172/3754/2080
f 2195/3755/2055 2175/3756/2081 2174/3757/2055
f 2197/3758/2057 2199/3759/2056 2200/3760/2056
f 2201/3761/2082 2203/3762/2083 2204/3763/2082
f 2204/3763/2082 2206/3764/2084 2201/3761/2082
f 2208/3765/2085 2201/3766/2086 2207/3767/2086
f 2201/3766/2086 2209/3768/2087 2207/3767/2086
f 2211/3769/2088 2213/3770/2089 2210/3771/2089
f 2188/3772/2090 2216/3773/2091 2214/3774/2092
f 2217/3775/2093 2185/3776/2094 2184/3777/2095
f 2183/3778/2096 2220/3779/2095 2184/3777/2095
f 2221/3780/2097 2135/3781/2098 2134/3782/2099
f 2141/3783/2053 2224/3784/2052 2223/3785/2053
f 2225/3786/2100 2141/3783/2053 2223/3785/2053
f 2212/3787/2101 2227/3788/2102 2213/3789/2103
f 2128/3790/2053 2229/3791/2104 2228/3792/2053
f 2230/3793/2052 2128/3790/2053 2228/3792/2053
f 2231/3794/2105 2125/3795/2106 2232/3796/2107
f 2234/3797/2051 2236/3798/2050 2233/3799/2050
f 2236/3798/2050 2238/3800/2058 2233/3799/2050
f 2239/3801/2108 1974/3802/2109 2240/3803/2110
f 2241/3804/2111 2232/3805/2112 2242/3806/2113
f 2121/3669/2028 2243/3807/2114 2125/3795/2106
f 2245/3808/2115 2228/3809/2116 2244/3810/2116
f 2228/3809/2116 2246/3811/2117 2244/3810/2116
f 2247/3812/2118 2225/3813/2119 2223/3814/2120
f 2247/3812/2118 2224/3815/2121 2249/3816/2122
f 2117/3817/2123 2139/3818/2124 2135/3781/2098
f 2108/3819/2125 2126/3674/2032 2139/3818/2124
f 2250/3820/2126 2222/3821/2127 2221/3822/2128
f 2226/3823/2129 2253/3824/2130 2227/3825/2131
f 2204/3826/2132 2255/3827/2133 2256/3828/2133
f 2204/3826/2132 2257/3829/2134 2254/3830/2132
f 2259/3831/2058 2261/3832/2050 2258/3833/2050
f 2263/3834/2056 2265/3835/2057 2262/3836/2057
f 2266/3837/2135 2267/3838/2136 2268/3839/2135
f 2258/3833/2050 2266/3840/2051 2269/3841/2051
f 2270/3842/2049 2000/3843/2049 2271/3844/2049
f 2157/3845/2137 2273/3846/2138 2153/3847/2138
f 2274/3848/2058 2275/3849/2050 2267/3850/2050
f 2277/3851/2056 2273/3852/2057 2276/3853/2057
f 2267/3850/2050 2279/3854/2051 2268/3855/2051
f 2012/3856/2049 2281/3857/2049 2280/3858/2049
f 2149/3859/2139 2275/3860/2140 2150/3861/2140
f 2000/3862/1883 2280/3863/2141 2271/3864/2141
f 2261/3865/2136 2274/3866/2142 2267/3838/2136
f 2282/3867/2143 2281/3868/2144 2147/3869/2144
f 2150/3861/2140 2272/3870/2137 2157/3845/2137
f 2282/3867/2143 2278/3871/2145 2283/3872/2143
f 2264/3873/2146 2276/3874/2147 2265/3875/2147
f 2284/3876/2148 2277/3877/2146 2264/3873/2146
f 2285/3878/2149 2278/3879/2056 2277/3851/2056
f 2286/3880/2149 2264/3881/2056 2263/3834/2056
f 2226/3823/2129 2288/3882/2150 2252/3883/2151
f 2251/3884/2152 2290/3885/2153 2222/3821/2127
f 2242/3806/2113 2291/3886/2154 2292/3887/2154
f 2199/3759/2056 2294/3888/2155 2200/3760/2056
f 2232/3796/2107 2243/3807/2114 2291/3889/2156
f 2222/3890/2157 2117/3817/2123 2135/3781/2098
f 2214/3774/2092 2179/3891/2071 2178/3735/2071
f 2211/3769/2088 2296/3892/2158 2212/3893/2088
f 2212/3787/2101 2287/3894/2159 2226/3895/2160
f 2196/3896/2081 2298/3897/2161 2175/3756/2081
f 2299/3898/2162 2178/3746/2079 2190/3899/2079
f 2031/3900/1908 2109/3657/2023 2114/3663/2023
f 2176/3733/2070 2298/3901/2163 2300/3902/2163
f 2301/3903/2164 2163/3904/2063 2155/3721/2063
f 2124/3905/2081 2140/3906/2165 2127/3907/2165
f 2282/3908/2149 2155/3909/2056 2154/3708/2056
f 1888/3910/1912 2281/3868/2144 2011/3911/1912
f 2284/3876/2148 2280/3863/2141 2285/3912/2148
f 2280/3858/2049 2283/3913/2149 2285/3878/2149
f 2270/3842/2049 2284/3914/2149 2286/3880/2149
f 2297/3915/2161 2172/3754/2080 2298/3897/2161
f 2187/3744/2077 2214/3916/2162 2299/3898/2162
f 2300/3902/2163 2172/3729/2068 2171/3731/2068
f 2301/3903/2164 2162/3719/2062 2302/3917/2164
f 2147/3697/2049 2301/3918/2149 2282/3908/2149
f 2215/3919/2090 1925/3920/2166 2035/3921/2166
f 2295/3922/2167 2303/3923/2168 2296/3892/2158
f 2304/3924/2169 2119/3925/2170 2305/3926/2171
f 2306/3927/2172 2120/3928/2173 2304/3924/2169
f 1868/3673/1785 2119/3929/2174 2118/3667/2026
f 2292/3930/2175 2243/3931/2175 2306/3932/2175
f 2294/3933/2155 2308/3934/2149 2309/3935/2155
f 2293/3936/2175 2306/3932/2175 2294/3937/2175
f 2294/3938/2176 2304/3924/2169 2307/3939/2177
f 2305/3926/2171 1975/3940/1924 2239/3941/2178
f 2199/3942/2179 2292/3943/2180 2293/3944/2180
f 2236/3945/2181 2246/3946/2182 2237/3947/2183
f 2236/3945/2181 2245/3948/2184 2244/3949/2181
f 2241/3950/2185 2199/3942/2179 2198/3951/2186
f 2286/3952/2187 2171/3953/2188 2270/3954/2188
f 2176/3955/2189 2286/3952/2187 2263/3956/2189
f 2173/3957/2190 2263/3956/2189 2262/3958/2190
f 2171/3953/2188 2001/3959/1939 2270/3954/2188
f 2258/3960/2191 2169/3961/2192 2165/3962/2191
f 2258/3960/2191 2168/3963/2193 2259/3964/2193
f 2126/3965/2194 2138/3966/2195 2310/3967/2196
f 2140/3906/2165 2138/3968/2197 2127/3907/2165
f 2139/3969/2198 2310/3970/2199 2140/3689/2045
f 2133/3682/2038 2123/3971/2200 2122/3670/2029
f 2145/3972/2201 2137/3685/2041 2146/3693/2048
f 2123/3707/2055 2136/3973/2081 2124/3905/2081
f 2153/3710/2057 2158/3974/2058 2157/3711/2058
f 2158/3975/2060 2164/3722/2064 2159/3714/2060
f 2168/3726/2066 2174/3732/2069 2173/3734/2069
f 2183/3778/2096 2180/3736/2072 2219/3976/2096
f 2182/3738/2073 2177/3747/2078 2183/3977/2073
f 2192/3978/2054 2174/3757/2055 2167/3749/2054
f 2237/3979/2058 2197/3758/2057 2238/3800/2058
f 2208/3765/2085 2213/3770/2089 2202/3980/2085
f 2221/3780/2097 2145/3981/2100 2225/3786/2100
f 2202/3982/2202 2227/3788/2102 2203/3762/2083
f 2133/3983/2104 2231/3794/2105 2229/3791/2104
f 2229/3984/2203 2241/3804/2111 2246/3811/2117
f 2250/3820/2126 2225/3813/2119 2248/3985/2204
f 2227/3825/2131 2257/3829/2134 2203/3986/2205
f 2262/3836/2057 2260/3987/2058 2259/3831/2058
f 2154/3988/2145 2273/3846/2138 2278/3871/2145
f 2276/3853/2057 2272/3989/2058 2274/3848/2058
f 2260/3990/2142 2276/3874/2147 2274/3866/2142
f 2237/3947/2183 2241/3950/2185 2198/3951/2186
f 2259/3964/2193 2173/3957/2190 2262/3958/2190
f 2253/3991/2206 2312/3992/2207 2257/3993/2208
f 2252/3994/2209 2313/3995/2210 2314/3996/2211
f 2252/3994/2209 2311/3997/2212 2253/3991/2206
f 2254/3998/2213 2316/3999/2214 2255/4000/2215
f 2257/3993/2208 2315/4001/2216 2254/3998/2213
f 2311/3997/2212 2248/3985/2204 2312/3992/2207
f 2314/3996/2211 2289/4002/2217 2251/3884/2152
f 2314/3996/2211 2250/3820/2126 2311/3997/2212
f 2315/4001/2216 2249/3816/2122 2316/3999/2214
f 2315/4001/2216 2248/3985/2204 2247/3812/2118
f 2052/4003/1908 2104/3651/2023 2051/4004/1908
f 2219/4005/2085 2317/4006/2089 2318/4007/2085
f 2116/4008/2218 2319/4009/2219 2320/4010/2220
f 2216/4011/2167 2319/4012/2221 2321/4013/2167
f 2179/4014/2222 2321/4013/2167 2322/4015/2088
f 2179/4014/2222 2317/4006/2089 2180/4016/2089
f 2323/4017/2086 2325/4018/2087 2220/4019/2086
f 2219/4005/2085 2323/4017/2086 2220/4019/2086
f 1848/3658/1908 2062/4020/1966 2099/3650/2023
f 2063/4021/1908 2099/3650/2023 2062/4020/1966
f 2064/4022/1908 2100/3648/2023 2063/4021/1908
f 2051/4004/1908 2103/3653/2023 2064/4022/1908
f 2113/4023/2223 2289/4024/2224 2313/4025/2225
f 2110/4026/2226 2287/4027/2227 2111/4028/2228
f 2110/4026/2226 2313/4025/2225 2288/4029/2229
f 2289/4024/2224 2117/4030/2230 2290/4031/2231
f 2115/4032/2232 2287/4027/2227 2296/4033/2233
f 2107/4034/2234 1866/3675/1786 2126/3674/2032
f 2319/4035/2219 2065/4036/2235 2320/4037/2220
f 2326/4038/2236 2215/4039/2237 2035/4040/2236
f 2115/4032/2232 2303/4041/2238 2116/4008/2218
f 2318/4007/2085 2210/3771/2089 2208/3765/2085
f 2321/4013/2167 2303/3923/2168 2295/3922/2167
f 2065/4042/1966 2114/3663/2023 2320/4043/2239
f 2322/4015/2088 2295/3922/2167 2211/3769/2088
f 2322/4015/2088 2210/3771/2089 2317/4006/2089
f 2207/3767/2086 2324/4044/2087 2323/4017/2086
f 2318/4007/2085 2207/3767/2086 2323/4017/2086
f 2320/4043/2239 2114/3663/2023 2116/3662/2023
f 2209/4045/2240 2206/4046/2241 2327/4047/2242
f 2324/4044/2087 2329/4048/2243 2325/4018/2087
f 2209/3768/2087 2328/4049/2243 2324/4044/2087
f 2205/4050/2084 2256/4051/2244 2331/4052/2244
f 2217/3775/2093 2329/4053/2094 2218/4054/2094
f 2325/4055/2093 2184/3777/2095 2220/3779/2095
f 2205/4056/2051 2332/4057/2051 2333/4058/2051
f 2334/4059/2245 2333/4060/2246 2332/4061/2247
f 2205/4062/2248 2327/4047/2242 2206/4046/2241
f 2330/4063/2249 2327/4064/2250 2334/4059/2245
f 2159/4065/2073 2335/4066/2251 2336/4067/2073
f 2336/4068/2252 2337/4069/2253 2338/4070/2252
f 2162/4071/2254 2340/4072/2162 2302/4073/2162
f 2190/4074/2255 2341/4075/2256 2342/4076/2255
f 2163/4077/2079 2340/4072/2162 2343/4078/2079
f 2343/4079/2257 2337/4069/2253 2335/4080/2253
f 2164/4081/2251 2343/4078/2079 2335/4066/2251
f 2182/4082/2258 2345/4083/2259 2346/4084/2258
f 1900/4085/2260 2339/4086/2254 2162/4071/2254
f 2190/4074/2255 2347/4087/2261 2299/4088/2261
f 2160/4089/2262 2349/4090/2075 2161/4091/2075
f 2336/4068/2252 2350/4092/2263 2348/4093/2263
f 2159/4065/2073 2348/4094/2262 2160/4089/2262
f 2337/4095/2264 2346/4096/2265 2338/4097/2265
f 2352/4098/2266 2347/4099/2267 2351/4100/2267
f 2344/4101/2268 2347/4099/2267 2342/4102/2268
f 2337/4095/2264 2342/4102/2268 2341/4103/2264
f 2352/4098/2266 2088/4104/2269 2353/4105/2266
f 2345/4106/2270 2355/4107/2271 2350/4108/2270
f 2350/4108/2270 2346/4096/2265 2345/4106/2270
f 2081/4109/2015 2352/4110/2272 2339/4111/2272
f 2182/4082/2258 2341/4075/2256 2189/4112/2256
f 1926/4113/2016 2353/4114/2273 2088/4115/2016
f 2340/4116/2274 2352/4110/2272 2351/4117/2274
f 2349/4118/2275 2350/4092/2263 2355/4119/2275
f 2299/4088/2261 2353/4114/2273 2187/4120/2273
f 2186/4121/2276 2345/4083/2259 2181/4122/2259
f 2340/4116/2274 2344/4123/2257 2343/4079/2257
f 2357/4124/2277 2359/4125/2277 2356/4126/2277
f 2361/4127/2277 2363/4128/2277 2360/4129/2277
f 2358/4130/2277 2360/4129/2277 2359/4125/2277
f 2362/4131/2278 2365/4132/2278 2363/4128/2277
f 2356/4126/2277 2367/4133/2277 2357/4124/2277
f 2368/4134/2277 2358/4130/2277 2357/4124/2277
f 2370/4135/2277 2362/4131/2278 2361/4127/2277
f 2369/4136/2277 2361/4127/2277 2358/4130/2277
f 2373/4137/2277 2367/4133/2277 2372/4138/2277
f 2371/4139/2277 2364/4140/2279 2362/4131/2278
f 2374/4141/2277 2357/4124/2277 2367/4133/2277
f 2376/4142/2280 2378/4143/2281 2379/4144/2282
f 2380/4145/2283 2382/4146/2284 2383/4147/2285
f 2385/4148/2286 2386/4149/2287 2384/4150/2288
f 2381/4151/2289 2387/4152/2290 2382/4146/2284
f 2388/4153/2291 2130/4154/2035 2129/3678/2035
f 2390/4155/2292 2389/4156/2291 2388/4153/2291
f 2392/4157/2293 2394/4158/2294 2395/4159/2295
f 2377/4160/2296 2396/4161/2297 2387/4152/2290
f 2395/4159/2295 2397/4162/2298 2398/4163/2299
f 2399/4164/2300 2143/3691/2047 2400/4165/2300
f 2399/4164/2300 2401/4166/2301 2402/4167/2302
f 2404/4168/2303 2406/4169/2303 2403/4170/2303
f 2152/3699/2051 2408/4171/143 2149/3700/2051
f 2400/4172/134 2130/3701/2052 2389/4173/134
f 2401/4174/37 2389/4173/134 2391/4175/37
f 2393/4176/2304 2391/4175/37 2383/4177/2304
f 2410/4178/2305 2412/4179/35 2409/4180/2305
f 2407/4181/143 2414/4182/63 2408/4171/143
f 2415/4183/2306 2413/4184/2307 2407/4185/2306
f 2152/3717/2061 2415/4183/2306 2407/4185/2306
f 2417/4186/2308 2405/4187/2309 2404/4188/2308
f 2419/4189/2310 2411/4190/2311 2410/4191/2310
f 2421/4192/2312 2423/4193/2313 2424/4194/2312
f 2421/4192/2312 2170/3727/2067 2169/4195/2067
f 2426/4196/2314 2428/4197/2314 2425/4198/2314
f 2430/4199/2315 2432/4200/2316 2429/4201/2316
f 2434/4202/2317 2436/4203/2318 2433/4204/2317
f 2438/4205/2319 2440/4206/2320 2437/4207/2319
f 2437/4207/2319 2185/4208/2075 2438/4205/2319
f 2441/4209/2321 2443/4210/2321 2444/4211/2321
f 2445/4212/2322 2436/4213/2323 2446/4214/2323
f 2423/4215/37 2448/4216/134 2424/4217/134
f 2448/4216/134 2170/3751/2052 2424/4217/134
f 2427/4218/2324 2450/4219/2324 2428/4220/2324
f 2431/4221/39 2452/4222/2304 2432/4223/2304
f 2453/4224/2305 2455/4225/35 2456/4226/2305
f 2458/4227/2325 2460/4228/2326 2457/4229/2325
f 2461/4230/2327 2458/4227/2325 2457/4229/2325
f 2463/4231/2328 2460/4232/2329 2464/4233/2329
f 2465/4234/2330 2457/4235/2328 2463/4231/2328
f 2467/4236/2331 2469/4237/2332 2466/4238/2331
f 2471/4239/2333 2442/4240/2334 2470/4241/2335
f 2185/3776/2094 2473/4242/2336 2438/4243/2337
f 2474/4244/2337 2439/4245/2338 2438/4243/2337
f 2476/4246/2339 2395/4247/2340 2477/4248/2341
f 2224/3784/2052 2399/4249/134 2478/4250/134
f 2399/4249/134 2479/4251/2342 2478/4250/134
f 2480/4252/2343 2468/4253/2344 2467/4254/2345
f 2483/4255/2346 2388/4256/134 2482/4257/134
f 2388/4256/134 2230/3793/2052 2482/4257/134
f 2484/4258/2347 2381/4259/2348 2380/4260/2349
f 2487/4261/143 2234/3797/2051 2486/4262/143
f 2488/4263/63 2487/4261/143 2486/4262/143
f 2490/4264/2350 2492/4265/2351 2493/4266/2352
f 2494/4267/2353 2485/4268/2354 2484/4269/2355
f 2377/4270/2356 2496/4271/2357 2378/4143/2281
f 2482/4272/2358 2245/3808/2115 2497/4273/2358
f 2498/4274/2359 2482/4272/2358 2497/4273/2358
f 2499/4275/2360 2479/4276/2361 2500/4277/2362
f 2499/4275/2360 2224/3815/2121 2478/4278/2363
f 2375/4279/2364 2398/4280/2365 2364/4281/2366
f 2385/4148/2286 2364/4281/2366 2398/4280/2365
f 2501/4282/2367 2477/4283/2368 2502/4284/2369
f 2503/4285/2370 2481/4286/2371 2480/4287/2372
f 2458/4288/2373 2255/3827/2133 2505/4289/2373
f 2505/4289/2373 2459/4290/2374 2458/4288/2373
f 2508/4291/143 2510/4292/63 2507/4293/143
f 2512/4294/2305 2514/4295/35 2511/4296/2305
f 2268/3839/2135 2508/4297/2375 2266/3837/2135
f 2266/3840/2051 2507/4293/143 2269/3841/2051
f 2516/4298/2303 2518/4299/2303 2519/4300/2303
f 2520/4301/2376 2414/4302/2377 2409/4303/2376
f 2522/4304/143 2523/4305/63 2515/4306/143
f 2520/4307/36 2526/4308/35 2524/4309/36
f 2279/3854/2051 2515/4306/143 2268/3855/2051
f 2528/4310/2303 2530/4311/2303 2527/4312/2303
f 2408/4313/2378 2279/4314/2139 2149/3859/2139
f 2527/4315/2379 2518/4316/2380 2517/4317/2379
f 2515/4318/2375 2509/4319/2381 2508/4297/2375
f 2528/4320/2382 2532/4321/2383 2403/4322/2382
f 2414/4302/2377 2522/4323/2378 2408/4313/2378
f 2531/4324/2383 2412/4325/2384 2532/4321/2383
f 2524/4326/2385 2513/4327/2386 2512/4328/2385
f 2513/4327/2386 2533/4329/2387 2534/4330/2387
f 2525/4331/35 2533/4332/34 2526/4308/35
f 2513/4333/35 2535/4334/34 2514/4295/35
f 2481/4286/2371 2536/4335/2388 2537/4336/2388
f 2502/4284/2369 2538/4337/2389 2539/4338/2390
f 2495/4339/2391 2541/4340/2392 2485/4268/2354
f 2542/4341/2393 2455/4225/35 2454/4342/35
f 2485/4343/2394 2496/4271/2357 2381/4259/2348
f 2477/4248/2341 2375/4279/2364 2538/4344/2395
f 2435/4345/2318 2470/4241/2335 2436/4203/2318
f 2469/4237/2332 2544/4346/2396 2545/4347/2397
f 2468/4253/2344 2537/4348/2398 2544/4349/2399
f 2546/4350/31 2451/4351/39 2431/4221/39
f 2446/4214/2323 2470/4352/2400 2548/4353/2400
f 2549/4354/2401 2367/4133/2277 2366/4355/2401
f 2550/4356/2402 2431/4357/2315 2430/4199/2315
f 2411/4190/2311 2551/4358/2403 2552/4359/2403
f 2397/4360/2404 2382/4361/39 2387/4362/2404
f 2411/4363/35 2532/4364/34 2412/4179/35
f 2406/4365/2405 2528/4320/2382 2403/4322/2382
f 2534/4330/2387 2527/4315/2379 2517/4317/2379
f 2531/4366/34 2527/4312/2303 2533/4332/34
f 2534/4367/34 2516/4298/2303 2535/4334/34
f 2428/4220/2324 2547/4368/31 2546/4350/31
f 2548/4353/2400 2442/4369/2321 2441/4209/2321
f 2550/4356/2402 2428/4197/2314 2546/4370/2402
f 2552/4359/2403 2417/4186/2308 2404/4188/2308
f 2552/4371/34 2403/4170/2303 2532/4364/34
f 2472/4372/2334 2443/4373/2406 2442/4240/2334
f 2545/4347/2397 2544/4346/2396 2554/4374/2407
f 2555/4375/2408 2379/4376/2409 2378/4377/2410
f 2557/4378/2411 2378/4377/2410 2496/4379/2412
f 2386/4149/2287 2379/4144/2282 2558/4380/2413
f 2540/4381/2414 2496/4382/2414 2541/4383/2414
f 2542/4384/2393 2560/4385/34 2561/4386/2415
f 2543/4387/2414 2557/4388/2414 2540/4381/2414
f 2542/4389/2416 2555/4375/2408 2557/4378/2411
f 2493/4390/2417 2556/4391/2418 2490/4392/2419
f 2455/4393/2420 2540/4394/2421 2495/4395/2422
f 2487/4396/2423 2498/4397/2424 2497/4398/2425
f 2497/4398/2425 2235/4399/2184 2487/4396/2423
f 2455/4393/2420 2494/4400/2426 2456/4401/2427
f 2535/4402/2428 2425/4403/2429 2550/4404/2428
f 2535/4402/2428 2430/4405/2430 2514/4406/2430
f 2514/4406/2430 2429/4407/2431 2511/4408/2431
f 2519/4409/2432 2425/4403/2429 2516/4410/2429
f 2507/4411/2433 2169/3961/2192 2269/4412/2192
f 2507/4411/2433 2422/4413/2434 2421/4414/2433
f 2396/4415/2435 2385/4416/2436 2563/4417/2437
f 2396/4418/2438 2397/4360/2404 2387/4362/2404
f 2563/4419/2439 2398/4163/2299 2397/4162/2298
f 2390/4155/2292 2383/4147/2285 2391/4420/2440
f 2402/4167/2302 2393/4421/2441 2392/4157/2293
f 2394/4422/39 2383/4177/2304 2382/4361/39
f 2413/4423/63 2409/4180/2305 2414/4182/63
f 2413/4184/2307 2419/4189/2310 2410/4191/2310
f 2422/4424/2313 2432/4200/2316 2423/4193/2313
f 2439/4245/2338 2434/4202/2317 2433/4204/2317
f 2440/4206/2320 2433/4425/2322 2445/4212/2322
f 2432/4223/2304 2447/4426/37 2423/4215/37
f 2453/4224/2305 2489/4427/63 2488/4263/63
f 2464/4233/2329 2467/4236/2331 2466/4238/2331
f 2402/4428/2342 2476/4246/2339 2479/4251/2342
f 2460/4228/2326 2480/4252/2343 2467/4254/2345
f 2483/4255/2346 2380/4260/2349 2390/4429/2346
f 2494/4267/2353 2483/4430/2442 2498/4274/2359
f 2479/4276/2361 2501/4282/2367 2500/4277/2362
f 2506/4431/2443 2480/4287/2372 2459/4290/2374
f 2509/4432/63 2511/4296/2305 2510/4292/63
f 2412/4325/2384 2520/4301/2376 2409/4303/2376
f 2521/4433/63 2524/4309/36 2523/4305/63
f 2509/4319/2381 2524/4326/2385 2512/4328/2385
f 2489/4434/2444 2494/4400/2426 2498/4397/2424
f 2510/4435/2434 2429/4407/2431 2422/4413/2434
f 2564/4436/2445 2503/4437/2446 2506/4438/2447
f 2504/4439/2448 2567/4440/2449 2536/4441/2450
f 2565/4442/2451 2504/4439/2448 2503/4437/2446
f 2505/4443/2452 2316/3999/2214 2568/4444/2453
f 2568/4444/2453 2506/4438/2447 2505/4443/2452
f 2500/4277/2362 2565/4442/2451 2564/4436/2445
f 2566/4445/2454 2539/4338/2390 2567/4440/2449
f 2501/4282/2367 2566/4445/2454 2565/4442/2451
f 2568/4444/2453 2249/3816/2122 2499/4275/2360
f 2568/4444/2453 2500/4277/2362 2564/4436/2445
f 2363/4128/2277 2570/4446/2401 2569/4447/2401
f 2475/4448/2329 2572/4449/2331 2434/4450/2331
f 2373/4451/2455 2574/4452/2456 2554/4453/2457
f 2471/4454/2397 2574/4455/2458 2472/4456/2459
f 2435/4457/2460 2575/4458/2397 2471/4454/2397
f 2572/4449/2331 2435/4457/2460 2434/4450/2331
f 2577/4459/2330 2579/4460/2328 2474/4461/2328
f 2579/4460/2328 2475/4448/2329 2474/4461/2328
f 2366/4355/2401 2356/4126/2277 2580/4462/2461
f 2356/4126/2277 2581/4463/2401 2580/4462/2461
f 2359/4125/2277 2582/4464/2401 2581/4463/2401
f 2360/4129/2277 2569/4447/2401 2582/4464/2401
f 2370/4465/2462 2539/4466/2463 2371/4467/2464
f 2537/4468/2465 2369/4469/2466 2368/4470/2467
f 2369/4469/2466 2567/4471/2468 2370/4465/2462
f 2539/4466/2463 2375/4472/2469 2371/4467/2464
f 2374/4473/2470 2537/4468/2465 2368/4470/2467
f 2384/4150/2288 2365/4474/2471 2385/4148/2286
f 2583/4475/2472 2574/4476/2456 2573/4477/2473
f 2472/4456/2459 2584/4478/2474 2553/4479/2474
f 2374/4473/2470 2554/4453/2457 2544/4480/2475
f 2571/4481/2329 2466/4238/2331 2572/4449/2331
f 2575/4458/2397 2554/4374/2407 2574/4455/2458
f 2583/4482/2461 2372/4138/2277 2549/4354/2401
f 2576/4483/2332 2545/4347/2397 2575/4458/2397
f 2466/4238/2331 2576/4483/2332 2572/4449/2331
f 2578/4484/2330 2463/4231/2328 2579/4460/2328
f 2579/4460/2328 2464/4233/2329 2571/4481/2329
f 2573/4485/2476 2373/4137/2277 2372/4138/2277
f 2465/4486/2477 2585/4487/2478 2461/4488/2479
f 2329/4048/2243 2578/4484/2330 2577/4459/2330
f 2328/4049/2243 2465/4234/2330 2578/4484/2330
f 2462/4489/2327 2256/4051/2244 2458/4227/2325
f 2329/4053/2094 2473/4242/2336 2218/4054/2094
f 2577/4490/2336 2438/4243/2337 2473/4242/2336
f 2462/4491/2051 2332/4057/2051 2331/4492/2051
f 2334/4059/2245 2586/4493/2480 2585/4494/2481
f 2585/4487/2478 2462/4495/2482 2461/4488/2479
f 2330/4063/2249 2585/4494/2481 2465/4496/2483
f 2587/4497/2484 2419/4498/2485 2416/4499/2484
f 2587/4500/2486 2590/4501/2487 2588/4502/2487
f 2591/4503/2488 2417/4504/2489 2551/4505/2488
f 2446/4506/2490 2594/4507/2491 2445/4508/2491
f 2595/4509/2492 2551/4505/2488 2420/4510/2492
f 2590/4501/2487 2595/4511/2493 2588/4502/2487
f 2588/4512/2485 2420/4510/2492 2419/4498/2485
f 2440/4513/2494 2598/4514/2495 2437/4515/2495
f 2417/4504/2489 2599/4516/2496 2418/4517/2497
f 2548/4518/2498 2593/4519/2490 2446/4506/2490
f 2161/4091/2075 2601/4520/2499 2415/4521/2499
f 2602/4522/2500 2587/4500/2486 2601/4523/2500
f 2415/4521/2499 2587/4497/2484 2416/4499/2484
f 2597/4524/2501 2590/4525/2502 2589/4526/2501
f 2603/4527/2503 2604/4528/2504 2605/4529/2504
f 2596/4530/2505 2600/4531/2503 2603/4527/2503
f 2590/4525/2502 2593/4532/2505 2596/4530/2505
f 2605/4529/2504 2606/4533/2504 2607/4534/2504
f 2355/4107/2271 2598/4535/2506 2602/4536/2506
f 2598/4535/2506 2589/4526/2501 2602/4536/2506
f 2605/4537/2507 2599/4538/2508 2592/4539/2507
f 2594/4507/2491 2440/4513/2494 2445/4508/2491
f 2444/4540/2509 2604/4541/2510 2441/4542/2510
f 2591/4543/2511 2605/4537/2507 2592/4539/2507
f 2355/4119/2275 2601/4523/2500 2349/4118/2275
f 2604/4541/2510 2548/4518/2498 2441/4542/2510
f 2437/4515/2495 2354/4544/2276 2186/4121/2276
f 2596/4545/2493 2591/4543/2511 2595/4511/2493
f 2609/4546/2305 2488/4263/63 2608/4547/63
f 2559/4548/2393 2454/4342/35 2610/4549/35
f 2608/4547/63 2486/4262/143 2611/4550/143
f 2486/4262/143 2612/4551/2051 2611/4550/143
f 2609/4546/2305 2454/4342/35 2453/4224/2305
f 2238/3800/2058 2614/4552/2057 2613/4553/2058
f 2200/3760/2056 2309/4554/2155 2615/4555/2056
f 2233/3799/2050 2613/4553/2058 2616/4556/2050
f 2612/4551/2051 2233/3799/2050 2616/4556/2050
f 2614/4552/2057 2200/3760/2056 2615/4555/2056
f 2561/4557/2512 2556/4391/2418 2555/4375/2408
f 2561/4386/2415 2491/4558/2513 2490/4264/2350
f 2307/3939/2177 2305/3926/2171 2239/3941/2178
f 2307/4559/2514 2240/3803/2110 2308/3934/2149
f 2305/3926/2171 2040/4560/2022 2044/4561/2515
f 2556/4391/2418 2558/4562/2516 2379/4376/2409
f 2618/4563/2517 2620/4564/2517 2617/4565/2517
f 2622/4566/2518 2624/4567/2517 2621/4568/2517
f 2621/4568/2517 2619/4569/2517 2618/4563/2517
f 2625/4570/2518 2623/4571/2518 2622/4566/2518
f 2617/4565/2517 2627/4572/2517 2366/4573/2401
f 2619/4569/2517 2629/4574/2517 2620/4564/2517
f 2623/4571/2518 2631/4575/2517 2624/4567/2517
f 2624/4567/2517 2628/4576/2517 2619/4569/2517
f 2627/4572/2517 2634/4577/2517 2632/4578/2517
f 2626/4579/2519 2630/4580/2517 2623/4571/2518
f 2620/4564/2517 2633/4581/2517 2627/4572/2517
f 2636/4582/2520 2638/4583/2521 2639/4584/2522
f 2640/4585/2523 2642/4586/2524 2643/4587/2525
f 2386/4588/2287 2644/4589/2526 2384/4590/2288
f 2643/4587/2525 2645/4591/2527 2639/4592/2528
f 2647/4593/2529 2649/4594/2530 2646/4595/2530
f 2646/4595/2530 2650/4596/2531 2651/4597/2532
f 2652/4598/2533 2654/4599/2534 2655/4600/2535
f 2639/4592/2528 2656/4601/2536 2636/4602/2536
f 2653/4603/2537 2658/4604/2538 2654/4599/2534
f 2659/4605/2539 2661/4606/2540 2662/4607/2540
f 2659/4605/2539 2664/4608/2541 2660/4609/2539
f 2406/4610/2542 2666/4611/2542 2665/4612/2542
f 2668/4613/407 2670/4614/2543 2667/4615/2543
f 2648/4616/2544 2660/4617/393 2649/4618/393
f 2649/4618/393 2664/4619/304 2650/4620/304
f 2650/4620/304 2655/4621/303 2641/4622/303
f 2672/4623/301 2674/4624/302 2671/4625/302
f 2675/4626/326 2669/4627/407 2668/4613/407
f 2669/4628/2545 2677/4629/2546 2678/4630/2545
f 2678/4630/2545 2670/4631/2547 2669/4628/2545
f 2405/4632/2309 2680/4633/2548 2666/4634/2548
f 2673/4635/2549 2682/4636/2550 2674/4637/2550
f 2684/4638/2551 2686/4639/2552 2683/4640/2551
f 2683/4640/2551 2688/4641/2553 2684/4638/2551
f 2690/4642/2554 2426/4643/2554 2689/4644/2555
f 2692/4645/2556 2694/4646/2557 2691/4647/2556
f 2696/4648/2558 2698/4649/2559 2695/4650/2559
f 2699/4651/2560 2701/4652/2561 2702/4653/2560
f 2702/4653/2560 2704/4654/2562 2699/4651/2560
f 2705/4655/2563 2443/4656/2564 2706/4657/2563
f 2708/4658/2565 2695/4659/2566 2707/4660/2566
f 2709/4661/393 2685/4662/304 2684/4663/393
f 2688/4664/2544 2709/4661/393 2684/4663/393
f 2712/4665/2567 2427/4666/2567 2690/4667/2567
f 2713/4668/303 2693/4669/305 2692/4670/303
f 2715/4671/302 2717/4672/301 2718/4673/301
f 2720/4674/2568 2722/4675/2569 2719/4676/2569
f 2722/4675/2569 2724/4677/2570 2719/4676/2569
f 2725/4678/2571 2720/4679/2572 2719/4680/2571
f 2719/4680/2571 2727/4681/2573 2725/4678/2571
f 2729/4682/2574 2731/4683/2575 2728/4684/2575
f 2706/4685/2576 2734/4686/2577 2732/4687/2578
f 2735/4688/2579 2703/4689/2580 2702/4690/2581
f 2701/4691/2582 2738/4692/2581 2702/4690/2581
f 2739/4693/2583 2653/4694/2584 2652/4695/2585
f 2659/4696/393 2742/4697/2544 2741/4698/393
f 2743/4699/2586 2659/4696/393 2741/4698/393
f 2730/4700/2587 2745/4701/2588 2731/4702/2589
f 2646/4703/393 2747/4704/2590 2746/4705/393
f 2748/4706/2544 2646/4703/393 2746/4705/393
f 2749/4707/2591 2643/4708/2592 2750/4709/2593
f 2752/4710/2543 2754/4711/407 2751/4712/407
f 2754/4711/407 2756/4713/326 2751/4712/407
f 2757/4714/2594 2492/4715/2595 2758/4716/2596
f 2759/4717/2597 2750/4718/2598 2760/4719/2599
f 2639/4584/2522 2761/4720/2600 2643/4708/2592
f 2762/4721/2601 2748/4722/2602 2746/4723/2603
f 2746/4723/2603 2764/4724/2604 2762/4721/2601
f 2765/4725/2605 2743/4726/2606 2741/4727/2607
f 2765/4725/2605 2742/4728/2608 2767/4729/2609
f 2635/4730/2610 2657/4731/2611 2653/4694/2584
f 2626/4732/2612 2644/4589/2526 2657/4731/2611
f 2768/4733/2613 2740/4734/2614 2739/4735/2615
f 2744/4736/2616 2771/4737/2617 2745/4738/2618
f 2772/4739/2619 2774/4740/2620 2722/4741/2619
f 2722/4741/2619 2775/4742/2621 2772/4739/2619
f 2777/4743/326 2779/4744/407 2776/4745/407
f 2781/4746/301 2783/4747/302 2780/4748/302
f 2784/4749/2622 2785/4750/2623 2786/4751/2622
f 2776/4745/407 2784/4752/2543 2787/4753/2543
f 2788/4754/2542 2518/4755/2542 2789/4756/2542
f 2675/4757/2624 2791/4758/2625 2671/4759/2625
f 2792/4760/326 2793/4761/407 2785/4762/407
f 2795/4763/301 2791/4764/302 2794/4765/302
f 2785/4762/407 2797/4766/2543 2786/4767/2543
f 2530/4768/2542 2799/4769/2542 2798/4770/2542
f 2667/4771/2626 2793/4772/2627 2668/4773/2627
f 2518/4774/2380 2798/4775/2628 2789/4776/2628
f 2778/4777/2629 2785/4750/2623 2779/4778/2623
f 2800/4779/2630 2799/4780/2631 2665/4781/2631
f 2675/4757/2624 2793/4772/2627 2790/4782/2624
f 2672/4783/2632 2801/4784/2630 2800/4779/2630
f 2782/4785/2633 2794/4786/2634 2783/4787/2634
f 2782/4785/2633 2803/4788/2635 2795/4789/2633
f 2803/4790/300 2796/4791/301 2795/4763/301
f 2804/4792/300 2782/4793/301 2781/4746/301
f 2744/4736/2616 2806/4794/2636 2770/4795/2637
f 2769/4796/2638 2808/4797/2639 2740/4734/2614
f 2760/4719/2599 2809/4798/2640 2810/4799/2641
f 2717/4672/301 2812/4800/2642 2718/4673/301
f 2750/4709/2593 2761/4720/2600 2809/4801/2643
f 2740/4802/2644 2635/4730/2610 2653/4694/2584
f 2732/4687/2578 2697/4803/2558 2696/4648/2558
f 2729/4682/2574 2814/4804/2645 2730/4805/2574
f 2730/4700/2587 2805/4806/2646 2744/4807/2647
f 2714/4808/305 2816/4809/299 2693/4669/305
f 2708/4658/2565 2732/4810/2648 2696/4811/2565
f 2549/4812/2401 2627/4572/2517 2632/4578/2517
f 2694/4646/2557 2816/4813/2649 2818/4814/2649
f 2819/4815/2650 2681/4816/2549 2673/4635/2549
f 2642/4817/305 2658/4818/2651 2645/4819/2651
f 2800/4820/300 2673/4821/301 2672/4623/301
f 2406/4822/2405 2799/4780/2631 2529/4823/2405
f 2802/4824/2635 2798/4775/2628 2803/4788/2635
f 2798/4770/2542 2801/4825/300 2803/4790/300
f 2788/4754/2542 2802/4826/300 2804/4792/300
f 2815/4827/299 2690/4667/2567 2816/4809/299
f 2705/4655/2563 2732/4810/2648 2817/4828/2648
f 2818/4814/2649 2690/4642/2554 2689/4644/2555
f 2819/4815/2650 2680/4633/2548 2820/4829/2650
f 2665/4612/2542 2819/4830/300 2800/4820/300
f 2733/4831/2652 2443/4832/2576 2553/4833/2576
f 2813/4834/2653 2821/4835/2654 2814/4804/2645
f 2822/4836/2655 2637/4837/2656 2823/4838/2657
f 2824/4839/2658 2638/4840/2659 2822/4836/2655
f 2386/4588/2287 2637/4841/2660 2636/4582/2520
f 2810/4842/2661 2761/4843/2661 2824/4844/2661
f 2812/4845/2642 2826/4846/300 2827/4847/2642
f 2811/4848/2661 2824/4844/2661 2812/4849/2661
f 2812/4850/2662 2822/4836/2655 2825/4851/2663
f 2823/4838/2657 2493/4852/2417 2757/4853/2664
f 2717/4854/2665 2810/4855/2666 2811/4856/2666
f 2754/4857/2667 2764/4858/2668 2755/4859/2669
f 2753/4860/2670 2762/4861/2671 2754/4857/2667
f 2759/4862/2672 2717/4854/2665 2716/4863/2673
f 2804/4864/2674 2689/4865/2675 2788/4866/2675
f 2694/4867/2676 2804/4864/2674 2781/4868/2676
f 2691/4869/2677 2781/4868/2676 2780/4870/2677
f 2689/4865/2675 2519/4871/2432 2788/4866/2675
f 2776/4872/2678 2687/4873/2679 2683/4874/2678
f 2776/4872/2678 2686/4875/2680 2777/4876/2680
f 2644/4877/2681 2656/4878/2682 2828/4879/2683
f 2658/4818/2651 2656/4880/2684 2645/4819/2651
f 2657/4881/2685 2828/4882/2686 2658/4604/2538
f 2651/4597/2532 2641/4883/2687 2640/4585/2523
f 2663/4884/2688 2655/4600/2535 2664/4608/2541
f 2641/4622/303 2654/4885/305 2642/4817/305
f 2671/4625/302 2676/4886/326 2675/4626/326
f 2676/4887/2546 2682/4636/2550 2677/4629/2546
f 2686/4639/2552 2692/4645/2556 2691/4647/2556
f 2701/4691/2582 2698/4649/2559 2737/4888/2582
f 2707/4660/2566 2701/4652/2561 2700/4889/2561
f 2710/4890/304 2692/4670/303 2685/4662/304
f 2755/4891/2689 2715/4671/302 2756/4713/326
f 2726/4892/2572 2731/4683/2575 2720/4679/2572
f 2739/4693/2583 2663/4893/2586 2743/4699/2586
f 2720/4674/2568 2745/4701/2588 2721/4894/2690
f 2651/4895/2590 2749/4707/2591 2747/4704/2590
f 2747/4896/2691 2759/4717/2597 2764/4724/2604
f 2768/4733/2613 2743/4726/2606 2766/4897/2692
f 2745/4738/2618 2775/4742/2621 2721/4898/2621
f 2780/4748/302 2778/4899/326 2777/4743/326
f 2672/4783/2632 2791/4758/2625 2796/4900/2632
f 2794/4765/302 2790/4901/326 2792/4760/326
f 2778/4777/2629 2794/4786/2634 2792/4902/2629
f 2755/4859/2669 2759/4862/2672 2716/4863/2673
f 2777/4876/2680 2691/4869/2677 2780/4870/2677
f 2771/4903/2693 2830/4904/2694 2775/4905/2695
f 2770/4906/2696 2831/4907/2697 2832/4908/2698
f 2770/4906/2696 2829/4909/2699 2771/4903/2693
f 2772/4910/2700 2834/4911/2701 2773/4912/2702
f 2775/4905/2695 2833/4913/2703 2772/4910/2700
f 2829/4909/2699 2766/4897/2692 2830/4904/2694
f 2832/4908/2698 2807/4914/2704 2769/4796/2638
f 2832/4908/2698 2768/4733/2613 2829/4909/2699
f 2833/4913/2703 2767/4729/2609 2834/4911/2701
f 2833/4913/2703 2766/4897/2692 2765/4725/2605
f 2570/4915/2401 2622/4566/2518 2569/4916/2401
f 2737/4917/2572 2835/4918/2575 2836/4919/2572
f 2634/4920/2705 2837/4921/2706 2838/4922/2707
f 2734/4923/2653 2837/4924/2708 2839/4925/2653
f 2697/4926/2574 2839/4925/2653 2840/4927/2574
f 2697/4926/2574 2835/4918/2575 2698/4928/2575
f 2841/4929/2571 2843/4930/2573 2738/4931/2571
f 2737/4917/2572 2841/4929/2571 2738/4931/2571
f 2366/4573/2401 2580/4932/2461 2617/4565/2517
f 2581/4933/2401 2617/4565/2517 2580/4932/2461
f 2582/4934/2401 2618/4563/2517 2581/4933/2401
f 2569/4916/2401 2621/4568/2517 2582/4934/2401
f 2631/4935/2709 2807/4936/2710 2831/4937/2711
f 2628/4938/2712 2805/4939/2713 2629/4940/2714
f 2628/4938/2712 2831/4937/2711 2806/4941/2715
f 2807/4936/2710 2635/4942/2716 2808/4943/2717
f 2633/4944/2718 2805/4939/2713 2814/4945/2719
f 2644/4589/2526 2570/4946/2720 2384/4590/2288
f 2837/4947/2706 2583/4948/2721 2838/4949/2707
f 2844/4950/2722 2733/4951/2723 2553/4952/2722
f 2633/4944/2718 2821/4953/2724 2634/4920/2705
f 2836/4919/2572 2728/4684/2575 2726/4892/2572
f 2839/4925/2653 2821/4835/2654 2813/4834/2653
f 2583/4954/2461 2632/4578/2517 2838/4955/2517
f 2840/4927/2574 2813/4834/2653 2729/4682/2574
f 2840/4927/2574 2728/4684/2575 2835/4918/2575
f 2725/4678/2571 2842/4956/2573 2841/4929/2571
f 2836/4919/2572 2725/4678/2571 2841/4929/2571
f 2838/4955/2517 2632/4578/2517 2634/4577/2517
f 2727/4957/2725 2724/4958/2726 2845/4959/2727
f 2842/4956/2573 2847/4960/2728 2843/4930/2573
f 2727/4681/2573 2846/4961/2728 2842/4956/2573
f 2723/4962/2729 2774/4963/2730 2849/4964/2730
f 2735/4688/2579 2847/4965/2580 2736/4966/2580
f 2843/4967/2579 2702/4690/2581 2738/4692/2581
f 2723/4968/2543 2850/4969/2543 2851/4970/2543
f 2852/4971/2731 2851/4972/2732 2850/4973/2733
f 2723/4974/2734 2845/4959/2727 2724/4958/2726
f 2848/4975/2735 2845/4976/2736 2852/4971/2731
f 2677/4977/2737 2853/4978/2738 2854/4979/2737
f 2854/4980/2739 2855/4981/2740 2856/4982/2739
f 2680/4983/2563 2858/4984/2741 2820/4985/2741
f 2708/4986/2742 2859/4987/2743 2860/4988/2742
f 2681/4989/2744 2858/4984/2741 2861/4990/2744
f 2861/4991/2745 2855/4981/2740 2853/4992/2740
f 2682/4993/2738 2861/4990/2744 2853/4978/2738
f 2699/4994/2746 2864/4995/2747 2700/4996/2747
f 2418/4997/2563 2857/4998/2563 2680/4983/2563
f 2708/4986/2742 2865/4999/2748 2817/5000/2748
f 2678/5001/2560 2867/5002/2562 2679/5003/2562
f 2854/4980/2739 2868/5004/2749 2866/5005/2749
f 2677/4977/2737 2866/5006/2560 2678/5001/2560
f 2856/5007/2750 2859/5008/2751 2864/5009/2752
f 2869/5010/2753 2871/5011/2754 2865/5012/2753
f 2869/5010/2753 2860/5013/2755 2862/5014/2755
f 2862/5014/2755 2859/5008/2751 2855/5015/2751
f 2870/5016/2754 2606/5017/2754 2871/5011/2754
f 2863/5018/2756 2873/5019/2757 2868/5020/2756
f 2868/5020/2756 2864/5009/2752 2863/5018/2756
f 2599/5021/2508 2870/5022/2758 2857/5023/2758
f 2700/4996/2747 2859/4987/2743 2707/5024/2743
f 2444/5025/2509 2871/5026/2759 2606/5027/2509
f 2858/5028/2760 2870/5022/2758 2869/5029/2760
f 2866/5005/2749 2873/5030/2761 2867/5031/2761
f 2817/5000/2748 2871/5026/2759 2705/5032/2759
f 2704/5033/2762 2863/5034/2746 2699/4994/2746
f 2858/5028/2760 2862/5035/2745 2861/4991/2745
f 2875/5036/2763 2877/5037/2763 2874/5038/2763
f 2879/5039/2763 2881/5040/2764 2878/5041/2763
f 2876/5042/2763 2878/5041/2763 2877/5037/2763
f 2880/5043/2764 2883/5044/2764 2881/5040/2764
f 2874/5038/2763 2885/5045/2763 2875/5036/2763
f 2886/5046/2763 2876/5042/2763 2875/5036/2763
f 2888/5047/2763 2880/5043/2764 2879/5039/2763
f 2887/5048/2763 2879/5039/2763 2876/5042/2763
f 2891/5049/2763 2885/5045/2763 2890/5050/2763
f 2889/5051/2763 2882/5052/2765 2880/5043/2764
f 2892/5053/2763 2875/5036/2763 2885/5045/2763
f 2894/5054/2766 2896/5055/2767 2897/5056/2768
f 2898/5057/2769 2900/5058/2770 2901/5059/2771
f 2903/5060/2772 2904/5061/2773 2902/5062/2774
f 2899/5063/2775 2905/5064/2776 2900/5058/2770
f 2906/5065/2777 2648/5066/2529 2647/4593/2529
f 2908/5067/2778 2907/5068/2777 2906/5065/2777
f 2910/5069/2779 2912/5070/2780 2913/5071/2781
f 2895/5072/2782 2914/5073/2783 2905/5064/2776
f 2913/5071/2781 2915/5074/2784 2916/5075/2785
f 2917/5076/2786 2661/4606/2540 2918/5077/2786
f 2918/5077/2786 2920/5078/2787 2917/5076/2786
f 2922/5079/2788 2924/5080/2788 2921/5081/2788
f 2670/4614/2543 2926/5082/659 2667/4615/2543
f 2918/5083/646 2648/4616/2544 2907/5084/646
f 2919/5085/551 2907/5084/646 2909/5086/551
f 2911/5087/552 2909/5086/551 2901/5088/552
f 2928/5089/550 2930/5090/549 2927/5091/550
f 2925/5092/659 2932/5093/576 2926/5082/659
f 2933/5094/2789 2931/5095/2790 2925/5096/2789
f 2670/4631/2547 2933/5094/2789 2925/5096/2789
f 2935/5097/2791 2923/5098/2792 2922/5099/2791
f 2937/5100/2793 2929/5101/2794 2928/5102/2793
f 2939/5103/2795 2941/5104/2796 2942/5105/2795
f 2939/5103/2795 2688/4641/2553 2687/5106/2553
f 2944/5107/2797 2946/5108/2797 2943/5109/2797
f 2948/5110/2798 2950/5111/2799 2947/5112/2799
f 2952/5113/2800 2954/5114/2801 2951/5115/2800
f 2956/5116/2802 2958/5117/2803 2955/5118/2802
f 2955/5118/2802 2703/5119/2562 2956/5116/2802
f 2959/5120/2804 2961/5121/2804 2962/5122/2804
f 2963/5123/2805 2954/5124/2806 2964/5125/2806
f 2941/5126/551 2966/5127/646 2942/5128/646
f 2966/5127/646 2688/4664/2544 2942/5128/646
f 2945/5129/2807 2968/5130/2808 2946/5131/2808
f 2949/5132/553 2970/5133/552 2950/5134/552
f 2971/5135/550 2973/5136/549 2974/5137/550
f 2975/5138/2809 2977/5139/2810 2978/5140/2810
f 2979/5141/2811 2976/5142/2809 2975/5138/2809
f 2981/5143/2812 2978/5144/2813 2982/5145/2813
f 2983/5146/2814 2975/5147/2812 2981/5143/2812
f 2985/5148/2815 2987/5149/2816 2984/5150/2815
f 2989/5151/2817 2960/5152/2818 2988/5153/2819
f 2703/4689/2580 2991/5154/2820 2956/5155/2821
f 2956/5155/2821 2993/5156/2822 2957/5157/2822
f 2994/5158/2823 2913/5159/2824 2995/5160/2825
f 2742/4697/2544 2917/5161/646 2996/5162/646
f 2917/5161/646 2997/5163/2826 2996/5162/646
f 2998/5164/2827 2986/5165/2828 2985/5166/2829
f 3001/5167/2830 2906/5168/646 3000/5169/646
f 2906/5168/646 2748/4706/2544 3000/5169/646
f 3002/5170/2831 2899/5171/2832 2898/5172/2833
f 3005/5173/659 2752/4710/2543 3004/5174/659
f 3006/5175/576 3005/5173/659 3004/5174/659
f 3008/5176/2834 3010/5177/2835 3011/5178/2835
f 3012/5179/2836 3003/5180/2837 3002/5181/2838
f 2895/5182/2839 3014/5183/2840 2896/5055/2767
f 3000/5184/2841 2763/5185/2602 3015/5186/2841
f 3016/5187/2842 3000/5184/2841 3015/5186/2841
f 3017/5188/2843 2997/5189/2844 3018/5190/2845
f 3017/5188/2843 2742/4728/2608 2996/5191/2846
f 2893/5192/2847 2916/5193/2848 2882/5194/2849
f 2903/5060/2772 2882/5194/2849 2916/5193/2848
f 3019/5195/2850 2995/5196/2851 3020/5197/2852
f 3021/5198/2853 2999/5199/2854 2998/5200/2855
f 2976/5201/2856 2773/5202/2620 3023/5203/2856
f 3023/5203/2856 2977/5204/2857 2976/5201/2856
f 3026/5205/659 3028/5206/576 3025/5207/659
f 3030/5208/550 3032/5209/549 3029/5210/550
f 2786/4751/2622 3026/5211/2858 2784/4749/2622
f 2784/4752/2543 3025/5207/659 2787/4753/2543
f 3034/5212/2788 3036/5213/2788 3037/5214/2788
f 3038/5215/2859 2932/5216/2860 2927/5217/2859
f 3040/5218/659 3041/5219/576 3033/5220/659
f 3038/5221/550 3044/5222/549 3042/5223/550
f 2797/4766/2543 3033/5220/659 2786/4767/2543
f 3046/5224/2788 3048/5225/2788 3045/5226/2788
f 2926/5227/2861 2797/5228/2626 2667/4771/2626
f 3045/5229/2862 3036/5230/2863 3035/5231/2862
f 3026/5211/2858 3041/5232/2864 3027/5233/2864
f 3046/5234/2865 3050/5235/2866 2921/5236/2865
f 3039/5237/2860 2926/5227/2861 2932/5216/2860
f 3049/5238/2866 2930/5239/2867 3050/5235/2866
f 3042/5240/2868 3031/5241/2869 3030/5242/2868
f 3031/5241/2869 3051/5243/2870 3052/5244/2870
f 3043/5245/549 3051/5246/548 3044/5222/549
f 3031/5247/549 3053/5248/548 3032/5209/549
f 2999/5199/2854 3054/5249/2871 3055/5250/2871
f 3020/5197/2852 3056/5251/2872 3057/5252/2873
f 3013/5253/2874 3059/5254/2875 3003/5180/2837
f 3060/5255/2876 2973/5136/549 2972/5256/549
f 3003/5257/2877 3014/5183/2840 2899/5171/2832
f 2995/5160/2825 2893/5192/2847 3056/5258/2878
f 2953/5259/2801 2988/5153/2819 2954/5114/2801
f 2987/5149/2816 3062/5260/2879 3063/5261/2880
f 2986/5165/2828 3055/5262/2881 3062/5263/2882
f 3064/5264/545 2969/5265/553 2949/5132/553
f 2964/5125/2806 2988/5266/2883 3066/5267/2883
f 3067/5268/2884 2885/5045/2763 2884/5269/2884
f 2948/5110/2798 3064/5270/2885 2949/5271/2798
f 2938/5272/2794 3070/5273/2886 2929/5101/2794
f 2915/5274/2887 2900/5275/553 2905/5276/2887
f 2929/5277/549 3050/5278/548 2930/5090/549
f 2924/5279/2888 3046/5234/2865 2921/5236/2865
f 3052/5244/2870 3045/5229/2862 3035/5231/2862
f 3049/5280/548 3045/5226/2788 3051/5246/548
f 3052/5281/548 3034/5212/2788 3053/5248/548
f 2946/5131/2808 3065/5282/545 3064/5264/545
f 3066/5267/2883 2960/5283/2804 2959/5120/2804
f 3068/5284/2885 2946/5108/2797 3064/5270/2885
f 3070/5273/2886 2935/5097/2791 2922/5099/2791
f 3070/5285/548 2921/5081/2788 3050/5278/548
f 2990/5286/2818 2961/5287/2889 2960/5152/2818
f 3063/5261/2880 3062/5260/2879 3072/5288/2890
f 3073/5289/2891 2897/5290/2892 2896/5291/2893
f 3075/5292/2894 2896/5291/2893 3014/5293/2895
f 2904/5061/2773 2897/5056/2768 3076/5294/2896
f 3058/5295/2897 3014/5296/2897 3059/5297/2897
f 3060/5298/2876 3078/5299/548 3079/5300/2898
f 3061/5301/2897 3075/5302/2897 3058/5295/2897
f 3060/5303/2899 3073/5289/2891 3075/5292/2894
f 3011/5304/2900 3074/5305/2901 3008/5306/2902
f 2973/5307/2903 3058/5308/2904 3013/5309/2905
f 3005/5310/2906 3016/5311/2907 3015/5312/2908
f 3015/5312/2908 2753/4860/2670 3005/5310/2906
f 2973/5307/2903 3012/5313/2909 2974/5314/2910
f 3053/5315/2911 2943/5316/2912 3068/5317/2911
f 3053/5315/2911 2948/5318/2913 3032/5319/2913
f 3032/5319/2913 2947/5320/2914 3029/5321/2914
f 3037/5322/2915 2943/5316/2912 3034/5323/2912
f 2939/5324/2916 2787/5325/2679 3025/5326/2916
f 3025/5326/2916 2940/5327/2917 2939/5324/2916
f 2914/5328/2918 2903/5329/2918 3081/5330/2919
f 2914/5331/2920 2915/5274/2887 2905/5276/2887
f 3081/5332/2921 2916/5075/2785 2915/5074/2784
f 2908/5067/2778 2901/5059/2771 2909/5333/2778
f 2920/5078/2787 2911/5334/2922 2910/5069/2779
f 2912/5335/553 2901/5088/552 2900/5275/553
f 2931/5336/576 2927/5091/550 2932/5093/576
f 2931/5095/2790 2937/5100/2793 2928/5102/2793
f 2940/5337/2796 2950/5111/2799 2941/5104/2796
f 2957/5157/2822 2952/5113/2800 2951/5115/2800
f 2958/5117/2803 2951/5338/2805 2963/5123/2805
f 2950/5134/552 2965/5339/551 2941/5126/551
f 2971/5135/550 3007/5340/2923 3006/5175/576
f 2982/5145/2813 2985/5148/2815 2984/5150/2815
f 2920/5341/2826 2994/5158/2823 2997/5163/2826
f 2978/5140/2810 2998/5164/2827 2985/5166/2829
f 3002/5170/2831 2908/5342/2830 3001/5167/2830
f 3012/5179/2836 3001/5343/2924 3016/5187/2842
f 2997/5189/2844 3019/5195/2850 3018/5190/2845
f 3024/5344/2925 2998/5200/2855 2977/5204/2857
f 3027/5345/576 3029/5210/550 3028/5206/576
f 2930/5239/2867 3038/5215/2859 2927/5217/2859
f 3039/5346/576 3042/5223/550 3041/5219/576
f 3027/5233/2864 3042/5240/2868 3030/5242/2868
f 3007/5347/2926 3012/5313/2909 3016/5311/2907
f 3028/5348/2917 2947/5320/2914 2940/5327/2917
f 3082/5349/2927 3021/5350/2928 3024/5351/2929
f 3022/5352/2930 3085/5353/2931 3054/5354/2932
f 3083/5355/2933 3022/5352/2930 3021/5350/2928
f 3023/5356/2934 2834/4911/2701 3086/5357/2935
f 3086/5357/2935 3024/5351/2929 3023/5356/2934
f 3018/5190/2845 3083/5355/2933 3082/5349/2927
f 3084/5358/2936 3057/5252/2873 3085/5353/2931
f 3019/5195/2850 3084/5358/2936 3083/5355/2933
f 3086/5357/2935 2767/4729/2609 3017/5188/2843
f 3086/5357/2935 3018/5190/2845 3082/5349/2927
f 2881/5040/2764 3088/5359/2884 3087/5360/2884
f 2993/5361/2813 3090/5362/2815 2952/5363/2815
f 2891/5364/2937 3092/5365/2938 3072/5366/2939
f 2989/5367/2880 3092/5368/2940 2990/5369/2941
f 2953/5370/2942 3093/5371/2880 2989/5367/2880
f 3090/5362/2815 2953/5370/2942 2952/5363/2815
f 3095/5372/2814 3097/5373/2812 2992/5374/2812
f 2992/5374/2812 3089/5375/2813 2993/5361/2813
f 2884/5269/2884 2874/5038/2763 3098/5376/2884
f 2874/5038/2763 3099/5377/2884 3098/5376/2884
f 2877/5037/2763 3100/5378/2884 3099/5377/2884
f 2878/5041/2763 3087/5360/2884 3100/5378/2884
f 2888/5379/2943 3057/5380/2944 2889/5381/2945
f 3055/5382/2946 2887/5383/2947 2886/5384/2948
f 2887/5383/2947 3085/5385/2949 2888/5379/2943
f 3057/5380/2944 2893/5386/2950 2889/5381/2945
f 2892/5387/2951 3055/5382/2946 2886/5384/2948
f 2903/5060/2772 3088/5388/2952 2883/5389/2953
f 3101/5390/2954 3092/5391/2938 3091/5392/2955
f 2990/5369/2941 3102/5393/2956 3071/5394/2957
f 2892/5387/2951 3072/5366/2939 3062/5395/2958
f 3089/5375/2813 2984/5150/2815 3090/5362/2815
f 3093/5371/2880 3072/5288/2890 3092/5368/2940
f 3101/5396/2884 2890/5050/2763 3067/5268/2884
f 3094/5397/2942 3063/5261/2880 3093/5371/2880
f 2984/5150/2815 3094/5397/2942 3090/5362/2815
f 3096/5398/2814 2981/5143/2812 3097/5373/2812
f 2981/5143/2812 3089/5375/2813 3097/5373/2812
f 3091/5399/2763 2891/5049/2763 2890/5050/2763
f 2983/5400/2959 3103/5401/2960 2979/5402/2961
f 2847/4960/2728 3096/5398/2814 3095/5372/2814
f 2846/4961/2728 2983/5146/2814 3096/5398/2814
f 2980/5403/2811 2774/4963/2730 2976/5142/2809
f 2847/4965/2580 2991/5154/2820 2736/4966/2580
f 3095/5404/2820 2956/5155/2821 2991/5154/2820
f 2980/5405/2962 2850/4969/2543 2849/5406/2543
f 2852/4971/2731 3104/5407/2963 3103/5408/2964
f 3103/5401/2960 2980/5409/2965 2979/5402/2961
f 2848/4975/2735 3103/5408/2964 2983/5410/2966
f 3105/5411/2967 2937/5412/2805 2934/5413/2967
f 3105/5414/2968 3108/5415/2969 3106/5416/2969
f 3109/5417/2970 2935/5418/2971 3069/5419/2972
f 2964/5420/2973 3112/5421/2974 2963/5422/2974
f 3113/5423/2975 3069/5419/2972 2938/5424/2806
f 3108/5415/2969 3113/5425/2976 3106/5416/2969
f 3106/5426/2805 2938/5424/2806 2937/5412/2805
f 2958/5427/2977 3116/5428/2978 2955/5429/2978
f 2935/5418/2971 3117/5430/2979 2936/5431/2979
f 3118/5432/2980 2964/5420/2973 3066/5433/2980
f 2933/5434/2981 2867/5002/2562 3119/5435/2981
f 3119/5436/2982 3107/5437/2968 3105/5414/2968
f 3119/5435/2981 2934/5413/2967 2933/5434/2981
f 3115/5438/2983 3108/5439/2984 3107/5440/2983
f 3121/5441/2985 3122/5442/2986 3123/5443/2986
f 3114/5444/2987 3118/5445/2988 3121/5441/2985
f 3108/5439/2984 3111/5446/2987 3114/5444/2987
f 3123/5443/2986 3124/5447/2986 3125/5448/2986
f 2873/5019/2757 3116/5449/2989 3120/5450/2989
f 3116/5449/2989 3107/5440/2983 3120/5450/2989
f 3123/5451/2990 3117/5452/2991 3110/5453/2990
f 3112/5421/2974 2958/5427/2977 2963/5422/2974
f 2962/5454/2992 3122/5455/2993 2959/5456/2993
f 3109/5457/2994 3123/5451/2990 3110/5453/2990
f 2867/5031/2761 3120/5458/2982 3119/5436/2982
f 3122/5455/2993 3066/5433/2980 2959/5456/2993
f 2955/5429/2978 2872/5459/2762 2704/5033/2762
f 3113/5425/2976 3121/5460/2994 3109/5457/2994
f 3127/5461/550 3006/5175/576 3126/5462/576
f 3077/5463/2876 2972/5256/549 3128/5464/549
f 3126/5462/576 3004/5174/659 3129/5465/659
f 3004/5174/659 3130/5466/2543 3129/5465/659
f 3127/5461/550 2972/5256/549 2971/5135/550
f 2756/4713/326 3132/5467/302 3131/5468/326
f 2718/4673/301 2827/5469/2642 3133/5470/301
f 2751/4712/407 3131/5468/326 3134/5471/407
f 3130/5466/2543 2751/4712/407 3134/5471/407
f 3132/5467/302 2718/4673/301 3133/5470/301
f 3079/5472/2995 3074/5305/2901 3073/5289/2891
f 3079/5300/2898 3009/5473/2834 3008/5176/2834
f 2825/4851/2663 2823/4838/2657 2757/4853/2664
f 2825/5474/2996 2758/4716/2596 2826/4846/300
f 2823/4838/2657 2558/5475/2516 2562/5476/2997
f 3074/5305/2901 3076/5477/2998 2897/5290/2892
f 3136/5478/2999 3138/5479/2999 3135/5480/2999
f 3140/5481/2999 3142/5482/2999 3139/5483/2999
f 3139/5483/2999 3137/5484/2999 3136/5478/2999
f 3143/5485/2999 3141/5486/2999 3140/5481/2999
f 3135/5480/2999 3145/5487/2999 2884/5488/2884
f 3137/5484/2999 3147/5489/3000 3138/5479/2999
f 3141/5486/2999 3149/5490/3000 3142/5482/2999
f 3142/5482/2999 3146/5491/3000 3137/5484/2999
f 3145/5487/2999 3152/5492/3000 3150/5493/2999
f 3144/5494/3001 3148/5495/3000 3141/5486/2999
f 3138/5479/2999 3151/5496/2999 3145/5487/2999
f 3154/5497/3002 3156/5498/3003 3157/5499/3004
f 3158/5500/3005 3160/5501/3006 3161/5502/3007
f 2904/5503/2773 3162/5504/3008 2902/5505/2774
f 3161/5502/3007 3163/5506/3009 3157/5507/3010
f 3165/5508/3011 3167/5509/3012 3164/5510/3012
f 3164/5510/3012 3168/5511/3013 3169/5512/3014
f 3170/5513/3015 3172/5514/3016 3173/5515/3017
f 3157/5507/3010 3174/5516/3018 3154/5517/3019
f 3171/5518/3020 3176/5519/3021 3172/5514/3016
f 3178/5520/3022 3180/5521/3023 3177/5522/3022
f 3177/5522/3022 3182/5523/3024 3178/5520/3022
f 2924/5524/3025 3184/5525/3025 3183/5526/3025
f 3186/5527/905 3188/5528/3026 3185/5529/3026
f 3166/5530/3027 3178/5531/892 3167/5532/892
f 3167/5532/892 3182/5533/805 3168/5534/805
f 3168/5534/805 3173/5535/804 3159/5536/804
f 3190/5537/802 3192/5538/803 3189/5539/803
f 3193/5540/828 3187/5541/905 3186/5527/905
f 3187/5542/3028 3195/5543/3029 3196/5544/3028
f 3196/5544/3028 3188/5545/3030 3187/5542/3028
f 2923/5546/2792 3198/5547/3031 3184/5548/3031
f 3191/5549/3032 3200/5550/3033 3192/5551/3033
f 3201/5552/3034 3203/5553/3035 3204/5554/3035
f 3205/5555/3036 3202/5556/3034 3201/5552/3034
f 3208/5557/3037 2944/5558/3037 3207/5559/3037
f 3210/5560/3038 3212/5561/3039 3209/5562/3038
f 3214/5563/3040 3216/5564/3041 3213/5565/3041
f 3218/5566/3042 3220/5567/3043 3217/5568/3043
f 3220/5567/3043 3222/5569/3044 3217/5568/3043
f 3223/5570/3045 2961/5571/3046 3224/5572/3045
f 3225/5573/3047 3214/5574/3048 3213/5575/3047
f 3227/5576/892 3203/5577/805 3202/5578/892
f 3206/5579/3027 3227/5576/892 3202/5578/892
f 3230/5580/3049 2945/5581/3049 3208/5582/3049
f 3231/5583/804 3211/5584/806 3210/5585/804
f 3233/5586/803 3235/5587/802 3236/5588/802
f 3238/5589/3050 3240/5590/3051 3237/5591/3051
f 3240/5590/3051 3242/5592/3052 3237/5591/3051
f 3243/5593/3053 3238/5594/3054 3237/5595/3053
f 3237/5595/3053 3245/5596/3055 3243/5593/3053
f 3247/5597/3056 3249/5598/3057 3246/5599/3057
f 3224/5600/3058 3252/5601/3059 3250/5602/3060
f 3253/5603/3061 3221/5604/3062 3220/5605/3063
f 3219/5606/3064 3256/5607/3063 3220/5605/3063
f 3257/5608/3065 3171/5609/3066 3170/5610/3067
f 3177/5611/892 3260/5612/3027 3259/5613/892
f 3261/5614/3068 3177/5611/892 3259/5613/892
f 3248/5615/3069 3263/5616/3070 3249/5617/3071
f 3164/5618/892 3265/5619/3072 3264/5620/892
f 3266/5621/3027 3164/5618/892 3264/5620/892
f 3267/5622/3073 3161/5623/3074 3268/5624/3075
f 3270/5625/3026 3272/5626/905 3269/5627/905
f 3272/5626/905 3274/5628/828 3269/5627/905
f 3275/5629/3076 3010/5630/3077 3276/5631/3078
f 3277/5632/3079 3268/5633/3080 3278/5634/3081
f 3157/5499/3004 3279/5635/3082 3161/5623/3074
f 3281/5636/3083 3264/5637/3084 3280/5638/3085
f 3264/5637/3084 3282/5639/3086 3280/5638/3085
f 3283/5640/3087 3261/5641/3088 3259/5642/3089
f 3283/5640/3087 3260/5643/3090 3285/5644/3091
f 3153/5645/3092 3175/5646/3093 3171/5609/3066
f 3144/5647/3094 3162/5504/3008 3175/5646/3093
f 3286/5648/3095 3258/5649/3096 3257/5650/3097
f 3262/5651/3098 3289/5652/3099 3263/5653/3100
f 3290/5654/3101 3292/5655/3102 3240/5656/3101
f 3240/5656/3101 3293/5657/3103 3290/5654/3101
f 3295/5658/828 3297/5659/905 3294/5660/905
f 3299/5661/802 3301/5662/803 3298/5663/803
f 3302/5664/3104 3303/5665/3105 3304/5666/3104
f 3294/5660/905 3302/5667/3026 3305/5668/3026
f 3306/5669/3025 3036/5670/3025 3307/5671/3025
f 3193/5672/3106 3309/5673/3107 3189/5674/3107
f 3310/5675/828 3311/5676/905 3303/5677/905
f 3313/5678/802 3309/5679/803 3312/5680/803
f 3303/5677/905 3315/5681/3026 3304/5682/3026
f 3048/5683/3108 3317/5684/3025 3316/5685/3025
f 3185/5686/3109 3311/5687/3110 3186/5688/3110
f 3036/5689/2863 3316/5690/3111 3307/5691/3111
f 3297/5692/3105 3310/5693/3112 3303/5665/3105
f 3318/5694/3113 3317/5695/3114 3183/5696/3114
f 3186/5688/3110 3308/5697/3106 3193/5672/3106
f 3318/5694/3113 3314/5698/3115 3319/5699/3113
f 3300/5700/3116 3312/5701/3117 3301/5702/3117
f 3320/5703/3118 3313/5704/3116 3300/5700/3116
f 3321/5705/801 3314/5706/802 3313/5678/802
f 3322/5707/801 3300/5708/802 3299/5661/802
f 3262/5651/3098 3324/5709/3119 3288/5710/3120
f 3287/5711/3121 3326/5712/3122 3258/5649/3096
f 3278/5634/3081 3327/5713/3123 3328/5714/3123
f 3235/5587/802 3330/5715/3124 3236/5588/802
f 3268/5624/3075 3279/5635/3082 3327/5716/3125
f 3258/5717/3126 3153/5645/3092 3171/5609/3066
f 3250/5602/3060 3215/5718/3040 3214/5563/3040
f 3247/5597/3056 3332/5719/3127 3248/5720/3056
f 3248/5615/3069 3323/5721/3128 3262/5722/3129
f 3232/5723/806 3334/5724/800 3211/5584/806
f 3335/5725/3130 3214/5574/3048 3226/5726/3048
f 3067/5727/2884 3145/5487/2999 3150/5493/2999
f 3212/5561/3039 3334/5728/3131 3336/5729/3131
f 3191/5549/3032 3338/5730/3132 3199/5731/3032
f 3160/5732/806 3176/5733/3133 3163/5734/3133
f 3318/5735/801 3191/5736/802 3190/5537/802
f 2924/5737/2888 3317/5695/3114 3047/5738/2888
f 3320/5703/3118 3316/5690/3111 3321/5739/3118
f 3316/5685/3025 3319/5740/801 3321/5705/801
f 3306/5669/3025 3320/5741/801 3322/5707/801
f 3333/5742/800 3208/5582/3049 3334/5724/800
f 3223/5570/3045 3250/5743/3130 3335/5725/3130
f 3336/5729/3131 3208/5557/3037 3207/5559/3037
f 3337/5744/3132 3198/5547/3031 3338/5730/3132
f 3183/5526/3025 3337/5745/801 3318/5735/801
f 3251/5746/3134 2961/5747/3134 3071/5748/3134
f 3331/5749/3135 3339/5750/3136 3332/5719/3127
f 3340/5751/3137 3155/5752/3138 3341/5753/3139
f 3342/5754/3140 3156/5755/3141 3340/5751/3137
f 2904/5503/2773 3155/5756/3142 3154/5497/3002
f 3328/5757/3143 3279/5758/3143 3342/5759/3143
f 3330/5760/3124 3344/5761/801 3345/5762/3124
f 3329/5763/3143 3342/5759/3143 3330/5764/3143
f 3330/5765/3144 3340/5751/3137 3343/5766/3145
f 3341/5753/3139 3011/5767/2900 3275/5768/3146
f 3235/5769/3147 3328/5770/3148 3329/5771/3148
f 3272/5772/3149 3282/5773/3150 3273/5774/3151
f 3271/5775/3152 3280/5776/3153 3272/5772/3149
f 3277/5777/3154 3235/5769/3147 3234/5778/3155
f 3322/5779/3156 3207/5780/3157 3306/5781/3157
f 3212/5782/3158 3322/5779/3156 3299/5783/3158
f 3209/5784/3159 3299/5783/3158 3298/5785/3159
f 3207/5780/3157 3037/5786/2915 3306/5781/3157
f 3294/5787/3160 3205/5788/3161 3201/5789/3160
f 3294/5787/3160 3204/5790/3162 3295/5791/3162
f 3162/5792/3163 3174/5793/3163 3346/5794/3164
f 3176/5733/3133 3174/5795/3165 3163/5734/3133
f 3175/5796/3166 3346/5797/3167 3176/5519/3021
f 3169/5512/3014 3159/5798/3168 3158/5500/3005
f 3181/5799/3169 3173/5515/3017 3182/5523/3024
f 3159/5536/804 3172/5800/806 3160/5732/806
f 3189/5539/803 3194/5801/828 3193/5540/828
f 3194/5802/3029 3200/5550/3033 3195/5543/3029
f 3204/5554/3035 3210/5560/3038 3209/5562/3038
f 3219/5606/3064 3216/5564/3041 3255/5803/3064
f 3225/5573/3047 3219/5804/3042 3218/5566/3042
f 3228/5805/805 3210/5585/804 3203/5577/805
f 3273/5806/828 3233/5586/803 3274/5628/828
f 3244/5807/3054 3249/5598/3057 3238/5594/3054
f 3257/5608/3065 3181/5808/3068 3261/5614/3068
f 3238/5589/3050 3263/5616/3070 3239/5809/3050
f 3169/5810/3072 3267/5622/3073 3265/5619/3072
f 3265/5811/3170 3277/5632/3079 3282/5639/3086
f 3286/5648/3095 3261/5641/3088 3284/5812/3171
f 3263/5653/3100 3293/5657/3103 3239/5813/3172
f 3298/5663/803 3296/5814/828 3295/5658/828
f 3190/5815/3115 3309/5673/3107 3314/5698/3115
f 3312/5680/803 3308/5816/828 3310/5675/828
f 3296/5817/3112 3312/5701/3117 3310/5693/3112
f 3273/5774/3151 3277/5777/3154 3234/5778/3155
f 3295/5791/3162 3209/5784/3159 3298/5785/3159
f 3289/5818/3173 3348/5819/3174 3293/5820/3175
f 3288/5821/3176 3349/5822/3177 3350/5823/3178
f 3288/5821/3176 3347/5824/3179 3289/5818/3173
f 3290/5825/3180 3352/5826/3181 3291/5827/3182
f 3293/5820/3175 3351/5828/3183 3290/5825/3180
f 3347/5824/3179 3284/5812/3171 3348/5819/3174
f 3350/5823/3178 3325/5829/3184 3287/5711/3121
f 3350/5823/3178 3286/5648/3095 3347/5824/3179
f 3351/5828/3183 3285/5644/3091 3352/5826/3181
f 3351/5828/3183 3284/5812/3171 3283/5640/3087
f 3088/5830/2884 3140/5481/2999 3087/5831/2884
f 3255/5832/3054 3353/5833/3057 3354/5834/3054
f 3152/5835/3185 3355/5836/3186 3356/5837/3187
f 3252/5838/3135 3355/5839/3188 3357/5840/3189
f 3215/5841/3056 3357/5840/3189 3358/5842/3056
f 3215/5841/3056 3353/5833/3057 3216/5843/3057
f 3359/5844/3053 3361/5845/3055 3256/5846/3190
f 3255/5832/3054 3359/5844/3053 3256/5846/3190
f 2884/5488/2884 3098/5847/2884 3135/5480/2999
f 3099/5848/2884 3135/5480/2999 3098/5847/2884
f 3100/5849/2884 3136/5478/2999 3099/5848/2884
f 3087/5831/2884 3139/5483/2999 3100/5849/2884
f 3149/5850/3191 3325/5851/3192 3349/5852/3193
f 3146/5853/3194 3323/5854/3195 3147/5855/3196
f 3146/5853/3194 3349/5852/3193 3324/5856/3197
f 3325/5851/3192 3153/5857/3198 3326/5858/3198
f 3151/5859/3199 3323/5854/3195 3332/5860/3200
f 3143/5861/3201 2902/5505/2774 3162/5504/3008
f 3355/5862/3186 3101/5863/3202 3356/5864/3187
f 3362/5865/3203 3251/5866/3204 3071/5867/3203
f 3151/5859/3199 3339/5868/3205 3152/5835/3185
f 3354/5834/3054 3246/5599/3057 3244/5807/3054
f 3357/5840/3189 3339/5750/3136 3331/5749/3135
f 3101/5869/2884 3150/5493/2999 3356/5870/3206
f 3358/5842/3056 3331/5749/3135 3247/5597/3056
f 3358/5842/3056 3246/5599/3057 3353/5833/3057
f 3243/5593/3053 3360/5871/3055 3359/5844/3053
f 3354/5834/3054 3243/5593/3053 3359/5844/3053
f 3356/5870/3206 3150/5493/2999 3152/5492/3000
f 3245/5872/3207 3242/5873/3208 3363/5874/3209
f 3360/5871/3055 3365/5875/3210 3361/5845/3055
f 3245/5596/3055 3364/5876/3210 3360/5871/3055
f 3241/5877/3052 3292/5878/3211 3367/5879/3211
f 3253/5603/3061 3365/5880/3062 3254/5881/3062
f 3361/5882/3061 3220/5605/3063 3256/5607/3063
f 3241/5883/3212 3368/5884/3212 3369/5885/3212
f 3370/5886/3213 3369/5887/3214 3368/5888/3215
f 3241/5889/3216 3363/5874/3209 3242/5873/3208
f 3366/5890/3217 3363/5891/3218 3370/5886/3213
f 3195/5892/3219 3371/5893/3220 3372/5894/3219
f 3372/5895/3221 3373/5896/3222 3374/5897/3221
f 3338/5898/3223 3375/5899/3046 3376/5900/3223
f 3226/5901/3224 3377/5902/3225 3378/5903/3224
f 3338/5898/3223 3379/5904/3226 3199/5905/3226
f 3379/5906/3227 3373/5896/3222 3371/5907/3222
f 3200/5908/3220 3379/5904/3226 3371/5893/3220
f 3218/5909/3228 3381/5910/3229 3382/5911/3228
f 3198/5912/3046 3117/5913/3045 3375/5899/3046
f 3335/5914/3230 3378/5903/3224 3383/5915/3230
f 3384/5916/3043 3197/5917/3231 3196/5918/3043
f 3372/5895/3221 3386/5919/3232 3384/5920/3232
f 3195/5892/3219 3384/5916/3043 3196/5918/3043
f 3373/5921/3233 3382/5922/3234 3374/5923/3234
f 3388/5924/3235 3383/5925/3236 3387/5926/3236
f 3387/5926/3236 3378/5927/3237 3380/5928/3237
f 3380/5928/3237 3377/5929/3233 3373/5921/3233
f 3388/5924/3235 3124/5930/3238 3389/5931/3235
f 3381/5932/3239 3391/5933/3240 3386/5934/3239
f 3374/5923/3234 3381/5932/3239 3386/5934/3239
f 3117/5935/2991 3388/5936/3241 3375/5937/3242
f 3218/5909/3228 3377/5902/3225 3225/5938/3225
f 2962/5939/2992 3389/5940/3243 3124/5941/2992
f 3376/5942/3244 3388/5936/3241 3387/5943/3244
f 3384/5920/3232 3391/5944/3245 3385/5945/3245
f 3335/5914/3230 3389/5940/3243 3223/5946/3243
f 3222/5947/3246 3381/5910/3229 3217/5948/3229
f 3376/5942/3244 3380/5949/3227 3379/5906/3227
f 3393/5950/3247 3395/5951/3247 3392/5952/3247
f 3397/5953/3247 3399/5954/3247 3396/5955/3247
f 3394/5956/3247 3396/5955/3247 3395/5951/3247
f 3398/5957/3248 3401/5958/3248 3399/5954/3247
f 3392/5952/3247 3403/5959/3247 3393/5950/3247
f 3404/5960/3247 3394/5956/3247 3393/5950/3247
f 3406/5961/3247 3398/5957/3248 3397/5953/3247
f 3405/5962/3247 3397/5953/3247 3394/5956/3247
f 3409/5963/3247 3403/5959/3247 3408/5964/3249
f 3407/5965/3247 3400/5966/3250 3398/5957/3248
f 3410/5967/3247 3393/5950/3247 3403/5959/3247
f 3412/5968/3251 3414/5969/3252 3415/5970/3253
f 3416/5971/3254 3418/5972/3255 3419/5973/3256
f 3421/5974/3257 3422/5975/3258 3420/5976/3259
f 3417/5977/3260 3423/5978/3261 3418/5972/3255
f 3424/5979/3262 3166/5980/3011 3165/5508/3011
f 3426/5981/3263 3425/5982/3262 3424/5979/3262
f 3428/5983/3264 3430/5984/3265 3431/5985/3266
f 3413/5986/3267 3432/5987/3268 3423/5978/3261
f 3431/5985/3266 3433/5988/3269 3434/5989/3270
f 3435/5990/3271 3179/5991/3023 3436/5992/3271
f 3436/5992/3271 3438/5993/3272 3435/5990/3271
f 3440/5994/3273 3442/5995/3273 3439/5996/3273
f 3188/5528/3026 3444/5997/1156 3185/5529/3026
f 3436/5998/1143 3166/5530/3027 3425/5999/1143
f 3437/6000/1050 3425/5999/1143 3427/6001/1050
f 3429/6002/1051 3427/6001/1050 3419/6003/1051
f 3446/6004/1049 3448/6005/1048 3445/6006/1049
f 3443/6007/1156 3450/6008/1075 3444/5997/1156
f 3451/6009/3274 3449/6010/3275 3443/6011/3274
f 3188/5545/3030 3451/6009/3274 3443/6011/3274
f 3453/6012/3276 3441/6013/3277 3440/6014/3276
f 3455/6015/3278 3447/6016/3279 3446/6017/3278
f 3457/6018/3280 3459/6019/3281 3460/6020/3280
f 3460/6020/3280 3205/5555/3036 3457/6018/3280
f 3462/6021/3282 3464/6022/3282 3461/6023/3282
f 3466/6024/3283 3468/6025/3284 3465/6026/3284
f 3470/6027/3285 3472/6028/3286 3469/6029/3285
f 3474/6030/3287 3476/6031/3288 3473/6032/3287
f 3473/6032/3287 3221/6033/3289 3474/6030/3287
f 3477/6034/3290 3479/6035/3290 3480/6036/3290
f 3481/6037/3291 3472/6038/3292 3482/6039/3292
f 3459/6040/1050 3484/6041/1143 3460/6042/1143
f 3484/6041/1143 3206/5579/3027 3460/6042/1143
f 3463/6043/3293 3486/6044/3293 3464/6045/3293
f 3467/6046/1052 3488/6047/1051 3468/6048/1051
f 3489/6049/1049 3491/6050/1048 3492/6051/1049
f 3493/6052/3294 3495/6053/3295 3496/6054/3295
f 3497/6055/3296 3494/6056/3294 3493/6052/3294
f 3499/6057/3297 3496/6058/3298 3500/6059/3298
f 3501/6060/3299 3493/6061/3297 3499/6057/3297
f 3503/6062/3300 3505/6063/3301 3502/6064/3300
f 3507/6065/3302 3478/6066/3303 3506/6067/3304
f 3221/5604/3062 3509/6068/3305 3474/6069/3306
f 3510/6070/3306 3475/6071/3307 3474/6069/3306
f 3512/6072/3308 3431/6073/3309 3513/6074/3310
f 3260/5612/3027 3435/6075/1143 3514/6076/1143
f 3435/6075/1143 3515/6077/3311 3514/6076/1143
f 3516/6078/3312 3504/6079/3313 3503/6080/3314
f 3519/6081/3315 3424/6082/1143 3518/6083/1143
f 3424/6082/1143 3266/5621/3027 3518/6083/1143
f 3520/6084/3316 3417/6085/3317 3416/6086/3318
f 3523/6087/1156 3270/5625/3026 3522/6088/1156
f 3524/6089/1075 3523/6087/1156 3522/6088/1156
f 3526/6090/3319 3528/6091/3320 3529/6092/3320
f 3530/6093/3321 3521/6094/3322 3520/6095/3321
f 3413/6096/3323 3532/6097/3324 3414/5969/3252
f 3518/6098/3325 3281/5636/3083 3533/6099/3326
f 3534/6100/3327 3518/6098/3325 3533/6099/3326
f 3535/6101/3328 3515/6102/3329 3536/6103/3330
f 3535/6101/3328 3260/5643/3090 3514/6104/3331
f 3411/6105/3332 3434/6106/3333 3400/6107/3334
f 3421/5974/3257 3400/6107/3334 3434/6106/3333
f 3537/6108/3335 3513/6109/3336 3538/6110/3337
f 3539/6111/3338 3517/6112/3339 3516/6113/3340
f 3494/6114/3341 3291/6115/3102 3541/6116/3341
f 3541/6116/3341 3495/6117/3342 3494/6114/3341
f 3544/6118/1156 3546/6119/1075 3543/6120/1156
f 3548/6121/1049 3550/6122/1048 3547/6123/1049
f 3304/5666/3104 3544/6124/3343 3302/5664/3104
f 3302/5667/3026 3543/6120/1156 3305/5668/3026
f 3552/6125/3273 3554/6126/3273 3555/6127/3273
f 3556/6128/3344 3450/6129/3345 3445/6130/3344
f 3558/6131/1156 3559/6132/1075 3551/6133/1156
f 3556/6134/1049 3562/6135/1048 3560/6136/1049
f 3315/5681/3026 3551/6133/1156 3304/5682/3026
f 3564/6137/3273 3566/6138/3273 3563/6139/3273
f 3444/6140/3346 3315/6141/3109 3185/5686/3109
f 3563/6142/3347 3554/6143/3348 3553/6144/3347
f 3551/6145/3343 3545/6146/3349 3544/6124/3343
f 3564/6147/3350 3568/6148/3351 3439/6149/3350
f 3450/6129/3345 3558/6150/3346 3444/6140/3346
f 3567/6151/3351 3448/6152/3352 3568/6148/3351
f 3560/6153/3353 3549/6154/3354 3548/6155/3353
f 3549/6154/3354 3569/6156/3355 3570/6157/3355
f 3561/6158/1048 3569/6159/1047 3562/6135/1048
f 3549/6160/1048 3571/6161/1047 3550/6122/1048
f 3517/6112/3339 3572/6162/3356 3573/6163/3356
f 3538/6110/3337 3574/6164/3357 3575/6165/3358
f 3531/6166/3359 3577/6167/3360 3521/6094/3322
f 3578/6168/3361 3491/6050/1048 3490/6169/1048
f 3521/6170/3362 3532/6097/3324 3417/6085/3317
f 3513/6074/3310 3411/6105/3332 3574/6171/3363
f 3471/6172/3286 3506/6067/3304 3472/6028/3286
f 3505/6063/3301 3580/6173/3364 3581/6174/3365
f 3504/6079/3313 3573/6175/3366 3580/6176/3367
f 3582/6177/1044 3487/6178/1052 3467/6046/1052
f 3472/6038/3292 3584/6179/3368 3482/6039/3292
f 3585/6180/3369 3403/5959/3247 3402/6181/3369
f 3586/6182/3370 3467/6183/3283 3466/6024/3283
f 3456/6184/3279 3588/6185/3371 3447/6016/3279
f 3433/6186/3372 3418/6187/1052 3423/6188/3372
f 3447/6189/1048 3568/6190/1047 3448/6005/1048
f 3442/6191/3373 3564/6147/3350 3439/6149/3350
f 3570/6157/3355 3563/6142/3347 3553/6144/3347
f 3567/6192/1047 3563/6139/3273 3569/6159/1047
f 3570/6193/1047 3552/6125/3273 3571/6161/1047
f 3464/6045/3293 3583/6194/1044 3582/6177/1044
f 3506/6195/3368 3477/6034/3290 3584/6179/3368
f 3586/6182/3370 3464/6022/3282 3582/6196/3370
f 3588/6185/3371 3453/6012/3276 3440/6014/3276
f 3588/6197/1047 3439/5996/3273 3568/6190/1047
f 3508/6198/3303 3479/6199/3374 3478/6066/3303
f 3581/6174/3365 3580/6173/3364 3590/6200/3375
f 3591/6201/3376 3415/6202/3377 3414/6203/3378
f 3593/6204/3379 3414/6203/3378 3532/6205/3380
f 3422/5975/3258 3415/5970/3253 3594/6206/3381
f 3576/6207/3382 3532/6208/3382 3577/6209/3382
f 3578/6210/3361 3596/6211/1047 3597/6212/3383
f 3579/6213/3382 3593/6214/3382 3576/6207/3382
f 3578/6215/3384 3591/6201/3376 3593/6204/3379
f 3529/6216/3385 3592/6217/3386 3526/6218/3387
f 3491/6219/3388 3576/6220/3389 3531/6221/3390
f 3523/6222/3391 3534/6223/3392 3533/6224/3393
f 3533/6224/3393 3271/5775/3152 3523/6222/3391
f 3491/6219/3388 3530/6225/3394 3492/6226/3395
f 3571/6227/3396 3461/6228/3397 3586/6229/3396
f 3571/6227/3396 3466/6230/3398 3550/6231/3398
f 3550/6231/3398 3465/6232/3399 3547/6233/3399
f 3555/6234/3400 3461/6228/3397 3552/6235/3397
f 3457/6236/3401 3305/6237/3161 3543/6238/3401
f 3546/6239/3402 3457/6236/3401 3543/6238/3401
f 3432/6240/3403 3421/6241/3403 3599/6242/3404
f 3432/6243/3405 3433/6186/3372 3423/6188/3372
f 3599/6244/3406 3434/5989/3270 3433/5988/3269
f 3426/5981/3263 3419/5973/3256 3427/6245/3407
f 3438/5993/3272 3429/6246/3408 3428/5983/3264
f 3430/6247/1052 3419/6003/1051 3418/6187/1052
f 3449/6248/1075 3445/6006/1049 3450/6008/1075
f 3449/6010/3275 3455/6015/3278 3446/6017/3278
f 3458/6249/3281 3468/6025/3284 3459/6019/3281
f 3475/6071/3307 3470/6027/3285 3469/6029/3285
f 3475/6250/3288 3481/6037/3291 3476/6031/3288
f 3468/6048/1051 3483/6251/1050 3459/6040/1050
f 3489/6049/1049 3525/6252/1075 3524/6089/1075
f 3500/6059/3298 3503/6062/3300 3502/6064/3300
f 3438/6253/3311 3512/6072/3308 3515/6077/3311
f 3496/6054/3295 3516/6078/3312 3503/6080/3314
f 3519/6081/3315 3416/6086/3318 3426/6254/3315
f 3530/6093/3321 3519/6255/3409 3534/6100/3327
f 3515/6102/3329 3537/6108/3335 3536/6103/3330
f 3542/6256/3410 3516/6113/3340 3495/6117/3342
f 3545/6257/1075 3547/6123/1049 3546/6119/1075
f 3448/6152/3352 3556/6128/3344 3445/6130/3344
f 3557/6258/1075 3560/6136/1049 3559/6132/1075
f 3545/6146/3349 3560/6153/3353 3548/6155/3353
f 3525/6259/3411 3530/6225/3394 3534/6223/3392
f 3546/6239/3402 3465/6232/3399 3458/6260/3402
f 3600/6261/3412 3539/6262/3413 3542/6263/3414
f 3540/6264/3415 3603/6265/3416 3572/6266/3417
f 3601/6267/3418 3540/6264/3415 3539/6262/3413
f 3541/6268/3419 3352/5826/3181 3604/6269/3420
f 3604/6269/3420 3542/6263/3414 3541/6268/3419
f 3536/6103/3330 3601/6267/3418 3600/6261/3412
f 3602/6270/3421 3575/6165/3358 3603/6265/3416
f 3537/6108/3335 3602/6270/3421 3601/6267/3418
f 3604/6269/3420 3285/5644/3091 3535/6101/3328
f 3604/6269/3420 3536/6103/3330 3600/6261/3412
f 3399/5954/3247 3606/6271/3369 3605/6272/3369
f 3511/6273/3298 3608/6274/3300 3470/6275/3300
f 3409/6276/3422 3610/6277/3423 3590/6278/3424
f 3507/6279/3365 3610/6280/3425 3508/6281/3426
f 3471/6282/3301 3611/6283/3427 3507/6279/3365
f 3608/6274/3300 3471/6282/3301 3470/6275/3300
f 3613/6284/3299 3615/6285/3297 3510/6286/3297
f 3510/6286/3297 3607/6287/3298 3511/6273/3298
f 3402/6181/3369 3392/5952/3247 3616/6288/3369
f 3392/5952/3247 3617/6289/3369 3616/6288/3369
f 3395/5951/3247 3618/6290/3369 3617/6289/3369
f 3396/5955/3247 3605/6272/3369 3618/6290/3369
f 3406/6291/3428 3575/6292/3429 3407/6293/3430
f 3573/6294/3431 3405/6295/3432 3404/6296/3433
f 3405/6295/3432 3603/6297/3434 3406/6291/3428
f 3575/6292/3429 3411/6298/3435 3407/6293/3430
f 3410/6299/3436 3573/6294/3431 3404/6296/3433
f 3421/5974/3257 3606/6300/3437 3401/6301/3438
f 3619/6302/3439 3610/6303/3423 3609/6304/3440
f 3508/6281/3426 3620/6305/3441 3589/6306/3442
f 3410/6299/3436 3590/6278/3424 3580/6307/3443
f 3607/6287/3298 3502/6064/3300 3608/6274/3300
f 3611/6283/3427 3590/6200/3375 3610/6280/3425
f 3619/6308/3369 3408/5964/3249 3585/6180/3369
f 3612/6309/3301 3581/6174/3365 3611/6283/3427
f 3502/6064/3300 3612/6309/3301 3608/6274/3300
f 3614/6310/3299 3499/6057/3297 3615/6285/3297
f 3499/6057/3297 3607/6287/3298 3615/6285/3297
f 3609/6311/3249 3409/5963/3247 3408/5964/3249
f 3501/6312/3444 3621/6313/3445 3497/6314/3446
f 3365/5875/3210 3614/6310/3299 3613/6284/3299
f 3364/5876/3210 3501/6060/3299 3614/6310/3299
f 3498/6315/3296 3292/5878/3211 3494/6056/3294
f 3365/5880/3062 3509/6068/3305 3254/5881/3062
f 3613/6316/3305 3474/6069/3306 3509/6068/3305
f 3498/6317/3212 3368/5884/3212 3367/6318/3212
f 3370/5886/3213 3622/6319/3447 3621/6320/3448
f 3621/6313/3445 3498/6321/3449 3497/6314/3446
f 3366/5890/3217 3621/6320/3448 3501/6322/3450
f 3623/6323/3451 3455/6324/3291 3452/6325/3451
f 3623/6326/3452 3626/6327/3453 3624/6328/3453
f 3627/6329/3454 3453/6330/3455 3587/6331/3454
f 3482/6332/3456 3630/6333/3457 3481/6334/3457
f 3631/6335/3292 3587/6331/3454 3456/6336/3292
f 3626/6327/3453 3631/6337/3458 3624/6328/3453
f 3624/6338/3291 3456/6336/3292 3455/6324/3291
f 3476/6339/3459 3634/6340/3460 3473/6341/3460
f 3453/6330/3455 3635/6342/3290 3454/6343/3290
f 3584/6344/3461 3629/6345/3456 3482/6332/3456
f 3197/5917/3231 3637/6346/3287 3451/6347/3287
f 3637/6348/3462 3625/6349/3452 3623/6326/3452
f 3451/6347/3287 3623/6323/3451 3452/6325/3451
f 3633/6350/3463 3626/6351/3464 3625/6352/3463
f 3636/6353/3465 3641/6354/3466 3639/6355/3465
f 3632/6356/3467 3636/6353/3465 3639/6355/3465
f 3626/6351/3464 3629/6357/3467 3632/6356/3467
f 3641/6354/3466 3642/6358/3468 3643/6359/3468
f 3638/6360/3469 3390/6361/3470 3634/6362/3469
f 3634/6362/3469 3625/6352/3463 3638/6360/3469
f 3641/6363/3471 3635/6364/3472 3628/6365/3471
f 3630/6333/3457 3476/6339/3459 3481/6334/3457
f 3480/6366/3473 3640/6367/3474 3477/6368/3474
f 3627/6369/3475 3641/6363/3471 3628/6365/3471
f 3385/5945/3245 3638/6370/3462 3637/6348/3462
f 3640/6367/3474 3584/6344/3461 3477/6368/3474
f 3473/6341/3460 3390/6371/3246 3222/5947/3246
f 3632/6372/3458 3627/6369/3475 3631/6337/3458
f 3645/6373/1049 3524/6089/1075 3644/6374/1075
f 3595/6375/3361 3490/6169/1048 3646/6376/1048
f 3644/6374/1075 3522/6088/1156 3647/6377/1156
f 3522/6088/1156 3648/6378/3026 3647/6377/1156
f 3645/6373/1049 3490/6169/1048 3489/6049/1049
f 3274/5628/828 3650/6379/803 3649/6380/828
f 3236/5588/802 3345/6381/3124 3651/6382/802
f 3269/5627/905 3649/6380/828 3652/6383/905
f 3648/6378/3026 3269/5627/905 3652/6383/905
f 3650/6379/803 3236/5588/802 3651/6382/802
f 3597/6384/3476 3592/6217/3386 3591/6201/3376
f 3597/6212/3383 3527/6385/3319 3526/6090/3319
f 3343/5766/3145 3341/5753/3139 3275/5768/3146
f 3343/6386/3477 3276/5631/3078 3344/5761/801
f 3341/5753/3139 3076/6387/2998 3080/6388/3478
f 3592/6217/3386 3594/6389/3479 3415/6202/3377
f 3654/6390/3480 3656/6391/3481 3653/6392/3480
f 3658/6393/3480 3660/6394/3480 3657/6395/3480
f 3657/6395/3480 3655/6396/3480 3654/6390/3480
f 3661/6397/3482 3659/6398/3480 3658/6393/3480
f 3653/6392/3480 3663/6399/3481 3402/6400/3369
f 3655/6396/3480 3665/6401/3481 3656/6391/3481
f 3659/6398/3480 3667/6402/3481 3660/6394/3480
f 3660/6394/3480 3664/6403/3481 3655/6396/3480
f 3663/6399/3481 3670/6404/3481 3668/6405/3481
f 3662/6406/3482 3666/6407/3480 3659/6398/3480
f 3656/6391/3481 3669/6408/3481 3663/6399/3481
f 3672/6409/3483 3674/6410/3484 3675/6411/3485
f 3676/6412/3486 3678/6413/3487 3679/6414/3488
f 3422/6415/3258 3680/6416/3489 3420/6417/3259
f 3679/6414/3488 3681/6418/3490 3675/6419/3491
f 3682/6420/3492 3684/6421/3493 3685/6422/3492
f 3682/6420/3492 3686/6423/3494 3687/6424/3495
f 3688/6425/3496 3690/6426/3497 3691/6427/3498
f 3675/6419/3491 3692/6428/3499 3672/6429/3499
f 3689/6430/3500 3694/6431/3501 3690/6426/3497
f 3695/6432/3502 3697/6433/3503 3698/6434/3503
f 3695/6432/3502 3700/6435/3504 3696/6436/3502
f 3442/6437/3505 3702/6438/3505 3701/6439/3505
f 3704/6440/1403 3706/6441/3506 3703/6442/3506
f 3684/6443/3507 3696/6444/1390 3685/6445/1390
f 3685/6445/1390 3700/6446/1302 3686/6447/1302
f 3686/6447/1302 3691/6448/1301 3677/6449/1301
f 3708/6450/1299 3710/6451/1300 3707/6452/1300
f 3711/6453/1323 3705/6454/1403 3704/6440/1403
f 3705/6455/3508 3713/6456/3509 3714/6457/3508
f 3714/6457/3508 3706/6458/3510 3705/6455/3508
f 3441/6459/3277 3716/6460/3511 3702/6461/3511
f 3709/6462/3512 3718/6463/3513 3710/6464/3513
f 3720/6465/3514 3722/6466/3515 3719/6467/3514
f 3719/6467/3514 3724/6468/3516 3720/6465/3514
f 3726/6469/3517 3462/6470/3517 3725/6471/3517
f 3728/6472/3518 3730/6473/3519 3727/6474/3518
f 3732/6475/3520 3734/6476/3521 3731/6477/3521
f 3735/6478/3522 3737/6479/3523 3738/6480/3522
f 3735/6478/3522 3739/6481/3524 3740/6482/3524
f 3480/6483/3525 3742/6484/3526 3741/6485/3526
f 3744/6486/3527 3731/6487/3528 3743/6488/3528
f 3745/6489/1390 3721/6490/1302 3720/6491/1390
f 3724/6492/3507 3745/6489/1390 3720/6491/1390
f 3748/6493/3529 3463/6494/3529 3726/6495/3529
f 3749/6496/1301 3729/6497/1303 3728/6498/1301
f 3751/6499/1300 3753/6500/1299 3754/6501/1299
f 3756/6502/3530 3758/6503/3531 3755/6504/3531
f 3758/6503/3531 3760/6505/3532 3755/6504/3531
f 3762/6506/3533 3755/6507/3534 3761/6508/3534
f 3755/6507/3534 3763/6509/3535 3761/6508/3534
f 3765/6510/3536 3767/6511/3537 3764/6512/3537
f 3742/6513/3538 3770/6514/3539 3768/6515/3540
f 3771/6516/3541 3739/6517/3542 3738/6518/3543
f 3738/6518/3543 3773/6519/3544 3774/6520/3543
f 3775/6521/3545 3689/6522/3546 3688/6523/3547
f 3695/6524/1390 3778/6525/3507 3777/6526/1390
f 3779/6527/3548 3695/6524/1390 3777/6526/1390
f 3766/6528/3549 3781/6529/3550 3767/6530/3551
f 3682/6531/1390 3783/6532/3552 3782/6533/1390
f 3784/6534/3507 3682/6531/1390 3782/6533/1390
f 3785/6535/3553 3679/6536/3554 3786/6537/3555
f 3788/6538/3506 3790/6539/1403 3787/6540/1403
f 3790/6539/1403 3792/6541/1323 3787/6540/1403
f 3793/6542/3556 3528/6543/3557 3794/6544/3556
f 3795/6545/3558 3786/6546/3559 3796/6547/3560
f 3675/6411/3485 3797/6548/3561 3679/6536/3554
f 3798/6549/3562 3784/6550/3563 3782/6551/3564
f 3782/6551/3564 3800/6552/3565 3798/6549/3562
f 3801/6553/3566 3779/6554/3567 3777/6555/3568
f 3801/6553/3566 3778/6556/3569 3803/6557/3570
f 3671/6558/3571 3693/6559/3572 3689/6522/3546
f 3662/6560/3573 3680/6416/3489 3693/6559/3572
f 3804/6561/3574 3776/6562/3575 3775/6563/3576
f 3780/6564/3577 3807/6565/3578 3781/6566/3579
f 3758/6567/3580 3809/6568/3581 3810/6569/3581
f 3758/6567/3580 3811/6570/3582 3808/6571/3580
f 3813/6572/1323 3815/6573/1403 3812/6574/1403
f 3817/6575/1299 3819/6576/1300 3816/6577/1300
f 3820/6578/3583 3821/6579/3584 3822/6580/3583
f 3812/6574/1403 3820/6581/3506 3823/6582/3506
f 3824/6583/3505 3554/6584/3505 3825/6585/3505
f 3711/6586/3585 3827/6587/3586 3707/6588/3586
f 3828/6589/1323 3829/6590/1403 3821/6591/1403
f 3831/6592/1299 3827/6593/1300 3830/6594/1300
f 3821/6591/1403 3833/6595/3506 3822/6596/3506
f 3566/6597/3505 3835/6598/3505 3834/6599/3505
f 3703/6600/3587 3829/6601/3588 3704/6602/3588
f 3554/6603/3348 3834/6604/3589 3825/6605/3589
f 3815/6606/3584 3828/6607/3590 3821/6579/3584
f 3836/6608/3591 3835/6609/3592 3701/6610/3592
f 3704/6602/3588 3826/6611/3585 3711/6586/3585
f 3836/6608/3591 3832/6612/3593 3837/6613/3591
f 3818/6614/3594 3830/6615/3595 3819/6616/3595
f 3838/6617/3596 3831/6618/3594 3818/6614/3594
f 3839/6619/1298 3832/6620/1299 3831/6592/1299
f 3840/6621/1298 3818/6622/1299 3817/6575/1299
f 3780/6564/3577 3842/6623/3597 3806/6624/3598
f 3805/6625/3599 3844/6626/3600 3776/6562/3575
f 3796/6547/3560 3845/6627/3601 3846/6628/3601
f 3753/6500/1299 3848/6629/3602 3754/6501/1299
f 3786/6537/3555 3797/6548/3561 3845/6630/3603
f 3776/6631/3604 3671/6558/3571 3689/6522/3546
f 3768/6515/3540 3733/6632/3520 3732/6475/3520
f 3765/6510/3536 3850/6633/3605 3766/6634/3606
f 3766/6528/3549 3841/6635/3607 3780/6636/3608
f 3750/6637/1303 3852/6638/1297 3729/6497/1303
f 3853/6639/3609 3732/6640/3527 3744/6486/3527
f 3585/6641/3369 3663/6399/3481 3668/6405/3481
f 3729/6642/3519 3854/6643/3610 3730/6473/3519
f 3855/6644/3611 3717/6645/3512 3709/6462/3512
f 3678/6646/1303 3694/6647/3612 3681/6648/3612
f 3836/6649/1298 3709/6650/1299 3708/6450/1299
f 3442/6651/3373 3835/6609/3592 3565/6652/3373
f 3838/6617/3596 3834/6604/3589 3839/6653/3596
f 3834/6599/3505 3837/6654/1298 3839/6619/1298
f 3824/6583/3505 3838/6655/1298 3840/6621/1298
f 3851/6656/1297 3726/6495/3529 3852/6638/1297
f 3741/6485/3526 3768/6657/3613 3853/6639/3609
f 3854/6643/3610 3726/6469/3517 3725/6471/3517
f 3855/6644/3611 3716/6460/3511 3856/6658/3611
f 3701/6439/3505 3855/6659/1298 3836/6649/1298
f 3769/6660/3614 3479/6661/3615 3589/6662/3615
f 3849/6663/3616 3857/6664/3617 3850/6633/3605
f 3858/6665/3618 3673/6666/3619 3859/6667/3620
f 3860/6668/3621 3674/6669/3622 3858/6665/3618
f 3422/6415/3258 3673/6670/3623 3672/6409/3483
f 3846/6671/3624 3797/6672/3624 3860/6673/3624
f 3848/6674/3602 3862/6675/1298 3863/6676/3602
f 3847/6677/3624 3860/6673/3624 3848/6678/3624
f 3848/6679/3625 3858/6665/3618 3861/6680/3626
f 3859/6667/3620 3529/6681/3385 3793/6682/3627
f 3753/6683/3628 3846/6684/3629 3847/6685/3630
f 3790/6686/3631 3800/6687/3632 3791/6688/3633
f 3790/6686/3631 3799/6689/3634 3798/6690/3635
f 3795/6691/3636 3753/6683/3628 3752/6692/3637
f 3840/6693/3638 3725/6694/3639 3824/6695/3639
f 3730/6696/3640 3840/6693/3638 3817/6697/3640
f 3727/6698/3641 3817/6697/3640 3816/6699/3641
f 3725/6694/3639 3555/6700/3400 3824/6695/3639
f 3823/6701/3642 3719/6702/3643 3812/6703/3643
f 3812/6703/3643 3722/6704/3644 3813/6705/3644
f 3680/6706/3645 3692/6707/3646 3864/6708/3647
f 3694/6647/3612 3692/6709/3648 3681/6648/3612
f 3693/6710/3649 3864/6711/3650 3694/6431/3501
f 3687/6424/3495 3677/6712/3651 3676/6412/3486
f 3699/6713/3504 3691/6427/3498 3700/6435/3504
f 3677/6449/1301 3690/6714/1303 3678/6646/1303
f 3707/6452/1300 3712/6715/1323 3711/6453/1323
f 3712/6716/3509 3718/6463/3513 3713/6456/3509
f 3722/6466/3515 3728/6472/3518 3727/6474/3518
f 3737/6717/3544 3734/6476/3521 3773/6519/3544
f 3743/6488/3528 3737/6479/3523 3736/6718/3523
f 3746/6719/1302 3728/6498/1301 3721/6490/1302
f 3791/6720/1323 3751/6499/1300 3792/6541/1323
f 3762/6506/3533 3767/6511/3537 3756/6721/3533
f 3775/6521/3545 3699/6722/3548 3779/6527/3548
f 3756/6502/3530 3781/6529/3550 3757/6723/3530
f 3687/6724/3552 3785/6535/3553 3783/6532/3552
f 3783/6725/3652 3795/6545/3558 3800/6552/3565
f 3804/6561/3574 3779/6554/3567 3802/6726/3653
f 3781/6566/3579 3811/6570/3582 3757/6727/3654
f 3816/6577/1300 3814/6728/1323 3813/6572/1323
f 3708/6729/3593 3827/6587/3586 3832/6612/3593
f 3830/6594/1300 3826/6730/1323 3828/6589/1323
f 3814/6731/3590 3830/6615/3595 3828/6607/3590
f 3791/6688/3633 3795/6691/3636 3752/6692/3637
f 3813/6705/3644 3727/6698/3641 3816/6699/3641
f 3807/6732/3655 3866/6733/3656 3811/6734/3657
f 3806/6735/3658 3867/6736/3659 3868/6737/3660
f 3806/6735/3658 3865/6738/3661 3807/6732/3655
f 3808/6739/3662 3870/6740/3663 3809/6741/3664
f 3811/6734/3657 3869/6742/3665 3808/6739/3662
f 3865/6738/3661 3802/6726/3653 3866/6733/3656
f 3868/6737/3660 3843/6743/3666 3805/6625/3599
f 3868/6737/3660 3804/6561/3574 3865/6738/3661
f 3869/6742/3665 3803/6557/3570 3870/6740/3663
f 3869/6742/3665 3802/6726/3653 3801/6553/3566
f 3606/6744/3369 3658/6393/3480 3605/6745/3369
f 3773/6746/3667 3871/6747/3537 3872/6748/3667
f 3670/6749/3668 3873/6750/3669 3874/6751/3670
f 3770/6752/3671 3873/6753/3672 3875/6754/3671
f 3733/6755/3606 3875/6754/3671 3876/6756/3536
f 3733/6755/3606 3871/6747/3537 3734/6757/3537
f 3877/6758/3534 3879/6759/3535 3774/6760/3534
f 3773/6746/3667 3877/6758/3534 3774/6760/3534
f 3402/6400/3369 3616/6761/3369 3653/6392/3480
f 3617/6762/3369 3653/6392/3480 3616/6761/3369
f 3618/6763/3369 3654/6390/3480 3617/6762/3369
f 3605/6745/3369 3657/6395/3480 3618/6763/3369
f 3667/6764/3673 3843/6765/3674 3867/6766/3675
f 3664/6767/3676 3841/6768/3677 3665/6769/3678
f 3664/6767/3676 3867/6766/3675 3842/6770/3679
f 3843/6765/3674 3671/6771/3680 3844/6772/3681
f 3669/6773/3682 3841/6768/3677 3850/6774/3683
f 3680/6416/3489 3606/6775/3437 3420/6417/3259
f 3873/6776/3669 3619/6777/3684 3874/6778/3670
f 3880/6779/3685 3769/6780/3686 3589/6781/3685
f 3669/6773/3682 3857/6782/3687 3670/6749/3668
f 3872/6748/3667 3764/6512/3537 3762/6506/3533
f 3875/6754/3671 3857/6664/3617 3849/6663/3616
f 3619/6783/3369 3668/6405/3481 3874/6784/3481
f 3876/6756/3536 3849/6663/3616 3765/6510/3536
f 3876/6756/3536 3764/6512/3537 3871/6747/3537
f 3761/6508/3534 3878/6785/3535 3877/6758/3534
f 3872/6748/3667 3761/6508/3534 3877/6758/3534
f 3874/6784/3481 3668/6405/3481 3670/6404/3481
f 3763/6786/3688 3760/6787/3689 3881/6788/3690
f 3878/6785/3535 3883/6789/3691 3879/6759/3535
f 3763/6509/3535 3882/6790/3691 3878/6785/3535
f 3759/6791/3532 3810/6792/3692 3885/6793/3692
f 3771/6516/3541 3883/6794/3542 3772/6795/3542
f 3879/6796/3541 3738/6518/3543 3774/6520/3543
f 3759/6797/3506 3886/6798/3506 3887/6799/3506
f 3888/6800/3693 3887/6801/3694 3886/6802/3695
f 3759/6803/3696 3881/6788/3690 3760/6787/3689
f 3884/6804/3697 3881/6805/3698 3888/6800/3693
f 3713/6806/3699 3889/6807/3700 3890/6808/3699
f 3890/6809/3701 3891/6810/3702 3892/6811/3701
f 3716/6812/3526 3894/6813/3613 3856/6814/3613
f 3744/6815/3703 3895/6816/3704 3896/6817/3703
f 3717/6818/3705 3894/6813/3613 3897/6819/3705
f 3897/6820/3706 3891/6810/3702 3889/6821/3702
f 3718/6822/3700 3897/6819/3705 3889/6807/3700
f 3736/6823/3707 3899/6824/3708 3900/6825/3707
f 3454/6826/3709 3893/6827/3526 3716/6812/3526
f 3853/6828/3710 3896/6817/3703 3901/6829/3710
f 3714/6830/3711 3903/6831/3712 3715/6832/3712
f 3890/6809/3701 3904/6833/3713 3902/6834/3713
f 3713/6806/3699 3902/6835/3711 3714/6830/3711
f 3892/6836/3714 3895/6837/3715 3900/6838/3714
f 3906/6839/3716 3901/6840/3717 3905/6841/3717
f 3905/6841/3717 3896/6842/3718 3898/6843/3718
f 3891/6844/3715 3896/6842/3718 3895/6837/3715
f 3906/6839/3716 3642/6845/3719 3907/6846/3716
f 3899/6847/3720 3909/6848/3721 3904/6849/3720
f 3904/6849/3720 3900/6838/3714 3899/6847/3720
f 3635/6850/3472 3906/6851/3722 3893/6852/3722
f 3736/6823/3707 3895/6816/3704 3743/6853/3704
f 3480/6854/3473 3907/6855/3723 3642/6856/3473
f 3894/6857/3724 3906/6851/3722 3905/6858/3724
f 3902/6834/3713 3909/6859/3725 3903/6860/3725
f 3853/6828/3710 3907/6855/3723 3741/6861/3726
f 3740/6862/3727 3899/6824/3708 3735/6863/3708
f 3894/6857/3724 3898/6864/3706 3897/6820/3706
f 3911/6865/3728 3913/6866/3728 3910/6867/3728
f 3915/6868/3728 3917/6869/3728 3914/6870/3728
f 3912/6871/3728 3914/6870/3728 3913/6866/3728
f 3916/6872/3729 3919/6873/3729 3917/6869/3728
f 3910/6867/3728 3921/6874/3728 3911/6865/3728
f 3922/6875/3728 3912/6871/3728 3911/6865/3728
f 3924/6876/3728 3916/6872/3729 3915/6868/3728
f 3923/6877/3728 3915/6868/3728 3912/6871/3728
f 3927/6878/3728 3921/6874/3728 3926/6879/3728
f 3925/6880/3730 3918/6881/3731 3916/6872/3729
f 3928/6882/3728 3911/6865/3728 3921/6874/3728
f 3930/6883/3732 3932/6884/3733 3933/6885/3734
f 3934/6886/3735 3936/6887/3736 3937/6888/3737
f 3939/6889/3738 3940/6890/3739 3938/6891/3740
f 3935/6892/3741 3941/6893/3742 3936/6887/3736
f 3942/6894/3743 3684/6421/3493 3683/6895/3493
f 3944/6896/3744 3943/6897/3743 3942/6894/3743
f 3946/6898/3745 3948/6899/3746 3949/6900/3747
f 3931/6901/3748 3950/6902/3749 3941/6893/3742
f 3949/6900/3747 3951/6903/3750 3952/6904/3751
f 3953/6905/3752 3697/6433/3503 3954/6906/3752
f 3954/6906/3752 3956/6907/3753 3953/6905/3752
f 3958/6908/3754 3960/6909/3754 3957/6910/3754
f 3706/6441/3506 3962/6911/1657 3703/6442/3506
f 3954/6912/1644 3684/6443/3507 3943/6913/1644
f 3955/6914/1551 3943/6913/1644 3945/6915/1551
f 3947/6916/1552 3945/6915/1551 3937/6917/1552
f 3964/6918/1550 3966/6919/1549 3963/6920/1550
f 3961/6921/1657 3968/6922/1576 3962/6911/1657
f 3969/6923/3755 3967/6924/3756 3961/6925/3755
f 3961/6925/3755 3715/6926/3510 3969/6923/3755
f 3971/6927/3757 3959/6928/3758 3958/6929/3757
f 3973/6930/3759 3965/6931/3760 3964/6932/3759
f 3976/6933/3761 3978/6934/3762 3975/6935/3762
f 3975/6935/3762 3724/6468/3516 3723/6936/3516
f 3980/6937/3763 3982/6938/3763 3979/6939/3763
f 3984/6940/3764 3986/6941/3765 3983/6942/3765
f 3988/6943/3766 3990/6944/3767 3987/6945/3766
f 3992/6946/3768 3994/6947/3769 3991/6948/3768
f 3740/6482/3524 3992/6946/3768 3991/6948/3768
f 3995/6949/3770 3997/6950/3771 3998/6951/3771
f 3999/6952/3772 3990/6953/3773 4000/6954/3773
f 3977/6955/1551 4002/6956/1644 3978/6957/1644
f 4002/6956/1644 3724/6492/3507 3978/6957/1644
f 3981/6958/3774 4004/6959/3774 3982/6960/3774
f 3985/6961/1553 4006/6962/1552 3986/6963/1552
f 4007/6964/1550 4009/6965/1549 4010/6966/1550
f 4011/6967/3775 4013/6968/3776 4014/6969/3777
f 4015/6970/3778 4012/6971/3775 4011/6967/3775
f 4017/6972/3779 4014/6973/3780 4018/6974/3780
f 4019/6975/3781 4011/6976/3779 4017/6972/3779
f 4021/6977/3782 4023/6978/3783 4020/6979/3782
f 4025/6980/3784 3996/6981/3785 4024/6982/3786
f 3739/6517/3542 4027/6983/3787 3992/6984/3788
f 4028/6985/3788 3993/6986/3789 3992/6984/3788
f 4030/6987/3790 3949/6988/3791 4031/6989/3792
f 3778/6525/3507 3953/6990/1644 4032/6991/1644
f 3953/6990/1644 4033/6992/3793 4032/6991/1644
f 4034/6993/3794 4022/6994/3795 4021/6995/3796
f 4037/6996/3797 3942/6997/1644 4036/6998/1644
f 3942/6997/1644 3784/6534/3507 4036/6998/1644
f 4038/6999/3798 3935/7000/3799 3934/7001/3800
f 4041/7002/1657 3788/6538/3506 4040/7003/1657
f 4042/7004/1576 4041/7002/1657 4040/7003/1657
f 4044/7005/3801 4046/7006/3802 4047/7007/3803
f 4048/7008/3804 4039/7009/3805 4038/7010/3804
f 3931/7011/3806 4050/7012/3807 3932/6884/3733
f 4051/7013/3808 3784/6550/3563 3799/7014/3563
f 4052/7015/3809 4036/7016/3810 4051/7013/3808
f 4053/7017/3811 4033/7018/3812 4054/7019/3813
f 4053/7017/3811 3778/6556/3569 4032/7020/3814
f 3929/7021/3815 3952/7022/3816 3918/7023/3817
f 3939/6889/3738 3918/7023/3817 3952/7022/3816
f 4055/7024/3818 4031/7025/3819 4056/7026/3820
f 4057/7027/3821 4035/7028/3822 4034/7029/3823
f 4012/7030/3824 3809/6568/3581 4059/7031/3824
f 4059/7031/3824 4013/7032/3825 4012/7030/3824
f 4062/7033/1657 4064/7034/1576 4061/7035/1657
f 4066/7036/1550 4068/7037/1549 4065/7038/1550
f 3820/6578/3583 4069/7039/3826 4062/7040/3826
f 3820/6581/3506 4061/7035/1657 3823/6582/3506
f 4070/7041/3754 4072/7042/3754 4073/7043/3754
f 4074/7044/3827 3968/7045/3828 3963/7046/3827
f 4076/7047/1657 4077/7048/1576 4069/7049/1657
f 4074/7050/1550 4080/7051/1549 4078/7052/1550
f 3833/6595/3506 4069/7049/1657 3822/6596/3506
f 4082/7053/3754 4084/7054/3754 4081/7055/3754
f 4076/7056/3829 3703/6600/3587 3962/7057/3829
f 4081/7058/3830 4072/7059/3831 4071/7060/3830
f 4062/7040/3826 4077/7061/3832 4063/7062/3832
f 4082/7063/3833 4086/7064/3834 3957/7065/3833
f 4075/7066/3828 3962/7057/3829 3968/7045/3828
f 4085/7067/3835 3966/7068/3836 4086/7064/3834
f 4078/7069/3837 4067/7070/3838 4066/7071/3837
f 4067/7070/3838 4087/7072/3839 4088/7073/3840
f 4079/7074/1549 4087/7075/1548 4080/7051/1549
f 4067/7076/1549 4089/7077/1548 4068/7037/1549
f 4035/7028/3822 4090/7078/3841 4091/7079/3841
f 4056/7026/3820 4092/7080/3842 4093/7081/3843
f 4049/7082/3844 4095/7083/3845 4039/7009/3805
f 4096/7084/3846 4009/6965/1549 4008/7085/1549
f 4039/7086/3847 4050/7012/3807 3935/7000/3799
f 4031/6989/3792 3929/7021/3815 4092/7087/3848
f 3990/6944/3767 4025/6980/3784 4024/6982/3786
f 4023/6978/3783 4098/7088/3849 4099/7089/3850
f 4022/6994/3795 4091/7090/3851 4098/7091/3852
f 4100/7092/1545 4005/7093/1553 3985/6961/1553
f 4000/6954/3773 4024/7094/3853 4102/7095/3853
f 4103/7096/3854 3921/6874/3728 3920/7097/3854
f 4104/7098/3855 3985/7099/3764 3984/6940/3764
f 3965/6931/3760 4105/7100/3856 4106/7101/3856
f 3951/7102/3857 3936/7103/1553 3941/7104/3857
f 3965/7105/1549 4086/7106/1548 3966/6919/1549
f 3960/7107/3858 4082/7063/3833 3957/7065/3833
f 4088/7073/3840 4081/7058/3830 4071/7060/3830
f 4085/7108/1548 4081/7055/3754 4087/7075/1548
f 4088/7109/1548 4070/7041/3754 4089/7077/1548
f 3982/6960/3774 4101/7110/1545 4100/7092/1545
f 4102/7095/3853 3996/7111/3770 3995/6949/3770
f 4104/7098/3855 3982/6938/3763 4100/7112/3855
f 4106/7101/3856 3971/6927/3757 3958/6929/3757
f 4106/7113/1548 3957/6910/3754 4086/7106/1548
f 4026/7114/3785 3997/7115/3859 3996/6981/3785
f 4099/7089/3850 4098/7088/3849 4108/7116/3860
f 4109/7117/3861 3933/7118/3862 3932/7119/3863
f 4111/7120/3864 3932/7119/3863 4050/7121/3865
f 3940/6890/3739 3933/6885/3734 4112/7122/3866
f 4094/7123/3867 4050/7124/3867 4095/7125/3867
f 4096/7126/3846 4114/7127/1548 4115/7128/3868
f 4097/7129/3867 4111/7130/3867 4094/7123/3867
f 4096/7131/3869 4109/7117/3861 4111/7120/3864
f 4047/7132/3870 4110/7133/3871 4044/7134/3872
f 4009/7135/3873 4094/7136/3874 4049/7137/3875
f 4041/7138/3876 4052/7139/3877 4051/7140/3878
f 4051/7140/3878 3789/7141/3634 4041/7138/3876
f 4009/7135/3873 4048/7142/3879 4010/7143/3880
f 4089/7144/3881 3979/7145/3882 4104/7146/3881
f 4089/7144/3881 3984/7147/3883 4068/7148/3883
f 4068/7148/3883 3983/7149/3884 4065/7150/3884
f 4073/7151/3885 3979/7145/3882 4070/7152/3882
f 4061/7153/3886 3723/7154/3642 3823/6701/3642
f 4061/7153/3886 3976/7155/3887 3975/7156/3886
f 3950/7157/3888 3939/7158/3888 4117/7159/3889
f 3950/7160/3890 3951/7102/3857 3941/7104/3857
f 4117/7161/3891 3952/6904/3751 3951/6903/3750
f 3944/6896/3744 3937/6888/3737 3945/7162/3892
f 3956/6907/3753 3947/7163/3893 3946/6898/3745
f 3948/7164/1553 3937/6917/1552 3936/7103/1553
f 3967/7165/1576 3963/6920/1550 3968/6922/1576
f 3967/6924/3756 3973/6930/3759 3964/6932/3759
f 3976/6933/3761 3986/6941/3765 3977/7166/3761
f 3993/6986/3789 3988/6943/3766 3987/6945/3766
f 3994/6947/3769 3987/7167/3772 3999/6952/3772
f 3986/6963/1552 4001/7168/1551 3977/6955/1551
f 4007/6964/1550 4043/7169/1576 4042/7004/1576
f 4018/6974/3780 4021/6977/3782 4020/6979/3782
f 3956/7170/3793 4030/6987/3790 4033/6992/3793
f 4014/6969/3777 4034/6993/3794 4021/6995/3796
f 4037/6996/3797 3934/7001/3800 3944/7171/3797
f 4048/7008/3804 4037/7172/3894 4052/7015/3809
f 4033/7018/3812 4055/7024/3818 4054/7019/3813
f 4060/7173/3895 4034/7029/3823 4013/7032/3825
f 4063/7174/1576 4065/7038/1550 4064/7034/1576
f 3966/7068/3836 4074/7044/3827 3963/7046/3827
f 4075/7175/1576 4078/7052/1550 4077/7048/1576
f 4063/7062/3832 4078/7069/3837 4066/7071/3837
f 4043/7176/3896 4048/7142/3879 4052/7139/3877
f 4064/7177/3887 3983/7149/3884 3976/7155/3887
f 4118/7178/3897 4057/7179/3898 4060/7180/3899
f 4058/7181/3900 4121/7182/3901 4090/7183/3902
f 4119/7184/3903 4058/7181/3900 4057/7179/3898
f 4059/7185/3904 3870/6740/3663 4122/7186/3905
f 4122/7186/3905 4060/7180/3899 4059/7185/3904
f 4054/7019/3813 4119/7184/3903 4118/7178/3897
f 4120/7187/3906 4093/7081/3843 4121/7182/3901
f 4055/7024/3818 4120/7187/3906 4119/7184/3903
f 4122/7186/3905 3803/6557/3570 4053/7017/3811
f 4122/7186/3905 4054/7019/3813 4118/7178/3897
f 3917/6869/3728 4124/7188/3854 4123/7189/3854
f 4029/7190/3780 4126/7191/3782 3988/7192/3782
f 3927/7193/3907 4128/7194/3908 4108/7195/3909
f 4025/7196/3850 4128/7197/3910 4026/7198/3911
f 3989/7199/3783 4129/7200/3850 4025/7196/3850
f 4126/7191/3782 3989/7199/3783 3988/7192/3782
f 4131/7201/3781 4133/7202/3779 4028/7203/3779
f 4133/7202/3779 4029/7190/3780 4028/7203/3779
f 3920/7097/3854 3910/6867/3728 4134/7204/3854
f 3910/6867/3728 4135/7205/3854 4134/7204/3854
f 3913/6866/3728 4136/7206/3854 4135/7205/3854
f 3914/6870/3728 4123/7189/3854 4136/7206/3854
f 3924/7207/3912 4093/7208/3913 3925/7209/3914
f 4091/7210/3915 3923/7211/3916 3922/7212/3917
f 3923/7211/3916 4121/7213/3918 3924/7207/3912
f 4093/7208/3913 3929/7214/3919 3925/7209/3914
f 3928/7215/3920 4091/7210/3915 3922/7212/3917
f 3939/6889/3738 4124/7216/3921 3919/7217/3922
f 4137/7218/3923 4128/7219/3908 4127/7220/3924
f 4026/7198/3911 4138/7221/3925 4107/7222/3925
f 3928/7215/3920 4108/7195/3909 4098/7223/3926
f 4125/7224/3780 4020/6979/3782 4126/7191/3782
f 4129/7200/3850 4108/7116/3860 4128/7197/3910
f 4137/7225/3854 3926/6879/3728 4103/7096/3854
f 4130/7226/3783 4099/7089/3850 4129/7200/3850
f 4020/6979/3782 4130/7226/3783 4126/7191/3782
f 4132/7227/3781 4017/6972/3779 4133/7202/3779
f 4017/6972/3779 4125/7224/3780 4133/7202/3779
f 4127/7228/3927 3927/6878/3728 3926/6879/3728
f 4019/7229/3928 4139/7230/3929 4015/7231/3930
f 3883/6789/3691 4132/7227/3781 4131/7201/3781
f 3882/6790/3691 4019/6975/3781 4132/7227/3781
f 4016/7232/3778 3810/6792/3692 4012/6971/3775
f 3883/6794/3542 4027/6983/3787 3772/6795/3542
f 4131/7233/3787 3992/6984/3788 4027/6983/3787
f 4016/7234/3506 3886/6798/3506 3885/7235/3506
f 3888/6800/3693 4140/7236/3931 4139/7237/3932
f 4139/7230/3929 4016/7238/3933 4015/7231/3930
f 3884/6804/3697 4139/7237/3932 4019/7239/3934
f 4141/7240/3935 3973/7241/3772 3970/7242/3935
f 4141/7243/3936 4144/7244/3937 4142/7245/3937
f 4145/7246/3938 3971/7247/3770 4105/7248/3938
f 4000/7249/3939 4148/7250/3940 3999/7251/3940
f 4149/7252/3941 4105/7248/3938 3974/7253/3941
f 4144/7244/3937 4149/7254/3942 4142/7245/3937
f 4142/7255/3772 3974/7253/3941 3973/7241/3772
f 3994/7256/3943 4152/7257/3944 3991/7258/3944
f 3971/7247/3770 4153/7259/3771 3972/7260/3771
f 4102/7261/3945 4147/7262/3939 4000/7249/3939
f 3715/6832/3712 4155/7263/3946 3969/7264/3946
f 4156/7265/3947 4141/7243/3936 4155/7266/3947
f 3969/7264/3946 4141/7240/3935 3970/7242/3935
f 4151/7267/3948 4144/7268/3949 4143/7269/3948
f 4157/7270/3950 4158/7271/3951 4159/7272/3951
f 4150/7273/3952 4154/7274/3950 4157/7270/3950
f 4144/7268/3949 4147/7275/3952 4150/7273/3952
f 4159/7272/3951 4160/7276/3953 4161/7277/3953
f 4156/7278/3954 3908/7279/3721 4152/7280/3954
f 4152/7280/3954 4143/7269/3948 4156/7278/3954
f 4159/7281/3955 4153/7282/3956 4146/7283/3955
f 4148/7250/3940 3994/7256/3943 3999/7251/3940
f 3998/7284/3957 4158/7285/3958 3995/7286/3958
f 4145/7287/3959 4159/7281/3955 4146/7283/3955
f 3909/6859/3725 4155/7266/3947 3903/6860/3725
f 4158/7285/3958 4102/7261/3945 3995/7286/3958
f 3991/7258/3944 3908/7288/3727 3740/6862/3727
f 4150/7289/3942 4145/7287/3959 4149/7254/3942
f 4163/7290/1550 4042/7004/1576 4162/7291/1576
f 4113/7292/3960 4008/7085/1549 4164/7293/1549
f 4162/7291/1576 4040/7003/1657 4165/7294/1657
f 4040/7003/1657 4166/7295/3506 4165/7294/1657
f 4163/7290/1550 4008/7085/1549 4007/6964/1550
f 3792/6541/1323 4168/7296/1300 4167/7297/1323
f 3754/6501/1299 3863/7298/3602 4169/7299/1299
f 3787/6540/1403 4167/7297/1323 4170/7300/1403
f 4166/7295/3506 3787/6540/1403 4170/7300/1403
f 4168/7296/1300 3754/6501/1299 4169/7299/1299
f 4115/7301/3961 4110/7133/3871 4109/7117/3861
f 4115/7128/3868 4045/7302/3801 4044/7005/3801
f 3861/6680/3626 3859/6667/3620 3793/6682/3627
f 3861/7303/3962 3794/6544/3556 3862/6675/1298
f 3859/6667/3620 3594/7304/3479 3598/7305/3963
f 4110/7133/3871 4112/7306/3964 3933/7118/3862
f 4172/7307/3965 4174/7308/3965 4171/7309/3965
f 4176/7310/3966 4178/7311/3965 4175/7312/3965
f 4175/7312/3965 4173/7313/3965 4172/7307/3965
f 4179/7314/3967 4177/7315/3966 4176/7310/3966
f 4171/7309/3965 4181/7316/3965 3920/7317/3854
f 4173/7313/3965 4183/7318/3965 4174/7308/3965
f 4177/7315/3966 4185/7319/3965 4178/7311/3965
f 4178/7311/3965 4182/7320/3965 4173/7313/3965
f 4181/7316/3965 4188/7321/3965 4186/7322/3965
f 4180/7323/3968 4184/7324/3965 4177/7315/3966
f 4174/7308/3965 4187/7325/3965 4181/7316/3965
f 4190/7326/3969 4192/7327/3970 4193/7328/3971
f 4194/7329/3972 4196/7330/3973 4197/7331/3974
f 3940/7332/3739 4198/7333/3975 3938/7334/3740
f 4197/7331/3974 4199/7335/3976 4193/7336/3977
f 4200/7337/3978 4202/7338/3979 4203/7339/3978
f 4200/7337/3978 4204/7340/3980 4205/7341/3980
f 4206/7342/3981 4208/7343/3982 4209/7344/3983
f 4193/7336/3977 4210/7345/3984 4190/7346/3985
f 4207/7347/3986 4212/7348/3987 4208/7343/3982
f 4213/7349/3988 4215/7350/3989 4216/7351/3989
f 4217/7352/3990 4214/7353/3988 4213/7349/3988
f 3960/7354/3991 4220/7355/3991 4219/7356/3991
f 4222/7357/1905 4224/7358/3992 4221/7359/3992
f 4202/7360/3993 4214/7361/1891 4203/7362/1891
f 4203/7362/1891 4218/7363/1806 4204/7364/1806
f 4204/7364/1806 4209/7365/1805 4195/7366/1805
f 4226/7367/1803 4228/7368/1804 4225/7369/1804
f 4229/7370/1828 4223/7371/1905 4222/7357/1905
f 4223/7372/3994 4231/7373/3995 4232/7374/3994
f 4223/7372/3994 4233/7375/3996 4224/7376/3996
f 3959/7377/3758 4234/7378/3997 4220/7379/3997
f 4227/7380/3998 4236/7381/3999 4228/7382/3999
f 4237/7383/4000 4239/7384/4001 4240/7385/4001
f 4237/7383/4000 4242/7386/4002 4238/7387/4000
f 4244/7388/4003 3980/7389/4003 4243/7390/4003
f 4246/7391/4004 4248/7392/4005 4245/7393/4004
f 4250/7394/4006 4252/7395/4007 4249/7396/4007
f 4254/7397/4008 4256/7398/4009 4253/7399/4009
f 4256/7398/4009 4258/7400/4010 4253/7399/4009
f 3998/7401/4011 4260/7402/4012 4259/7403/4012
f 4262/7404/4013 4249/7405/4014 4261/7406/4014
f 4263/7407/1891 4239/7408/1806 4238/7409/1891
f 4242/7410/3993 4263/7407/1891 4238/7409/1891
f 4266/7411/4015 3981/7412/4015 4244/7413/4015
f 4267/7414/1805 4247/7415/1807 4246/7416/1805
f 4269/7417/1804 4271/7418/1803 4272/7419/1803
f 4274/7420/4016 4276/7421/4017 4273/7422/4017
f 4276/7421/4017 4278/7423/4018 4273/7422/4017
f 4279/7424/4019 4274/7425/4020 4273/7426/4019
f 4273/7426/4019 4281/7427/4021 4279/7424/4019
f 4283/7428/4022 4285/7429/4023 4282/7430/4023
f 4260/7431/4024 4288/7432/4025 4286/7433/4026
f 4289/7434/4027 4257/7435/4028 4256/7436/4029
f 4255/7437/4030 4292/7438/4029 4256/7436/4029
f 4293/7439/4031 4207/7440/4032 4206/7441/4033
f 4213/7442/1891 4296/7443/3993 4295/7444/1891
f 4297/7445/4034 4213/7442/1891 4295/7444/1891
f 4284/7446/4035 4299/7447/4036 4285/7448/4037
f 4200/7449/1891 4301/7450/4038 4300/7451/1891
f 4302/7452/3993 4200/7449/1891 4300/7451/1891
f 4303/7453/4039 4197/7454/4040 4304/7455/4041
f 4306/7456/3992 4308/7457/1905 4305/7458/1905
f 4308/7457/1905 4310/7459/1828 4305/7458/1905
f 4311/7460/4042 4046/7461/4043 4312/7462/4044
f 4313/7463/4045 4304/7464/4046 4314/7465/4047
f 4193/7328/3971 4315/7466/4048 4197/7454/4040
f 4317/7467/4049 4300/7468/4050 4316/7469/4051
f 4300/7468/4050 4318/7470/4052 4316/7469/4051
f 4319/7471/4053 4297/7472/4054 4295/7473/4055
f 4319/7471/4053 4296/7474/4056 4321/7475/4057
f 4189/7476/4058 4211/7477/4059 4207/7440/4032
f 4180/7478/4060 4198/7333/3975 4211/7477/4059
f 4322/7479/4061 4294/7480/4062 4293/7481/4063
f 4298/7482/4064 4325/7483/4065 4299/7484/4066
f 4326/7485/4067 4328/7486/4068 4276/7487/4067
f 4276/7487/4067 4329/7488/4069 4326/7485/4067
f 4331/7489/1828 4333/7490/1905 4330/7491/1905
f 4335/7492/1803 4337/7493/1804 4334/7494/1804
f 4338/7495/4070 4339/7496/4071 4340/7497/4070
f 4330/7491/1905 4338/7498/3992 4341/7499/3992
f 4342/7500/3991 4072/7501/3991 4343/7502/3991
f 4229/7503/4072 4345/7504/4073 4225/7505/4073
f 4346/7506/1828 4347/7507/1905 4339/7508/1905
f 4349/7509/1803 4345/7510/1804 4348/7511/1804
f 4339/7508/1905 4351/7512/3992 4340/7513/3992
f 4084/7514/3991 4353/7515/3991 4352/7516/3991
f 4221/7517/4074 4347/7518/4075 4222/7519/4075
f 4072/7520/3831 4352/7521/4076 4343/7522/4076
f 4333/7523/4071 4346/7524/4077 4339/7496/4071
f 4354/7525/4078 4353/7526/4079 4219/7527/4079
f 4222/7519/4075 4344/7528/4072 4229/7503/4072
f 4354/7525/4078 4350/7529/4080 4355/7530/4078
f 4336/7531/4081 4348/7532/4082 4337/7533/4082
f 4356/7534/4083 4349/7535/4081 4336/7531/4081
f 4357/7536/1802 4350/7537/1803 4349/7509/1803
f 4358/7538/1802 4336/7539/1803 4335/7492/1803
f 4298/7482/4064 4360/7540/4084 4324/7541/4085
f 4323/7542/4086 4362/7543/4087 4294/7480/4062
f 4314/7465/4047 4363/7544/4088 4364/7545/4088
f 4271/7418/1803 4366/7546/4089 4272/7419/1803
f 4304/7455/4041 4315/7466/4048 4363/7547/4090
f 4294/7548/4091 4189/7476/4058 4207/7440/4032
f 4286/7433/4026 4251/7549/4006 4250/7394/4006
f 4283/7428/4022 4368/7550/4092 4284/7551/4022
f 4284/7446/4035 4359/7552/4093 4298/7553/4094
f 4268/7554/1807 4370/7555/1801 4247/7415/1807
f 4371/7556/4095 4250/7557/4013 4262/7404/4013
f 4103/7558/3854 4181/7316/3965 4186/7322/3965
f 4248/7392/4005 4370/7559/4096 4372/7560/4096
f 4373/7561/4097 4235/7562/3998 4227/7380/3998
f 4196/7563/1807 4212/7564/4098 4199/7565/4098
f 4354/7566/1802 4227/7567/1803 4226/7367/1803
f 3960/7568/3858 4353/7526/4079 4083/7569/3858
f 4356/7534/4083 4352/7521/4076 4357/7570/4083
f 4352/7516/3991 4355/7571/1802 4357/7536/1802
f 4342/7500/3991 4356/7572/1802 4358/7538/1802
f 4369/7573/1801 4244/7413/4015 4370/7555/1801
f 4259/7403/4012 4286/7574/4095 4371/7556/4095
f 4372/7560/4096 4244/7388/4003 4243/7390/4003
f 4373/7561/4097 4234/7378/3997 4374/7575/4097
f 4219/7356/3991 4373/7576/1802 4354/7566/1802
f 4287/7577/4099 3997/7578/4024 4107/7579/4024
f 4367/7580/4100 4375/7581/4101 4368/7550/4092
f 4376/7582/4102 4191/7583/4103 4377/7584/4104
f 4378/7585/4105 4192/7586/4106 4376/7582/4102
f 3940/7332/3739 4191/7587/4107 4190/7326/3969
f 4364/7588/4108 4315/7589/4108 4378/7590/4108
f 4366/7591/4089 4380/7592/1802 4381/7593/4089
f 4365/7594/4108 4378/7590/4108 4366/7595/4108
f 4366/7596/4109 4376/7582/4102 4379/7597/4110
f 4377/7584/4104 4047/7598/3870 4311/7599/4111
f 4271/7600/4112 4364/7601/4113 4365/7602/4113
f 4308/7603/4114 4318/7604/4115 4309/7605/4116
f 4308/7603/4114 4317/7606/4117 4316/7607/4118
f 4313/7608/4119 4271/7600/4112 4270/7609/4120
f 4358/7610/4121 4243/7611/4122 4342/7612/4122
f 4248/7613/4123 4358/7610/4121 4335/7614/4123
f 4245/7615/4124 4335/7614/4123 4334/7616/4124
f 4243/7611/4122 4073/7617/3885 4342/7612/4122
f 4330/7618/4125 4241/7619/4126 4237/7620/4125
f 4330/7618/4125 4240/7621/4127 4331/7622/4127
f 4198/7623/4128 4210/7624/4128 4382/7625/4129
f 4212/7564/4098 4210/7626/4130 4199/7565/4098
f 4211/7627/4131 4382/7628/4132 4212/7348/3987
f 4205/7341/3980 4195/7629/4133 4194/7329/3972
f 4217/7352/3990 4209/7344/3983 4218/7630/4134
f 4195/7366/1805 4208/7631/1807 4196/7563/1807
f 4225/7369/1804 4230/7632/1828 4229/7370/1828
f 4230/7633/3995 4236/7381/3999 4231/7373/3995
f 4240/7385/4001 4246/7391/4004 4245/7393/4004
f 4255/7437/4030 4252/7395/4007 4291/7634/4135
f 4261/7406/4014 4255/7635/4008 4254/7397/4008
f 4264/7636/1806 4246/7416/1805 4239/7408/1806
f 4309/7637/1828 4269/7417/1804 4310/7459/1828
f 4280/7638/4020 4285/7429/4023 4274/7425/4020
f 4293/7439/4031 4217/7639/4034 4297/7445/4034
f 4274/7420/4016 4299/7447/4036 4275/7640/4136
f 4205/7641/4038 4303/7453/4039 4301/7450/4038
f 4301/7642/4137 4313/7463/4045 4318/7470/4052
f 4322/7479/4061 4297/7472/4054 4320/7643/4138
f 4299/7484/4066 4329/7488/4069 4275/7644/4139
f 4334/7494/1804 4332/7645/1828 4331/7489/1828
f 4226/7646/4080 4345/7504/4073 4350/7529/4080
f 4348/7511/1804 4344/7647/1828 4346/7506/1828
f 4332/7648/4077 4348/7532/4082 4346/7524/4077
f 4309/7605/4116 4313/7608/4119 4270/7609/4120
f 4331/7622/4127 4245/7615/4124 4334/7616/4124
f 4325/7649/4140 4384/7650/4141 4329/7651/4142
f 4324/7652/4143 4385/7653/4144 4386/7654/4145
f 4324/7652/4143 4383/7655/4146 4325/7649/4140
f 4326/7656/4147 4388/7657/4148 4327/7658/4149
f 4329/7651/4142 4387/7659/4150 4326/7656/4147
f 4383/7655/4146 4320/7643/4138 4384/7650/4141
f 4386/7654/4145 4361/7660/4151 4323/7542/4086
f 4386/7654/4145 4322/7479/4061 4383/7655/4146
f 4387/7659/4150 4321/7475/4057 4388/7657/4148
f 4387/7659/4150 4320/7643/4138 4319/7471/4053
f 4124/7661/3854 4176/7310/3966 4123/7662/3854
f 4291/7663/4020 4389/7664/4023 4390/7665/4020
f 4188/7666/4152 4391/7667/4153 4392/7668/4154
f 4288/7669/4100 4391/7670/4155 4393/7671/4100
f 4251/7672/4022 4393/7671/4100 4394/7673/4022
f 4251/7672/4022 4389/7664/4023 4252/7674/4023
f 4395/7675/4019 4397/7676/4156 4292/7677/4019
f 4292/7677/4019 4390/7665/4020 4395/7675/4019
f 3920/7317/3854 4134/7678/3854 4171/7309/3965
f 4135/7679/3854 4171/7309/3965 4134/7678/3854
f 4136/7680/3854 4172/7307/3965 4135/7679/3854
f 4123/7662/3854 4175/7312/3965 4136/7680/3854
f 4185/7681/4157 4361/7682/4158 4385/7683/4159
f 4182/7684/4160 4359/7685/4161 4183/7686/4162
f 4182/7684/4160 4385/7683/4159 4360/7687/4163
f 4361/7682/4158 4189/7688/4164 4362/7689/4165
f 4187/7690/4166 4359/7685/4161 4368/7691/4167
f 4198/7333/3975 4124/7692/3921 3938/7334/3740
f 4391/7693/4153 4137/7694/4168 4392/7695/4154
f 4398/7696/4169 4287/7697/4170 4107/7698/4169
f 4187/7690/4166 4375/7699/4171 4188/7666/4152
f 4390/7665/4020 4282/7430/4023 4280/7638/4020
f 4393/7671/4100 4375/7581/4101 4367/7580/4100
f 4137/7700/3854 4186/7322/3965 4392/7701/4172
f 4394/7673/4022 4367/7580/4100 4283/7428/4022
f 4394/7673/4022 4282/7430/4023 4389/7664/4023
f 4279/7424/4019 4396/7702/4021 4395/7675/4019
f 4390/7665/4020 4279/7424/4019 4395/7675/4019
f 4392/7701/4172 4186/7322/3965 4188/7321/3965
f 4281/7703/4173 4278/7704/4174 4399/7705/4175
f 4396/7702/4021 4401/7706/4176 4397/7676/4156
f 4281/7427/4021 4400/7707/4176 4396/7702/4021
f 4277/7708/4018 4328/7709/4177 4403/7710/4177
f 4289/7434/4027 4401/7711/4028 4290/7712/4028
f 4397/7713/4027 4256/7436/4029 4292/7438/4029
f 4277/7714/3992 4404/7715/3992 4405/7716/3992
f 4406/7717/4178 4405/7718/4179 4404/7719/4180
f 4277/7720/4181 4399/7705/4175 4278/7704/4174
f 4402/7721/4182 4399/7722/4183 4406/7717/4178
f 4236/7723/4184 4408/7724/4185 4231/7725/4185
f 4408/7726/4186 4409/7727/4187 4410/7728/4186
f 4374/7729/4095 4411/7730/4188 4412/7731/4095
f 4262/7732/4189 4413/7733/4190 4414/7734/4189
f 4235/7735/4191 4412/7731/4095 4415/7736/4191
f 4415/7737/4192 4409/7727/4187 4407/7738/4187
f 4236/7723/4184 4415/7736/4191 4407/7739/4184
f 4254/7740/4193 4417/7741/4194 4418/7742/4193
f 3972/7743/4188 4411/7730/4188 4234/7744/4188
f 4371/7745/4195 4414/7734/4189 4419/7746/4195
f 4232/7747/4009 4421/7748/4196 4233/7749/4196
f 4408/7726/4186 4422/7750/4197 4420/7751/4197
f 4231/7725/4185 4420/7752/4009 4232/7747/4009
f 4409/7753/4198 4418/7754/4199 4410/7755/4199
f 4424/7756/4200 4419/7757/4201 4423/7758/4201
f 4423/7758/4201 4414/7759/4202 4416/7760/4203
f 4416/7760/4203 4413/7761/4198 4409/7753/4198
f 4424/7756/4200 4160/7762/4204 4425/7763/4200
f 4417/7764/4205 4427/7765/4206 4422/7766/4205
f 4422/7766/4205 4418/7754/4199 4417/7764/4205
f 4153/7767/3956 4424/7768/4207 4411/7769/4207
f 4254/7740/4193 4413/7733/4190 4261/7770/4190
f 3998/7771/3957 4425/7772/4208 4160/7773/3957
f 4412/7774/4209 4424/7768/4207 4423/7775/4209
f 4421/7776/4210 4422/7750/4197 4427/7777/4210
f 4371/7745/4195 4425/7772/4208 4259/7778/4208
f 4258/7779/4211 4417/7741/4194 4253/7780/4194
f 4412/7774/4209 4416/7781/4192 4415/7737/4192
f 4429/7782/4212 4431/7783/4212 4428/7784/4212
f 4433/7785/4212 4435/7786/4212 4432/7787/4212
f 4430/7788/4212 4432/7787/4212 4431/7783/4212
f 4434/7789/4213 4437/7790/4213 4435/7786/4212
f 4428/7784/4212 4438/7791/4212 4429/7782/4212
f 4439/7792/4212 4430/7788/4212 4429/7782/4212
f 4441/7793/4212 4434/7789/4213 4433/7785/4212
f 4440/7794/4212 4433/7785/4212 4430/7788/4212
f 4444/7795/4212 4438/7791/4212 4443/7796/4212
f 4442/7797/4212 4436/7798/4214 4434/7789/4213
f 4445/7799/4212 4429/7782/4212 4438/7791/4212
f 4447/7800/4215 4449/7801/4216 4450/7802/4217
f 4451/7803/4218 4453/7804/4219 4454/7805/4220
f 4455/7806/4221 30/7807/11 29/7808/13
f 4452/7809/4222 4456/7810/4223 4453/7804/4219
f 4457/7811/4224 4202/7338/3979 4201/7812/3979
f 4459/7813/4225 4458/7814/4224 4457/7811/4224
f 4461/7815/4226 4463/7816/4227 4464/7817/4228
f 4448/7818/4229 4465/7819/4230 4456/7810/4223
f 4464/7817/4228 4466/7820/4231 4467/7821/4232
f 4468/7822/4233 4215/7350/3989 4469/7823/4233
f 4469/7823/4233 4471/7824/4234 4468/7822/4233
f 4473/7825/4235 53/7826/4235 4472/7827/4235
f 4224/7358/3992 4475/7828/2161 4221/7359/3992
f 4469/7829/2149 4202/7360/3993 4458/7830/2149
f 4470/7831/2056 4458/7830/2149 4460/7832/2056
f 4462/7833/4236 4460/7832/2056 4454/7834/4236
f 4477/7835/2055 4479/7836/2054 4476/7837/2055
f 4474/7838/2161 4481/7839/2081 4475/7828/2161
f 4482/7840/4237 4480/7841/4238 4474/7842/4237
f 4474/7842/4237 4233/7375/3996 4482/7840/4237
f 4484/7843/4239 54/7844/43 4473/7845/4239
f 4485/7846/4240 4478/7847/4241 4477/7848/4240
f 4487/7849/4242 4489/7850/4243 4490/7851/4242
f 4487/7849/4242 4242/7386/4002 4241/7852/4002
f 82/7853/4244 4492/7854/4244 4491/7855/4244
f 4494/7856/4245 4496/7857/4246 4493/7858/4246
f 4498/7859/4247 4500/7860/4248 4497/7861/4247
f 4502/7862/4249 4504/7863/4250 4501/7864/4249
f 4501/7864/4249 4257/7865/4010 4502/7862/4249
f 4505/7866/4251 99/7867/4252 98/7868/4252
f 4507/7869/4253 4500/7870/4254 4508/7871/4254
f 4489/7872/2056 4510/7873/2149 4490/7874/2149
f 4510/7873/2149 4242/7410/3993 4490/7874/2149
f 81/7875/4255 4511/7876/4255 4492/7877/4255
f 4495/7878/2058 4513/7879/4236 4496/7880/4236
f 4514/7881/4256 4516/7882/4257 4517/7883/4256
f 4518/7884/4258 4520/7885/4259 4521/7886/4259
f 4522/7887/4260 4519/7888/4258 4518/7884/4258
f 4524/7889/4261 4521/7890/4262 4525/7891/4262
f 4526/7892/4263 4518/7893/4261 4524/7889/4261
f 4528/7894/4264 4530/7895/4265 4527/7896/4264
f 4532/7897/4266 4506/7898/4267 4531/7899/4268
f 4257/7435/4028 4534/7900/4269 4502/7901/4270
f 4535/7902/4270 4503/7903/4271 4502/7901/4270
f 4537/7904/4272 4464/7905/4273 4538/7906/4274
f 4296/7443/3993 4468/7907/2149 4539/7908/2149
f 4468/7907/2149 4540/7909/4275 4539/7908/2149
f 4541/7910/4276 4529/7911/4277 4528/7912/4278
f 4544/7913/4279 4457/7914/2149 4543/7915/2149
f 4457/7914/2149 4302/7452/3993 4543/7915/2149
f 4547/7916/4280 4452/7917/4281 4451/7918/4282
f 4549/7919/2161 4306/7456/3992 4548/7920/2161
f 4550/7921/2081 4549/7919/2161 4548/7920/2161
f 4552/7922/4283 155/7923/4284 154/7924/4284
f 4554/7925/4285 4546/7926/4286 4545/7927/4287
f 4452/7917/4281 4449/7801/4216 4448/7928/4288
f 4543/7929/4289 4317/7467/4049 4556/7930/4290
f 4557/7931/4291 4543/7929/4289 4556/7930/4290
f 4558/7932/4292 4540/7933/4293 4559/7934/4294
f 4558/7932/4292 4296/7474/4056 4539/7935/4295
f 4446/7936/4296 4467/7937/4297 4436/7938/4298
f 4455/7806/4221 4436/7938/4298 4467/7937/4297
f 4560/7939/4299 4538/7940/4300 4561/7941/4301
f 4562/7942/4302 4542/7943/4303 4541/7944/4304
f 4519/7945/4305 4327/7946/4068 4564/7947/4305
f 4564/7947/4305 4520/7948/4306 4519/7945/4305
f 4567/7949/2161 4569/7950/2081 4566/7951/2161
f 4571/7952/2055 4573/7953/2054 4570/7954/2055
f 4340/7497/4070 4567/7955/4307 4338/7495/4070
f 4338/7498/3992 4566/7951/2161 4341/7499/3992
f 4575/7956/4235 187/7957/4235 186/7958/4235
f 4577/7959/4308 4481/7960/4309 4476/7961/4308
f 4579/7962/2161 4580/7963/2081 4574/7964/2161
f 4577/7965/2055 4583/7966/2054 4581/7967/2055
f 4351/7512/3992 4574/7964/2161 4340/7513/3992
f 4585/7968/4235 198/7969/4235 4584/7970/4235
f 4475/7971/4310 4351/7972/4074 4221/7517/4074
f 4584/7973/4311 187/7974/125 4576/7975/4311
f 4567/7955/4307 4580/7976/4312 4568/7977/4312
f 4585/7978/4313 4587/7979/4314 4472/7980/4313
f 4578/7981/4309 4475/7971/4310 4481/7960/4309
f 4586/7982/4314 4479/7983/4315 4587/7979/4314
f 4581/7984/4316 4572/7985/4317 4571/7986/4316
f 4572/7985/4317 4588/7987/4318 4589/7988/4318
f 4582/7989/2054 4588/7990/2053 4583/7966/2054
f 4572/7991/2054 4590/7992/2053 4573/7953/2054
f 4542/7943/4303 4591/7993/4319 4592/7994/4319
f 4561/7941/4301 4593/7995/4320 4594/7996/4321
f 4538/7906/4274 4446/7936/4296 4593/7997/4322
f 4499/7998/4248 4531/7899/4268 4500/7860/4248
f 4530/7895/4265 4595/7999/4323 4596/8000/4324
f 4529/7911/4277 4592/8001/4325 4595/8002/4326
f 4597/8003/2050 4512/8004/2058 4495/7878/2058
f 4508/7871/4254 4531/8005/4327 4599/8006/4327
f 215/8007/3 4438/7791/4212 12/8008/3
f 4600/8009/4328 4495/8010/4245 4494/7856/4245
f 4486/8011/4241 4602/8012/4329 4478/7847/4241
f 4466/8013/4330 4453/8014/2058 4456/8015/4330
f 4478/8016/2054 4587/8017/2053 4479/7836/2054
f 53/8018/148 4585/7978/4313 4472/7980/4313
f 4589/7988/4318 4584/7973/4311 4576/7975/4311
f 4586/8019/2053 4584/7970/4235 4588/7990/2053
f 4589/8020/2053 4575/7956/4235 4590/7992/2053
f 4492/7877/4255 4598/8021/2050 4597/8003/2050
f 4599/8006/4327 4506/8022/4251 4505/7866/4251
f 4600/8009/4328 4492/7854/4244 4597/8023/4328
f 4602/8012/4329 4484/7843/4239 4473/7845/4239
f 4602/8024/2053 4472/7827/4235 4587/8017/2053
f 4533/8025/4331 99/8026/4331 4506/7898/4267
f 4596/8000/4324 4595/7999/4323 4603/8027/4332
f 4604/8028/4333 4450/8029/4334 4449/8030/4335
f 4606/8031/4336 4449/8030/4335 4547/8032/4337
f 30/7807/11 4450/7802/4217 224/8033/4338
f 4555/8034/4339 4547/8035/4280 4546/8036/4286
f 4607/8037/4340 4609/8038/4341 4515/8039/4342
f 4516/8040/4257 4606/8041/4343 4555/8034/4339
f 4515/8042/4344 4604/8028/4333 4606/8031/4336
f 154/8043/165 4605/8044/4345 4552/8045/4346
f 4549/8046/4347 4557/8047/4348 4556/8048/4349
f 4556/8048/4349 4307/8049/4117 4549/8046/4347
f 4517/8050/4350 4555/8051/4339 4554/8052/4351
f 4590/8053/4352 4491/8054/4353 4600/8055/4352
f 4590/8053/4352 4494/8056/4354 4573/8057/4354
f 4573/8057/4354 4493/8058/4355 4570/8059/4355
f 186/8060/179 4491/8054/4353 4575/8061/4353
f 4566/8062/4356 4241/7619/4126 4341/8063/4126
f 4566/8062/4356 4488/8064/4357 4487/8065/4356
f 4465/8066/4358 4455/8067/4359 4610/8068/4360
f 4465/8069/4361 4466/8013/4330 4456/8015/4330
f 4610/8070/4362 4467/7821/4232 4466/7820/4231
f 4459/7813/4225 4454/7805/4220 4460/8071/4363
f 4471/7824/4234 4462/8072/4364 4461/7815/4226
f 4463/8073/2058 4454/7834/4236 4453/8014/2058
f 4480/8074/2081 4476/7837/2055 4481/7839/2081
f 4480/7841/4238 4485/7846/4240 4477/7848/4240
f 4488/8075/4243 4496/7857/4246 4489/7850/4243
f 4503/7903/4271 4498/7859/4247 4497/7861/4247
f 4503/8076/4250 4507/7869/4253 4504/7863/4250
f 4496/7880/4236 4509/8077/2056 4489/7872/2056
f 4514/7881/4256 4551/8078/2081 4550/7921/2081
f 4525/7891/4262 4528/7894/4264 4527/7896/4264
f 4471/8079/4275 4537/7904/4272 4540/7909/4275
f 4521/7886/4259 4541/7910/4276 4528/7912/4278
f 4544/7913/4279 4451/7918/4282 4459/8080/4279
f 4554/7925/4285 4544/8081/4365 4557/7931/4291
f 4540/7933/4293 4560/7939/4299 4559/7934/4294
f 4565/8082/4306 4541/7944/4304 4520/7948/4306
f 4568/8083/2081 4570/7954/2055 4569/7950/2081
f 4479/7983/4315 4577/7959/4308 4476/7961/4308
f 4578/8084/2081 4581/7967/2055 4580/7963/2081
f 4568/7977/4312 4581/7984/4316 4571/7986/4316
f 4551/8085/4366 4554/8052/4351 4557/8047/4348
f 4569/8086/4357 4493/8058/4355 4488/8064/4357
f 4611/8087/4367 4562/8088/4368 4565/8089/4369
f 4563/8090/4370 4614/8091/4371 4591/8092/4372
f 4612/8093/4373 4563/8090/4370 4562/8088/4368
f 4564/8094/4374 4388/7657/4148 4615/8095/4375
f 4615/8095/4375 4565/8089/4369 4564/8094/4374
f 4559/7934/4294 4612/8093/4373 4611/8087/4367
f 4613/8096/4376 4594/7996/4321 4614/8091/4371
f 4560/7939/4299 4613/8096/4376 4612/8093/4373
f 4615/8095/4375 4321/7475/4057 4558/7932/4292
f 4615/8095/4375 4559/7934/4294 4611/8087/4367
f 4435/7786/4212 237/8097/3 236/8098/3
f 4536/8099/4262 4617/8100/4264 4498/8101/4264
f 4444/8102/4377 4619/8103/4378 4603/8104/4379
f 4532/8105/4324 4619/8106/4380 4533/8107/4381
f 4499/8108/4265 4620/8109/4382 4532/8105/4324
f 4617/8100/4264 4499/8108/4265 4498/8101/4264
f 4622/8110/4383 4624/8111/4261 4535/8112/4261
f 4535/8112/4261 4616/8113/4262 4536/8099/4262
f 12/8008/3 4428/7784/4212 247/8114/3
f 4428/7784/4212 248/8115/3 247/8114/3
f 4431/7783/4212 249/8116/3 248/8115/3
f 4432/7787/4212 236/8098/3 249/8116/3
f 4441/8117/4384 4594/8118/4385 4442/8119/4386
f 4592/8120/4387 4440/8121/4388 4439/8122/4389
f 4440/8121/4388 4614/8123/4390 4441/8117/4384
f 4594/8118/4385 4446/8124/4391 4442/8119/4386
f 4445/8125/4392 4592/8120/4387 4439/8122/4389
f 29/7808/13 4437/8126/4393 4455/7806/4221
f 251/8127/4394 4619/8128/4378 4618/8129/4395
f 4533/8107/4381 4625/8130/4396 219/8131/4396
f 4445/8125/4392 4603/8104/4379 4595/8132/4397
f 4616/8113/4262 4527/7896/4264 4617/8100/4264
f 4620/8109/4382 4603/8027/4332 4619/8106/4380
f 251/8133/3 4443/7796/4212 215/8007/3
f 4621/8134/4265 4596/8000/4324 4620/8109/4382
f 4527/7896/4264 4621/8134/4265 4617/8100/4264
f 4623/8135/4383 4524/7889/4261 4624/8111/4261
f 4624/8111/4261 4525/7891/4262 4616/8113/4262
f 4618/8136/4398 4444/7795/4212 4443/7796/4212
f 4526/8137/4399 4626/8138/4400 4522/8139/4401
f 4401/7706/4176 4623/8135/4383 4622/8110/4383
f 4400/7707/4176 4526/7892/4263 4623/8135/4383
f 4523/8140/4260 4328/7709/4177 4519/7888/4258
f 4401/7711/4028 4534/7900/4269 4290/7712/4028
f 4622/8141/4269 4502/7901/4270 4534/7900/4269
f 4523/8142/3992 4404/7715/3992 4403/8143/3992
f 4406/7717/4178 4627/8144/4402 4626/8145/4403
f 4626/8138/4400 4523/8146/4404 4522/8139/4401
f 4402/7721/4182 4626/8145/4403 4526/8147/4405
f 4628/8148/4406 4485/8149/4253 4483/8150/4406
f 4628/8151/4407 4631/8152/4408 4629/8153/4408
f 4632/8154/4409 4484/8155/4252 4601/8156/4409
f 4508/8157/4410 4635/8158/4411 4507/8159/4411
f 4636/8160/4412 4601/8156/4409 4486/8161/4412
f 4631/8152/4408 4636/8162/4413 4629/8153/4408
f 4629/8163/4253 4486/8161/4412 4485/8149/4253
f 4504/8164/4414 4639/8165/4415 4501/8166/4415
f 4484/8155/4252 272/8167/4416 69/8168/4416
f 4640/8169/4417 4508/8157/4410 4599/8170/4417
f 4233/7749/4196 4641/8171/4249 4482/8172/4249
f 4641/8173/4418 4630/8174/4407 4628/8151/4407
f 4641/8171/4249 4483/8150/4406 4482/8172/4249
f 4638/8175/4419 4631/8176/4420 4630/8177/4419
f 4640/8178/4421 4645/8179/4422 4643/8180/4421
f 4637/8181/4423 4640/8178/4421 4643/8180/4421
f 4631/8176/4420 4634/8182/4423 4637/8181/4423
f 4645/8179/4422 281/8183/4422 280/8184/4422
f 4427/7765/4206 4639/8185/4424 4642/8186/4424
f 4639/8185/4424 4630/8177/4419 4642/8186/4424
f 4645/8187/4425 272/8188/266 4633/8189/4426
f 4635/8158/4411 4504/8164/4414 4507/8159/4411
f 98/8190/268 4644/8191/4427 4505/8192/4427
f 4632/8193/4428 4645/8187/4425 4633/8189/4426
f 4427/7777/4210 4641/8173/4418 4421/7776/4210
f 4644/8191/4427 4599/8170/4417 4505/8192/4427
f 4501/8166/4415 4426/8194/4211 4258/7779/4211
f 4636/8162/4413 4643/8195/4428 4632/8193/4428
f 4647/8196/4256 4550/7921/2081 4646/8197/2081
f 4648/8198/4429 4607/8199/4340 4515/8200/4342
f 4646/8197/2081 4548/7920/2161 4649/8201/2161
f 4548/7920/2161 4650/8202/3992 4649/8201/2161
f 4647/8196/4256 4515/8200/4342 4514/7881/4256
f 4310/7459/1828 4652/8203/1804 4651/8204/1828
f 4272/7419/1803 4381/8205/4089 4653/8206/1803
f 4305/7458/1905 4651/8204/1828 4654/8207/1905
f 4650/8202/3992 4305/7458/1905 4654/8207/1905
f 4652/8203/1804 4272/7419/1803 4653/8206/1803
f 4609/8208/4430 4605/8044/4345 4604/8028/4333
f 4609/8038/4341 4553/8209/4431 4552/7922/4283
f 4379/7597/4110 4377/7584/4104 4311/7599/4111
f 4379/8210/4432 4312/7462/4044 4380/7592/1802
f 4377/7584/4104 4112/8211/3964 4116/8212/4433
f 4605/8044/4345 224/8213/516 4450/8029/4334
f 2/1/1 3/7/1 4/2/1
f 6/4/1 7/9/2 8/5/1
f 5/6/1 8/5/1 3/7/1
f 9/8/2 10/17/4 7/9/2
f 1/3/1 4/2/1 11/10/1
f 3/7/1 13/14/1 14/12/1
f 7/9/2 15/18/1 16/13/1
f 8/5/1 16/13/1 13/14/1
f 11/10/1 18/19/1 19/15/1
f 10/17/4 20/8214/4434 15/18/1
f 4/2/1 14/12/1 18/19/1
f 21/20/5 22/275/157 23/21/6
f 25/23/8 26/315/189 27/24/9
f 30/26/11 21/20/5 31/27/12
f 28/25/10 27/24/9 32/29/14
f 34/31/16 35/8215/16 36/32/17
f 33/33/17 36/32/17 37/34/18
f 39/36/20 40/41/25 41/37/21
f 24/30/15 32/29/14 43/39/23
f 40/41/25 44/313/187 45/42/26
f 47/43/27 48/511/28 49/44/28
f 46/45/27 50/316/190 51/46/29
f 53/47/30 54/8216/30 55/48/30
f 57/50/31 58/64/31 59/51/32
f 35/53/33 48/8217/33 47/54/34
f 36/55/34 47/54/34 51/56/35
f 37/57/35 51/56/35 42/58/36
f 61/60/37 62/255/37 63/61/38
f 64/63/39 65/318/39 58/64/31
f 65/65/40 66/319/40 67/66/41
f 58/67/41 67/66/41 68/68/42
f 54/70/43 69/8218/43 70/71/44
f 62/73/45 71/250/45 72/74/46
f 74/76/47 75/8219/48 76/77/48
f 73/78/47 77/541/49 78/79/49
f 80/80/50 81/8220/50 82/81/50
f 84/83/51 85/247/52 86/84/52
f 88/86/54 89/237/54 90/87/55
f 92/89/56 93/321/56 94/90/57
f 94/90/57 95/554/58 96/92/58
f 98/93/59 99/8221/59 100/94/59
f 101/96/60 102/245/61 88/97/61
f 103/99/34 104/322/35 75/100/35
f 78/102/33 105/8222/33 103/99/34
f 106/103/62 107/8223/62 81/104/62
f 108/106/36 109/242/63 85/107/63
f 110/109/64 111/8224/64 112/110/65
f 114/112/66 115/326/67 116/113/67
f 117/114/66 118/396/68 119/115/68
f 121/116/69 115/324/69 114/117/70
f 114/117/70 119/8225/71 122/119/71
f 124/120/72 125/239/72 126/121/73
f 100/123/74 128/265/149 129/124/75
f 130/126/77 131/400/78 95/127/78
f 94/128/79 93/320/80 132/129/80
f 134/131/81 135/236/139 40/132/82
f 46/134/34 49/8226/33 137/135/33
f 138/137/84 50/325/84 46/134/34
f 125/138/85 139/241/142 140/139/86
f 33/141/34 38/327/88 142/142/88
f 143/144/33 34/8227/33 33/141/34
f 146/8228/4435 144/328/191 145/147/91
f 144/328/191 25/145/89 145/147/91
f 148/148/32 149/8229/32 150/149/31
f 150/149/31 151/323/39 152/151/39
f 153/152/92 154/8230/4436 155/153/93
f 157/155/95 144/8231/4437 146/156/96
f 23/21/6 145/8232/91 28/146/90
f 160/158/98 143/8233/98 141/159/99
f 141/159/99 142/329/192 161/161/101
f 162/162/102 163/330/193 138/163/103
f 162/162/102 136/164/104 137/165/105
f 20/167/107 10/169/109 44/168/108
f 10/169/109 9/8234/4438 31/27/12
f 165/170/110 166/234/137 135/171/111
f 139/173/113 167/233/136 168/174/114
f 117/176/116 169/180/116 170/177/117
f 116/179/118 172/331/118 169/180/116
f 174/181/39 175/332/39 176/182/31
f 178/184/37 179/231/37 180/185/38
f 176/187/119 182/216/119 183/188/120
f 173/183/31 176/182/31 181/190/32
f 185/192/30 186/8235/30 187/193/30
f 64/195/121 189/220/121 190/196/122
f 191/198/39 189/334/39 192/199/31
f 194/201/37 195/229/37 190/202/38
f 182/200/31 192/199/31 196/204/32
f 198/206/30 199/8236/30 200/207/30
f 57/209/123 56/662/124 196/210/124
f 187/212/125 198/8237/125 197/213/126
f 176/187/119 175/335/127 191/215/127
f 201/217/128 202/222/128 200/218/129
f 57/209/123 192/211/123 189/220/121
f 61/221/130 195/333/130 202/222/128
f 179/223/131 194/227/131 193/224/132
f 179/223/131 203/258/133 204/226/133
f 204/228/134 202/259/134 195/229/37
f 205/230/134 203/260/134 179/231/37
f 139/173/113 206/8238/135 207/232/135
f 166/234/137 208/348/206 209/235/138
f 135/236/139 209/8239/4439 20/167/107
f 127/125/76 129/124/75 89/237/54
f 124/120/72 210/268/150 211/238/140
f 125/138/85 211/8240/4440 206/240/141
f 109/242/63 212/261/143 213/243/143
f 214/244/144 127/262/144 88/97/61
f 215/246/3 12/11/3 11/10/1
f 85/247/52 213/8241/145 216/248/145
f 217/249/146 218/263/146 71/250/45
f 27/251/63 41/317/63 45/252/147
f 201/254/134 217/264/134 62/255/37
f 53/256/148 52/219/129 200/218/129
f 203/258/133 188/214/126 197/213/126
f 197/208/30 200/207/30 202/259/134
f 185/192/30 188/194/30 203/260/134
f 212/261/143 106/103/62 80/105/62
f 97/95/59 100/94/59 127/262/144
f 216/248/145 213/8241/145 80/80/50
f 217/249/146 55/72/44 70/71/44
f 52/49/30 55/48/30 217/264/134
f 128/265/149 100/123/74 99/266/149
f 221/270/152 23/274/156 22/271/153
f 223/273/155 145/8242/4441 23/274/156
f 30/26/11 224/8243/4338 22/275/157
f 158/276/158 146/8244/159 145/277/159
f 113/279/161 225/908/515 226/280/134
f 112/282/162 158/276/158 223/278/160
f 113/284/163 223/273/155 221/270/152
f 222/272/154 228/910/517 154/286/165
f 150/288/167 159/292/171 161/289/168
f 149/291/170 160/8245/170 159/292/171
f 111/293/172 157/336/194 158/294/173
f 205/296/175 216/8246/175 79/297/176
f 86/299/177 216/8246/175 205/296/175
f 83/301/178 86/299/177 178/300/177
f 79/297/176 82/8247/179 186/303/179
f 173/304/180 184/759/181 77/305/181
f 173/304/180 73/306/180 76/307/182
f 31/309/183 21/8248/4442 43/310/184
f 45/252/147 229/8249/186 43/312/186
f 44/313/187 31/8250/188 229/314/188
f 38/35/19 37/34/18 26/315/189
f 50/316/190 39/36/20 42/38/22
f 26/59/36 42/58/36 41/317/63
f 60/62/38 63/61/38 65/318/39
f 65/65/40 63/75/46 72/74/46
f 76/77/48 75/8219/48 84/83/51
f 93/320/80 87/88/55 90/87/55
f 101/96/60 87/98/60 93/321/56
f 104/322/35 108/106/36 84/108/36
f 151/323/39 111/8224/64 110/109/64
f 121/116/69 123/122/73 126/121/73
f 134/131/81 39/133/83 50/325/84
f 115/326/67 126/140/87 140/139/86
f 38/327/88 25/145/89 144/328/191
f 142/329/192 144/8231/4437 157/155/95
f 165/170/110 134/172/112 138/163/103
f 140/175/115 168/174/114 172/331/118
f 177/186/38 180/185/38 175/332/39
f 61/221/130 60/197/122 190/196/122
f 193/203/38 190/202/38 189/334/39
f 175/335/127 180/225/132 193/224/132
f 151/290/169 161/289/168 157/336/194
f 174/308/182 76/307/182 83/301/178
f 168/337/195 230/343/201 231/338/196
f 167/340/198 207/8251/4443 232/341/199
f 167/340/198 233/342/200 230/343/201
f 169/344/202 234/347/205 235/345/203
f 172/339/197 231/338/196 234/347/205
f 230/343/201 165/170/110 163/330/193
f 233/342/200 232/341/199 208/348/206
f 233/342/200 166/234/137 165/170/110
f 234/347/205 162/162/102 164/166/106
f 234/347/205 231/338/196 163/330/193
f 237/349/3 9/8/2 6/4/1
f 132/351/69 90/362/73 238/352/73
f 19/354/207 220/387/228 240/355/208
f 129/357/150 128/385/227 240/358/210
f 89/360/72 129/357/150 242/359/211
f 89/360/72 243/361/72 238/352/73
f 244/363/70 245/390/212 246/364/212
f 132/351/69 239/353/69 244/363/70
f 248/367/3 2/1/1 1/3/1
f 249/368/3 5/6/1 2/1/1
f 236/350/3 6/4/1 5/6/1
f 16/369/213 15/8252/4444 208/370/214
f 13/372/216 207/375/219 206/373/217
f 13/372/216 16/369/213 232/371/215
f 208/370/214 15/8252/4444 20/376/220
f 18/378/222 14/374/218 206/373/217
f 31/27/12 9/8234/4438 237/380/224
f 240/381/208 250/8253/225 251/382/225
f 250/384/226 240/358/210 128/385/227
f 18/378/222 211/379/223 220/387/228
f 239/353/69 238/352/73 123/122/73
f 242/359/211 240/358/210 220/269/151
f 251/388/3 215/246/3 17/16/1
f 243/361/72 242/359/211 210/268/150
f 243/361/72 124/120/72 123/122/73
f 120/118/70 122/119/71 245/390/212
f 239/353/69 121/116/69 120/118/70
f 245/390/212 253/395/233 254/394/233
f 122/119/71 255/8254/233 253/395/233
f 118/396/68 117/114/66 171/397/234
f 130/126/77 246/401/77 254/399/78
f 246/401/77 130/126/77 94/128/79
f 118/402/32 256/838/32 257/403/32
f 259/405/235 252/410/240 258/406/236
f 118/408/238 258/8255/238 252/393/232
f 255/409/239 122/8256/4445 252/410/240
f 72/411/241 260/427/241 261/412/242
f 261/414/243 260/426/244 262/415/244
f 70/417/245 264/432/245 265/418/246
f 102/420/247 101/459/248 266/421/248
f 71/423/249 218/419/246 265/418/246
f 268/425/250 269/470/250 262/415/244
f 72/411/241 71/423/249 268/424/249
f 92/428/251 91/468/252 270/429/252
f 70/417/245 69/8257/253 272/431/253
f 214/433/254 102/420/247 267/422/247
f 67/435/255 274/440/255 275/436/256
f 261/414/243 263/416/243 276/438/257
f 66/413/242 261/412/242 274/440/255
f 263/441/258 262/449/259 266/442/259
f 278/444/260 279/451/260 273/445/261
f 277/446/261 273/445/261 267/447/262
f 262/449/259 269/448/262 267/447/262
f 278/444/260 280/8258/263 281/450/263
f 276/452/264 270/455/264 282/453/265
f 276/452/264 263/441/258 271/443/258
f 272/456/266 280/8259/266 278/457/267
f 92/428/251 271/430/251 266/421/248
f 98/460/268 97/467/269 279/461/269
f 265/463/270 264/458/267 278/457/267
f 275/465/271 274/439/257 276/438/257
f 214/433/254 273/434/254 279/461/269
f 91/468/252 96/892/272 282/469/272
f 265/463/270 277/464/270 269/470/250
f 285/471/273 286/477/273 287/472/273
f 289/474/273 290/478/274 291/475/274
f 286/477/273 289/474/273 288/476/273
f 290/478/274 292/487/275 293/479/274
f 284/473/273 294/703/409 295/480/273
f 296/481/273 297/483/273 286/477/273
f 298/482/273 299/486/273 290/478/274
f 297/483/273 298/482/273 289/474/273
f 301/484/273 302/488/273 295/480/273
f 299/486/273 303/8260/273 292/487/275
f 302/488/273 296/481/273 285/471/273
f 304/489/276 305/616/359 306/490/277
f 308/492/279 309/498/285 310/493/280
f 313/495/282 304/489/276 314/496/283
f 309/498/285 305/506/292 315/499/286
f 317/500/287 35/8215/16 34/31/16
f 316/501/287 318/767/447 319/502/288
f 320/503/289 321/768/448 322/504/290
f 305/506/292 304/8261/293 324/507/293
f 323/505/291 322/504/290 325/508/294
f 327/510/296 49/44/28 48/511/28
f 328/512/296 329/8262/4446 330/513/297
f 332/514/298 333/8263/298 334/515/298
f 59/51/32 335/527/299 336/517/299
f 328/518/300 48/8217/33 35/53/33
f 329/520/301 328/518/300 317/519/300
f 321/522/302 329/520/301 319/521/301
f 338/524/303 339/711/304 340/525/304
f 335/527/299 341/770/305 342/528/305
f 343/529/306 344/8264/307 341/530/307
f 335/531/306 59/69/42 68/68/42
f 345/532/308 346/8265/309 333/533/309
f 347/535/310 348/706/311 339/536/311
f 349/538/312 350/771/313 351/539/313
f 352/540/312 78/79/49 77/541/49
f 354/542/314 355/8266/314 356/543/314
f 358/545/315 359/705/315 360/546/316
f 362/548/317 363/694/318 364/549/318
f 366/551/319 367/772/320 368/552/320
f 365/553/319 96/92/58 95/554/58
f 369/555/321 370/8267/321 371/556/322
f 373/558/323 361/8268/323 364/559/324
f 351/561/301 375/773/301 376/562/300
f 376/562/300 105/8222/33 78/102/33
f 355/564/325 377/8269/325 378/565/325
f 359/567/326 379/700/326 380/568/302
f 381/570/303 382/691/304 383/571/304
f 385/573/327 386/577/327 387/574/328
f 389/576/330 390/835/330 386/577/327
f 385/578/331 388/8270/332 392/579/332
f 393/581/333 389/8271/333 385/578/331
f 395/582/334 396/8272/335 397/583/335
f 399/585/336 400/720/414 370/586/337
f 95/127/78 131/400/78 401/588/339
f 402/590/340 403/8273/4447 367/591/341
f 404/592/342 320/8274/4448 323/593/343
f 137/135/33 49/8226/33 327/595/300
f 327/595/300 330/775/345 407/597/345
f 408/598/346 409/8275/4449 396/599/347
f 411/601/349 318/776/349 316/602/300
f 316/602/300 34/8227/33 143/144/33
f 412/604/350 413/692/401 309/605/351
f 415/607/299 149/8229/32 148/148/32
f 416/609/305 417/774/305 415/607/299
f 418/610/353 419/907/353 420/611/354
f 422/613/356 423/688/398 413/614/357
f 305/616/359 309/605/351 424/617/360
f 410/618/361 143/8233/98 160/158/98
f 426/620/363 411/777/449 410/618/361
f 427/621/364 406/624/367 407/622/365
f 427/621/364 164/166/106 137/165/105
f 303/625/368 323/593/343 326/626/369
f 313/495/282 293/820/476 292/627/370
f 429/628/371 404/8276/4450 405/629/372
f 431/631/374 432/8277/4451 409/632/375
f 171/178/117 170/177/117 433/634/377
f 386/635/377 433/634/377 434/636/378
f 436/638/299 437/778/305 438/639/305
f 440/641/303 441/682/304 442/642/304
f 181/189/120 183/188/120 443/644/380
f 181/190/32 436/638/299 435/640/299
f 444/646/298 445/8278/298 446/647/298
f 448/649/381 449/672/382 342/650/382
f 450/652/299 449/779/305 451/653/305
f 448/655/303 453/680/304 454/656/304
f 196/204/32 450/652/299 443/654/299
f 456/658/298 457/8279/298 458/659/298
f 450/661/383 196/210/124 56/662/124
f 455/664/384 458/8280/385 446/665/385
f 436/645/380 443/644/380 451/667/386
f 456/669/387 459/8281/388 460/670/388
f 449/672/382 450/661/383 336/663/383
f 460/670/388 459/8281/388 453/673/389
f 452/675/390 454/678/391 441/676/391
f 454/678/391 461/8282/392 462/679/392
f 453/680/304 459/714/393 461/681/393
f 441/682/304 462/715/393 463/683/393
f 409/632/375 432/8277/4451 464/684/394
f 430/630/373 405/629/372 466/686/396
f 423/688/398 468/8283/399 469/689/399
f 470/690/400 471/8284/400 383/571/304
f 413/692/401 469/8285/4452 424/617/360
f 405/594/344 323/593/343 303/625/368
f 363/694/318 399/585/336 398/587/338
f 397/583/335 396/8272/335 472/695/403
f 396/599/347 409/8275/4449 465/697/405
f 474/699/407 475/716/407 379/700/326
f 364/559/324 398/717/408 476/701/408
f 477/702/409 300/485/273 295/480/273
f 478/704/410 474/718/410 359/705/315
f 348/706/311 479/8286/411 480/707/411
f 325/708/412 322/769/326 310/709/326
f 339/711/304 480/719/393 460/712/393
f 334/713/413 457/8287/413 456/669/387
f 462/679/392 461/8282/392 455/664/384
f 459/714/393 456/658/298 455/660/298
f 462/715/393 445/8278/298 444/646/298
f 356/566/325 378/565/325 475/716/407
f 398/717/408 370/8267/321 369/555/321
f 478/704/410 353/544/314 356/543/314
f 480/707/411 479/8286/411 345/532/308
f 480/719/393 332/514/298 331/516/298
f 400/720/414 481/8288/337 371/721/337
f 483/723/416 484/739/426 307/724/417
f 485/726/419 483/723/416 306/725/418
f 314/496/283 304/489/276 307/491/278
f 468/729/422 485/736/422 424/730/422
f 470/732/400 487/8289/400 488/733/393
f 471/735/422 470/8290/422 485/736/422
f 470/737/424 489/906/514 483/723/416
f 421/738/425 490/8291/1016 484/739/426
f 383/741/428 471/8292/429 468/742/429
f 415/744/431 417/780/450 426/745/432
f 425/746/433 160/8245/170 149/291/170
f 383/741/428 423/743/430 422/747/434
f 463/749/436 444/757/437 353/750/437
f 463/749/436 478/751/436 358/752/438
f 442/753/438 358/752/438 357/754/439
f 447/756/440 354/8293/440 353/750/437
f 349/758/441 77/305/181 184/759/181
f 438/761/442 350/781/442 349/758/441
f 324/762/443 304/8294/444 313/763/443
f 324/765/445 491/8295/445 325/708/412
f 491/766/446 313/8296/4453 326/509/295
f 318/767/447 308/492/279 311/494/281
f 330/513/297 329/8262/4446 321/768/448
f 322/769/326 321/522/302 311/523/302
f 341/770/305 338/524/303 337/526/303
f 341/530/307 344/8264/307 347/535/310
f 350/771/313 357/547/316 360/546/316
f 367/591/341 403/8273/4447 362/548/317
f 367/772/320 361/8268/323 373/558/323
f 360/569/302 380/568/302 375/773/301
f 381/570/303 384/572/303 417/774/305
f 392/579/332 388/8270/332 395/582/334
f 330/775/345 320/8274/4448 404/592/342
f 388/575/329 387/574/328 408/598/346
f 412/604/350 308/606/352 318/776/349
f 422/613/356 412/615/358 411/777/449
f 407/622/365 404/8276/4450 429/628/371
f 434/636/378 431/631/374 408/633/376
f 437/778/305 440/641/303 439/643/303
f 340/674/389 453/673/389 448/649/381
f 449/779/305 448/655/303 452/657/303
f 437/668/386 451/667/386 452/675/390
f 417/780/450 384/748/435 422/747/434
f 438/761/442 439/755/439 357/754/439
f 492/782/451 493/788/457 431/783/452
f 432/785/454 494/791/460 495/786/455
f 493/788/457 494/791/460 432/785/454
f 433/789/458 170/346/204 235/345/203
f 496/790/459 492/782/451 434/784/453
f 428/623/366 429/628/371 493/788/457
f 494/791/460 430/630/373 467/687/397
f 429/628/371 430/630/373 494/791/460
f 496/790/459 235/345/203 164/166/106
f 496/790/459 427/621/364 428/623/366
f 291/475/274 293/479/274 498/792/409
f 403/794/332 499/827/332 500/795/334
f 301/797/461 501/8297/478 502/798/462
f 399/800/404 503/804/404 502/801/464
f 363/803/335 504/829/335 503/804/404
f 500/795/334 504/829/335 363/803/335
f 505/805/466 506/830/466 507/806/331
f 507/806/331 499/827/332 403/794/332
f 284/473/273 287/472/273 509/809/409
f 287/472/273 288/476/273 510/810/409
f 288/476/273 291/475/274 497/793/409
f 298/811/467 495/817/473 467/812/468
f 465/814/470 464/8298/4454 297/815/471
f 297/815/471 464/8298/4454 495/817/473
f 467/812/468 466/8299/4455 303/818/474
f 302/819/475 472/826/480 465/814/470
f 312/497/284 498/8300/4456 293/820/476
f 511/821/477 512/8301/477 502/822/462
f 400/802/465 502/801/464 512/824/479
f 302/819/475 301/797/461 482/799/463
f 499/827/332 392/579/332 394/584/334
f 503/804/404 473/696/404 482/722/415
f 511/828/409 501/831/481 300/485/273
f 504/829/335 397/583/335 473/696/404
f 394/584/334 397/583/335 504/829/335
f 506/830/466 393/581/333 391/580/331
f 391/580/331 392/579/332 499/827/332
f 254/394/233 253/395/233 506/830/466
f 253/395/233 255/8254/233 393/581/333
f 390/835/330 256/398/234 171/397/234
f 254/399/78 505/836/339 401/588/339
f 505/836/339 402/590/340 366/589/340
f 390/837/32 514/8302/32 257/403/32
f 259/405/235 257/407/237 514/839/485
f 513/833/483 514/8303/487 390/841/487
f 255/409/239 259/405/235 513/840/486
f 344/843/320 515/870/320 516/844/489
f 515/846/490 517/869/490 518/847/491
f 479/849/408 519/856/408 520/850/321
f 374/852/492 521/865/492 522/853/493
f 348/855/494 523/858/494 519/856/408
f 518/847/491 524/893/495 523/857/495
f 347/845/489 516/844/489 523/858/494
f 368/859/496 525/8304/496 526/860/497
f 345/851/321 520/850/321 527/862/321
f 476/864/498 528/8305/498 521/865/492
f 343/866/319 68/437/256 275/436/256
f 529/868/499 530/891/499 517/869/490
f 343/866/319 529/867/319 515/870/320
f 525/871/500 522/879/501 518/872/501
f 528/874/502 532/8306/503 533/875/503
f 521/877/504 528/874/502 531/876/502
f 522/879/501 521/877/504 524/878/504
f 533/875/503 532/8306/503 534/880/505
f 530/882/506 283/454/265 282/453/265
f 526/883/506 525/871/500 517/873/500
f 533/884/507 535/8307/508 527/885/508
f 522/853/493 525/8304/496 368/859/496
f 372/887/509 534/8308/509 532/888/510
f 519/890/511 531/8309/511 533/884/507
f 275/465/271 283/466/271 530/891/499
f 532/888/510 528/8305/498 476/864/498
f 526/860/497 282/469/272 96/892/272
f 524/893/495 531/8309/511 519/890/511
f 537/894/303 381/570/303 416/609/305
f 487/896/400 470/690/400 382/691/304
f 536/895/305 416/609/305 414/608/299
f 414/608/299 148/148/32 540/899/32
f 537/894/303 538/897/304 382/691/304
f 152/151/39 110/109/64 542/900/64
f 147/150/31 152/151/39 541/901/39
f 540/899/32 148/148/32 147/150/31
f 542/900/64 110/109/64 113/111/65
f 489/906/514 418/740/427 484/739/426
f 489/734/423 488/733/393 419/907/353
f 225/285/164 221/270/152 222/272/154
f 225/908/515 153/152/92 156/154/94
f 222/272/154 22/271/153 224/909/516
f 484/739/426 490/8291/1016 486/911/518
f 546/912/519 547/918/519 548/913/519
f 550/915/519 551/920/520 552/916/519
f 549/917/519 552/916/519 547/918/519
f 553/919/520 554/928/521 551/920/520
f 545/914/519 548/913/519 555/921/519
f 547/918/519 556/925/519 557/923/519
f 551/920/520 558/929/522 559/924/519
f 552/916/519 559/924/519 556/925/519
f 555/921/519 561/930/519 562/926/519
f 554/928/521 563/8310/522 558/929/522
f 548/913/519 557/923/519 561/930/519
f 564/931/523 565/1190/672 566/932/524
f 568/934/526 569/1232/699 570/935/527
f 314/937/283 564/931/523 572/938/529
f 571/936/528 570/935/527 573/940/530
f 574/942/532 575/1414/533 576/943/533
f 577/944/532 578/8311/4457 579/945/534
f 580/946/535 581/951/539 582/947/536
f 567/941/531 573/940/530 584/949/538
f 581/951/539 585/1230/697 586/952/540
f 588/953/541 589/1425/542 590/954/542
f 591/956/543 592/1233/543 588/953/541
f 334/957/544 333/8312/544 594/958/544
f 596/960/545 597/974/545 598/961/546
f 576/963/547 589/8313/547 588/964/548
f 577/965/548 588/964/548 592/966/549
f 578/967/549 592/966/549 583/968/550
f 600/970/551 601/1170/551 602/971/552
f 603/973/553 604/1235/553 597/974/545
f 597/975/554 604/1236/555 605/976/555
f 597/975/554 606/977/554 607/978/556
f 333/980/309 346/8314/309 608/981/557
f 601/983/558 609/1165/558 610/984/559
f 612/986/560 613/8315/561 614/987/561
f 615/989/562 616/8316/562 612/986/560
f 618/990/563 355/8317/563 354/991/563
f 620/993/564 621/1162/565 622/994/565
f 624/996/566 625/1152/566 626/997/567
f 627/999/568 628/1238/569 629/1000/569
f 630/1001/568 631/8318/570 632/1002/570
f 633/1003/571 372/8319/572 371/1004/572
f 636/1006/573 624/1160/573 623/1007/574
f 637/1009/548 638/1239/549 613/1010/549
f 616/1012/547 639/8320/547 637/1009/548
f 640/1013/575 377/8321/575 355/1014/575
f 641/1016/550 642/1157/576 621/1017/576
f 643/1019/552 644/8322/552 645/1020/551
f 647/1022/577 648/1243/700 649/1023/578
f 650/1024/577 651/1311/579 652/1025/579
f 653/1026/580 654/1241/581 648/1027/581
f 647/1028/580 652/8323/582 655/1029/582
f 657/1030/583 658/1154/656 659/1031/584
f 634/1033/585 661/1180/585 662/1034/586
f 663/1036/588 664/1315/589 631/1037/589
f 629/1039/591 665/1237/591 666/1040/590
f 667/1041/592 668/1151/654 581/1042/593
f 587/1044/548 590/8324/547 670/1045/547
f 671/1047/595 591/1242/595 587/1044/548
f 658/1048/596 672/1156/658 673/1049/597
f 574/1051/548 579/8325/599 675/1052/599
f 676/1054/547 575/8326/547 574/1051/548
f 677/1055/600 568/1244/701 571/1056/601
f 680/1058/546 681/8327/546 682/1059/545
f 682/1059/545 683/1240/553 684/1061/553
f 685/1062/603 421/8328/4458 420/1063/604
f 687/1065/606 677/8329/606 678/1066/607
f 567/933/525 566/932/524 689/1068/609
f 690/1069/610 691/1533/611 676/1070/611
f 674/1071/612 675/1245/702 692/1072/613
f 693/1073/614 694/1246/703 671/1074/615
f 693/1073/614 669/1075/616 670/1076/617
f 563/1078/619 554/1080/621 585/1079/620
f 554/1080/621 553/1295/731 572/938/529
f 696/1081/622 697/1145/649 668/1082/623
f 672/1084/625 698/1144/648 699/1085/626
f 650/1087/628 700/1091/631 701/1088/629
f 649/1090/630 703/1247/704 700/1091/631
f 705/1092/553 706/1248/553 707/1093/545
f 709/1095/551 710/1142/551 711/1096/552
f 707/1098/632 713/1127/632 714/1099/633
f 704/1094/545 707/1093/545 712/1101/546
f 716/1103/544 447/8330/544 446/1104/544
f 603/1106/634 718/1131/634 719/1107/635
f 720/1109/553 718/1250/553 721/1110/545
f 723/1112/551 724/1140/551 719/1113/552
f 713/1111/545 721/1110/545 725/1115/546
f 458/1117/544 457/8331/544 727/1118/544
f 596/1120/636 595/1576/637 725/1121/637
f 446/1123/385 458/8332/385 726/1124/638
f 706/1126/639 720/1251/639 713/1127/632
f 728/1128/640 729/1133/640 727/1129/641
f 603/1106/634 596/1120/636 721/1122/636
f 600/1132/642 724/1249/642 729/1133/640
f 710/1134/643 723/1138/643 722/1135/644
f 730/1137/645 731/1173/645 723/1138/643
f 731/1139/646 729/1174/646 724/1140/551
f 732/1141/646 730/1175/646 710/1142/551
f 672/1084/625 733/8333/4459 734/1143/647
f 697/1145/649 735/1263/716 736/1146/650
f 688/1067/608 678/1066/607 737/1147/651
f 645/1020/551 739/8334/652 740/1149/652
f 678/1057/602 571/1056/601 689/1068/609
f 668/1151/654 736/8335/4460 563/1078/619
f 660/1035/587 662/1034/586 625/1152/566
f 657/1030/583 741/1183/665 742/1153/655
f 658/1048/596 742/8336/4461 733/1155/657
f 642/1157/576 743/1176/659 744/1158/659
f 745/1159/660 660/1177/660 624/1160/573
f 477/1161/409 294/922/409 555/921/519
f 621/1162/565 744/8337/661 746/1163/661
f 747/1164/662 748/1178/662 609/1165/558
f 570/1166/576 582/1234/576 586/1167/663
f 728/1169/646 747/1179/646 601/1170/551
f 334/1171/413 593/1130/641 727/1129/641
f 730/1137/645 717/1125/638 726/1124/638
f 726/1119/544 727/1118/544 729/1174/646
f 716/1103/544 717/1105/544 730/1175/646
f 743/1176/659 640/1013/575 618/1015/575
f 633/1003/571 634/1005/571 660/1177/660
f 746/1163/661 744/8337/661 618/990/563
f 747/1164/662 594/982/557 608/981/557
f 593/959/544 594/958/544 747/1179/646
f 661/1180/585 634/1033/585 371/1181/664
f 750/1185/667 566/1189/671 565/1186/668
f 752/1188/670 689/8338/4462 566/1189/671
f 314/937/283 486/8339/421 565/1190/672
f 738/1191/673 737/8340/673 689/1192/673
f 740/1194/652 753/1822/1015 754/1195/674
f 739/1197/673 738/1191/673 752/1193/673
f 740/1199/675 752/1188/670 750/1185/667
f 751/1187/669 490/1824/1016 421/1201/425
f 645/1203/678 688/8341/4463 738/1204/679
f 682/1206/681 690/1210/681 692/1207/682
f 682/1206/681 681/1661/684 691/1209/684
f 687/1211/685 688/8341/4463 645/1203/678
f 732/1213/687 746/8342/687 617/1214/688
f 622/1216/689 746/8342/687 732/1213/687
f 619/1218/690 622/1216/689 709/1217/689
f 617/1214/688 354/8343/440 447/1220/440
f 715/1221/691 615/1674/691 611/1222/692
f 704/1223/692 611/1222/692 614/1224/693
f 572/1226/694 564/8344/4464 584/1227/694
f 586/1167/663 756/8345/696 584/1229/696
f 585/1230/697 572/8346/4465 756/1231/698
f 579/945/534 578/8311/4457 569/1232/699
f 591/956/543 580/946/535 583/948/537
f 569/969/550 583/968/550 582/1234/576
f 599/972/552 602/971/552 604/1235/553
f 604/1236/555 602/985/559 610/984/559
f 614/987/561 613/8315/561 620/993/564
f 629/1039/591 623/998/567 626/997/567
f 635/1008/574 623/1007/574 629/1000/569
f 638/1239/549 641/1016/550 620/1018/550
f 683/1240/553 644/8322/552 643/1019/552
f 654/1241/581 656/1032/584 659/1031/584
f 667/1041/592 580/1043/594 591/1242/595
f 648/1243/700 659/1050/598 673/1049/597
f 675/1052/599 579/8325/599 568/1244/701
f 675/1245/702 677/8329/606 687/1065/606
f 696/1081/622 667/1083/624 671/1074/615
f 673/1086/627 699/1085/626 703/1247/704
f 708/1097/552 711/1096/552 706/1248/553
f 600/1132/642 599/1108/635 719/1107/635
f 722/1114/552 719/1113/552 718/1250/553
f 706/1126/639 711/1136/644 722/1135/644
f 683/1208/683 692/1207/682 687/1211/685
f 705/1225/693 614/1224/693 619/1218/690
f 699/1252/705 757/1258/711 758/1253/706
f 698/1255/708 734/8347/4466 759/1256/709
f 698/1255/708 760/1257/710 757/1258/711
f 700/1259/712 761/1262/715 762/1260/713
f 703/1254/707 758/1253/706 761/1262/715
f 757/1258/711 696/1081/622 694/1246/703
f 760/1257/710 759/1256/709 735/1263/716
f 760/1257/710 697/1145/649 696/1081/622
f 761/1262/715 693/1073/614 695/1077/618
f 761/1262/715 758/1253/706 694/1246/703
f 498/1264/409 553/919/520 550/915/519
f 665/1266/581 626/1277/584 763/1267/584
f 562/1269/717 749/1302/735 765/1270/718
f 662/1272/665 661/1300/734 765/1273/720
f 625/1275/583 662/1272/665 767/1274/665
f 625/1275/583 768/1276/583 763/1267/584
f 769/1278/580 770/1305/582 771/1279/582
f 665/1266/581 764/1268/581 769/1278/580
f 509/1282/409 546/912/519 545/914/519
f 510/1283/409 549/917/519 546/912/519
f 497/1265/409 550/915/519 549/917/519
f 559/1284/721 558/8348/4467 735/1285/722
f 556/1287/724 734/1290/727 733/1288/725
f 556/1287/724 559/1284/721 759/1286/723
f 735/1285/722 558/8348/4467 563/1291/728
f 561/1293/729 557/1289/726 733/1288/725
f 553/1295/731 498/8349/4456 312/939/284
f 765/1296/718 772/8350/732 511/1297/732
f 772/1299/733 765/1273/720 661/1300/734
f 561/1293/729 742/1294/730 749/1302/735
f 764/1268/581 763/1267/584 656/1032/584
f 767/1274/665 765/1273/720 749/1184/666
f 511/1303/409 477/1161/409 560/927/519
f 768/1276/583 767/1274/665 741/1183/665
f 768/1276/583 657/1030/583 656/1032/584
f 653/1026/580 655/1029/582 770/1305/582
f 764/1268/581 654/1241/581 653/1026/580
f 770/1305/582 774/1310/740 775/1309/740
f 655/1029/582 776/8351/740 774/1310/740
f 651/1311/579 650/1024/577 702/1312/741
f 663/1036/588 771/1316/588 775/1314/589
f 771/1316/588 663/1036/588 630/1038/590
f 651/1317/546 777/1754/546 778/1318/546
f 780/1320/742 773/1325/747 779/1321/743
f 651/1323/745 779/8352/745 773/1308/739
f 776/1324/746 655/8353/4468 773/1325/747
f 610/1326/574 781/1342/574 782/1327/748
f 782/1329/749 781/1341/750 783/1330/750
f 748/1332/660 608/1346/572 785/1333/572
f 636/1335/751 635/1372/752 787/1336/752
f 609/1338/753 748/1332/660 786/1334/660
f 789/1340/755 790/1383/755 783/1330/750
f 610/1326/574 609/1338/753 789/1339/754
f 627/1343/756 791/1382/756 792/1344/757
f 608/1346/572 346/8354/758 527/1347/758
f 745/1348/759 636/1335/751 788/1337/751
f 794/1350/568 795/1782/570 607/1351/570
f 794/1353/760 782/1329/749 784/1331/749
f 605/1328/748 782/1327/748 794/1350/568
f 783/1355/761 787/1363/761 792/1356/762
f 798/1358/763 799/1365/763 793/1359/764
f 797/1360/764 793/1359/764 788/1361/765
f 790/1362/765 788/1361/765 787/1363/761
f 798/1358/763 535/8355/766 534/1364/766
f 791/1366/767 800/1797/768 801/1367/768
f 784/1357/762 792/1356/762 791/1366/767
f 527/1369/508 535/8356/508 798/1370/769
f 628/1345/757 792/1344/757 787/1336/752
f 372/1373/509 633/1380/770 799/1374/770
f 786/1376/771 785/1371/769 798/1370/769
f 795/1378/772 794/1353/760 796/1354/760
f 745/1348/759 793/1349/759 799/1374/770
f 632/1381/773 800/1807/773 791/1382/756
f 789/1340/755 786/1376/771 797/1377/771
f 803/1384/774 804/1390/775 805/1385/775
f 807/1387/775 808/1391/775 809/1388/775
f 804/1390/775 807/1387/775 806/1389/775
f 808/1391/775 810/1400/776 811/1392/776
f 802/1386/775 812/1618/907 813/1393/774
f 814/1394/774 815/1396/774 804/1390/775
f 816/1395/774 817/1399/775 808/1391/775
f 815/1396/774 816/1395/774 807/1387/775
f 819/1397/774 820/1401/774 813/1393/774
f 817/1399/775 821/8357/775 810/1400/776
f 820/1401/774 814/1394/774 803/1384/774
f 822/1402/777 823/1530/859 824/1403/778
f 826/1405/780 827/1411/786 828/1406/781
f 831/1408/783 822/1402/777 832/1409/784
f 827/1411/786 823/1420/793 833/1412/787
f 834/1413/788 835/1416/788 576/943/533
f 836/1415/789 837/1682/946 835/1416/788
f 838/1417/790 839/1683/947 840/1418/791
f 823/1420/793 822/8358/794 842/1421/794
f 841/1419/792 840/1418/791 843/1422/795
f 845/1424/797 590/954/542 589/1425/542
f 846/1426/797 847/8359/4469 848/1427/798
f 850/1428/799 851/8360/799 852/1429/799
f 598/961/546 853/1441/800 854/1431/800
f 846/1432/801 589/8313/547 576/963/547
f 847/1434/802 846/1432/801 835/1433/801
f 839/1436/803 847/1434/802 837/1435/802
f 856/1438/804 857/1626/805 858/1439/805
f 853/1441/800 859/1685/806 860/1442/806
f 861/1443/807 862/8361/808 859/1444/808
f 598/979/556 607/978/556 861/1443/807
f 863/1446/809 864/8362/810 851/1447/810
f 865/1449/811 866/1621/812 857/1450/812
f 868/1452/813 869/1686/813 870/1453/814
f 870/1453/814 616/8316/562 615/989/562
f 872/1455/815 873/8363/815 874/1456/815
f 876/1458/816 877/1620/816 878/1459/817
f 880/1461/818 881/1608/819 882/1462/819
f 883/1464/820 884/1467/820 885/1465/821
f 632/1002/570 631/8318/570 884/1467/820
f 888/1468/823 889/8364/824 890/1469/824
f 891/1471/825 879/8365/825 882/1472/826
f 869/1474/802 893/1687/802 894/1475/801
f 894/1475/801 639/8320/547 616/1012/547
f 873/1477/827 895/8366/827 896/1478/827
f 877/1480/828 897/1614/828 898/1481/803
f 899/1483/804 900/1605/805 901/1484/805
f 903/1486/829 904/1490/829 905/1487/830
f 907/1489/831 908/1751/831 904/1490/829
f 909/1491/832 903/1495/832 906/1492/833
f 911/1494/834 907/8367/834 903/1495/832
f 913/1496/835 914/8368/967 915/1497/836
f 917/1499/837 918/1634/912 888/1500/838
f 631/1037/589 664/1315/589 919/1502/840
f 920/1504/841 921/8369/842 885/1505/842
f 922/1506/843 838/8370/4470 841/1507/844
f 670/1045/547 590/8324/547 845/1509/801
f 845/1509/801 848/1689/846 925/1511/846
f 926/1512/847 927/8371/4471 914/1513/848
f 929/1515/850 836/1690/850 834/1516/801
f 834/1516/801 575/8326/547 676/1054/547
f 930/1518/851 931/1606/899 827/1519/852
f 933/1521/800 681/8327/546 680/1058/546
f 934/1523/806 935/1688/806 933/1521/800
f 936/1524/854 937/1821/854 938/1525/855
f 940/1527/857 941/1602/896 931/1528/858
f 823/1530/859 827/1519/852 942/1531/860
f 943/1532/861 928/1535/863 676/1070/611
f 944/1534/862 929/1691/948 928/1535/863
f 945/1536/864 924/1539/867 925/1537/865
f 945/1536/864 695/1077/618 670/1076/617
f 821/1540/868 841/1507/844 844/1541/869
f 831/1408/783 811/1736/978 810/1542/870
f 947/1543/871 922/8372/4472 923/1544/872
f 949/1546/874 950/8373/4473 927/1547/875
f 702/1089/629 701/1088/629 951/1549/877
f 951/1549/877 952/1692/878 905/1551/878
f 954/1552/800 955/1693/806 956/1553/806
f 958/1555/804 959/1596/805 960/1556/805
f 712/1100/633 714/1099/633 961/1558/879
f 712/1101/546 954/1552/800 953/1554/800
f 962/1560/799 963/8374/799 964/1561/799
f 966/1563/880 967/1586/881 860/1564/881
f 968/1566/800 967/1694/806 969/1567/806
f 966/1569/804 971/1594/805 972/1570/805
f 725/1115/546 968/1566/800 961/1568/800
f 974/1572/799 975/8375/799 976/1573/799
f 968/1575/882 725/1121/637 595/1576/637
f 973/1578/883 976/8376/884 964/1579/884
f 954/1559/879 961/1558/879 969/1581/885
f 974/1583/886 977/1587/887 978/1584/887
f 967/1586/881 968/1575/882 854/1577/882
f 977/1587/887 971/8377/888 858/1588/888
f 970/1589/889 972/8378/890 959/1590/890
f 959/1590/890 972/8378/890 979/1592/891
f 971/1594/805 977/1629/892 979/1595/892
f 959/1596/805 980/1630/892 981/1597/892
f 927/1547/875 950/8373/4473 982/1598/893
f 948/1545/873 923/1544/872 984/1600/894
f 941/1602/896 986/8379/897 987/1603/897
f 988/1604/898 989/8380/898 901/1484/805
f 931/1606/899 987/8381/4474 942/1531/860
f 923/1508/845 841/1507/844 821/1540/868
f 881/1608/819 917/1499/837 916/1501/839
f 915/1497/836 914/8368/967 990/1609/901
f 914/1513/848 927/8371/4471 983/1611/903
f 992/1613/905 993/1631/905 897/1614/828
f 892/1473/826 882/1472/826 916/1615/906
f 995/1617/907 818/1398/774 813/1393/774
f 996/1619/908 992/1632/908 877/1620/816
f 866/1621/812 997/8382/909 998/1622/909
f 843/1623/910 840/1684/828 828/1624/828
f 857/1626/805 998/1633/892 978/1627/892
f 852/1628/911 975/8383/911 974/1583/886
f 980/1593/891 979/1592/891 973/1578/883
f 977/1629/892 974/1572/799 973/1574/799
f 980/1630/892 963/8374/799 962/1560/799
f 874/1479/827 896/1478/827 993/1631/905
f 916/1615/906 888/1468/823 887/1470/823
f 996/1619/908 871/1457/815 874/1456/815
f 998/1622/909 997/8382/909 863/1446/809
f 998/1633/892 850/1428/799 849/1430/799
f 918/1634/912 999/8384/913 889/1635/913
f 1001/1637/915 1002/1653/925 825/1638/916
f 1003/1640/918 1001/1637/915 824/1639/917
f 832/1409/784 822/1402/777 825/1404/779
f 986/1643/921 1003/1650/921 942/1644/921
f 988/1646/898 1005/8385/898 1006/1647/892
f 989/1649/921 988/8386/921 1003/1650/921
f 988/1651/923 1007/1820/1014 1001/1637/915
f 939/1652/924 1008/8387/1516 1002/1653/925
f 901/1655/927 989/8388/928 986/1656/928
f 933/1658/930 935/1695/949 944/1659/931
f 943/1660/932 691/1209/684 681/1661/684
f 901/1655/927 941/1657/929 940/1662/933
f 981/1664/935 962/1672/936 871/1665/936
f 981/1664/935 996/1666/935 876/1667/937
f 960/1668/937 876/1667/937 875/1669/938
f 965/1671/939 872/8389/939 871/1665/936
f 953/1673/940 867/1676/940 615/1674/691
f 956/1675/941 868/1696/941 867/1676/940
f 842/1677/942 822/8390/4475 831/1678/942
f 842/1680/944 1009/8391/944 843/1623/910
f 1009/1681/945 831/8392/4476 844/1423/796
f 836/1415/789 826/1405/780 829/1407/782
f 848/1427/798 847/8359/4469 839/1683/947
f 840/1684/828 839/1436/803 829/1437/803
f 859/1685/806 856/1438/804 855/1440/804
f 859/1444/808 862/8361/808 865/1449/811
f 868/1452/813 875/1460/817 878/1459/817
f 885/1505/842 921/8369/842 880/1461/818
f 885/1465/821 879/8365/825 891/1471/825
f 878/1482/803 898/1481/803 893/1687/802
f 899/1483/804 902/1485/804 935/1688/806
f 910/1493/833 906/1492/833 913/1496/835
f 848/1689/846 838/8370/4470 922/1506/843
f 906/1488/830 905/1487/830 926/1512/847
f 930/1518/851 826/1520/853 836/1690/850
f 940/1527/857 930/1529/857 929/1691/948
f 925/1537/865 922/8372/4472 947/1543/871
f 952/1692/878 949/1546/874 926/1548/876
f 955/1693/806 958/1555/804 957/1557/804
f 858/1588/888 971/8377/888 966/1563/880
f 967/1694/806 966/1569/804 970/1571/804
f 955/1582/885 969/1581/885 970/1589/889
f 935/1695/949 902/1663/934 940/1662/933
f 956/1675/941 957/1670/938 875/1669/938
f 1010/1697/950 1011/1703/956 949/1698/951
f 950/1700/953 1012/1706/959 1013/1701/954
f 1011/1703/956 1012/1706/959 950/1700/953
f 951/1704/957 701/1261/714 762/1260/713
f 1014/1705/958 1010/1697/950 952/1699/952
f 946/1538/866 947/1543/871 1011/1703/956
f 1012/1706/959 948/1545/873 985/1601/895
f 947/1543/871 948/1545/873 1012/1706/959
f 1014/1705/958 762/1260/713 695/1077/618
f 1014/1705/958 945/1536/864 946/1538/866
f 809/1388/775 811/1392/776 1016/1707/907
f 921/1709/960 1017/1743/960 1018/1710/835
f 819/1712/961 1019/8393/980 1020/1713/962
f 917/1715/964 1021/1719/964 1020/1716/965
f 881/1718/967 1022/1745/836 1021/1719/964
f 1018/1710/835 1022/1745/836 881/1718/967
f 1023/1720/834 1024/1746/834 1025/1721/832
f 1025/1721/832 1017/1743/960 921/1709/960
f 802/1386/775 805/1385/775 1027/1724/907
f 805/1385/775 806/1389/775 1028/1725/907
f 806/1389/775 809/1388/775 1015/1708/907
f 816/1726/968 1013/1732/974 985/1727/969
f 983/1729/971 982/8394/4477 815/1730/972
f 815/1730/972 982/8394/4477 1013/1732/974
f 985/1727/969 984/8395/975 821/1733/975
f 820/1734/976 990/1742/982 983/1729/971
f 831/1408/783 830/1410/785 1016/1735/977
f 1029/1737/979 1030/8396/979 1020/1738/962
f 918/1717/966 1020/1716/965 1030/1740/981
f 820/1734/976 819/1712/961 1000/1714/963
f 1017/1743/960 910/1493/833 912/1498/835
f 1021/1719/964 991/1610/902 1000/1636/914
f 1029/1744/907 1019/1747/774 818/1398/774
f 1022/1745/836 915/1497/836 991/1610/902
f 912/1498/835 915/1497/836 1022/1745/836
f 1024/1746/834 911/1494/834 909/1491/832
f 1025/1721/832 909/1491/832 910/1493/833
f 775/1309/740 774/1310/740 1024/1746/834
f 774/1310/740 776/8351/740 911/1494/834
f 908/1751/831 777/1313/741 702/1312/741
f 775/1314/589 1023/1752/840 919/1502/840
f 1023/1752/840 920/1504/841 884/1503/841
f 908/1753/546 1032/8397/546 778/1318/546
f 780/1320/742 778/1322/744 1032/1755/986
f 1031/1749/984 1032/8398/988 908/1757/988
f 776/1324/746 780/1320/742 1031/1756/987
f 1033/1759/990 1034/8399/825 865/1760/825
f 1033/1762/991 1035/1785/991 1036/1763/992
f 1037/1765/993 1038/8400/994 863/1766/994
f 892/1768/995 1039/8401/995 1040/1769/996
f 1041/1771/997 1037/1765/993 997/1767/993
f 1036/1763/992 1042/1808/998 1041/1773/998
f 865/1760/825 1034/8399/825 1041/1771/997
f 886/1774/999 1043/8402/999 1044/1775/1000
f 863/1766/994 1038/8400/994 1045/1777/994
f 1046/1779/1001 1039/8401/995 892/1768/995
f 861/1781/820 607/1351/570 795/1782/570
f 1047/1784/1002 1048/1806/1002 1035/1785/991
f 1047/1783/820 1033/1759/990 862/1761/990
f 1043/1786/1003 1040/8403/1004 1036/1787/1004
f 1046/1789/1005 1050/8404/1006 1051/1790/1006
f 1042/1792/1007 1039/1793/1007 1046/1789/1005
f 1036/1787/1004 1040/8403/1004 1039/1793/1007
f 1051/1790/1006 1050/8404/1006 1052/1794/1006
f 1048/1796/1008 801/1367/768 800/1797/768
f 1044/1798/1008 1043/1786/1003 1035/1788/1003
f 1051/1799/1009 1053/8405/1010 1045/1800/1010
f 1040/1769/996 1043/8402/999 886/1774/999
f 890/1802/1011 1052/8406/1011 1050/1803/1012
f 1037/1805/1013 1049/8407/1013 1051/1799/1009
f 795/1378/772 801/1379/772 1048/1806/1002
f 1050/1803/1012 1046/1779/1001 994/1780/1001
f 883/1776/1000 1044/1775/1000 800/1807/773
f 1042/1808/998 1049/8407/1013 1037/1805/1013
f 1055/1809/804 899/1483/804 934/1523/806
f 1005/1811/898 988/1604/898 900/1605/805
f 1054/1810/806 934/1523/806 932/1522/800
f 932/1522/800 680/1058/546 1058/1814/546
f 1055/1809/804 1056/1812/805 900/1605/805
f 684/1061/553 643/1019/552 1060/1815/552
f 646/1021/551 740/1149/652 755/1817/652
f 679/1060/545 684/1061/553 1059/1816/553
f 1058/1814/546 680/1058/546 679/1060/545
f 1060/1815/552 643/1019/552 646/1021/551
f 1007/1820/1014 936/1654/926 1002/1653/925
f 1007/1648/922 1006/1647/892 937/1821/854
f 753/1200/676 750/1185/667 751/1187/669
f 753/1822/1015 685/1062/603 686/1064/605
f 751/1187/669 565/1186/668 486/1823/518
f 1002/1653/925 1008/8387/1516 1004/1825/1017
f 1064/1826/1018 1065/1832/1018 1066/1827/1018
f 1068/1829/1018 1069/1834/1019 1070/1830/1018
f 1067/1831/1018 1070/1830/1018 1065/1832/1018
f 1071/1833/1019 1072/1842/1020 1069/1834/1019
f 1063/1828/1018 1066/1827/1018 1073/1835/1018
f 1065/1832/1018 1074/1839/1018 1075/1837/1018
f 1069/1834/1019 1076/1843/1018 1077/1838/1018
f 1070/1830/1018 1077/1838/1018 1074/1839/1018
f 1073/1835/1018 1079/1844/1018 1080/1840/1018
f 1072/1842/1020 1081/8408/1018 1076/1843/1018
f 1066/1827/1018 1075/1837/1018 1079/1844/1018
f 1082/1845/1021 1083/2104/1169 1084/1846/1022
f 1086/1848/1024 1087/2145/1196 1088/1849/1025
f 832/1851/784 1082/1845/1021 1090/1852/1027
f 1089/1850/1026 1088/1849/1025 1091/1854/1028
f 1092/1856/1030 1093/2327/1031 1094/1857/1031
f 1092/1856/1030 1095/1858/1030 1096/1859/1032
f 1098/1861/1034 1099/1866/1038 1100/1862/1035
f 1085/1855/1029 1091/1854/1028 1102/1864/1037
f 1099/1866/1038 1103/2143/1194 1104/1867/1039
f 1106/1868/1040 1107/8409/1041 1108/1869/1041
f 1105/1870/1040 1109/2146/1197 1110/1871/1042
f 852/1872/1043 851/8410/1043 1112/1873/1043
f 1114/1875/1044 1115/1889/1044 1116/1876/1045
f 1094/1878/1046 1107/8411/1046 1106/1879/1047
f 1095/1880/1047 1106/1879/1047 1110/1881/1048
f 1096/1882/1048 1110/1881/1048 1101/1883/1049
f 1118/1885/1050 1119/2084/1050 1120/1886/1051
f 1121/1888/1052 1122/2148/1052 1115/1889/1044
f 1122/1890/1053 1123/2149/1053 1124/1891/1054
f 1124/1891/1054 1125/8412/1055 1116/1893/1055
f 851/1894/810 864/8413/810 1126/1895/1056
f 1119/1897/1057 1127/2079/1057 1128/1898/1058
f 1130/1900/1059 1131/8414/1060 1132/1901/1060
f 1133/1903/1061 1134/8415/1061 1130/1900/1059
f 1136/1904/1062 873/8416/1062 872/1905/1062
f 1138/1907/1063 1139/2076/1064 1140/1908/1064
f 1142/1910/1065 1143/2066/1065 1144/1911/1066
f 1146/1913/1067 1147/2151/1067 1148/1914/1068
f 1145/1915/1068 1148/1914/1068 1149/1916/1069
f 1151/1918/1070 890/8417/1071 889/1919/1071
f 1153/1921/1072 1154/2073/1073 1142/1922/1073
f 1155/1924/1047 1156/2152/1048 1131/1925/1048
f 1134/1927/1046 1157/8418/1046 1155/1924/1047
f 1158/1928/1074 895/8419/1074 873/1929/1074
f 1159/1931/1049 1160/2071/1075 1139/1932/1075
f 1161/1934/1051 1162/8420/1051 1163/1935/1050
f 1165/1937/1076 1166/2156/1077 1167/1938/1077
f 1168/1939/1076 1169/2224/1078 1170/1940/1078
f 1172/1941/1079 1166/2154/1079 1165/1942/1080
f 1165/1942/1080 1170/8421/1081 1173/1944/1081
f 1175/1945/1082 1176/2068/1082 1177/1946/1083
f 1152/1948/1084 1179/2094/1084 1180/1949/1085
f 1181/1951/1087 1182/2228/1088 1149/1952/1088
f 1147/1954/1090 1183/2150/1090 1184/1955/1089
f 1185/1956/1091 1186/2065/1152 1099/1957/1092
f 1105/1959/1047 1108/8422/1046 1188/1960/1046
f 1189/1962/1094 1109/2155/1094 1105/1959/1047
f 1176/1963/1095 1190/2070/1155 1191/1964/1096
f 1092/1966/1047 1097/2157/1098 1193/1967/1098
f 1194/1969/1046 1093/8423/1046 1092/1966/1047
f 1195/1970/1099 1086/8424/4478 1089/1971/1100
f 1198/1973/1045 1199/8425/1045 1200/1974/1044
f 1200/1974/1044 1201/2153/1052 1202/1976/1052
f 1203/1977/1102 939/8426/4479 938/1978/1103
f 1205/1980/1104 1195/8427/1104 1196/1981/1105
f 1085/1847/1023 1084/1846/1022 1207/1983/1107
f 1208/1984/1108 1209/2444/1109 1194/1985/1109
f 1192/1986/1110 1193/2158/1198 1210/1987/1111
f 1211/1988/1112 1212/2159/1199 1189/1989/1113
f 1211/1988/1112 1187/1990/1114 1188/1991/1115
f 1081/1993/1117 1072/1995/1119 1103/1994/1118
f 1072/1995/1119 1071/8428/4480 1090/1852/1027
f 1214/1996/1120 1215/2059/1146 1186/1997/1121
f 1190/1999/1123 1216/2058/1145 1217/2000/1124
f 1218/2002/1126 1219/8429/1127 1220/2003/1127
f 1167/2005/1128 1221/2160/1200 1218/2002/1126
f 1223/2006/1052 1224/2161/1052 1225/2007/1044
f 1227/2009/1050 1228/2056/1050 1229/2010/1051
f 1225/2012/1129 1231/2041/1129 1232/2013/1130
f 1222/2008/1044 1225/2007/1044 1230/2015/1045
f 1234/2017/1043 965/8430/1043 964/2018/1043
f 1121/2020/1131 1236/2045/1131 1237/2021/1132
f 1238/2023/1052 1236/2163/1052 1239/2024/1044
f 1241/2026/1050 1242/2054/1050 1237/2027/1051
f 1231/2025/1044 1239/2024/1044 1243/2029/1045
f 976/2031/1043 975/8431/1043 1245/2032/1043
f 1114/2034/1133 1113/2488/1134 1243/2035/1134
f 964/2037/884 976/8432/884 1244/2038/1135
f 1224/2040/1136 1238/2164/1136 1231/2041/1129
f 1246/2042/1137 1247/2047/1137 1245/2043/1138
f 1121/2020/1131 1114/2034/1133 1239/2036/1133
f 1246/2042/1137 1118/2162/1139 1242/2046/1139
f 1228/2048/1140 1241/2052/1140 1240/2049/1141
f 1248/2051/1142 1249/2087/1142 1241/2052/1140
f 1249/2053/1143 1247/2088/1143 1242/2054/1050
f 1250/2055/1143 1248/2089/1143 1228/2056/1050
f 1190/1999/1123 1251/8433/1144 1252/2057/1144
f 1215/2059/1146 1253/2176/1212 1254/2060/1147
f 1206/1982/1106 1196/1981/1105 1255/2061/1148
f 1163/1935/1050 1257/8434/1150 1258/2063/1150
f 1196/1972/1101 1089/1971/1100 1207/1983/1107
f 1186/2065/1152 1254/8435/4481 1081/1993/1117
f 1178/1950/1086 1180/1949/1085 1143/2066/1065
f 1175/1945/1082 1259/2097/1162 1260/2067/1153
f 1176/1963/1095 1260/8436/4482 1251/2069/1154
f 1160/2071/1075 1261/2090/1156 1262/2072/1156
f 1154/2073/1073 1263/2091/1157 1178/2074/1157
f 995/2075/907 812/1836/907 1073/1835/1018
f 1139/2076/1064 1262/8437/1158 1264/2077/1158
f 1265/2078/1159 1266/2092/1159 1127/2079/1057
f 1088/2080/1075 1100/2147/1075 1104/2081/1160
f 1246/2083/1143 1265/2093/1143 1119/2084/1050
f 852/2085/911 1111/2044/1138 1245/2043/1138
f 1248/2051/1142 1235/2039/1135 1244/2038/1135
f 1244/2033/1043 1245/2032/1043 1247/2088/1143
f 1234/2017/1043 1235/2019/1043 1248/2089/1143
f 1261/2090/1156 1158/1928/1074 1136/1930/1074
f 1151/1918/1070 1152/1920/1070 1178/2074/1157
f 1264/2077/1158 1262/8437/1158 1136/1904/1062
f 1265/2078/1159 1112/1896/1056 1126/1895/1056
f 1111/1874/1043 1112/1873/1043 1265/2093/1143
f 1179/2094/1084 1152/1948/1084 889/2095/1161
f 1268/2099/1164 1084/2103/1168 1083/2100/1165
f 1270/2102/1167 1207/8438/4483 1084/2103/1168
f 832/1851/784 1004/8439/920 1083/2104/1169
f 1256/2105/1170 1255/8440/1170 1207/2106/1170
f 1258/2108/1150 1271/2731/1515 1272/2109/1143
f 1257/2111/1170 1256/2105/1170 1270/2107/1170
f 1258/2113/1171 1270/2102/1167 1268/2099/1164
f 1269/2101/1166 1008/2733/1516 939/2115/924
f 1163/2117/1174 1206/8441/4484 1256/2118/1175
f 1200/2120/1177 1208/2124/1181 1210/2121/1178
f 1199/2123/1180 1209/2571/1180 1208/2124/1181
f 1205/2125/1182 1206/8441/4484 1163/2117/1174
f 1250/2127/1184 1264/2131/1184 1135/2128/1185
f 1227/2130/1186 1140/8442/1186 1264/2131/1184
f 1137/2132/1187 1140/8442/1186 1227/2130/1186
f 1135/2128/1185 872/8443/939 965/2134/939
f 1222/2135/1188 1233/2584/1189 1133/2136/1189
f 1129/2137/1188 1132/8444/1190 1223/2138/1190
f 1090/2139/1191 1082/8445/4485 1102/2140/1191
f 1104/2081/1160 1274/8446/1193 1102/2142/1193
f 1103/2143/1194 1090/8447/4486 1274/2144/1195
f 1097/1860/1033 1096/1859/1032 1087/2145/1196
f 1109/2146/1197 1098/1861/1034 1101/1863/1036
f 1087/1884/1049 1101/1883/1049 1100/2147/1075
f 1117/1887/1051 1120/1886/1051 1122/2148/1052
f 1122/1890/1053 1120/1899/1058 1128/1898/1058
f 1132/1901/1060 1131/8414/1060 1138/1907/1063
f 1147/1954/1090 1141/1912/1066 1144/1911/1066
f 1153/1921/1072 1141/1923/1072 1147/2151/1067
f 1156/2152/1048 1159/1931/1049 1138/1933/1049
f 1201/2153/1052 1162/8420/1051 1161/1934/1051
f 1172/1941/1079 1174/1947/1083 1177/1946/1083
f 1185/1956/1091 1098/1958/1093 1109/2155/1094
f 1166/2156/1077 1177/1965/1097 1191/1964/1096
f 1097/2157/1098 1086/8424/4478 1195/1970/1099
f 1193/2158/1198 1195/8427/1104 1205/1980/1104
f 1214/1996/1120 1185/1998/1122 1189/1989/1113
f 1191/2001/1125 1217/2000/1124 1221/2160/1200
f 1226/2011/1051 1229/2010/1051 1224/2161/1052
f 1118/2162/1139 1117/2022/1132 1237/2021/1132
f 1240/2028/1051 1237/2027/1051 1236/2163/1052
f 1224/2040/1136 1229/2050/1141 1240/2049/1141
f 1201/2122/1179 1210/2121/1178 1205/2125/1182
f 1223/2138/1190 1132/8444/1190 1137/2132/1187
f 1217/2165/1201 1275/2171/1207 1276/2166/1202
f 1216/2168/1204 1252/8448/4487 1277/2169/1205
f 1216/2168/1204 1278/2170/1206 1275/2171/1207
f 1218/2172/1208 1279/2175/1211 1280/2173/1209
f 1221/2167/1203 1276/2166/1202 1279/2175/1211
f 1275/2171/1207 1214/1996/1120 1212/2159/1199
f 1278/2170/1206 1277/2169/1205 1253/2176/1212
f 1278/2170/1206 1215/2059/1146 1214/1996/1120
f 1279/2175/1211 1211/1988/1112 1213/1992/1116
f 1279/2175/1211 1276/2166/1202 1212/2159/1199
f 1016/2177/907 1071/1833/1019 1068/1829/1018
f 1183/2179/1079 1144/2190/1083 1281/2180/1083
f 1080/2182/1213 1267/2215/1232 1283/2183/1214
f 1180/2185/1162 1179/2213/1231 1283/2186/1216
f 1143/2188/1082 1180/2185/1162 1285/2187/1217
f 1143/2188/1082 1286/2189/1082 1281/2180/1083
f 1287/2191/1080 1288/2218/1081 1289/2192/1081
f 1183/2179/1079 1282/2181/1079 1287/2191/1080
f 1027/2195/907 1064/1826/1018 1063/1828/1018
f 1028/2196/907 1067/1831/1018 1064/1826/1018
f 1015/2178/907 1068/1829/1018 1067/1831/1018
f 1077/2197/1218 1076/8449/4488 1253/2198/1219
f 1074/2200/1221 1252/2203/1224 1251/2201/1222
f 1074/2200/1221 1077/2197/1218 1277/2199/1220
f 1253/2198/1219 1076/8449/4488 1081/2204/1225
f 1079/2206/1227 1075/2202/1223 1251/2201/1222
f 1090/1852/1027 1071/8428/4480 1016/2208/977
f 1283/2209/1214 1290/8450/1229 1029/2210/1229
f 1290/2212/1230 1283/2186/1216 1179/2213/1231
f 1079/2206/1227 1260/2207/1228 1267/2215/1232
f 1282/2181/1079 1281/2180/1083 1174/1947/1083
f 1285/2187/1217 1283/2186/1216 1267/2098/1163
f 1029/2216/907 995/2075/907 1078/1841/1018
f 1286/2189/1082 1285/2187/1217 1259/2097/1162
f 1286/2189/1082 1175/1945/1082 1174/1947/1083
f 1171/1943/1080 1173/1944/1081 1288/2218/1081
f 1282/2181/1079 1172/1941/1079 1171/1943/1080
f 1288/2218/1081 1292/2223/1237 1293/2222/1237
f 1173/1944/1081 1294/8451/1237 1292/2223/1237
f 1169/2224/1078 1168/1939/1076 1220/2225/1238
f 1181/1951/1087 1289/2229/1087 1293/2227/1088
f 1289/2229/1087 1181/1951/1087 1148/1953/1089
f 1169/2230/1239 1295/2664/1239 1296/2231/1045
f 1298/2233/1240 1291/2238/1245 1297/2234/1241
f 1169/2236/1243 1297/8452/1243 1291/2221/1236
f 1294/2237/1244 1173/8453/4489 1291/2238/1245
f 1128/2239/1246 1299/2255/1246 1300/2240/1247
f 1300/2242/1248 1299/2254/1249 1301/2243/1249
f 1266/2245/1157 1126/2260/1070 1303/2246/1070
f 1154/2248/1250 1153/2285/1251 1305/2249/1251
f 1127/2251/1073 1266/2245/1157 1304/2247/1157
f 1307/2253/1252 1308/2296/1252 1301/2243/1249
f 1127/2251/1073 1307/2252/1073 1299/2255/1246
f 1145/2256/1253 1309/2295/1253 1310/2257/1254
f 864/2259/1070 1045/8454/1070 1303/2246/1070
f 1263/2261/1255 1154/2248/1250 1306/2250/1250
f 1312/2263/1068 1313/2692/1069 1125/2264/1069
f 1312/2266/1256 1300/2242/1248 1302/2244/1248
f 1123/2241/1247 1300/2240/1247 1312/2263/1068
f 1301/2268/1257 1305/2276/1257 1310/2269/1258
f 1316/2271/1259 1317/2278/1259 1311/2272/1260
f 1315/2273/1260 1311/2272/1260 1306/2274/1261
f 1308/2275/1261 1306/2274/1261 1305/2276/1257
f 1053/2277/1259 1052/8455/1259 1317/2278/1259
f 1309/2279/1262 1318/2707/1263 1319/2280/1263
f 1314/2281/1262 1302/2270/1258 1310/2269/1258
f 1045/2282/1010 1053/8456/1010 1316/2283/1264
f 1146/2258/1254 1310/2257/1254 1305/2249/1251
f 890/2286/1011 1151/2293/1265 1317/2287/1265
f 1304/2289/1266 1303/2284/1264 1316/2283/1264
f 1312/2266/1256 1314/2267/1256 1319/2291/1267
f 1263/2261/1255 1311/2262/1255 1317/2287/1265
f 1150/2294/1268 1318/2716/1268 1309/2295/1253
f 1304/2289/1266 1315/2290/1266 1308/2296/1252
f 1321/2297/1269 1322/2303/1269 1323/2298/1269
f 1325/2300/1269 1326/2304/1269 1327/2301/1269
f 1322/2303/1269 1325/2300/1269 1324/2302/1269
f 1326/2304/1269 1328/2313/1272 1329/2305/1270
f 1320/2299/1269 1330/2528/1405 1331/2306/1269
f 1332/2307/1271 1333/2309/1271 1322/2303/1269
f 1334/2308/1271 1335/2312/1271 1326/2304/1269
f 1333/2309/1271 1334/2308/1271 1325/2300/1269
f 1337/2310/1271 1338/2314/1271 1331/2306/1269
f 1335/2312/1271 1339/8457/1271 1328/2313/1272
f 1338/2314/1271 1332/2307/1271 1321/2297/1269
f 1340/2315/1273 1341/2441/1355 1342/2316/1274
f 1344/2318/1276 1345/2324/1282 1346/2319/1277
f 1349/2321/1279 1340/2315/1273 1350/2322/1280
f 1345/2324/1282 1341/2333/1289 1351/2325/1283
f 1353/2326/1284 1094/1857/1031 1093/2327/1031
f 1354/2329/1285 1355/2592/1443 1353/2326/1284
f 1356/2330/1286 1357/2593/1444 1358/2331/1287
f 1341/2333/1289 1340/8458/1290 1360/2334/1290
f 1359/2332/1288 1358/2331/1287 1361/2335/1291
f 1108/1869/1041 1107/8409/1041 1364/2337/1293
f 1363/2338/1293 1364/2337/1293 1365/2339/1294
f 1368/2341/1296 1369/8459/1296 1370/2342/1296
f 1116/1876/1045 1371/2354/1297 1372/2344/1297
f 1364/2345/1298 1107/8411/1046 1094/1878/1046
f 1365/2347/1299 1364/2345/1298 1353/2346/1298
f 1357/2349/1300 1365/2347/1299 1355/2348/1299
f 1374/2351/1301 1375/2536/1302 1376/2352/1302
f 1371/2354/1297 1377/2595/1303 1378/2355/1303
f 1379/2356/1304 1380/8460/1305 1377/2357/1305
f 1116/1893/1055 1125/8412/1055 1379/2356/1304
f 1381/2359/1306 1382/8461/1307 1369/2360/1307
f 1383/2362/1308 1384/2531/1309 1375/2363/1309
f 1385/2365/1310 1386/2596/1311 1387/2366/1311
f 1388/2367/1310 1134/8415/1061 1133/1903/1061
f 1390/2368/1312 1391/8462/1312 1392/2369/1312
f 1394/2371/1313 1395/2530/1313 1396/2372/1314
f 1398/2374/1315 1399/2518/1316 1400/2375/1316
f 1402/2377/1317 1403/2597/1318 1404/2378/1318
f 1150/1917/1069 1149/1916/1069 1402/2377/1317
f 1405/2380/1319 1406/8463/1319 1407/2381/1319
f 1409/2383/1320 1397/8464/1320 1400/2384/1321
f 1387/2386/1299 1411/2598/1299 1412/2387/1298
f 1412/2387/1298 1157/8418/1046 1134/1927/1046
f 1391/2389/1322 1413/8465/1322 1414/2390/1322
f 1395/2392/1323 1415/2524/1323 1416/2393/1300
f 1417/2395/1301 1418/2515/1302 1419/2396/1302
f 1421/2398/1324 1422/2402/1324 1423/2399/1325
f 1425/2401/1326 1426/2661/1326 1422/2402/1324
f 1421/2403/1327 1424/8466/1328 1428/2404/1328
f 1429/2406/1329 1425/8467/1329 1421/2403/1327
f 1431/2407/1330 1432/8468/1331 1433/2408/1331
f 1435/2410/1332 1436/2544/1410 1406/2411/1333
f 1149/1952/1088 1182/2228/1088 1437/2413/1335
f 1402/2414/1336 1438/8469/1336 1439/2415/1337
f 1440/2417/1338 1356/8470/4490 1359/2418/1339
f 1188/1960/1046 1108/8422/1046 1363/2420/1298
f 1363/2420/1298 1366/2600/1341 1443/2422/1341
f 1444/2423/1342 1445/8471/4491 1432/2424/1343
f 1447/2426/1345 1354/2601/1345 1352/2427/1298
f 1352/2427/1298 1093/8423/1046 1194/1969/1046
f 1448/2429/1346 1449/2516/1397 1345/2430/1347
f 1451/2432/1297 1199/8425/1045 1198/1973/1045
f 1452/2434/1303 1453/2599/1303 1451/2432/1297
f 1454/2435/1349 1455/2730/1349 1456/2436/1350
f 1458/2438/1352 1459/2512/1394 1449/2439/1353
f 1341/2441/1355 1345/2430/1347 1460/2442/1356
f 1446/2443/1357 1194/1985/1109 1209/2444/1109
f 1462/2446/1359 1447/2602/1445 1446/2443/1357
f 1463/2447/1360 1442/2450/1363 1443/2448/1361
f 1463/2447/1360 1213/1992/1116 1188/1991/1115
f 1339/2451/1364 1359/2418/1339 1362/2452/1365
f 1349/2321/1279 1329/2646/1474 1328/2453/1366
f 1465/2454/1367 1440/8472/4492 1441/2455/1368
f 1467/2457/1370 1468/8473/4493 1445/2458/1371
f 1220/2003/1127 1219/8429/1127 1469/2460/1373
f 1422/2461/1373 1469/2460/1373 1470/2462/1374
f 1472/2464/1297 1473/2603/1303 1474/2465/1303
f 1476/2467/1301 1477/2506/1302 1478/2468/1302
f 1230/2014/1130 1232/2013/1130 1479/2470/1376
f 1230/2015/1045 1472/2464/1297 1471/2466/1297
f 1480/2472/1296 1481/8474/1296 1482/2473/1296
f 1484/2475/1377 1485/8475/1378 1378/2476/1378
f 1486/2478/1297 1485/2604/1303 1487/2479/1303
f 1484/2481/1301 1489/2504/1302 1490/2482/1302
f 1243/2029/1045 1486/2478/1297 1479/2480/1297
f 1492/2484/1296 1493/8476/1379 1494/2485/1379
f 1486/2487/1380 1243/2035/1134 1113/2488/1134
f 1491/2490/1381 1494/8477/1382 1482/2491/1382
f 1479/2470/1376 1487/8478/1383 1473/2493/1383
f 1492/2494/1384 1495/8479/1385 1496/2495/1385
f 1378/2476/1378 1485/8475/1378 1486/2487/1380
f 1496/2495/1385 1495/8479/1385 1489/2497/1386
f 1488/2499/1387 1490/2502/1388 1477/2500/1388
f 1490/2502/1388 1497/8480/1389 1498/2503/1389
f 1489/2504/1302 1495/2539/1390 1497/2505/1390
f 1477/2506/1302 1498/2540/1390 1499/2507/1390
f 1445/2458/1371 1468/8473/4493 1500/2508/1391
f 1466/2456/1369 1441/2455/1368 1502/2510/1392
f 1459/2512/1394 1504/8481/1395 1505/2513/1395
f 1506/2514/1396 1507/8482/1396 1419/2396/1302
f 1449/2516/1397 1505/8483/4494 1460/2442/1356
f 1441/2419/1340 1359/2418/1339 1339/2451/1364
f 1399/2518/1316 1435/2410/1332 1434/2412/1334
f 1433/2408/1331 1432/8468/1331 1508/2519/1399
f 1432/2424/1343 1445/8471/4491 1501/2521/1401
f 1510/2523/1403 1511/2541/1403 1415/2524/1323
f 1410/2385/1321 1400/2384/1321 1434/2525/1404
f 1513/2527/1405 1336/2311/1269 1331/2306/1269
f 1394/2371/1313 1514/2542/1406 1510/2529/1406
f 1384/2531/1309 1515/8484/1407 1516/2532/1407
f 1361/2533/1408 1358/2594/1323 1346/2534/1323
f 1375/2536/1302 1516/2543/1390 1496/2537/1390
f 1370/2538/1409 1493/8485/1409 1492/2494/1384
f 1498/2503/1389 1497/8480/1389 1491/2490/1381
f 1495/2539/1390 1492/2484/1296 1491/2486/1296
f 1498/2540/1390 1481/8474/1296 1480/2472/1296
f 1392/2391/1322 1414/2390/1322 1511/2541/1403
f 1434/2525/1404 1406/8463/1319 1405/2380/1319
f 1514/2542/1406 1389/2370/1312 1392/2369/1312
f 1516/2532/1407 1515/8484/1407 1381/2359/1306
f 1516/2543/1390 1368/2341/1296 1367/2343/1296
f 1436/2544/1410 1517/8486/1410 1407/2545/1410
f 1519/2547/1412 1520/2563/1422 1343/2548/1413
f 1521/2550/1415 1519/2547/1412 1342/2549/1414
f 1350/2322/1280 1340/2315/1273 1343/2317/1275
f 1504/2553/1418 1521/2560/1418 1460/2554/1418
f 1506/2556/1396 1523/8487/1513 1524/2557/1390
f 1507/2559/1418 1506/8488/1418 1521/2560/1418
f 1506/2561/1420 1525/2729/1514 1519/2547/1412
f 1457/2562/1421 1526/8489/2021 1520/2563/1422
f 1419/2565/1424 1507/8490/4495 1504/2566/1425
f 1451/2568/1427 1453/2605/1446 1462/2569/1428
f 1451/2568/1427 1461/2570/1429 1209/2571/1180
f 1419/2565/1424 1459/2567/1426 1458/2572/1430
f 1499/2574/1432 1480/2582/1433 1389/2575/1433
f 1499/2574/1432 1514/2576/1432 1394/2577/1434
f 1478/2578/1434 1394/2577/1434 1393/2579/1435
f 1483/2581/1436 1390/8491/1436 1389/2575/1433
f 1471/2583/1437 1385/2586/1437 1133/2136/1189
f 1474/2585/1438 1386/2606/1438 1385/2586/1437
f 1360/2587/1439 1340/8492/4496 1349/2588/1439
f 1360/2590/1441 1527/8493/1441 1361/2533/1408
f 1527/2591/1442 1349/8494/4497 1362/2336/1292
f 1354/2329/1285 1344/2318/1276 1347/2320/1278
f 1366/2340/1295 1365/2339/1294 1357/2593/1444
f 1358/2594/1323 1357/2349/1300 1347/2350/1300
f 1377/2595/1303 1374/2351/1301 1373/2353/1301
f 1377/2357/1305 1380/8460/1305 1383/2362/1308
f 1386/2596/1311 1393/2373/1314 1396/2372/1314
f 1403/2416/1337 1439/2415/1337 1398/2374/1315
f 1403/2597/1318 1397/8464/1320 1409/2383/1320
f 1396/2394/1300 1416/2393/1300 1411/2598/1299
f 1417/2395/1301 1420/2397/1301 1453/2599/1303
f 1428/2404/1328 1424/8466/1328 1431/2407/1330
f 1366/2600/1341 1356/8470/4490 1440/2417/1338
f 1424/2400/1325 1423/2399/1325 1444/2423/1342
f 1448/2429/1346 1344/2431/1348 1354/2601/1345
f 1458/2438/1352 1448/2440/1354 1447/2602/1445
f 1443/2448/1361 1440/8472/4492 1465/2454/1367
f 1470/2462/1374 1467/2457/1370 1444/2459/1372
f 1473/2603/1303 1476/2467/1301 1475/2469/1301
f 1376/2498/1386 1489/2497/1386 1484/2475/1377
f 1485/2604/1303 1484/2481/1301 1488/2483/1301
f 1473/2493/1383 1487/8478/1383 1488/2499/1387
f 1453/2605/1446 1420/2573/1431 1458/2572/1430
f 1474/2585/1438 1475/2580/1435 1393/2579/1435
f 1528/2607/1447 1529/2613/1453 1467/2608/1448
f 1468/2610/1450 1530/2616/1456 1531/2611/1451
f 1529/2613/1453 1530/2616/1456 1468/2610/1450
f 1469/2614/1454 1219/2174/1210 1280/2173/1209
f 1532/2615/1455 1528/2607/1447 1470/2609/1449
f 1464/2449/1362 1465/2454/1367 1529/2613/1453
f 1530/2616/1456 1466/2456/1369 1503/2511/1393
f 1465/2454/1367 1466/2456/1369 1530/2616/1456
f 1532/2615/1455 1280/2173/1209 1213/1992/1116
f 1532/2615/1455 1463/2447/1360 1464/2449/1362
f 1327/2301/1269 1329/2305/1270 1534/2617/1405
f 1439/2619/1328 1535/2653/1328 1536/2620/1330
f 1337/2622/1457 1537/8495/1476 1538/2623/1458
f 1435/2625/1400 1539/2629/1462 1538/2626/1460
f 1399/2628/1331 1540/2655/1331 1539/2629/1462
f 1536/2620/1330 1540/2655/1331 1399/2628/1331
f 1541/2630/1463 1542/2656/1329 1543/2631/1327
f 1543/2631/1327 1535/2653/1328 1439/2619/1328
f 1320/2299/1269 1323/2298/1269 1545/2634/1405
f 1323/2298/1269 1324/2302/1269 1546/2635/1405
f 1324/2302/1269 1327/2301/1269 1533/2618/1405
f 1334/2636/1464 1531/2642/1470 1503/2637/1465
f 1501/2639/1467 1500/8496/4498 1333/2640/1468
f 1333/2640/1468 1500/8496/4498 1531/2642/1470
f 1503/2637/1465 1502/8497/1471 1339/2643/1471
f 1338/2644/1472 1508/2652/1478 1501/2639/1467
f 1349/2321/1279 1348/2323/1281 1534/2645/1473
f 1547/2647/1475 1548/8498/1475 1538/2648/1458
f 1436/2627/1461 1538/2626/1460 1548/2650/1477
f 1338/2644/1472 1337/2622/1457 1518/2624/1459
f 1535/2653/1328 1428/2404/1328 1430/2409/1330
f 1539/2629/1462 1509/2520/1400 1518/2546/1411
f 1547/2654/1405 1537/2657/1479 1336/2311/1269
f 1540/2655/1331 1433/2408/1331 1509/2520/1400
f 1430/2409/1330 1433/2408/1331 1540/2655/1331
f 1542/2656/1329 1429/2406/1329 1427/2405/1327
f 1543/2631/1327 1427/2405/1327 1428/2404/1328
f 1293/2222/1237 1292/2223/1237 1542/2656/1329
f 1292/2223/1237 1294/8451/1237 1429/2406/1329
f 1426/2661/1326 1295/2226/1238 1220/2225/1238
f 1293/2227/1088 1541/2662/1335 1437/2413/1335
f 1541/2662/1335 1438/8469/1336 1402/2414/1336
f 1426/2663/1045 1550/8499/1045 1296/2231/1045
f 1298/2233/1240 1296/2235/1242 1550/2665/1483
f 1549/2659/1481 1550/8500/1485 1426/2667/1485
f 1294/2237/1244 1298/2233/1240 1549/2666/1484
f 1380/2669/1318 1551/8501/1318 1552/2670/1487
f 1551/2672/1488 1553/8502/1488 1554/2673/1489
f 1555/2675/1490 1556/8503/1319 1381/2676/1319
f 1410/2678/1491 1557/8504/1491 1558/2679/1492
f 1559/2681/1321 1555/2675/1490 1515/2677/1490
f 1554/2673/1489 1560/8505/1493 1559/2683/1493
f 1383/2671/1487 1552/2670/1487 1559/2681/1321
f 1404/2684/1494 1561/8506/1494 1562/2685/1495
f 1381/2676/1319 1556/8503/1319 1563/2687/1496
f 1564/2689/1497 1557/8504/1491 1410/2678/1491
f 1379/2691/1498 1125/2264/1069 1313/2692/1069
f 1566/2694/1499 1553/8502/1488 1551/2672/1488
f 1565/2693/1498 1551/8501/1318 1380/2669/1318
f 1561/2696/1500 1558/8507/1501 1554/2697/1501
f 1564/2699/1502 1568/2704/1503 1569/2700/1503
f 1557/2702/1504 1564/2699/1502 1567/2701/1502
f 1554/2697/1501 1558/8507/1501 1557/2702/1504
f 1568/2704/1503 1570/8508/1506 1571/2705/1506
f 1566/2706/1507 1319/2280/1263 1318/2707/1263
f 1562/2708/1507 1561/2696/1500 1553/2698/1500
f 1569/2709/1508 1571/8509/1509 1563/2710/1509
f 1558/2679/1492 1561/8506/1494 1404/2684/1494
f 1408/2712/1510 1570/8510/1510 1568/2713/1511
f 1555/2715/1512 1567/2717/1512 1569/2709/1508
f 1313/2292/1267 1319/2291/1267 1566/2694/1499
f 1568/2713/1511 1564/2689/1497 1512/2690/1497
f 1401/2686/1495 1562/2685/1495 1318/2716/1268
f 1559/2683/1493 1560/8505/1493 1567/2717/1512
f 1573/2718/1301 1417/2395/1301 1452/2434/1303
f 1523/2720/1513 1506/2514/1396 1418/2515/1302
f 1572/2719/1303 1452/2434/1303 1450/2433/1297
f 1450/2433/1297 1198/1973/1045 1576/2723/1045
f 1573/2718/1301 1574/2721/1302 1418/2515/1302
f 1202/1976/1052 1161/1934/1051 1578/2724/1051
f 1164/1936/1050 1258/2063/1150 1273/2726/1150
f 1197/1975/1044 1202/1976/1052 1577/2725/1052
f 1576/2723/1045 1198/1973/1045 1197/1975/1044
f 1578/2724/1051 1161/1934/1051 1164/1936/1050
f 1525/2729/1514 1454/2564/1423 1520/2563/1422
f 1525/2558/1419 1524/2557/1390 1455/2730/1349
f 1271/2114/1172 1268/2099/1164 1269/2101/1166
f 1271/2731/1515 1203/1977/1102 1204/1979/1102
f 1269/2101/1166 1083/2100/1165 1004/2732/1017
f 1520/2563/1422 1526/8489/2021 1522/2734/1517
f 1582/2735/1518 1583/2741/1518 1584/2736/1518
f 1586/2738/1519 1587/2743/1519 1588/2739/1518
f 1585/2740/1518 1588/2739/1518 1583/2741/1518
f 1589/2742/1519 1590/2751/1520 1587/2743/1519
f 1581/2737/1518 1584/2736/1518 1591/2744/1518
f 1583/2741/1518 1592/2748/1518 1593/2746/1518
f 1587/2743/1519 1594/2752/1518 1595/2747/1518
f 1588/2739/1518 1595/2747/1518 1592/2748/1518
f 1591/2744/1518 1597/2753/1518 1598/2749/1518
f 1590/2751/1520 1599/8511/1518 1594/2752/1518
f 1584/2736/1518 1593/2746/1518 1597/2753/1518
f 1600/2754/1521 1601/3013/1671 1602/2755/1522
f 1604/2757/1524 1605/3055/1697 1606/2758/1525
f 1350/2760/1280 1600/2754/1521 1608/2761/1527
f 1607/2759/1526 1606/2758/1525 1609/2763/1528
f 1611/2765/1530 1612/8512/4499 1613/2766/1531
f 1610/2767/1531 1613/2766/1531 1614/2768/1532
f 1616/2770/1534 1617/2775/1539 1618/2771/1535
f 1603/2764/1529 1609/2763/1528 1620/2773/1537
f 1617/2775/1539 1621/3053/1695 1622/2776/1540
f 1624/2777/1541 1625/3247/1542 1626/2778/1542
f 1623/2779/1541 1627/3056/1698 1628/2780/1543
f 1370/2781/1544 1369/8513/1544 1630/2782/1544
f 1632/2784/1545 1633/2798/1545 1634/2785/1546
f 1612/2787/1547 1625/8514/1547 1624/2788/1548
f 1613/2789/1548 1624/2788/1548 1628/2790/1549
f 1614/2791/1549 1628/2790/1549 1619/2792/1550
f 1636/2794/1551 1637/2993/1551 1638/2795/1552
f 1639/2797/1553 1640/3058/1553 1633/2798/1545
f 1640/2799/1554 1641/3059/1554 1642/2800/1555
f 1642/2800/1555 1643/8515/1556 1634/2802/1556
f 1369/2803/1307 1382/8516/1307 1644/2804/1557
f 1637/2806/1558 1645/2988/1558 1646/2807/1559
f 1647/2809/1560 1648/2813/1560 1649/2810/1561
f 1647/2809/1560 1651/3277/1562 1652/2812/1562
f 1654/2814/1563 1391/8517/1563 1390/2815/1563
f 1656/2817/1564 1657/8518/1565 1658/2818/1565
f 1660/2820/1566 1661/2975/1566 1662/2821/1567
f 1664/2823/1568 1665/3061/1568 1666/2824/1569
f 1666/2824/1569 1667/3290/1570 1668/2826/1570
f 1669/2827/1571 1408/8519/1571 1407/2828/1571
f 1672/2830/1572 1660/2983/1572 1659/2831/1573
f 1673/2833/1548 1674/3062/1549 1649/2834/1549
f 1652/2836/1547 1675/8520/1547 1673/2833/1548
f 1676/2837/1574 1413/8521/1575 1391/2838/1575
f 1677/2840/1550 1678/2980/1576 1657/2841/1576
f 1679/2843/1552 1680/8522/1552 1681/2844/1551
f 1684/2846/1577 1685/3066/1577 1686/2847/1578
f 1686/2847/1578 1687/3134/1579 1688/2849/1579
f 1689/2850/1580 1690/3064/1581 1684/2851/1581
f 1683/2852/1580 1688/8523/1582 1691/2853/1582
f 1693/2854/1583 1694/2977/1583 1695/2855/1584
f 1670/2857/1585 1697/3003/1585 1698/2858/1586
f 1699/2860/1588 1700/3138/1589 1667/2861/1589
f 1665/2863/1591 1701/3060/1591 1702/2864/1590
f 1703/2865/1592 1704/2974/1653 1617/2866/1593
f 1623/2868/1548 1626/8524/1547 1706/2869/1547
f 1707/2871/1595 1627/3065/1595 1623/2868/1548
f 1694/2872/1596 1708/2979/1656 1709/2873/1597
f 1610/2875/1548 1615/3067/1599 1711/2876/1599
f 1712/2878/1547 1611/8525/1547 1610/2875/1548
f 1713/2879/1600 1604/8526/4500 1607/2880/1601
f 1716/2882/1546 1717/8527/1546 1718/2883/1545
f 1718/2883/1545 1719/3063/1699 1720/2885/1553
f 1721/2886/1603 1457/8528/4501 1456/2887/1604
f 1723/2889/1606 1713/8529/4502 1714/2890/1607
f 1603/2756/1523 1602/2755/1522 1725/2892/1609
f 1727/2893/1610 1712/8530/1610 1710/2894/1611
f 1710/2894/1611 1711/3068/1700 1728/2896/1612
f 1729/2897/1613 1730/3069/1701 1707/2898/1614
f 1729/2897/1613 1705/2899/1615 1706/2900/1616
f 1599/2902/1618 1590/2904/1620 1621/2903/1619
f 1590/2904/1620 1589/8531/4503 1608/2761/1527
f 1732/2905/1621 1733/2968/1647 1704/2906/1622
f 1708/2908/1624 1734/2967/1646 1735/2909/1625
f 1736/2911/1627 1737/3371/1628 1738/2912/1628
f 1685/2914/1629 1739/3070/1702 1736/2911/1627
f 1741/2915/1553 1742/3071/1553 1743/2916/1545
f 1745/2918/1551 1746/2965/1551 1747/2919/1552
f 1748/2921/1630 1743/2949/1631 1749/2922/1631
f 1740/2917/1545 1743/2916/1545 1748/2924/1546
f 1752/2926/1544 1483/8532/1544 1482/2927/1544
f 1639/2929/1632 1754/2954/1632 1755/2930/1633
f 1756/2932/1553 1754/3073/1553 1757/2933/1545
f 1759/2935/1551 1760/2963/1551 1755/2936/1552
f 1749/2934/1545 1757/2933/1545 1761/2938/1546
f 1494/2940/1544 1493/8533/1544 1763/2941/1544
f 1631/2943/1634 1761/8534/1634 1757/2944/1635
f 1482/2946/1382 1494/8535/1382 1762/2947/1636
f 1743/2949/1631 1742/3074/1637 1756/2950/1637
f 1764/2951/1638 1765/2956/1638 1763/2952/1639
f 1632/2945/1635 1757/2944/1635 1754/2954/1632
f 1636/2955/1640 1760/3072/1640 1765/2956/1638
f 1746/2957/1641 1759/2961/1641 1758/2958/1642
f 1746/2957/1641 1766/2996/1643 1767/2960/1643
f 1767/2962/1644 1765/2997/1644 1760/2963/1551
f 1768/2964/1644 1766/2998/1644 1746/2965/1551
f 1708/2908/1624 1769/8536/1645 1770/2966/1645
f 1733/2968/1647 1771/3086/1714 1772/2969/1648
f 1724/2891/1608 1714/2890/1607 1773/2970/1649
f 1681/2844/1551 1775/8537/1651 1776/2972/1651
f 1714/2881/1602 1607/2880/1601 1725/2892/1609
f 1704/2974/1653 1772/8538/4504 1599/2902/1618
f 1696/2859/1587 1698/2858/1586 1661/2975/1566
f 1693/2854/1583 1777/3006/1664 1778/2976/1654
f 1694/2872/1596 1778/8539/4505 1769/2978/1655
f 1678/2980/1576 1779/2999/1657 1780/2981/1657
f 1672/2830/1572 1781/3000/1658 1696/2982/1658
f 1513/2984/1405 1330/2745/1405 1591/2744/1518
f 1658/2818/1565 1657/8518/1565 1780/2985/1659
f 1783/2987/1660 1784/3001/1660 1645/2988/1558
f 1606/2989/1576 1618/3057/1576 1622/2990/1661
f 1764/2992/1644 1783/3002/1644 1637/2993/1551
f 1370/2994/1409 1629/2953/1639 1763/2952/1639
f 1766/2996/1643 1753/2948/1636 1762/2947/1636
f 1762/2942/1544 1763/2941/1544 1765/2997/1644
f 1752/2926/1544 1753/2928/1544 1766/2998/1644
f 1779/2999/1657 1676/2837/1574 1654/2839/1574
f 1669/2827/1571 1670/2829/1571 1696/2982/1658
f 1782/2986/1659 1780/2985/1659 1654/2814/1563
f 1783/2987/1660 1630/2805/1557 1644/2804/1557
f 1629/2783/1544 1630/2782/1544 1783/3002/1644
f 1697/3003/1585 1670/2857/1585 1407/3004/1662
f 1786/3008/1666 1602/3012/1670 1601/3009/1667
f 1788/3011/1669 1725/8540/4506 1602/3012/1670
f 1350/2760/1280 1522/8541/1417 1601/3013/1671
f 1774/3014/1672 1773/8542/1672 1725/3015/1672
f 1776/3017/1651 1789/3644/2020 1790/3018/1644
f 1775/3020/1672 1774/3014/1672 1788/3016/1672
f 1776/3022/1673 1788/3011/1669 1786/3008/1666
f 1787/3010/1668 1526/3646/2021 1457/3024/1421
f 1681/3026/1676 1724/8543/4507 1774/3027/1677
f 1718/3029/1678 1726/3033/1678 1728/3030/1679
f 1717/3032/1681 1727/8544/1681 1726/3033/1678
f 1723/3034/1682 1724/8543/4507 1681/3026/1676
f 1768/3036/1684 1782/8545/1684 1653/3037/1685
f 1658/3039/1686 1782/8545/1684 1768/3036/1684
f 1655/3041/1687 1658/3039/1686 1745/3040/1686
f 1653/3037/1685 1390/8546/1436 1483/3043/1436
f 1751/3044/1688 1651/3494/1688 1647/3045/1689
f 1740/3046/1689 1647/3045/1689 1650/3047/1690
f 1608/3049/1691 1600/8547/4508 1620/3050/1692
f 1622/2990/1661 1792/8548/1694 1620/3052/1694
f 1621/3053/1695 1608/8549/4509 1792/3054/1696
f 1615/2769/1533 1614/2768/1532 1605/3055/1697
f 1627/3056/1698 1616/2770/1534 1619/2772/1536
f 1605/2793/1550 1619/2792/1550 1618/3057/1576
f 1635/2796/1552 1638/2795/1552 1640/3058/1553
f 1640/2799/1554 1638/2808/1559 1646/2807/1559
f 1650/2811/1561 1649/2810/1561 1656/2817/1564
f 1665/2863/1591 1659/2822/1567 1662/2821/1567
f 1671/2832/1573 1659/2831/1573 1665/3061/1568
f 1674/3062/1549 1677/2840/1550 1656/2842/1550
f 1719/3063/1699 1680/8522/1552 1679/2843/1552
f 1690/3064/1581 1692/2856/1584 1695/2855/1584
f 1703/2865/1592 1616/2867/1594 1627/3065/1595
f 1684/2846/1577 1695/2874/1598 1709/2873/1597
f 1615/3067/1599 1604/8526/4500 1713/2879/1600
f 1711/3068/1700 1713/8529/4502 1723/2889/1606
f 1732/2905/1621 1703/2907/1623 1707/2898/1614
f 1709/2910/1626 1735/2909/1625 1739/3070/1702
f 1744/2920/1552 1747/2919/1552 1742/3071/1553
f 1636/2955/1640 1635/2931/1633 1755/2930/1633
f 1758/2937/1552 1755/2936/1552 1754/3073/1553
f 1742/3074/1637 1747/2959/1642 1758/2958/1642
f 1719/3031/1680 1728/3030/1679 1723/3034/1682
f 1741/3048/1690 1650/3047/1690 1655/3041/1687
f 1735/3075/1703 1793/3081/1709 1794/3076/1704
f 1734/3078/1706 1770/8550/4510 1795/3079/1707
f 1734/3078/1706 1796/3080/1708 1793/3081/1709
f 1736/3082/1710 1797/3085/1713 1798/3083/1711
f 1739/3077/1705 1794/3076/1704 1797/3085/1713
f 1793/3081/1709 1732/2905/1621 1730/3069/1701
f 1796/3080/1708 1795/3079/1707 1771/3086/1714
f 1796/3080/1708 1733/2968/1647 1732/2905/1621
f 1797/3085/1713 1729/2897/1613 1731/2901/1617
f 1797/3085/1713 1794/3076/1704 1730/3069/1701
f 1534/3087/1405 1589/2742/1519 1586/2738/1519
f 1701/3089/1581 1662/3100/1584 1799/3090/1584
f 1598/3092/1715 1785/3125/1734 1801/3093/1716
f 1698/3095/1664 1697/3123/1733 1801/3096/1718
f 1661/3098/1719 1698/3095/1664 1803/3097/1664
f 1661/3098/1719 1804/3099/1719 1799/3090/1584
f 1805/3101/1580 1806/3128/1582 1807/3102/1582
f 1702/3103/1580 1701/3089/1581 1800/3091/1581
f 1545/3105/1405 1582/2735/1518 1581/2737/1518
f 1546/3106/1405 1585/2740/1518 1582/2735/1518
f 1533/3088/1405 1586/2738/1519 1585/2740/1518
f 1595/3107/1720 1594/8551/4511 1771/3108/1721
f 1592/3110/1723 1770/3113/1726 1769/3111/1724
f 1592/3110/1723 1595/3107/1720 1795/3109/1722
f 1771/3108/1721 1594/8551/4511 1599/3114/1727
f 1597/3116/1729 1593/3112/1725 1769/3111/1724
f 1608/2761/1527 1589/8531/4503 1534/3118/1473
f 1801/3119/1716 1808/8552/1731 1547/3120/1731
f 1808/3122/1732 1801/3096/1718 1697/3123/1733
f 1597/3116/1729 1778/3117/1730 1785/3125/1734
f 1800/3091/1581 1799/3090/1584 1692/2856/1584
f 1803/3097/1664 1801/3096/1718 1785/3007/1665
f 1547/3126/1405 1513/2984/1405 1596/2750/1518
f 1804/3099/1719 1803/3097/1664 1777/3006/1664
f 1804/3099/1719 1693/2854/1583 1692/2856/1584
f 1689/2850/1580 1691/2853/1582 1806/3128/1582
f 1800/3091/1581 1690/3064/1581 1689/2850/1580
f 1806/3128/1582 1810/3133/1738 1811/3132/1738
f 1691/2853/1582 1812/8553/1738 1810/3133/1738
f 1687/3134/1579 1686/2847/1578 1738/3135/1739
f 1699/2860/1588 1807/3139/1588 1811/3137/1589
f 1807/3139/1588 1699/2860/1588 1666/2862/1590
f 1687/3140/1740 1813/3575/1546 1814/3141/1546
f 1816/3143/1741 1809/3148/1746 1815/3144/1742
f 1687/3146/1744 1815/8554/1744 1809/3131/1737
f 1812/3147/1745 1691/8555/4512 1809/3148/1746
f 1641/3149/1747 1646/3165/1748 1817/3150/1748
f 1818/3152/1749 1817/3164/1750 1819/3153/1750
f 1784/3155/1658 1644/3169/1751 1821/3156/1751
f 1672/3158/1752 1671/3195/1753 1823/3159/1753
f 1645/3161/1572 1784/3155/1658 1822/3157/1658
f 1825/3163/1754 1826/3206/1754 1819/3153/1750
f 1646/3165/1748 1645/3161/1572 1825/3162/1572
f 1663/3166/1755 1827/3205/1755 1828/3167/1756
f 1644/3169/1751 1382/8556/4513 1563/3170/1751
f 1672/3158/1752 1824/3160/1752 1829/3171/1757
f 1830/3173/1758 1831/3604/1759 1643/3174/1759
f 1818/3152/1749 1820/3154/1749 1832/3176/1760
f 1642/3175/1758 1641/3149/1747 1818/3151/1747
f 1820/3178/1761 1819/3186/1762 1823/3179/1762
f 1833/3181/1763 1834/3187/1764 1835/3182/1764
f 1833/3181/1763 1829/3183/1763 1824/3184/1765
f 1819/3186/1762 1826/3185/1765 1824/3184/1765
f 1834/3187/1764 1571/8557/1766 1570/3188/1766
f 1827/3189/1767 1836/3619/1768 1837/3190/1768
f 1832/3191/1767 1820/3178/1761 1828/3180/1761
f 1563/3192/1509 1571/8558/1509 1834/3193/1769
f 1664/3168/1756 1828/3167/1756 1823/3159/1753
f 1408/3196/1510 1669/3203/1770 1835/3197/1770
f 1822/3199/1771 1821/3194/1769 1834/3193/1769
f 1830/3177/1760 1832/3176/1760 1837/3201/1772
f 1781/3172/1757 1829/3171/1757 1835/3197/1770
f 1668/3204/1773 1836/3629/1773 1827/3205/1755
f 1822/3199/1771 1833/3200/1771 1826/3206/1754
f 1839/3207/1774 1840/3213/1774 1841/3208/1774
f 1843/3210/1774 1844/3214/1775 1845/3211/1775
f 1840/3213/1774 1843/3210/1774 1842/3212/1774
f 1844/3214/1775 1846/3223/1777 1847/3215/1776
f 1838/3209/1774 1848/3439/1908 1849/3216/1774
f 1850/3217/1774 1851/3219/1774 1840/3213/1774
f 1852/3218/1774 1853/3222/1774 1844/3214/1775
f 1851/3219/1774 1852/3218/1774 1843/3210/1774
f 1855/3220/1774 1856/3224/1774 1849/3216/1774
f 1853/3222/1774 1857/8559/1774 1846/3223/1777
f 1856/3224/1774 1850/3217/1774 1839/3207/1774
f 1858/3225/1778 1859/3352/1858 1860/3226/1779
f 1862/3228/1781 1863/3234/1787 1864/3229/1782
f 1867/3231/1784 1858/3225/1778 1868/3232/1785
f 1863/3234/1787 1859/3242/1794 1869/3235/1788
f 1871/3236/1789 1612/8512/4499 1611/2765/1530
f 1872/3238/1790 1873/3502/1946 1871/3236/1789
f 1874/3239/1791 1875/3503/1947 1876/3240/1792
f 1859/3242/1794 1858/8560/4514 1878/3243/1795
f 1877/3241/1793 1876/3240/1792 1879/3244/1796
f 1881/3246/1798 1626/2778/1542 1625/3247/1542
f 1882/3248/1798 1883/8561/4515 1884/3249/1799
f 1886/3250/1800 1887/8562/1800 1888/3251/1800
f 1634/2785/1546 1889/3263/1801 1890/3253/1801
f 1882/3254/1802 1625/8514/1547 1612/2787/1547
f 1883/3256/1803 1882/3254/1802 1871/3255/1802
f 1875/3258/1804 1883/3256/1803 1873/3257/1803
f 1892/3260/1805 1893/3447/1806 1894/3261/1806
f 1889/3263/1801 1895/3505/1807 1896/3264/1807
f 1897/3265/1808 1898/8563/1809 1895/3266/1809
f 1634/2802/1556 1643/8515/1556 1897/3265/1808
f 1899/3268/1810 1900/8564/1811 1887/3269/1811
f 1901/3271/1812 1902/3442/1813 1893/3272/1813
f 1903/3274/1814 1904/3506/1815 1905/3275/1815
f 1906/3276/1814 1652/2812/1562 1651/3277/1562
f 1908/3278/1816 1909/8565/1816 1910/3279/1816
f 1912/3281/1817 1913/3441/1817 1914/3282/1818
f 1916/3284/1819 1917/3429/1820 1918/3285/1820
f 1920/3287/1821 1921/3507/1822 1922/3288/1822
f 1919/3289/1821 1668/2826/1570 1667/3290/1570
f 1923/3291/1823 1924/8566/1823 1925/3292/1823
f 1927/3294/1825 1915/8567/1825 1918/3295/1826
f 1905/3297/1803 1929/3508/1803 1930/3298/1802
f 1930/3298/1802 1675/8520/1547 1652/2836/1547
f 1909/3300/1827 1931/8568/1827 1932/3301/1827
f 1913/3303/1828 1933/3435/1828 1934/3304/1804
f 1935/3306/1805 1936/3426/1806 1937/3307/1806
f 1940/3309/1829 1941/8569/4516 1942/3310/1830
f 1943/3312/1831 1944/3572/1985 1940/3309/1829
f 1945/3313/1832 1939/3317/1832 1942/3314/1833
f 1947/3316/1834 1943/8570/1834 1939/3317/1832
f 1949/3318/1835 1950/8571/1836 1951/3319/1836
f 1953/3321/1837 1954/3455/1913 1924/3322/1838
f 1667/2861/1589 1700/3138/1589 1955/3324/1840
f 1956/3326/1841 1957/8572/1842 1921/3327/1842
f 1958/3328/1843 1874/8573/4517 1877/3329/1844
f 1706/2869/1547 1626/8524/1547 1881/3331/1802
f 1881/3331/1802 1884/3510/1846 1961/3333/1846
f 1962/3334/1847 1963/8574/4518 1950/3335/1848
f 1965/3337/1850 1872/3511/1850 1870/3338/1802
f 1870/3338/1802 1611/8525/1547 1712/2878/1547
f 1966/3340/1851 1967/3427/1899 1863/3341/1852
f 1969/3343/1801 1717/8527/1546 1716/2882/1546
f 1970/3345/1807 1971/3509/1948 1969/3343/1801
f 1972/3346/1854 1973/3643/1854 1974/3347/1855
f 1976/3349/1856 1977/3423/1896 1967/3350/1857
f 1859/3352/1858 1863/3341/1852 1978/3353/1859
f 1964/3354/1860 1712/8530/1610 1727/2893/1610
f 1980/3356/1862 1965/3512/1949 1964/3354/1860
f 1981/3357/1863 1960/3360/1866 1961/3358/1864
f 1981/3357/1863 1731/2901/1617 1706/2900/1616
f 1857/3361/1867 1877/3329/1844 1880/3362/1868
f 1867/3231/1784 1847/3557/1977 1846/3363/1869
f 1983/3364/1870 1958/8575/4519 1959/3365/1871
f 1985/3367/1873 1986/8576/4520 1963/3368/1874
f 1940/3370/1876 1738/2912/1628 1737/3371/1628
f 1987/3372/1876 1988/3513/1877 1941/3373/1877
f 1990/3374/1801 1991/3514/1807 1992/3375/1807
f 1994/3377/1805 1995/3417/1806 1996/3378/1806
f 1748/2921/1630 1750/2923/1630 1997/3380/1878
f 1748/2924/1546 1990/3374/1801 1989/3376/1801
f 1998/3382/1800 1999/8577/1800 2000/3383/1800
f 2002/3385/1879 2003/3407/1880 1896/3386/1880
f 2004/3388/1801 2003/3515/1807 2005/3389/1807
f 2002/3391/1805 2007/3415/1806 2008/3392/1806
f 1761/2938/1546 2004/3388/1801 1997/3390/1801
f 2010/3394/1800 2011/8578/1800 2012/3395/1800
f 2004/3397/1881 1761/8534/1634 1631/2943/1634
f 2009/3399/1882 2012/8579/1883 2000/3400/1883
f 1990/3381/1878 1997/3380/1878 2005/3402/1884
f 2010/3404/1885 2013/3408/1886 2014/3405/1886
f 2003/3407/1880 2004/3397/1881 1890/3398/1881
f 2013/3408/1886 2007/8580/1887 1894/3409/1887
f 2006/3410/1888 2008/8581/1889 1995/3411/1889
f 1995/3411/1889 2008/8581/1889 2015/3413/1890
f 2007/3415/1806 2013/3450/1891 2015/3416/1891
f 1995/3417/1806 2016/3451/1891 2017/3418/1891
f 1963/3368/1874 1986/8576/4520 2018/3419/1892
f 1984/3366/1872 1959/3365/1871 2020/3421/1894
f 1977/3423/1896 2022/8582/4521 2023/3424/1897
f 2024/3425/1898 2025/8583/1898 1937/3307/1806
f 1967/3427/1899 2023/8584/4522 1978/3353/1859
f 1959/3330/1845 1877/3329/1844 1857/3361/1867
f 1917/3429/1820 1953/3321/1837 1952/3323/1839
f 1951/3319/1836 1950/8571/1836 2026/3430/1901
f 1950/3335/1848 1963/8574/4518 2019/3432/1903
f 2028/3434/1905 2029/3452/1905 1933/3435/1828
f 1928/3296/1826 1918/3295/1826 1952/3436/1906
f 2031/3438/1908 1854/3221/1774 1849/3216/1774
f 2032/3440/1909 2028/3453/1909 1913/3441/1817
f 1902/3442/1813 2033/8585/1910 2034/3443/1910
f 1879/3444/1911 1876/3504/1828 1864/3445/1828
f 1893/3447/1806 2034/3454/1891 2014/3448/1891
f 1888/3449/1912 2011/8586/1912 2010/3404/1885
f 2016/3414/1890 2015/3413/1890 2009/3399/1882
f 2013/3450/1891 2010/3394/1800 2009/3396/1800
f 2016/3451/1891 1999/8577/1800 1998/3382/1800
f 1910/3302/1827 1932/3301/1827 2029/3452/1905
f 1952/3436/1906 1924/8566/1823 1923/3291/1823
f 2032/3440/1909 1907/3280/1816 1910/3279/1816
f 2034/3443/1910 2033/8585/1910 1899/3268/1810
f 2034/3454/1891 1886/3250/1800 1885/3252/1800
f 1954/3455/1913 2035/8587/1838 1925/3456/1838
f 2037/3458/1915 2038/3474/1925 1861/3459/1916
f 2039/3461/1918 2037/3458/1915 1860/3460/1917
f 1868/3232/1785 1858/3225/1778 1861/3227/1780
f 2022/3464/1921 2039/3471/1921 1978/3465/1921
f 2024/3467/1898 2041/8588/1898 2042/3468/1891
f 2025/3470/1921 2024/8589/1921 2039/3471/1921
f 2024/3472/1923 2043/3642/2019 2037/3458/1915
f 1975/3473/1924 2044/8590/2515 2038/3474/1925
f 1937/3476/1927 2025/8591/1928 2022/3477/1928
f 1969/3479/1930 1971/3516/1950 1980/3480/1931
f 1979/3481/1932 1727/8544/1681 1717/3032/1681
f 1937/3476/1927 1977/3478/1929 1976/3482/1933
f 2017/3484/1935 1998/3492/1936 1907/3485/1936
f 2017/3484/1935 2032/3486/1935 1912/3487/1937
f 1996/3488/1937 1912/3487/1937 1911/3489/1938
f 2001/3491/1939 1908/8592/1939 1907/3485/1936
f 1989/3493/1940 1903/3496/1940 1651/3494/1688
f 1989/3493/1940 1992/3517/1941 1904/3495/1941
f 1878/3497/1942 1858/8593/4523 1867/3498/1942
f 1878/3500/1944 2045/8594/1944 1879/3444/1911
f 2045/3501/1945 1867/8595/4524 1880/3245/1797
f 1872/3238/1790 1862/3228/1781 1865/3230/1783
f 1884/3249/1799 1883/8561/4515 1875/3503/1947
f 1876/3504/1828 1875/3258/1804 1865/3259/1804
f 1895/3505/1807 1892/3260/1805 1891/3262/1805
f 1895/3266/1809 1898/8563/1809 1901/3271/1812
f 1904/3506/1815 1911/3283/1818 1914/3282/1818
f 1921/3327/1842 1957/8572/1842 1916/3284/1819
f 1921/3507/1822 1915/8567/1825 1927/3294/1825
f 1914/3305/1804 1934/3304/1804 1929/3508/1803
f 1935/3306/1805 1938/3308/1805 1971/3509/1948
f 1946/3315/1833 1942/3314/1833 1949/3318/1835
f 1884/3510/1846 1874/8573/4517 1958/3328/1843
f 1942/3310/1830 1941/8569/4516 1962/3334/1847
f 1965/3337/1850 1966/3340/1851 1862/3342/1853
f 1976/3349/1856 1966/3351/1856 1965/3512/1949
f 1961/3358/1864 1958/8575/4519 1983/3364/1870
f 1988/3513/1877 1985/3367/1873 1962/3369/1875
f 1991/3514/1807 1994/3377/1805 1993/3379/1805
f 1894/3409/1887 2007/8580/1887 2002/3385/1879
f 2003/3515/1807 2002/3391/1805 2006/3393/1805
f 1991/3403/1884 2005/3402/1884 2006/3410/1888
f 1971/3516/1950 1938/3483/1934 1976/3482/1933
f 1992/3517/1941 1993/3490/1938 1911/3489/1938
f 2046/3518/1951 2047/3524/1957 1985/3519/1952
f 1986/3521/1954 2048/3527/1960 2049/3522/1955
f 2047/3524/1957 2048/3527/1960 1986/3521/1954
f 1987/3525/1958 1737/3084/1712 1798/3083/1711
f 2050/3526/1959 2046/3518/1951 1988/3520/1953
f 1982/3359/1865 1983/3364/1870 2047/3524/1957
f 2048/3527/1960 1984/3366/1872 2021/3422/1895
f 1983/3364/1870 1984/3366/1872 2048/3527/1960
f 2050/3526/1959 1798/3083/1711 1731/2901/1617
f 2050/3526/1959 1981/3357/1863 1982/3359/1865
f 1845/3211/1775 1847/3215/1776 2052/3528/1908
f 1957/3530/1833 2053/3564/1833 2054/3531/1835
f 1855/3533/1961 2055/8596/1979 2056/3534/1962
f 1953/3536/1902 2057/3540/1902 2056/3537/1964
f 1917/3539/1836 2058/3566/1836 2057/3540/1902
f 2054/3531/1835 2058/3566/1836 1917/3539/1836
f 2059/3541/1834 2060/3567/1834 2061/3542/1832
f 2061/3542/1832 2053/3564/1833 1957/3530/1833
f 1838/3209/1774 1841/3208/1774 2063/3545/1908
f 1841/3208/1774 1842/3212/1774 2064/3546/1908
f 1842/3212/1774 1845/3211/1775 2051/3529/1908
f 1852/3547/1967 2049/3553/1973 2021/3548/1968
f 2019/3550/1970 2018/8597/4525 1851/3551/1971
f 1851/3551/1971 2018/8597/4525 2049/3553/1973
f 2021/3548/1968 2020/8598/4526 1857/3554/1974
f 1856/3555/1975 2026/3563/1981 2019/3550/1970
f 1867/3231/1784 1866/3233/1786 2052/3556/1976
f 2065/3558/1978 2066/8599/4527 2056/3559/1962
f 1954/3538/1965 2056/3537/1964 2066/3561/1980
f 1856/3555/1975 1855/3533/1961 2036/3535/1963
f 2053/3564/1833 1946/3315/1833 1948/3320/1835
f 2057/3540/1902 2027/3431/1902 2036/3457/1914
f 2065/3565/1966 2055/3568/1774 1854/3221/1774
f 2058/3566/1836 1951/3319/1836 2027/3431/1902
f 1948/3320/1835 1951/3319/1836 2058/3566/1836
f 2060/3567/1834 1947/3316/1834 1945/3313/1832
f 1945/3313/1832 1946/3315/1833 2053/3564/1833
f 1811/3132/1738 1810/3133/1738 2060/3567/1834
f 1810/3133/1738 1812/8553/1738 1947/3316/1834
f 1944/3572/1985 1813/3136/1739 1738/3135/1739
f 1811/3137/1589 2059/3573/1840 1955/3324/1840
f 2059/3573/1840 1956/3326/1841 1920/3325/1841
f 1944/3574/1546 2068/8600/1546 1814/3141/1546
f 1816/3143/1741 1814/3145/1743 2068/3576/1986
f 2067/3570/1983 2068/8601/1988 1944/3578/1988
f 1812/3147/1745 1816/3143/1741 2067/3577/1987
f 2069/3580/1990 2070/3595/1991 1901/3581/1991
f 2069/3583/1992 2071/3607/1992 2072/3584/1993
f 2033/3586/1994 2073/3593/1994 2074/3587/1995
f 1928/3589/1997 2075/8602/1997 2076/3590/1998
f 1902/3592/1999 2077/8603/1999 2073/3593/1994
f 2072/3584/1993 2078/8604/2000 2077/3594/2000
f 2070/3595/1991 2077/8603/1999 1902/3592/1999
f 1922/3596/2001 2079/8605/2001 2080/3597/2002
f 1899/3588/1996 2074/3587/1995 2081/3599/1996
f 2082/3601/2003 2075/8602/1997 1928/3589/1997
f 1897/3603/2004 1643/3174/1759 1831/3604/1759
f 2083/3606/2005 2084/3628/2005 2071/3607/1992
f 1897/3603/2004 2083/3605/2004 2069/3580/1990
f 2079/3608/2006 2076/8606/2007 2072/3609/2007
f 2082/3611/2008 2086/3616/2009 2087/3612/2009
f 2075/3614/2010 2082/3611/2008 2085/3613/2008
f 2072/3609/2007 2076/8606/2007 2075/3614/2010
f 2086/3616/2009 2088/8607/2012 2089/3617/2012
f 2084/3618/2013 1837/3190/1768 1836/3619/1768
f 2080/3620/2013 2079/3608/2006 2071/3610/2006
f 2087/3621/2014 2089/8608/2015 2081/3622/2015
f 2076/3590/1998 2079/8605/2001 1922/3596/2001
f 1926/3624/2016 2088/8609/2016 2086/3625/2017
f 2073/3627/2018 2085/3630/2018 2087/3621/2014
f 1831/3202/1772 1837/3201/1772 2084/3628/2005
f 2086/3625/2017 2082/3601/2003 2030/3602/2003
f 1919/3598/2002 2080/3597/2002 1836/3629/1773
f 2077/3594/2000 2078/8604/2000 2085/3630/2018
f 2091/3631/1805 1935/3306/1805 1970/3345/1807
f 2041/3633/1898 2024/3425/1898 1936/3426/1806
f 2090/3632/1807 1970/3345/1807 1968/3344/1801
f 1968/3344/1801 1716/2882/1546 2094/3636/1546
f 2091/3631/1805 2092/3634/1806 1936/3426/1806
f 1720/2885/1553 1679/2843/1552 2096/3637/1552
f 1682/2845/1551 1776/2972/1651 1791/3639/1651
f 1715/2884/1545 1720/2885/1553 2095/3638/1553
f 2094/3636/1546 1716/2882/1546 1715/2884/1545
f 2096/3637/1552 1679/2843/1552 1682/2845/1551
f 2043/3642/2019 1972/3475/1926 2038/3474/1925
f 2043/3469/1922 2042/3468/1891 1973/3643/1854
f 1789/3023/1674 1786/3008/1666 1787/3010/1668
f 1789/3644/2020 1721/2886/1603 1722/2888/1605
f 1787/3010/1668 1601/3009/1667 1522/3645/1517
f 2038/3474/1925 2044/8590/2515 2040/3647/2022
f 2100/3648/2023 2101/3654/2023 2102/3649/2023
f 2104/3651/2023 2105/3656/2024 2106/3652/2023
f 2103/3653/2023 2106/3652/2023 2101/3654/2023
f 2107/3655/2024 2108/3664/2025 2105/3656/2024
f 2099/3650/2023 2102/3649/2023 2109/3657/2023
f 2101/3654/2023 2110/3661/2023 2111/3659/2023
f 2105/3656/2024 2112/3665/2023 2113/3660/2023
f 2106/3652/2023 2113/3660/2023 2110/3661/2023
f 2109/3657/2023 2115/3666/2023 2116/3662/2023
f 2108/3664/2025 2117/8610/2023 2112/3665/2023
f 2102/3649/2023 2111/3659/2023 2115/3666/2023
f 2118/3667/2026 2119/3929/2174 2120/3668/2027
f 2122/3670/2029 2123/3971/2200 2124/3671/2030
f 1868/3673/1785 2118/3667/2026 2126/3674/2032
f 2125/3672/2031 2124/3671/2030 2127/3676/2033
f 2129/3678/2035 2130/4154/2035 2131/3679/2036
f 2128/3680/2036 2131/3679/2036 2132/3681/2037
f 2134/3683/2039 2135/3688/2044 2136/3684/2040
f 2121/3677/2034 2127/3676/2033 2138/3686/2042
f 2135/3688/2044 2139/3969/2198 2140/3689/2045
f 2141/3690/2046 2142/3694/2046 2143/3691/2047
f 2141/3690/2046 2145/3972/2201 2146/3693/2048
f 1888/3695/2049 1887/8611/2049 2148/3696/2049
f 2150/3698/2050 2151/3712/2050 2152/3699/2051
f 2130/3701/2052 2143/8612/2052 2142/3702/2053
f 2131/3703/2053 2142/3702/2053 2146/3704/2054
f 2132/3705/2054 2146/3704/2054 2137/3706/2055
f 2154/3708/2056 2155/3909/2056 2156/3709/2057
f 2157/3711/2058 2158/3974/2058 2151/3712/2050
f 2151/3713/2059 2158/3975/2060 2159/3714/2060
f 2151/3713/2059 2160/3715/2059 2161/3716/2061
f 1887/3718/1811 1900/8613/1811 2162/3719/2062
f 2155/3721/2063 2163/3904/2063 2164/3722/2064
f 2165/3724/2065 2166/3728/2065 2167/3725/2066
f 2165/3724/2065 2169/4195/2067 2170/3727/2067
f 2172/3729/2068 1909/8614/2068 1908/3730/2068
f 2174/3732/2069 2175/8615/2070 2176/3733/2070
f 2178/3735/2071 2179/3891/2071 2180/3736/2072
f 2182/3738/2073 2183/3977/2073 2184/3739/2074
f 2184/3739/2074 2185/4208/2075 2186/3741/2075
f 1926/3742/2076 1925/8616/2076 2188/3743/2077
f 2189/3745/2078 2190/3899/2079 2178/3746/2079
f 2191/3748/2053 2192/3978/2054 2167/3749/2054
f 2170/3751/2052 2193/8617/2052 2191/3748/2053
f 2194/3752/2080 1931/8618/2080 1909/3753/2080
f 2195/3755/2055 2196/3896/2081 2175/3756/2081
f 2197/3758/2057 2198/8619/2057 2199/3759/2056
f 2201/3761/2082 2202/3982/2202 2203/3762/2083
f 2204/3763/2082 2205/4050/2084 2206/3764/2084
f 2208/3765/2085 2202/3980/2085 2201/3766/2086
f 2201/3766/2086 2206/8620/2087 2209/3768/2087
f 2211/3769/2088 2212/3893/2088 2213/3770/2089
f 2188/3772/2090 2215/3919/2090 2216/3773/2091
f 2217/3775/2093 2218/4054/2094 2185/3776/2094
f 2183/3778/2096 2219/3976/2096 2220/3779/2095
f 2221/3780/2097 2222/3890/2157 2135/3781/2098
f 2141/3783/2053 2144/8621/2052 2224/3784/2052
f 2225/3786/2100 2145/3981/2100 2141/3783/2053
f 2212/3787/2101 2226/3895/2160 2227/3788/2102
f 2128/3790/2053 2133/3983/2104 2229/3791/2104
f 2230/3793/2052 2129/8622/2052 2128/3790/2053
f 2231/3794/2105 2122/8623/4528 2125/3795/2106
f 2234/3797/2051 2235/8624/2051 2236/3798/2050
f 2236/3798/2050 2237/3979/2058 2238/3800/2058
f 2239/3801/2108 1975/8625/2109 1974/3802/2109
f 2241/3804/2111 2231/8626/4529 2232/3805/2112
f 2121/3669/2028 2120/3668/2027 2243/3807/2114
f 2245/3808/2115 2230/8627/2115 2228/3809/2116
f 2228/3809/2116 2229/3984/2203 2246/3811/2117
f 2247/3812/2118 2248/3985/2204 2225/3813/2119
f 2247/3812/2118 2223/3814/2120 2224/3815/2121
f 2117/3817/2123 2108/3819/2125 2139/3818/2124
f 2108/3819/2125 2107/4034/2234 2126/3674/2032
f 2250/3820/2126 2251/3884/2152 2222/3821/2127
f 2226/3823/2129 2252/3883/2151 2253/3824/2130
f 2204/3826/2132 2254/3830/2132 2255/3827/2133
f 2204/3826/2132 2203/3986/2205 2257/3829/2134
f 2259/3831/2058 2260/3987/2058 2261/3832/2050
f 2263/3834/2056 2264/3881/2056 2265/3835/2057
f 2266/3837/2135 2261/3865/2136 2267/3838/2136
f 2258/3833/2050 2261/3832/2050 2266/3840/2051
f 2270/3842/2049 2001/8628/2049 2000/3843/2049
f 2157/3845/2137 2272/3870/2137 2273/3846/2138
f 2274/3848/2058 2272/3989/2058 2275/3849/2050
f 2277/3851/2056 2278/3879/2056 2273/3852/2057
f 2267/3850/2050 2275/3849/2050 2279/3854/2051
f 2012/3856/2049 2011/8629/2049 2281/3857/2049
f 2149/3859/2139 2279/4314/2139 2275/3860/2140
f 2000/3862/1883 2012/8630/1883 2280/3863/2141
f 2261/3865/2136 2260/3990/2142 2274/3866/2142
f 2282/3867/2143 2283/3872/2143 2281/3868/2144
f 2150/3861/2140 2275/3860/2140 2272/3870/2137
f 2282/3867/2143 2154/3988/2145 2278/3871/2145
f 2264/3873/2146 2277/3877/2146 2276/3874/2147
f 2284/3876/2148 2285/3912/2148 2277/3877/2146
f 2285/3878/2149 2283/3913/2149 2278/3879/2056
f 2286/3880/2149 2284/3914/2149 2264/3881/2056
f 2226/3823/2129 2287/8631/2150 2288/3882/2150
f 2251/3884/2152 2289/4002/2217 2290/3885/2153
f 2242/3806/2113 2232/3805/2112 2291/3886/2154
f 2199/3759/2056 2293/8632/2155 2294/3888/2155
f 2232/3796/2107 2125/3795/2106 2243/3807/2114
f 2222/3890/2157 2290/8633/4530 2117/3817/2123
f 2214/3774/2092 2216/3773/2091 2179/3891/2071
f 2211/3769/2088 2295/3922/2167 2296/3892/2158
f 2212/3787/2101 2296/8634/4531 2287/3894/2159
f 2196/3896/2081 2297/3915/2161 2298/3897/2161
f 2299/3898/2162 2214/3916/2162 2178/3746/2079
f 2031/3900/1908 1848/3658/1908 2109/3657/2023
f 2176/3733/2070 2175/8615/2070 2298/3901/2163
f 2301/3903/2164 2302/3917/2164 2163/3904/2063
f 2124/3905/2081 2136/3973/2081 2140/3906/2165
f 2282/3908/2149 2301/3918/2149 2155/3909/2056
f 1888/3910/1912 2147/3869/2144 2281/3868/2144
f 2284/3876/2148 2271/3864/2141 2280/3863/2141
f 2280/3858/2049 2281/3857/2049 2283/3913/2149
f 2270/3842/2049 2271/3844/2049 2284/3914/2149
f 2297/3915/2161 2194/3752/2080 2172/3754/2080
f 2187/3744/2077 2188/3743/2077 2214/3916/2162
f 2300/3902/2163 2298/3901/2163 2172/3729/2068
f 2301/3903/2164 2148/3720/2062 2162/3719/2062
f 2147/3697/2049 2148/3696/2049 2301/3918/2149
f 2215/3919/2090 2188/3772/2090 1925/3920/2166
f 2304/3924/2169 2120/3928/2173 2119/3925/2170
f 2306/3927/2172 2243/8635/4532 2120/3928/2173
f 1868/3673/1785 2040/8636/1920 2119/3929/2174
f 2292/3930/2175 2291/8637/2175 2243/3931/2175
f 2294/3933/2155 2307/4559/2514 2308/3934/2149
f 2293/3936/2175 2292/3930/2175 2306/3932/2175
f 2294/3938/2176 2306/3927/2172 2304/3924/2169
f 2305/3926/2171 2044/4561/2515 1975/3940/1924
f 2199/3942/2179 2242/8638/4533 2292/3943/2180
f 2236/3945/2181 2244/3949/2181 2246/3946/2182
f 2236/3945/2181 2235/4399/2184 2245/3948/2184
f 2241/3950/2185 2242/8638/4533 2199/3942/2179
f 2286/3952/2187 2300/8639/2187 2171/3953/2188
f 2176/3955/2189 2300/8639/2187 2286/3952/2187
f 2173/3957/2190 2176/3955/2189 2263/3956/2189
f 2171/3953/2188 1908/8640/1939 2001/3959/1939
f 2258/3960/2191 2269/4412/2192 2169/3961/2192
f 2258/3960/2191 2165/3962/2191 2168/3963/2193
f 2126/3965/2194 2118/8641/4534 2138/3966/2195
f 2140/3906/2165 2310/8642/2197 2138/3968/2197
f 2139/3969/2198 2126/8643/4535 2310/3970/2199
f 2133/3682/2038 2132/3681/2037 2123/3971/2200
f 2145/3972/2201 2134/3683/2039 2137/3685/2041
f 2123/3707/2055 2137/3706/2055 2136/3973/2081
f 2153/3710/2057 2156/3709/2057 2158/3974/2058
f 2158/3975/2060 2156/3723/2064 2164/3722/2064
f 2168/3726/2066 2167/3725/2066 2174/3732/2069
f 2183/3778/2096 2177/3737/2072 2180/3736/2072
f 2182/3738/2073 2189/3745/2078 2177/3747/2078
f 2192/3978/2054 2195/3755/2055 2174/3757/2055
f 2237/3979/2058 2198/8619/2057 2197/3758/2057
f 2208/3765/2085 2210/3771/2089 2213/3770/2089
f 2221/3780/2097 2134/3782/2099 2145/3981/2100
f 2202/3982/2202 2213/3789/2103 2227/3788/2102
f 2133/3983/2104 2122/8623/4528 2231/3794/2105
f 2229/3984/2203 2231/8626/4529 2241/3804/2111
f 2250/3820/2126 2221/3822/2128 2225/3813/2119
f 2227/3825/2131 2253/3824/2130 2257/3829/2134
f 2262/3836/2057 2265/3835/2057 2260/3987/2058
f 2154/3988/2145 2153/3847/2138 2273/3846/2138
f 2276/3853/2057 2273/3852/2057 2272/3989/2058
f 2260/3990/2142 2265/3875/2147 2276/3874/2147
f 2237/3947/2183 2246/3946/2182 2241/3950/2185
f 2259/3964/2193 2168/3963/2193 2173/3957/2190
f 2253/3991/2206 2311/3997/2212 2312/3992/2207
f 2252/3994/2209 2288/8644/4536 2313/3995/2210
f 2252/3994/2209 2314/3996/2211 2311/3997/2212
f 2254/3998/2213 2315/4001/2216 2316/3999/2214
f 2257/3993/2208 2312/3992/2207 2315/4001/2216
f 2311/3997/2212 2250/3820/2126 2248/3985/2204
f 2314/3996/2211 2313/3995/2210 2289/4002/2217
f 2314/3996/2211 2251/3884/2152 2250/3820/2126
f 2315/4001/2216 2247/3812/2118 2249/3816/2122
f 2315/4001/2216 2312/3992/2207 2248/3985/2204
f 2052/4003/1908 2107/3655/2024 2104/3651/2023
f 2219/4005/2085 2180/4016/2089 2317/4006/2089
f 2116/4008/2218 2303/4041/2238 2319/4009/2219
f 2216/4011/2167 2215/4039/2237 2319/4012/2221
f 2179/4014/2222 2216/4011/2167 2321/4013/2167
f 2179/4014/2222 2322/4015/2088 2317/4006/2089
f 2323/4017/2086 2324/4044/2087 2325/4018/2087
f 2219/4005/2085 2318/4007/2085 2323/4017/2086
f 2063/4021/1908 2100/3648/2023 2099/3650/2023
f 2064/4022/1908 2103/3653/2023 2100/3648/2023
f 2051/4004/1908 2104/3651/2023 2103/3653/2023
f 2113/4023/2223 2112/8645/4537 2289/4024/2224
f 2110/4026/2226 2288/4029/2229 2287/4027/2227
f 2110/4026/2226 2113/4023/2223 2313/4025/2225
f 2289/4024/2224 2112/8645/4537 2117/4030/2230
f 2115/4032/2232 2111/4028/2228 2287/4027/2227
f 2107/4034/2234 2052/8646/1976 1866/3675/1786
f 2319/4035/2219 2326/8647/2235 2065/4036/2235
f 2326/4038/2236 2319/4012/2221 2215/4039/2237
f 2115/4032/2232 2296/4033/2233 2303/4041/2238
f 2318/4007/2085 2317/4006/2089 2210/3771/2089
f 2321/4013/2167 2319/4012/2221 2303/3923/2168
f 2065/4042/1966 2031/3900/1908 2114/3663/2023
f 2322/4015/2088 2321/4013/2167 2295/3922/2167
f 2322/4015/2088 2211/3769/2088 2210/3771/2089
f 2207/3767/2086 2209/3768/2087 2324/4044/2087
f 2318/4007/2085 2208/3765/2085 2207/3767/2086
f 2324/4044/2087 2328/4049/2243 2329/4048/2243
f 2209/3768/2087 2330/8648/2243 2328/4049/2243
f 2205/4050/2084 2204/3763/2082 2256/4051/2244
f 2217/3775/2093 2325/4055/2093 2329/4053/2094
f 2325/4055/2093 2217/3775/2093 2184/3777/2095
f 2205/4056/2051 2331/4492/2051 2332/4057/2051
f 2334/4059/2245 2327/4064/2250 2333/4060/2246
f 2205/4062/2248 2333/8649/2248 2327/4047/2242
f 2330/4063/2249 2209/8650/4538 2327/4064/2250
f 2159/4065/2073 2164/4081/2251 2335/4066/2251
f 2336/4068/2252 2335/4080/2253 2337/4069/2253
f 2162/4071/2254 2339/4086/2254 2340/4072/2162
f 2190/4074/2255 2189/4112/2256 2341/4075/2256
f 2163/4077/2079 2302/4073/2162 2340/4072/2162
f 2343/4079/2257 2344/4123/2257 2337/4069/2253
f 2164/4081/2251 2163/4077/2079 2343/4078/2079
f 2182/4082/2258 2181/4122/2259 2345/4083/2259
f 1900/4085/2260 2081/8651/2260 2339/4086/2254
f 2190/4074/2255 2342/4076/2255 2347/4087/2261
f 2160/4089/2262 2348/4094/2262 2349/4090/2075
f 2336/4068/2252 2338/4070/2252 2350/4092/2263
f 2159/4065/2073 2336/4067/2073 2348/4094/2262
f 2337/4095/2264 2341/4103/2264 2346/4096/2265
f 2352/4098/2266 2353/4105/2266 2347/4099/2267
f 2344/4101/2268 2351/4100/2267 2347/4099/2267
f 2337/4095/2264 2344/4101/2268 2342/4102/2268
f 2352/4098/2266 2089/8652/2269 2088/4104/2269
f 2345/4106/2270 2354/8653/2271 2355/4107/2271
f 2350/4108/2270 2338/4097/2265 2346/4096/2265
f 2081/4109/2015 2089/8654/2015 2352/4110/2272
f 2182/4082/2258 2346/4084/2258 2341/4075/2256
f 1926/4113/2016 2187/4120/2273 2353/4114/2273
f 2340/4116/2274 2339/4111/2272 2352/4110/2272
f 2349/4118/2275 2348/4093/2263 2350/4092/2263
f 2299/4088/2261 2347/4087/2261 2353/4114/2273
f 2186/4121/2276 2354/4544/2276 2345/4083/2259
f 2340/4116/2274 2351/4117/2274 2344/4123/2257
f 2357/4124/2277 2358/4130/2277 2359/4125/2277
f 2361/4127/2277 2362/4131/2278 2363/4128/2277
f 2358/4130/2277 2361/4127/2277 2360/4129/2277
f 2362/4131/2278 2364/4140/2279 2365/4132/2278
f 2356/4126/2277 2366/4355/2401 2367/4133/2277
f 2368/4134/2277 2369/4136/2277 2358/4130/2277
f 2370/4135/2277 2371/4139/2277 2362/4131/2278
f 2369/4136/2277 2370/4135/2277 2361/4127/2277
f 2373/4137/2277 2374/4141/2277 2367/4133/2277
f 2371/4139/2277 2375/8655/2277 2364/4140/2279
f 2374/4141/2277 2368/4134/2277 2357/4124/2277
f 2376/4142/2280 2377/4270/2356 2378/4143/2281
f 2380/4145/2283 2381/4151/2289 2382/4146/2284
f 2385/4148/2286 2376/4142/2280 2386/4149/2287
f 2381/4151/2289 2377/4160/2296 2387/4152/2290
f 2388/4153/2291 2389/4156/2291 2130/4154/2035
f 2390/4155/2292 2391/4420/2440 2389/4156/2291
f 2392/4157/2293 2393/4421/2441 2394/4158/2294
f 2377/4160/2296 2376/8656/2297 2396/4161/2297
f 2395/4159/2295 2394/4158/2294 2397/4162/2298
f 2399/4164/2300 2144/3692/2047 2143/3691/2047
f 2399/4164/2300 2400/4165/2300 2401/4166/2301
f 2404/4168/2303 2405/8657/2303 2406/4169/2303
f 2152/3699/2051 2407/4181/143 2408/4171/143
f 2400/4172/134 2143/8612/2052 2130/3701/2052
f 2401/4174/37 2400/4172/134 2389/4173/134
f 2393/4176/2304 2401/4174/37 2391/4175/37
f 2410/4178/2305 2411/4363/35 2412/4179/35
f 2407/4181/143 2413/4423/63 2414/4182/63
f 2415/4183/2306 2416/8658/2307 2413/4184/2307
f 2152/3717/2061 2161/3716/2061 2415/4183/2306
f 2417/4186/2308 2418/8659/2309 2405/4187/2309
f 2419/4189/2310 2420/8660/2311 2411/4190/2311
f 2421/4192/2312 2422/4424/2313 2423/4193/2313
f 2421/4192/2312 2424/4194/2312 2170/3727/2067
f 2426/4196/2314 2427/8661/2314 2428/4197/2314
f 2430/4199/2315 2431/4357/2315 2432/4200/2316
f 2434/4202/2317 2435/4345/2318 2436/4203/2318
f 2438/4205/2319 2439/8662/4539 2440/4206/2320
f 2437/4207/2319 2186/3741/2075 2185/4208/2075
f 2441/4209/2321 2442/4369/2321 2443/4210/2321
f 2445/4212/2322 2433/4425/2322 2436/4213/2323
f 2423/4215/37 2447/4426/37 2448/4216/134
f 2448/4216/134 2193/8617/2052 2170/3751/2052
f 2427/4218/2324 2449/8663/2324 2450/4219/2324
f 2431/4221/39 2451/4351/39 2452/4222/2304
f 2453/4224/2305 2454/4342/35 2455/4225/35
f 2458/4227/2325 2459/8664/4540 2460/4228/2326
f 2461/4230/2327 2462/4489/2327 2458/4227/2325
f 2463/4231/2328 2457/4235/2328 2460/4232/2329
f 2465/4234/2330 2461/8665/2330 2457/4235/2328
f 2467/4236/2331 2468/8666/2332 2469/4237/2332
f 2471/4239/2333 2472/4372/2334 2442/4240/2334
f 2185/3776/2094 2218/4054/2094 2473/4242/2336
f 2474/4244/2337 2475/8667/2338 2439/4245/2338
f 2476/4246/2339 2392/8668/4541 2395/4247/2340
f 2224/3784/2052 2144/8621/2052 2399/4249/134
f 2399/4249/134 2402/4428/2342 2479/4251/2342
f 2480/4252/2343 2481/8669/4542 2468/4253/2344
f 2483/4255/2346 2390/4429/2346 2388/4256/134
f 2388/4256/134 2129/8622/2052 2230/3793/2052
f 2484/4258/2347 2485/4343/2394 2381/4259/2348
f 2487/4261/143 2235/8624/2051 2234/3797/2051
f 2488/4263/63 2489/4427/63 2487/4261/143
f 2490/4264/2350 2491/4558/2513 2492/4265/2351
f 2494/4267/2353 2495/4339/2391 2485/4268/2354
f 2377/4270/2356 2381/4259/2348 2496/4271/2357
f 2482/4272/2358 2230/8627/2115 2245/3808/2115
f 2498/4274/2359 2483/4430/2442 2482/4272/2358
f 2499/4275/2360 2478/4278/2363 2479/4276/2361
f 2499/4275/2360 2249/3816/2122 2224/3815/2121
f 2375/4279/2364 2395/4247/2340 2398/4280/2365
f 2385/4148/2286 2365/4474/2471 2364/4281/2366
f 2501/4282/2367 2476/8670/4543 2477/4283/2368
f 2503/4285/2370 2504/8671/4544 2481/4286/2371
f 2458/4288/2373 2256/3828/2133 2255/3827/2133
f 2505/4289/2373 2506/4431/2443 2459/4290/2374
f 2508/4291/143 2509/4432/63 2510/4292/63
f 2512/4294/2305 2513/4333/35 2514/4295/35
f 2268/3839/2135 2515/4318/2375 2508/4297/2375
f 2266/3840/2051 2508/4291/143 2507/4293/143
f 2516/4298/2303 2517/8672/2303 2518/4299/2303
f 2520/4301/2376 2521/8673/2377 2414/4302/2377
f 2522/4304/143 2521/4433/63 2523/4305/63
f 2520/4307/36 2525/4331/35 2526/4308/35
f 2279/3854/2051 2522/4304/143 2515/4306/143
f 2528/4310/2303 2529/8674/2303 2530/4311/2303
f 2408/4313/2378 2522/4323/2378 2279/4314/2139
f 2527/4315/2379 2530/8675/2380 2518/4316/2380
f 2515/4318/2375 2523/8676/2381 2509/4319/2381
f 2528/4320/2382 2531/4324/2383 2532/4321/2383
f 2414/4302/2377 2521/8673/2377 2522/4323/2378
f 2531/4324/2383 2525/8677/2384 2412/4325/2384
f 2524/4326/2385 2526/8678/2386 2513/4327/2386
f 2513/4327/2386 2526/8678/2386 2533/4329/2387
f 2525/4331/35 2531/4366/34 2533/4332/34
f 2513/4333/35 2534/4367/34 2535/4334/34
f 2481/4286/2371 2504/8671/4544 2536/4335/2388
f 2502/4284/2369 2477/4283/2368 2538/4337/2389
f 2495/4339/2391 2540/8679/2392 2541/4340/2392
f 2542/4341/2393 2543/8680/2393 2455/4225/35
f 2485/4343/2394 2541/8681/4545 2496/4271/2357
f 2477/4248/2341 2395/4247/2340 2375/4279/2364
f 2435/4345/2318 2471/4239/2333 2470/4241/2335
f 2469/4237/2332 2468/8666/2332 2544/4346/2396
f 2468/4253/2344 2481/8669/4542 2537/4348/2398
f 2546/4350/31 2547/4368/31 2451/4351/39
f 2446/4214/2323 2436/4213/2323 2470/4352/2400
f 2549/4354/2401 2372/4138/2277 2367/4133/2277
f 2550/4356/2402 2546/4370/2402 2431/4357/2315
f 2411/4190/2311 2420/8660/2311 2551/4358/2403
f 2397/4360/2404 2394/4422/39 2382/4361/39
f 2411/4363/35 2552/4371/34 2532/4364/34
f 2406/4365/2405 2529/8682/2405 2528/4320/2382
f 2534/4330/2387 2533/4329/2387 2527/4315/2379
f 2531/4366/34 2528/4310/2303 2527/4312/2303
f 2534/4367/34 2517/8672/2303 2516/4298/2303
f 2428/4220/2324 2450/4219/2324 2547/4368/31
f 2548/4353/2400 2470/4352/2400 2442/4369/2321
f 2550/4356/2402 2425/4198/2314 2428/4197/2314
f 2552/4359/2403 2551/4358/2403 2417/4186/2308
f 2552/4371/34 2404/4168/2303 2403/4170/2303
f 2472/4372/2334 2553/8683/2406 2443/4373/2406
f 2555/4375/2408 2556/4391/2418 2379/4376/2409
f 2557/4378/2411 2555/4375/2408 2378/4377/2410
f 2386/4149/2287 2376/4142/2280 2379/4144/2282
f 2540/4381/2414 2557/4388/2414 2496/4382/2414
f 2542/4384/2393 2559/8684/2393 2560/4385/34
f 2543/4387/2414 2542/8685/2414 2557/4388/2414
f 2542/4389/2416 2561/4557/2512 2555/4375/2408
f 2493/4390/2417 2562/8686/2997 2556/4391/2418
f 2455/4393/2420 2543/8687/2421 2540/4394/2421
f 2487/4396/2423 2489/4434/2444 2498/4397/2424
f 2497/4398/2425 2245/3948/2184 2235/4399/2184
f 2455/4393/2420 2495/4395/2422 2494/4400/2426
f 2535/4402/2428 2516/4410/2429 2425/4403/2429
f 2535/4402/2428 2550/4404/2428 2430/4405/2430
f 2514/4406/2430 2430/4405/2430 2429/4407/2431
f 2519/4409/2432 2426/8688/2432 2425/4403/2429
f 2507/4411/2433 2421/4414/2433 2169/3961/2192
f 2507/4411/2433 2510/4435/2434 2422/4413/2434
f 2396/4415/2435 2376/8689/4546 2385/4416/2436
f 2396/4418/2438 2563/8690/2438 2397/4360/2404
f 2563/4419/2439 2385/8691/2439 2398/4163/2299
f 2390/4155/2292 2380/4145/2283 2383/4147/2285
f 2402/4167/2302 2401/4166/2301 2393/4421/2441
f 2394/4422/39 2393/4176/2304 2383/4177/2304
f 2413/4423/63 2410/4178/2305 2409/4180/2305
f 2413/4184/2307 2416/8658/2307 2419/4189/2310
f 2422/4424/2313 2429/4201/2316 2432/4200/2316
f 2439/4245/2338 2475/8667/2338 2434/4202/2317
f 2440/4206/2320 2439/8662/4539 2433/4425/2322
f 2432/4223/2304 2452/4222/2304 2447/4426/37
f 2453/4224/2305 2456/4226/2305 2489/4427/63
f 2464/4233/2329 2460/4232/2329 2467/4236/2331
f 2402/4428/2342 2392/8668/4541 2476/4246/2339
f 2460/4228/2326 2459/8664/4540 2480/4252/2343
f 2483/4255/2346 2484/4258/2347 2380/4260/2349
f 2494/4267/2353 2484/4269/2355 2483/4430/2442
f 2479/4276/2361 2476/8670/4543 2501/4282/2367
f 2506/4431/2443 2503/4285/2370 2480/4287/2372
f 2509/4432/63 2512/4294/2305 2511/4296/2305
f 2412/4325/2384 2525/8677/2384 2520/4301/2376
f 2521/4433/63 2520/4307/36 2524/4309/36
f 2509/4319/2381 2523/8676/2381 2524/4326/2385
f 2489/4434/2444 2456/4401/2427 2494/4400/2426
f 2510/4435/2434 2511/4408/2431 2429/4407/2431
f 2564/4436/2445 2565/4442/2451 2503/4437/2446
f 2504/4439/2448 2566/4445/2454 2567/4440/2449
f 2565/4442/2451 2566/4445/2454 2504/4439/2448
f 2505/4443/2452 2255/4000/2215 2316/3999/2214
f 2568/4444/2453 2564/4436/2445 2506/4438/2447
f 2500/4277/2362 2501/4282/2367 2565/4442/2451
f 2566/4445/2454 2502/4284/2369 2539/4338/2390
f 2501/4282/2367 2502/4284/2369 2566/4445/2454
f 2568/4444/2453 2316/3999/2214 2249/3816/2122
f 2568/4444/2453 2499/4275/2360 2500/4277/2362
f 2363/4128/2277 2365/4132/2278 2570/4446/2401
f 2475/4448/2329 2571/4481/2329 2572/4449/2331
f 2373/4451/2455 2573/8692/2473 2574/4452/2456
f 2471/4454/2397 2575/4458/2397 2574/4455/2458
f 2435/4457/2460 2576/4483/2332 2575/4458/2397
f 2572/4449/2331 2576/4483/2332 2435/4457/2460
f 2577/4459/2330 2578/4484/2330 2579/4460/2328
f 2579/4460/2328 2571/4481/2329 2475/4448/2329
f 2356/4126/2277 2359/4125/2277 2581/4463/2401
f 2359/4125/2277 2360/4129/2277 2582/4464/2401
f 2360/4129/2277 2363/4128/2277 2569/4447/2401
f 2370/4465/2462 2567/4471/2468 2539/4466/2463
f 2537/4468/2465 2536/8693/4547 2369/4469/2466
f 2369/4469/2466 2536/8693/4547 2567/4471/2468
f 2539/4466/2463 2538/8694/2469 2375/4472/2469
f 2374/4473/2470 2544/4480/2475 2537/4468/2465
f 2384/4150/2288 2570/8695/2720 2365/4474/2471
f 2583/4475/2472 2584/8696/4548 2574/4476/2456
f 2472/4456/2459 2574/4455/2458 2584/4478/2474
f 2374/4473/2470 2373/4451/2455 2554/4453/2457
f 2571/4481/2329 2464/4233/2329 2466/4238/2331
f 2575/4458/2397 2545/4347/2397 2554/4374/2407
f 2583/4482/2461 2573/4485/2476 2372/4138/2277
f 2576/4483/2332 2469/4237/2332 2545/4347/2397
f 2466/4238/2331 2469/4237/2332 2576/4483/2332
f 2578/4484/2330 2465/4234/2330 2463/4231/2328
f 2579/4460/2328 2463/4231/2328 2464/4233/2329
f 2329/4048/2243 2328/4049/2243 2578/4484/2330
f 2328/4049/2243 2330/8648/2243 2465/4234/2330
f 2462/4489/2327 2331/4052/2244 2256/4051/2244
f 2329/4053/2094 2577/4490/2336 2473/4242/2336
f 2577/4490/2336 2474/4244/2337 2438/4243/2337
f 2462/4491/2051 2586/8697/2051 2332/4057/2051
f 2334/4059/2245 2332/4061/2247 2586/4493/2480
f 2585/4487/2478 2586/8698/2482 2462/4495/2482
f 2330/4063/2249 2334/4059/2245 2585/4494/2481
f 2587/4497/2484 2588/4512/2485 2419/4498/2485
f 2587/4500/2486 2589/8699/2486 2590/4501/2487
f 2591/4503/2488 2592/8700/2489 2417/4504/2489
f 2446/4506/2490 2593/4519/2490 2594/4507/2491
f 2595/4509/2492 2591/4503/2488 2551/4505/2488
f 2590/4501/2487 2596/4545/2493 2595/4511/2493
f 2588/4512/2485 2595/4509/2492 2420/4510/2492
f 2440/4513/2494 2597/8701/2494 2598/4514/2495
f 2417/4504/2489 2592/8700/2489 2599/4516/2496
f 2548/4518/2498 2600/8702/2498 2593/4519/2490
f 2161/4091/2075 2349/4090/2075 2601/4520/2499
f 2602/4522/2500 2589/8699/2486 2587/4500/2486
f 2415/4521/2499 2601/4520/2499 2587/4497/2484
f 2597/4524/2501 2594/8703/2502 2590/4525/2502
f 2603/4527/2503 2600/4531/2503 2604/4528/2504
f 2596/4530/2505 2593/4532/2505 2600/4531/2503
f 2590/4525/2502 2594/8703/2502 2593/4532/2505
f 2605/4529/2504 2604/4528/2504 2606/4533/2504
f 2355/4107/2271 2354/8653/2271 2598/4535/2506
f 2598/4535/2506 2597/4524/2501 2589/4526/2501
f 2605/4537/2507 2607/8704/2508 2599/4538/2508
f 2594/4507/2491 2597/8701/2494 2440/4513/2494
f 2444/4540/2509 2606/8705/2509 2604/4541/2510
f 2591/4543/2511 2603/8706/2511 2605/4537/2507
f 2355/4119/2275 2602/4522/2500 2601/4523/2500
f 2604/4541/2510 2600/8702/2498 2548/4518/2498
f 2437/4515/2495 2598/4514/2495 2354/4544/2276
f 2596/4545/2493 2603/8706/2511 2591/4543/2511
f 2609/4546/2305 2453/4224/2305 2488/4263/63
f 2559/4548/2393 2542/4341/2393 2454/4342/35
f 2608/4547/63 2488/4263/63 2486/4262/143
f 2486/4262/143 2234/3797/2051 2612/4551/2051
f 2609/4546/2305 2610/4549/35 2454/4342/35
f 2238/3800/2058 2197/3758/2057 2614/4552/2057
f 2200/3760/2056 2294/3888/2155 2309/4554/2155
f 2233/3799/2050 2238/3800/2058 2613/4553/2058
f 2612/4551/2051 2234/3797/2051 2233/3799/2050
f 2614/4552/2057 2197/3758/2057 2200/3760/2056
f 2561/4557/2512 2490/4392/2419 2556/4391/2418
f 2561/4386/2415 2560/4385/34 2491/4558/2513
f 2307/3939/2177 2304/3924/2169 2305/3926/2171
f 2307/4559/2514 2239/3801/2108 2240/3803/2110
f 2305/3926/2171 2119/3925/2170 2040/4560/2022
f 2556/4391/2418 2562/8686/2997 2558/4562/2516
f 2618/4563/2517 2619/4569/2517 2620/4564/2517
f 2622/4566/2518 2623/4571/2518 2624/4567/2517
f 2621/4568/2517 2624/4567/2517 2619/4569/2517
f 2625/4570/2518 2626/4579/2519 2623/4571/2518
f 2617/4565/2517 2620/4564/2517 2627/4572/2517
f 2619/4569/2517 2628/4576/2517 2629/4574/2517
f 2623/4571/2518 2630/4580/2517 2631/4575/2517
f 2624/4567/2517 2631/4575/2517 2628/4576/2517
f 2627/4572/2517 2633/4581/2517 2634/4577/2517
f 2626/4579/2519 2635/8707/2517 2630/4580/2517
f 2620/4564/2517 2629/4574/2517 2633/4581/2517
f 2636/4582/2520 2637/4841/2660 2638/4583/2521
f 2640/4585/2523 2641/4883/2687 2642/4586/2524
f 2386/4588/2287 2636/4582/2520 2644/4589/2526
f 2643/4587/2525 2642/4586/2524 2645/4591/2527
f 2647/4593/2529 2648/5066/2529 2649/4594/2530
f 2646/4595/2530 2649/4594/2530 2650/4596/2531
f 2652/4598/2533 2653/4603/2537 2654/4599/2534
f 2639/4592/2528 2645/4591/2527 2656/4601/2536
f 2653/4603/2537 2657/4881/2685 2658/4604/2538
f 2659/4605/2539 2660/4609/2539 2661/4606/2540
f 2659/4605/2539 2663/4884/2688 2664/4608/2541
f 2406/4610/2542 2405/8708/2542 2666/4611/2542
f 2668/4613/407 2669/4627/407 2670/4614/2543
f 2648/4616/2544 2661/8709/2544 2660/4617/393
f 2649/4618/393 2660/4617/393 2664/4619/304
f 2650/4620/304 2664/4619/304 2655/4621/303
f 2672/4623/301 2673/4821/301 2674/4624/302
f 2675/4626/326 2676/4886/326 2669/4627/407
f 2669/4628/2545 2676/4887/2546 2677/4629/2546
f 2678/4630/2545 2679/8710/2547 2670/4631/2547
f 2405/4632/2309 2418/8711/2309 2680/4633/2548
f 2673/4635/2549 2681/4816/2549 2682/4636/2550
f 2684/4638/2551 2685/8712/2552 2686/4639/2552
f 2683/4640/2551 2687/5106/2553 2688/4641/2553
f 2690/4642/2554 2427/8713/2554 2426/4643/2554
f 2692/4645/2556 2693/8714/2557 2694/4646/2557
f 2696/4648/2558 2697/4803/2558 2698/4649/2559
f 2699/4651/2560 2700/4889/2561 2701/4652/2561
f 2702/4653/2560 2703/5119/2562 2704/4654/2562
f 2705/4655/2563 2444/8715/2564 2443/4656/2564
f 2708/4658/2565 2696/4811/2565 2695/4659/2566
f 2709/4661/393 2710/4890/304 2685/4662/304
f 2688/4664/2544 2711/8716/2544 2709/4661/393
f 2712/4665/2567 2449/8717/2567 2427/4666/2567
f 2713/4668/303 2714/4808/305 2693/4669/305
f 2715/4671/302 2716/8718/302 2717/4672/301
f 2720/4674/2568 2721/4894/2690 2722/4675/2569
f 2722/4675/2569 2723/4962/2729 2724/4677/2570
f 2725/4678/2571 2726/4892/2572 2720/4679/2572
f 2719/4680/2571 2724/8719/2573 2727/4681/2573
f 2729/4682/2574 2730/4805/2574 2731/4683/2575
f 2706/4685/2576 2733/4831/2652 2734/4686/2577
f 2735/4688/2579 2736/4966/2580 2703/4689/2580
f 2701/4691/2582 2737/4888/2582 2738/4692/2581
f 2739/4693/2583 2740/4802/2644 2653/4694/2584
f 2659/4696/393 2662/8720/2544 2742/4697/2544
f 2743/4699/2586 2663/4893/2586 2659/4696/393
f 2730/4700/2587 2744/4807/2647 2745/4701/2588
f 2646/4703/393 2651/4895/2590 2747/4704/2590
f 2748/4706/2544 2647/8721/2544 2646/4703/393
f 2749/4707/2591 2640/8722/4549 2643/4708/2592
f 2752/4710/2543 2753/8723/2543 2754/4711/407
f 2754/4711/407 2755/4891/2689 2756/4713/326
f 2757/4714/2594 2493/8724/4550 2492/4715/2595
f 2759/4717/2597 2749/8725/2597 2750/4718/2598
f 2639/4584/2522 2638/4583/2521 2761/4720/2600
f 2762/4721/2601 2763/5185/2602 2748/4722/2602
f 2746/4723/2603 2747/4896/2691 2764/4724/2604
f 2765/4725/2605 2766/4897/2692 2743/4726/2606
f 2765/4725/2605 2741/4727/2607 2742/4728/2608
f 2635/4730/2610 2626/4732/2612 2657/4731/2611
f 2626/4732/2612 2625/8726/4551 2644/4589/2526
f 2768/4733/2613 2769/4796/2638 2740/4734/2614
f 2744/4736/2616 2770/4795/2637 2771/4737/2617
f 2772/4739/2619 2773/5202/2620 2774/4740/2620
f 2722/4741/2619 2721/4898/2621 2775/4742/2621
f 2777/4743/326 2778/4899/326 2779/4744/407
f 2781/4746/301 2782/4793/301 2783/4747/302
f 2784/4749/2622 2779/4778/2623 2785/4750/2623
f 2776/4745/407 2779/4744/407 2784/4752/2543
f 2788/4754/2542 2519/8727/2542 2518/4755/2542
f 2675/4757/2624 2790/4782/2624 2791/4758/2625
f 2792/4760/326 2790/4901/326 2793/4761/407
f 2795/4763/301 2796/4791/301 2791/4764/302
f 2785/4762/407 2793/4761/407 2797/4766/2543
f 2530/4768/2542 2529/8728/2542 2799/4769/2542
f 2667/4771/2626 2797/5228/2626 2793/4772/2627
f 2518/4774/2380 2530/8729/2380 2798/4775/2628
f 2778/4777/2629 2792/4902/2629 2785/4750/2623
f 2800/4779/2630 2801/4784/2630 2799/4780/2631
f 2675/4757/2624 2668/4773/2627 2793/4772/2627
f 2672/4783/2632 2796/4900/2632 2801/4784/2630
f 2782/4785/2633 2795/4789/2633 2794/4786/2634
f 2782/4785/2633 2802/4824/2635 2803/4788/2635
f 2803/4790/300 2801/4825/300 2796/4791/301
f 2804/4792/300 2802/4826/300 2782/4793/301
f 2744/4736/2616 2805/8730/4552 2806/4794/2636
f 2769/4796/2638 2807/4914/2704 2808/4797/2639
f 2760/4719/2599 2750/4718/2598 2809/4798/2640
f 2717/4672/301 2811/8731/2642 2812/4800/2642
f 2750/4709/2593 2643/4708/2592 2761/4720/2600
f 2740/4802/2644 2808/8732/4553 2635/4730/2610
f 2732/4687/2578 2734/4686/2577 2697/4803/2558
f 2729/4682/2574 2813/4834/2653 2814/4804/2645
f 2730/4700/2587 2814/8733/4554 2805/4806/2646
f 2714/4808/305 2815/4827/299 2816/4809/299
f 2708/4658/2565 2817/4828/2648 2732/4810/2648
f 2549/4812/2401 2366/4573/2401 2627/4572/2517
f 2694/4646/2557 2693/8714/2557 2816/4813/2649
f 2819/4815/2650 2820/4829/2650 2681/4816/2549
f 2642/4817/305 2654/4885/305 2658/4818/2651
f 2800/4820/300 2819/4830/300 2673/4821/301
f 2406/4822/2405 2665/4781/2631 2799/4780/2631
f 2802/4824/2635 2789/4776/2628 2798/4775/2628
f 2798/4770/2542 2799/4769/2542 2801/4825/300
f 2788/4754/2542 2789/4756/2542 2802/4826/300
f 2815/4827/299 2712/4665/2567 2690/4667/2567
f 2705/4655/2563 2706/4657/2563 2732/4810/2648
f 2818/4814/2649 2816/4813/2649 2690/4642/2554
f 2819/4815/2650 2666/4634/2548 2680/4633/2548
f 2665/4612/2542 2666/4611/2542 2819/4830/300
f 2733/4831/2652 2706/4685/2576 2443/4832/2576
f 2822/4836/2655 2638/4840/2659 2637/4837/2656
f 2824/4839/2658 2761/8734/4555 2638/4840/2659
f 2386/4588/2287 2558/8735/2413 2637/4841/2660
f 2810/4842/2661 2809/8736/2661 2761/4843/2661
f 2812/4845/2642 2825/5474/2996 2826/4846/300
f 2811/4848/2661 2810/4842/2661 2824/4844/2661
f 2812/4850/2662 2824/4839/2658 2822/4836/2655
f 2823/4838/2657 2562/5476/2997 2493/4852/2417
f 2717/4854/2665 2760/8737/4556 2810/4855/2666
f 2754/4857/2667 2762/4861/2671 2764/4858/2668
f 2753/4860/2670 2763/8738/2670 2762/4861/2671
f 2759/4862/2672 2760/8737/4556 2717/4854/2665
f 2804/4864/2674 2818/8739/2674 2689/4865/2675
f 2694/4867/2676 2818/8739/2674 2804/4864/2674
f 2691/4869/2677 2694/4867/2676 2781/4868/2676
f 2689/4865/2675 2426/8740/2432 2519/4871/2432
f 2776/4872/2678 2787/5325/2679 2687/4873/2679
f 2776/4872/2678 2683/4874/2678 2686/4875/2680
f 2644/4877/2681 2636/8741/4557 2656/4878/2682
f 2658/4818/2651 2828/8742/2684 2656/4880/2684
f 2657/4881/2685 2644/8743/2686 2828/4882/2686
f 2651/4597/2532 2650/4596/2531 2641/4883/2687
f 2663/4884/2688 2652/4598/2533 2655/4600/2535
f 2641/4622/303 2655/4621/303 2654/4885/305
f 2671/4625/302 2674/4624/302 2676/4886/326
f 2676/4887/2546 2674/4637/2550 2682/4636/2550
f 2686/4639/2552 2685/8712/2552 2692/4645/2556
f 2701/4691/2582 2695/4650/2559 2698/4649/2559
f 2707/4660/2566 2695/4659/2566 2701/4652/2561
f 2710/4890/304 2713/4668/303 2692/4670/303
f 2755/4891/2689 2716/8718/302 2715/4671/302
f 2726/4892/2572 2728/4684/2575 2731/4683/2575
f 2739/4693/2583 2652/4695/2585 2663/4893/2586
f 2720/4674/2568 2731/4702/2589 2745/4701/2588
f 2651/4895/2590 2640/8722/4549 2749/4707/2591
f 2747/4896/2691 2749/8725/2597 2759/4717/2597
f 2768/4733/2613 2739/4735/2615 2743/4726/2606
f 2745/4738/2618 2771/4737/2617 2775/4742/2621
f 2780/4748/302 2783/4747/302 2778/4899/326
f 2672/4783/2632 2671/4759/2625 2791/4758/2625
f 2794/4765/302 2791/4764/302 2790/4901/326
f 2778/4777/2629 2783/4787/2634 2794/4786/2634
f 2755/4859/2669 2764/4858/2668 2759/4862/2672
f 2777/4876/2680 2686/4875/2680 2691/4869/2677
f 2771/4903/2693 2829/4909/2699 2830/4904/2694
f 2770/4906/2696 2806/8744/4558 2831/4907/2697
f 2770/4906/2696 2832/4908/2698 2829/4909/2699
f 2772/4910/2700 2833/4913/2703 2834/4911/2701
f 2775/4905/2695 2830/4904/2694 2833/4913/2703
f 2829/4909/2699 2768/4733/2613 2766/4897/2692
f 2832/4908/2698 2831/4907/2697 2807/4914/2704
f 2832/4908/2698 2769/4796/2638 2768/4733/2613
f 2833/4913/2703 2765/4725/2605 2767/4729/2609
f 2833/4913/2703 2830/4904/2694 2766/4897/2692
f 2570/4915/2401 2625/4570/2518 2622/4566/2518
f 2737/4917/2572 2698/4928/2575 2835/4918/2575
f 2634/4920/2705 2821/4953/2724 2837/4921/2706
f 2734/4923/2653 2733/4951/2723 2837/4924/2708
f 2697/4926/2574 2734/4923/2653 2839/4925/2653
f 2697/4926/2574 2840/4927/2574 2835/4918/2575
f 2841/4929/2571 2842/4956/2573 2843/4930/2573
f 2737/4917/2572 2836/4919/2572 2841/4929/2571
f 2581/4933/2401 2618/4563/2517 2617/4565/2517
f 2582/4934/2401 2621/4568/2517 2618/4563/2517
f 2569/4916/2401 2622/4566/2518 2621/4568/2517
f 2631/4935/2709 2630/8745/4559 2807/4936/2710
f 2628/4938/2712 2806/4941/2715 2805/4939/2713
f 2628/4938/2712 2631/4935/2709 2831/4937/2711
f 2807/4936/2710 2630/8745/4559 2635/4942/2716
f 2633/4944/2718 2629/4940/2714 2805/4939/2713
f 2644/4589/2526 2625/8726/4551 2570/4946/2720
f 2837/4947/2706 2844/8746/2721 2583/4948/2721
f 2844/4950/2722 2837/4924/2708 2733/4951/2723
f 2633/4944/2718 2814/4945/2719 2821/4953/2724
f 2836/4919/2572 2835/4918/2575 2728/4684/2575
f 2839/4925/2653 2837/4924/2708 2821/4835/2654
f 2583/4954/2461 2549/4812/2401 2632/4578/2517
f 2840/4927/2574 2839/4925/2653 2813/4834/2653
f 2840/4927/2574 2729/4682/2574 2728/4684/2575
f 2725/4678/2571 2727/4681/2573 2842/4956/2573
f 2836/4919/2572 2726/4892/2572 2725/4678/2571
f 2842/4956/2573 2846/4961/2728 2847/4960/2728
f 2727/4681/2573 2848/8747/2728 2846/4961/2728
f 2723/4962/2729 2722/4675/2569 2774/4963/2730
f 2735/4688/2579 2843/4967/2579 2847/4965/2580
f 2843/4967/2579 2735/4688/2579 2702/4690/2581
f 2723/4968/2543 2849/5406/2543 2850/4969/2543
f 2852/4971/2731 2845/4976/2736 2851/4972/2732
f 2723/4974/2734 2851/8748/2734 2845/4959/2727
f 2848/4975/2735 2727/8749/4560 2845/4976/2736
f 2677/4977/2737 2682/4993/2738 2853/4978/2738
f 2854/4980/2739 2853/4992/2740 2855/4981/2740
f 2680/4983/2563 2857/4998/2563 2858/4984/2741
f 2708/4986/2742 2707/5024/2743 2859/4987/2743
f 2681/4989/2744 2820/4985/2741 2858/4984/2741
f 2861/4991/2745 2862/5035/2745 2855/4981/2740
f 2682/4993/2738 2681/4989/2744 2861/4990/2744
f 2699/4994/2746 2863/5034/2746 2864/4995/2747
f 2418/4997/2563 2599/8750/2563 2857/4998/2563
f 2708/4986/2742 2860/4988/2742 2865/4999/2748
f 2678/5001/2560 2866/5006/2560 2867/5002/2562
f 2854/4980/2739 2856/4982/2739 2868/5004/2749
f 2677/4977/2737 2854/4979/2737 2866/5006/2560
f 2856/5007/2750 2855/5015/2751 2859/5008/2751
f 2869/5010/2753 2870/5016/2754 2871/5011/2754
f 2869/5010/2753 2865/5012/2753 2860/5013/2755
f 2862/5014/2755 2860/5013/2755 2859/5008/2751
f 2870/5016/2754 2607/8751/2754 2606/5017/2754
f 2863/5018/2756 2872/8752/2757 2873/5019/2757
f 2868/5020/2756 2856/5007/2750 2864/5009/2752
f 2599/5021/2508 2607/8753/2508 2870/5022/2758
f 2700/4996/2747 2864/4995/2747 2859/4987/2743
f 2444/5025/2509 2705/5032/2759 2871/5026/2759
f 2858/5028/2760 2857/5023/2758 2870/5022/2758
f 2866/5005/2749 2868/5004/2749 2873/5030/2761
f 2817/5000/2748 2865/4999/2748 2871/5026/2759
f 2704/5033/2762 2872/5459/2762 2863/5034/2746
f 2858/5028/2760 2869/5029/2760 2862/5035/2745
f 2875/5036/2763 2876/5042/2763 2877/5037/2763
f 2879/5039/2763 2880/5043/2764 2881/5040/2764
f 2876/5042/2763 2879/5039/2763 2878/5041/2763
f 2880/5043/2764 2882/5052/2765 2883/5044/2764
f 2874/5038/2763 2884/5269/2884 2885/5045/2763
f 2886/5046/2763 2887/5048/2763 2876/5042/2763
f 2888/5047/2763 2889/5051/2763 2880/5043/2764
f 2887/5048/2763 2888/5047/2763 2879/5039/2763
f 2891/5049/2763 2892/5053/2763 2885/5045/2763
f 2889/5051/2763 2893/8754/2763 2882/5052/2765
f 2892/5053/2763 2886/5046/2763 2875/5036/2763
f 2894/5054/2766 2895/5182/2839 2896/5055/2767
f 2898/5057/2769 2899/5063/2775 2900/5058/2770
f 2903/5060/2772 2894/5054/2766 2904/5061/2773
f 2899/5063/2775 2895/5072/2782 2905/5064/2776
f 2906/5065/2777 2907/5068/2777 2648/5066/2529
f 2908/5067/2778 2909/5333/2778 2907/5068/2777
f 2910/5069/2779 2911/5334/2922 2912/5070/2780
f 2895/5072/2782 2894/8755/4561 2914/5073/2783
f 2913/5071/2781 2912/5070/2780 2915/5074/2784
f 2917/5076/2786 2662/4607/2540 2661/4606/2540
f 2918/5077/2786 2919/8756/4562 2920/5078/2787
f 2922/5079/2788 2923/8757/2788 2924/5080/2788
f 2670/4614/2543 2925/5092/659 2926/5082/659
f 2918/5083/646 2661/8709/2544 2648/4616/2544
f 2919/5085/551 2918/5083/646 2907/5084/646
f 2911/5087/552 2919/5085/551 2909/5086/551
f 2928/5089/550 2929/5277/549 2930/5090/549
f 2925/5092/659 2931/5336/576 2932/5093/576
f 2933/5094/2789 2934/8758/2790 2931/5095/2790
f 2670/4631/2547 2679/8710/2547 2933/5094/2789
f 2935/5097/2791 2936/8759/2792 2923/5098/2792
f 2937/5100/2793 2938/5272/2794 2929/5101/2794
f 2939/5103/2795 2940/5337/2796 2941/5104/2796
f 2939/5103/2795 2942/5105/2795 2688/4641/2553
f 2944/5107/2797 2945/8760/2797 2946/5108/2797
f 2948/5110/2798 2949/5271/2798 2950/5111/2799
f 2952/5113/2800 2953/5259/2801 2954/5114/2801
f 2956/5116/2802 2957/8761/2803 2958/5117/2803
f 2955/5118/2802 2704/4654/2562 2703/5119/2562
f 2959/5120/2804 2960/5283/2804 2961/5121/2804
f 2963/5123/2805 2951/5338/2805 2954/5124/2806
f 2941/5126/551 2965/5339/551 2966/5127/646
f 2966/5127/646 2711/8716/2544 2688/4664/2544
f 2945/5129/2807 2967/8762/2807 2968/5130/2808
f 2949/5132/553 2969/5265/553 2970/5133/552
f 2971/5135/550 2972/5256/549 2973/5136/549
f 2975/5138/2809 2976/5142/2809 2977/5139/2810
f 2979/5141/2811 2980/5403/2811 2976/5142/2809
f 2981/5143/2812 2975/5147/2812 2978/5144/2813
f 2983/5146/2814 2979/8763/2814 2975/5147/2812
f 2985/5148/2815 2986/8764/2816 2987/5149/2816
f 2989/5151/2817 2990/5286/2818 2960/5152/2818
f 2703/4689/2580 2736/4966/2580 2991/5154/2820
f 2956/5155/2821 2992/8765/2821 2993/5156/2822
f 2994/5158/2823 2910/8766/4563 2913/5159/2824
f 2742/4697/2544 2662/8720/2544 2917/5161/646
f 2917/5161/646 2920/5341/2826 2997/5163/2826
f 2998/5164/2827 2999/8767/4564 2986/5165/2828
f 3001/5167/2830 2908/5342/2830 2906/5168/646
f 2906/5168/646 2647/8721/2544 2748/4706/2544
f 3002/5170/2831 3003/5257/2877 2899/5171/2832
f 3005/5173/659 2753/8723/2543 2752/4710/2543
f 3006/5175/576 3007/5340/2923 3005/5173/659
f 3008/5176/2834 3009/5473/2834 3010/5177/2835
f 3012/5179/2836 3013/5253/2874 3003/5180/2837
f 2895/5182/2839 2899/5171/2832 3014/5183/2840
f 3000/5184/2841 2748/4722/2602 2763/5185/2602
f 3016/5187/2842 3001/5343/2924 3000/5184/2841
f 3017/5188/2843 2996/5191/2846 2997/5189/2844
f 3017/5188/2843 2767/4729/2609 2742/4728/2608
f 2893/5192/2847 2913/5159/2824 2916/5193/2848
f 2903/5060/2772 2883/5389/2953 2882/5194/2849
f 3019/5195/2850 2994/8768/4565 2995/5196/2851
f 3021/5198/2853 3022/8769/2854 2999/5199/2854
f 2976/5201/2856 2774/4740/2620 2773/5202/2620
f 3023/5203/2856 3024/5344/2925 2977/5204/2857
f 3026/5205/659 3027/5345/576 3028/5206/576
f 3030/5208/550 3031/5247/549 3032/5209/549
f 2786/4751/2622 3033/8770/2858 3026/5211/2858
f 2784/4752/2543 3026/5205/659 3025/5207/659
f 3034/5212/2788 3035/8771/2788 3036/5213/2788
f 3038/5215/2859 3039/5237/2860 2932/5216/2860
f 3040/5218/659 3039/5346/576 3041/5219/576
f 3038/5221/550 3043/5245/549 3044/5222/549
f 2797/4766/2543 3040/5218/659 3033/5220/659
f 3046/5224/2788 3047/8772/2788 3048/5225/2788
f 2926/5227/2861 3040/8773/2861 2797/5228/2626
f 3045/5229/2862 3048/8774/2863 3036/5230/2863
f 3026/5211/2858 3033/8770/2858 3041/5232/2864
f 3046/5234/2865 3049/5238/2866 3050/5235/2866
f 3039/5237/2860 3040/8773/2861 2926/5227/2861
f 3049/5238/2866 3043/8775/2867 2930/5239/2867
f 3042/5240/2868 3044/8776/2869 3031/5241/2869
f 3031/5241/2869 3044/8776/2869 3051/5243/2870
f 3043/5245/549 3049/5280/548 3051/5246/548
f 3031/5247/549 3052/5281/548 3053/5248/548
f 2999/5199/2854 3022/8769/2854 3054/5249/2871
f 3020/5197/2852 2995/5196/2851 3056/5251/2872
f 3013/5253/2874 3058/8777/2875 3059/5254/2875
f 3060/5255/2876 3061/8778/2876 2973/5136/549
f 3003/5257/2877 3059/8779/4566 3014/5183/2840
f 2995/5160/2825 2913/5159/2824 2893/5192/2847
f 2953/5259/2801 2989/5151/2817 2988/5153/2819
f 2987/5149/2816 2986/8764/2816 3062/5260/2879
f 2986/5165/2828 2999/8767/4564 3055/5262/2881
f 3064/5264/545 3065/5282/545 2969/5265/553
f 2964/5125/2806 2954/5124/2806 2988/5266/2883
f 3067/5268/2884 2890/5050/2763 2885/5045/2763
f 2948/5110/2798 3068/5284/2885 3064/5270/2885
f 2938/5272/2794 3069/8780/2886 3070/5273/2886
f 2915/5274/2887 2912/5335/553 2900/5275/553
f 2929/5277/549 3070/5285/548 3050/5278/548
f 2924/5279/2888 3047/8781/2888 3046/5234/2865
f 3052/5244/2870 3051/5243/2870 3045/5229/2862
f 3049/5280/548 3046/5224/2788 3045/5226/2788
f 3052/5281/548 3035/8771/2788 3034/5212/2788
f 2946/5131/2808 2968/5130/2808 3065/5282/545
f 3066/5267/2883 2988/5266/2883 2960/5283/2804
f 3068/5284/2885 2943/5109/2797 2946/5108/2797
f 3070/5273/2886 3069/8780/2886 2935/5097/2791
f 3070/5285/548 2922/5079/2788 2921/5081/2788
f 2990/5286/2818 3071/8782/4567 2961/5287/2889
f 3073/5289/2891 3074/5305/2901 2897/5290/2892
f 3075/5292/2894 3073/5289/2891 2896/5291/2893
f 2904/5061/2773 2894/5054/2766 2897/5056/2768
f 3058/5295/2897 3075/5302/2897 3014/5296/2897
f 3060/5298/2876 3077/8783/2876 3078/5299/548
f 3061/5301/2897 3060/8784/2897 3075/5302/2897
f 3060/5303/2899 3079/5472/2995 3073/5289/2891
f 3011/5304/2900 3080/8785/3478 3074/5305/2901
f 2973/5307/2903 3061/8786/2904 3058/5308/2904
f 3005/5310/2906 3007/5347/2926 3016/5311/2907
f 3015/5312/2908 2763/8738/2670 2753/4860/2670
f 2973/5307/2903 3013/5309/2905 3012/5313/2909
f 3053/5315/2911 3034/5323/2912 2943/5316/2912
f 3053/5315/2911 3068/5317/2911 2948/5318/2913
f 3032/5319/2913 2948/5318/2913 2947/5320/2914
f 3037/5322/2915 2944/8787/2915 2943/5316/2912
f 2939/5324/2916 2687/4873/2679 2787/5325/2679
f 3025/5326/2916 3028/5348/2917 2940/5327/2917
f 2914/5328/2918 2894/8788/4568 2903/5329/2918
f 2914/5331/2920 3081/8789/2920 2915/5274/2887
f 3081/5332/2921 2903/8790/2921 2916/5075/2785
f 2908/5067/2778 2898/5057/2769 2901/5059/2771
f 2920/5078/2787 2919/8756/4562 2911/5334/2922
f 2912/5335/553 2911/5087/552 2901/5088/552
f 2931/5336/576 2928/5089/550 2927/5091/550
f 2931/5095/2790 2934/8758/2790 2937/5100/2793
f 2940/5337/2796 2947/5112/2799 2950/5111/2799
f 2957/5157/2822 2993/5156/2822 2952/5113/2800
f 2958/5117/2803 2957/8761/2803 2951/5338/2805
f 2950/5134/552 2970/5133/552 2965/5339/551
f 2971/5135/550 2974/5137/550 3007/5340/2923
f 2982/5145/2813 2978/5144/2813 2985/5148/2815
f 2920/5341/2826 2910/8766/4563 2994/5158/2823
f 2978/5140/2810 2977/5139/2810 2998/5164/2827
f 3002/5170/2831 2898/5172/2833 2908/5342/2830
f 3012/5179/2836 3002/5181/2838 3001/5343/2924
f 2997/5189/2844 2994/8768/4565 3019/5195/2850
f 3024/5344/2925 3021/5198/2853 2998/5200/2855
f 3027/5345/576 3030/5208/550 3029/5210/550
f 2930/5239/2867 3043/8775/2867 3038/5215/2859
f 3039/5346/576 3038/5221/550 3042/5223/550
f 3027/5233/2864 3041/5232/2864 3042/5240/2868
f 3007/5347/2926 2974/5314/2910 3012/5313/2909
f 3028/5348/2917 3029/5321/2914 2947/5320/2914
f 3082/5349/2927 3083/5355/2933 3021/5350/2928
f 3022/5352/2930 3084/5358/2936 3085/5353/2931
f 3083/5355/2933 3084/5358/2936 3022/5352/2930
f 3023/5356/2934 2773/4912/2702 2834/4911/2701
f 3086/5357/2935 3082/5349/2927 3024/5351/2929
f 3018/5190/2845 3019/5195/2850 3083/5355/2933
f 3084/5358/2936 3020/5197/2852 3057/5252/2873
f 3019/5195/2850 3020/5197/2852 3084/5358/2936
f 3086/5357/2935 2834/4911/2701 2767/4729/2609
f 3086/5357/2935 3017/5188/2843 3018/5190/2845
f 2881/5040/2764 2883/5044/2764 3088/5359/2884
f 2993/5361/2813 3089/5375/2813 3090/5362/2815
f 2891/5364/2937 3091/8791/2955 3092/5365/2938
f 2989/5367/2880 3093/5371/2880 3092/5368/2940
f 2953/5370/2942 3094/5397/2942 3093/5371/2880
f 3090/5362/2815 3094/5397/2942 2953/5370/2942
f 3095/5372/2814 3096/5398/2814 3097/5373/2812
f 2992/5374/2812 3097/5373/2812 3089/5375/2813
f 2874/5038/2763 2877/5037/2763 3099/5377/2884
f 2877/5037/2763 2878/5041/2763 3100/5378/2884
f 2878/5041/2763 2881/5040/2764 3087/5360/2884
f 2888/5379/2943 3085/5385/2949 3057/5380/2944
f 3055/5382/2946 3054/8792/4569 2887/5383/2947
f 2887/5383/2947 3054/8792/4569 3085/5385/2949
f 3057/5380/2944 3056/8793/4570 2893/5386/2950
f 2892/5387/2951 3062/5395/2958 3055/5382/2946
f 2903/5060/2772 2902/5062/2774 3088/5388/2952
f 3101/5390/2954 3102/8794/2954 3092/5391/2938
f 2990/5369/2941 3092/5368/2940 3102/5393/2956
f 2892/5387/2951 2891/5364/2937 3072/5366/2939
f 3089/5375/2813 2982/5145/2813 2984/5150/2815
f 3093/5371/2880 3063/5261/2880 3072/5288/2890
f 3101/5396/2884 3091/5399/2763 2890/5050/2763
f 3094/5397/2942 2987/5149/2816 3063/5261/2880
f 2984/5150/2815 2987/5149/2816 3094/5397/2942
f 3096/5398/2814 2983/5146/2814 2981/5143/2812
f 2981/5143/2812 2982/5145/2813 3089/5375/2813
f 2847/4960/2728 2846/4961/2728 3096/5398/2814
f 2846/4961/2728 2848/8747/2728 2983/5146/2814
f 2980/5403/2811 2849/4964/2730 2774/4963/2730
f 2847/4965/2580 3095/5404/2820 2991/5154/2820
f 3095/5404/2820 2992/8765/2821 2956/5155/2821
f 2980/5405/2962 3104/8795/2962 2850/4969/2543
f 2852/4971/2731 2850/4973/2733 3104/5407/2963
f 3103/5401/2960 3104/8796/2965 2980/5409/2965
f 2848/4975/2735 2852/4971/2731 3103/5408/2964
f 3105/5411/2967 3106/5426/2805 2937/5412/2805
f 3105/5414/2968 3107/5437/2968 3108/5415/2969
f 3109/5417/2970 3110/8797/2971 2935/5418/2971
f 2964/5420/2973 3111/8798/2973 3112/5421/2974
f 3113/5423/2975 3109/5417/2970 3069/5419/2972
f 3108/5415/2969 3114/8799/2976 3113/5425/2976
f 3106/5426/2805 3113/5423/2975 2938/5424/2806
f 2958/5427/2977 3115/8800/2977 3116/5428/2978
f 2935/5418/2971 3110/8797/2971 3117/5430/2979
f 3118/5432/2980 3111/8798/2973 2964/5420/2973
f 2933/5434/2981 2679/5003/2562 2867/5002/2562
f 3119/5436/2982 3120/5458/2982 3107/5437/2968
f 3119/5435/2981 3105/5411/2967 2934/5413/2967
f 3115/5438/2983 3112/8801/2984 3108/5439/2984
f 3121/5441/2985 3118/5445/2988 3122/5442/2986
f 3114/5444/2987 3111/5446/2987 3118/5445/2988
f 3108/5439/2984 3112/8801/2984 3111/5446/2987
f 3123/5443/2986 3122/5442/2986 3124/5447/2986
f 2873/5019/2757 2872/8752/2757 3116/5449/2989
f 3116/5449/2989 3115/5438/2983 3107/5440/2983
f 3123/5451/2990 3125/8802/2991 3117/5452/2991
f 3112/5421/2974 3115/8800/2977 2958/5427/2977
f 2962/5454/2992 3124/8803/2992 3122/5455/2993
f 3109/5457/2994 3121/5460/2994 3123/5451/2990
f 2867/5031/2761 2873/5030/2761 3120/5458/2982
f 3122/5455/2993 3118/5432/2980 3066/5433/2980
f 2955/5429/2978 3116/5428/2978 2872/5459/2762
f 3113/5425/2976 3114/8799/2976 3121/5460/2994
f 3127/5461/550 2971/5135/550 3006/5175/576
f 3077/5463/2876 3060/5255/2876 2972/5256/549
f 3126/5462/576 3006/5175/576 3004/5174/659
f 3004/5174/659 2752/4710/2543 3130/5466/2543
f 3127/5461/550 3128/5464/549 2972/5256/549
f 2756/4713/326 2715/4671/302 3132/5467/302
f 2718/4673/301 2812/4800/2642 2827/5469/2642
f 2751/4712/407 2756/4713/326 3131/5468/326
f 3130/5466/2543 2752/4710/2543 2751/4712/407
f 3132/5467/302 2715/4671/302 2718/4673/301
f 3079/5472/2995 3008/5306/2902 3074/5305/2901
f 3079/5300/2898 3078/5299/548 3009/5473/2834
f 2825/4851/2663 2822/4836/2655 2823/4838/2657
f 2825/5474/2996 2757/4714/2594 2758/4716/2596
f 2823/4838/2657 2637/4837/2656 2558/5475/2516
f 3074/5305/2901 3080/8785/3478 3076/5477/2998
f 3136/5478/2999 3137/5484/2999 3138/5479/2999
f 3140/5481/2999 3141/5486/2999 3142/5482/2999
f 3139/5483/2999 3142/5482/2999 3137/5484/2999
f 3143/5485/2999 3144/5494/3001 3141/5486/2999
f 3135/5480/2999 3138/5479/2999 3145/5487/2999
f 3137/5484/2999 3146/5491/3000 3147/5489/3000
f 3141/5486/2999 3148/5495/3000 3149/5490/3000
f 3142/5482/2999 3149/5490/3000 3146/5491/3000
f 3145/5487/2999 3151/5496/2999 3152/5492/3000
f 3144/5494/3001 3153/8804/3000 3148/5495/3000
f 3138/5479/2999 3147/5489/3000 3151/5496/2999
f 3154/5497/3002 3155/5756/3142 3156/5498/3003
f 3158/5500/3005 3159/5798/3168 3160/5501/3006
f 2904/5503/2773 3154/5497/3002 3162/5504/3008
f 3161/5502/3007 3160/5501/3006 3163/5506/3009
f 3165/5508/3011 3166/5980/3011 3167/5509/3012
f 3164/5510/3012 3167/5509/3012 3168/5511/3013
f 3170/5513/3015 3171/5518/3020 3172/5514/3016
f 3157/5507/3010 3163/5506/3009 3174/5516/3018
f 3171/5518/3020 3175/5796/3166 3176/5519/3021
f 3178/5520/3022 3179/5991/3023 3180/5521/3023
f 3177/5522/3022 3181/5799/3169 3182/5523/3024
f 2924/5524/3025 2923/8805/3025 3184/5525/3025
f 3186/5527/905 3187/5541/905 3188/5528/3026
f 3166/5530/3027 3179/8806/3027 3178/5531/892
f 3167/5532/892 3178/5531/892 3182/5533/805
f 3168/5534/805 3182/5533/805 3173/5535/804
f 3190/5537/802 3191/5736/802 3192/5538/803
f 3193/5540/828 3194/5801/828 3187/5541/905
f 3187/5542/3028 3194/5802/3029 3195/5543/3029
f 3196/5544/3028 3197/8807/3030 3188/5545/3030
f 2923/5546/2792 2936/8808/2792 3198/5547/3031
f 3191/5549/3032 3199/5731/3032 3200/5550/3033
f 3201/5552/3034 3202/5556/3034 3203/5553/3035
f 3205/5555/3036 3206/8809/3036 3202/5556/3034
f 3208/5557/3037 2945/8810/3037 2944/5558/3037
f 3210/5560/3038 3211/8811/3039 3212/5561/3039
f 3214/5563/3040 3215/5718/3040 3216/5564/3041
f 3218/5566/3042 3219/5804/3042 3220/5567/3043
f 3220/5567/3043 3221/6033/3289 3222/5569/3044
f 3223/5570/3045 2962/8812/3046 2961/5571/3046
f 3225/5573/3047 3226/5726/3048 3214/5574/3048
f 3227/5576/892 3228/5805/805 3203/5577/805
f 3206/5579/3027 3229/8813/3027 3227/5576/892
f 3230/5580/3049 2967/8814/3049 2945/5581/3049
f 3231/5583/804 3232/5723/806 3211/5584/806
f 3233/5586/803 3234/8815/803 3235/5587/802
f 3238/5589/3050 3239/5809/3050 3240/5590/3051
f 3240/5590/3051 3241/5877/3052 3242/5592/3052
f 3243/5593/3053 3244/5807/3054 3238/5594/3054
f 3237/5595/3053 3242/8816/3055 3245/5596/3055
f 3247/5597/3056 3248/5720/3056 3249/5598/3057
f 3224/5600/3058 3251/5746/3134 3252/5601/3059
f 3253/5603/3061 3254/5881/3062 3221/5604/3062
f 3219/5606/3064 3255/5803/3064 3256/5607/3063
f 3257/5608/3065 3258/5717/3126 3171/5609/3066
f 3177/5611/892 3180/8817/3027 3260/5612/3027
f 3261/5614/3068 3181/5808/3068 3177/5611/892
f 3248/5615/3069 3262/5722/3129 3263/5616/3070
f 3164/5618/892 3169/5810/3072 3265/5619/3072
f 3266/5621/3027 3165/8818/3027 3164/5618/892
f 3267/5622/3073 3158/8819/4571 3161/5623/3074
f 3270/5625/3026 3271/8820/3026 3272/5626/905
f 3272/5626/905 3273/5806/828 3274/5628/828
f 3275/5629/3076 3011/8821/3077 3010/5630/3077
f 3277/5632/3079 3267/8822/4572 3268/5633/3080
f 3157/5499/3004 3156/5498/3003 3279/5635/3082
f 3281/5636/3083 3266/8823/3083 3264/5637/3084
f 3264/5637/3084 3265/5811/3170 3282/5639/3086
f 3283/5640/3087 3284/5812/3171 3261/5641/3088
f 3283/5640/3087 3259/5642/3089 3260/5643/3090
f 3153/5645/3092 3144/5647/3094 3175/5646/3093
f 3144/5647/3094 3143/5861/3201 3162/5504/3008
f 3286/5648/3095 3287/5711/3121 3258/5649/3096
f 3262/5651/3098 3288/5710/3120 3289/5652/3099
f 3290/5654/3101 3291/6115/3102 3292/5655/3102
f 3240/5656/3101 3239/5813/3172 3293/5657/3103
f 3295/5658/828 3296/5814/828 3297/5659/905
f 3299/5661/802 3300/5708/802 3301/5662/803
f 3302/5664/3104 3297/5692/3105 3303/5665/3105
f 3294/5660/905 3297/5659/905 3302/5667/3026
f 3306/5669/3025 3037/8824/3108 3036/5670/3025
f 3193/5672/3106 3308/5697/3106 3309/5673/3107
f 3310/5675/828 3308/5816/828 3311/5676/905
f 3313/5678/802 3314/5706/802 3309/5679/803
f 3303/5677/905 3311/5676/905 3315/5681/3026
f 3048/5683/3108 3047/8825/3108 3317/5684/3025
f 3185/5686/3109 3315/6141/3109 3311/5687/3110
f 3036/5689/2863 3048/8826/2863 3316/5690/3111
f 3297/5692/3105 3296/5817/3112 3310/5693/3112
f 3318/5694/3113 3319/5699/3113 3317/5695/3114
f 3186/5688/3110 3311/5687/3110 3308/5697/3106
f 3318/5694/3113 3190/5815/3115 3314/5698/3115
f 3300/5700/3116 3313/5704/3116 3312/5701/3117
f 3320/5703/3118 3321/5739/3118 3313/5704/3116
f 3321/5705/801 3319/5740/801 3314/5706/802
f 3322/5707/801 3320/5741/801 3300/5708/802
f 3262/5651/3098 3323/8827/3119 3324/5709/3119
f 3287/5711/3121 3325/5829/3184 3326/5712/3122
f 3278/5634/3081 3268/5633/3080 3327/5713/3123
f 3235/5587/802 3329/8828/3124 3330/5715/3124
f 3268/5624/3075 3161/5623/3074 3279/5635/3082
f 3258/5717/3126 3326/8829/4573 3153/5645/3092
f 3250/5602/3060 3252/5601/3059 3215/5718/3040
f 3247/5597/3056 3331/5749/3135 3332/5719/3127
f 3248/5615/3069 3332/8830/4574 3323/5721/3128
f 3232/5723/806 3333/5742/800 3334/5724/800
f 3335/5725/3130 3250/5743/3130 3214/5574/3048
f 3067/5727/2884 2884/5488/2884 3145/5487/2999
f 3212/5561/3039 3211/8811/3039 3334/5728/3131
f 3191/5549/3032 3337/5744/3132 3338/5730/3132
f 3160/5732/806 3172/5800/806 3176/5733/3133
f 3318/5735/801 3337/5745/801 3191/5736/802
f 2924/5737/2888 3183/5696/3114 3317/5695/3114
f 3320/5703/3118 3307/5691/3111 3316/5690/3111
f 3316/5685/3025 3317/5684/3025 3319/5740/801
f 3306/5669/3025 3307/5671/3025 3320/5741/801
f 3333/5742/800 3230/5580/3049 3208/5582/3049
f 3223/5570/3045 3224/5572/3045 3250/5743/3130
f 3336/5729/3131 3334/5728/3131 3208/5557/3037
f 3337/5744/3132 3184/5548/3031 3198/5547/3031
f 3183/5526/3025 3184/5525/3025 3337/5745/801
f 3251/5746/3134 3224/5600/3058 2961/5747/3134
f 3340/5751/3137 3156/5755/3141 3155/5752/3138
f 3342/5754/3140 3279/8831/4575 3156/5755/3141
f 2904/5503/2773 3076/8832/2896 3155/5756/3142
f 3328/5757/3143 3327/8833/3143 3279/5758/3143
f 3330/5760/3124 3343/6386/3477 3344/5761/801
f 3329/5763/3143 3328/5757/3143 3342/5759/3143
f 3330/5765/3144 3342/5754/3140 3340/5751/3137
f 3341/5753/3139 3080/6388/3478 3011/5767/2900
f 3235/5769/3147 3278/8834/4576 3328/5770/3148
f 3272/5772/3149 3280/5776/3153 3282/5773/3150
f 3271/5775/3152 3281/8835/3152 3280/5776/3153
f 3277/5777/3154 3278/8834/4576 3235/5769/3147
f 3322/5779/3156 3336/8836/3156 3207/5780/3157
f 3212/5782/3158 3336/8836/3156 3322/5779/3156
f 3209/5784/3159 3212/5782/3158 3299/5783/3158
f 3207/5780/3157 2944/8837/2915 3037/5786/2915
f 3294/5787/3160 3305/6237/3161 3205/5788/3161
f 3294/5787/3160 3201/5789/3160 3204/5790/3162
f 3162/5792/3163 3154/8838/4577 3174/5793/3163
f 3176/5733/3133 3346/8839/3165 3174/5795/3165
f 3175/5796/3166 3162/8840/3167 3346/5797/3167
f 3169/5512/3014 3168/5511/3013 3159/5798/3168
f 3181/5799/3169 3170/5513/3015 3173/5515/3017
f 3159/5536/804 3173/5535/804 3172/5800/806
f 3189/5539/803 3192/5538/803 3194/5801/828
f 3194/5802/3029 3192/5551/3033 3200/5550/3033
f 3204/5554/3035 3203/5553/3035 3210/5560/3038
f 3219/5606/3064 3213/5565/3041 3216/5564/3041
f 3225/5573/3047 3213/5575/3047 3219/5804/3042
f 3228/5805/805 3231/5583/804 3210/5585/804
f 3273/5806/828 3234/8815/803 3233/5586/803
f 3244/5807/3054 3246/5599/3057 3249/5598/3057
f 3257/5608/3065 3170/5610/3067 3181/5808/3068
f 3238/5589/3050 3249/5617/3071 3263/5616/3070
f 3169/5810/3072 3158/8819/4571 3267/5622/3073
f 3265/5811/3170 3267/8822/4572 3277/5632/3079
f 3286/5648/3095 3257/5650/3097 3261/5641/3088
f 3263/5653/3100 3289/5652/3099 3293/5657/3103
f 3298/5663/803 3301/5662/803 3296/5814/828
f 3190/5815/3115 3189/5674/3107 3309/5673/3107
f 3312/5680/803 3309/5679/803 3308/5816/828
f 3296/5817/3112 3301/5702/3117 3312/5701/3117
f 3273/5774/3151 3282/5773/3150 3277/5777/3154
f 3295/5791/3162 3204/5790/3162 3209/5784/3159
f 3289/5818/3173 3347/5824/3179 3348/5819/3174
f 3288/5821/3176 3324/8841/4578 3349/5822/3177
f 3288/5821/3176 3350/5823/3178 3347/5824/3179
f 3290/5825/3180 3351/5828/3183 3352/5826/3181
f 3293/5820/3175 3348/5819/3174 3351/5828/3183
f 3347/5824/3179 3286/5648/3095 3284/5812/3171
f 3350/5823/3178 3349/5822/3177 3325/5829/3184
f 3350/5823/3178 3287/5711/3121 3286/5648/3095
f 3351/5828/3183 3283/5640/3087 3285/5644/3091
f 3351/5828/3183 3348/5819/3174 3284/5812/3171
f 3088/5830/2884 3143/5485/2999 3140/5481/2999
f 3255/5832/3054 3216/5843/3057 3353/5833/3057
f 3152/5835/3185 3339/5868/3205 3355/5836/3186
f 3252/5838/3135 3251/5866/3204 3355/5839/3188
f 3215/5841/3056 3252/5838/3135 3357/5840/3189
f 3215/5841/3056 3358/5842/3056 3353/5833/3057
f 3359/5844/3053 3360/5871/3055 3361/5845/3055
f 3255/5832/3054 3354/5834/3054 3359/5844/3053
f 3099/5848/2884 3136/5478/2999 3135/5480/2999
f 3100/5849/2884 3139/5483/2999 3136/5478/2999
f 3087/5831/2884 3140/5481/2999 3139/5483/2999
f 3149/5850/3191 3148/8842/4579 3325/5851/3192
f 3146/5853/3194 3324/5856/3197 3323/5854/3195
f 3146/5853/3194 3149/5850/3191 3349/5852/3193
f 3325/5851/3192 3148/8842/4579 3153/5857/3198
f 3151/5859/3199 3147/5855/3196 3323/5854/3195
f 3143/5861/3201 3088/8843/2952 2902/5505/2774
f 3355/5862/3186 3362/8844/3202 3101/5863/3202
f 3362/5865/3203 3355/5839/3188 3251/5866/3204
f 3151/5859/3199 3332/5860/3200 3339/5868/3205
f 3354/5834/3054 3353/5833/3057 3246/5599/3057
f 3357/5840/3189 3355/5839/3188 3339/5750/3136
f 3101/5869/2884 3067/5727/2884 3150/5493/2999
f 3358/5842/3056 3357/5840/3189 3331/5749/3135
f 3358/5842/3056 3247/5597/3056 3246/5599/3057
f 3243/5593/3053 3245/5596/3055 3360/5871/3055
f 3354/5834/3054 3244/5807/3054 3243/5593/3053
f 3360/5871/3055 3364/5876/3210 3365/5875/3210
f 3245/5596/3055 3366/8845/3210 3364/5876/3210
f 3241/5877/3052 3240/5590/3051 3292/5878/3211
f 3253/5603/3061 3361/5882/3061 3365/5880/3062
f 3361/5882/3061 3253/5603/3061 3220/5605/3063
f 3241/5883/3212 3367/6318/3212 3368/5884/3212
f 3370/5886/3213 3363/5891/3218 3369/5887/3214
f 3241/5889/3216 3369/8846/3216 3363/5874/3209
f 3366/5890/3217 3245/8847/4580 3363/5891/3218
f 3195/5892/3219 3200/5908/3220 3371/5893/3220
f 3372/5895/3221 3371/5907/3222 3373/5896/3222
f 3338/5898/3223 3198/5912/3046 3375/5899/3046
f 3226/5901/3224 3225/5938/3225 3377/5902/3225
f 3338/5898/3223 3376/5900/3223 3379/5904/3226
f 3379/5906/3227 3380/5949/3227 3373/5896/3222
f 3200/5908/3220 3199/5905/3226 3379/5904/3226
f 3218/5909/3228 3217/5948/3229 3381/5910/3229
f 3198/5912/3046 2936/8848/3045 3117/5913/3045
f 3335/5914/3230 3226/5901/3224 3378/5903/3224
f 3384/5916/3043 3385/8849/3231 3197/5917/3231
f 3372/5895/3221 3374/5897/3221 3386/5919/3232
f 3195/5892/3219 3372/5894/3219 3384/5916/3043
f 3373/5921/3233 3377/5929/3233 3382/5922/3234
f 3388/5924/3235 3389/5931/3235 3383/5925/3236
f 3387/5926/3236 3383/5925/3236 3378/5927/3237
f 3380/5928/3237 3378/5927/3237 3377/5929/3233
f 3388/5924/3235 3125/8850/3238 3124/5930/3238
f 3381/5932/3239 3390/6361/3470 3391/5933/3240
f 3374/5923/3234 3382/5922/3234 3381/5932/3239
f 3117/5935/2991 3125/8851/2991 3388/5936/3241
f 3218/5909/3228 3382/5911/3228 3377/5902/3225
f 2962/5939/2992 3223/5946/3243 3389/5940/3243
f 3376/5942/3244 3375/5937/3242 3388/5936/3241
f 3384/5920/3232 3386/5919/3232 3391/5944/3245
f 3335/5914/3230 3383/5915/3230 3389/5940/3243
f 3222/5947/3246 3390/6371/3246 3381/5910/3229
f 3376/5942/3244 3387/5943/3244 3380/5949/3227
f 3393/5950/3247 3394/5956/3247 3395/5951/3247
f 3397/5953/3247 3398/5957/3248 3399/5954/3247
f 3394/5956/3247 3397/5953/3247 3396/5955/3247
f 3398/5957/3248 3400/5966/3250 3401/5958/3248
f 3392/5952/3247 3402/6181/3369 3403/5959/3247
f 3404/5960/3247 3405/5962/3247 3394/5956/3247
f 3406/5961/3247 3407/5965/3247 3398/5957/3248
f 3405/5962/3247 3406/5961/3247 3397/5953/3247
f 3409/5963/3247 3410/5967/3247 3403/5959/3247
f 3407/5965/3247 3411/8852/3247 3400/5966/3250
f 3410/5967/3247 3404/5960/3247 3393/5950/3247
f 3412/5968/3251 3413/6096/3323 3414/5969/3252
f 3416/5971/3254 3417/5977/3260 3418/5972/3255
f 3421/5974/3257 3412/5968/3251 3422/5975/3258
f 3417/5977/3260 3413/5986/3267 3423/5978/3261
f 3424/5979/3262 3425/5982/3262 3166/5980/3011
f 3426/5981/3263 3427/6245/3407 3425/5982/3262
f 3428/5983/3264 3429/6246/3408 3430/5984/3265
f 3413/5986/3267 3412/8853/3268 3432/5987/3268
f 3431/5985/3266 3430/5984/3265 3433/5988/3269
f 3435/5990/3271 3180/5521/3023 3179/5991/3023
f 3436/5992/3271 3437/8854/4581 3438/5993/3272
f 3440/5994/3273 3441/8855/3273 3442/5995/3273
f 3188/5528/3026 3443/6007/1156 3444/5997/1156
f 3436/5998/1143 3179/8806/3027 3166/5530/3027
f 3437/6000/1050 3436/5998/1143 3425/5999/1143
f 3429/6002/1051 3437/6000/1050 3427/6001/1050
f 3446/6004/1049 3447/6189/1048 3448/6005/1048
f 3443/6007/1156 3449/6248/1075 3450/6008/1075
f 3451/6009/3274 3452/8856/3275 3449/6010/3275
f 3188/5545/3030 3197/8807/3030 3451/6009/3274
f 3453/6012/3276 3454/8857/3277 3441/6013/3277
f 3455/6015/3278 3456/6184/3279 3447/6016/3279
f 3457/6018/3280 3458/6249/3281 3459/6019/3281
f 3460/6020/3280 3206/8809/3036 3205/5555/3036
f 3462/6021/3282 3463/8858/3282 3464/6022/3282
f 3466/6024/3283 3467/6183/3283 3468/6025/3284
f 3470/6027/3285 3471/6172/3286 3472/6028/3286
f 3474/6030/3287 3475/6250/3288 3476/6031/3288
f 3473/6032/3287 3222/5569/3044 3221/6033/3289
f 3477/6034/3290 3478/8859/3290 3479/6035/3290
f 3481/6037/3291 3469/8860/3291 3472/6038/3292
f 3459/6040/1050 3483/6251/1050 3484/6041/1143
f 3484/6041/1143 3229/8813/3027 3206/5579/3027
f 3463/6043/3293 3485/8861/3293 3486/6044/3293
f 3467/6046/1052 3487/6178/1052 3488/6047/1051
f 3489/6049/1049 3490/6169/1048 3491/6050/1048
f 3493/6052/3294 3494/6056/3294 3495/6053/3295
f 3497/6055/3296 3498/6315/3296 3494/6056/3294
f 3499/6057/3297 3493/6061/3297 3496/6058/3298
f 3501/6060/3299 3497/8862/3299 3493/6061/3297
f 3503/6062/3300 3504/8863/3301 3505/6063/3301
f 3507/6065/3302 3508/6198/3303 3478/6066/3303
f 3221/5604/3062 3254/5881/3062 3509/6068/3305
f 3510/6070/3306 3511/8864/3307 3475/6071/3307
f 3512/6072/3308 3428/8865/4582 3431/6073/3309
f 3260/5612/3027 3180/8817/3027 3435/6075/1143
f 3435/6075/1143 3438/6253/3311 3515/6077/3311
f 3516/6078/3312 3517/8866/4583 3504/6079/3313
f 3519/6081/3315 3426/6254/3315 3424/6082/1143
f 3424/6082/1143 3165/8818/3027 3266/5621/3027
f 3520/6084/3316 3521/6170/3362 3417/6085/3317
f 3523/6087/1156 3271/8820/3026 3270/5625/3026
f 3524/6089/1075 3525/6252/1075 3523/6087/1156
f 3526/6090/3319 3527/6385/3319 3528/6091/3320
f 3530/6093/3321 3531/6166/3359 3521/6094/3322
f 3413/6096/3323 3417/6085/3317 3532/6097/3324
f 3518/6098/3325 3266/8823/3083 3281/5636/3083
f 3534/6100/3327 3519/6255/3409 3518/6098/3325
f 3535/6101/3328 3514/6104/3331 3515/6102/3329
f 3535/6101/3328 3285/5644/3091 3260/5643/3090
f 3411/6105/3332 3431/6073/3309 3434/6106/3333
f 3421/5974/3257 3401/6301/3438 3400/6107/3334
f 3537/6108/3335 3512/8867/4584 3513/6109/3336
f 3539/6111/3338 3540/8868/4585 3517/6112/3339
f 3494/6114/3341 3292/5655/3102 3291/6115/3102
f 3541/6116/3341 3542/6256/3410 3495/6117/3342
f 3544/6118/1156 3545/6257/1075 3546/6119/1075
f 3548/6121/1049 3549/6160/1048 3550/6122/1048
f 3304/5666/3104 3551/6145/3343 3544/6124/3343
f 3302/5667/3026 3544/6118/1156 3543/6120/1156
f 3552/6125/3273 3553/8869/3273 3554/6126/3273
f 3556/6128/3344 3557/8870/3345 3450/6129/3345
f 3558/6131/1156 3557/6258/1075 3559/6132/1075
f 3556/6134/1049 3561/6158/1048 3562/6135/1048
f 3315/5681/3026 3558/6131/1156 3551/6133/1156
f 3564/6137/3273 3565/8871/3273 3566/6138/3273
f 3444/6140/3346 3558/6150/3346 3315/6141/3109
f 3563/6142/3347 3566/8872/3348 3554/6143/3348
f 3551/6145/3343 3559/8873/3349 3545/6146/3349
f 3564/6147/3350 3567/6151/3351 3568/6148/3351
f 3450/6129/3345 3557/8870/3345 3558/6150/3346
f 3567/6151/3351 3561/8874/3352 3448/6152/3352
f 3560/6153/3353 3562/8875/3354 3549/6154/3354
f 3549/6154/3354 3562/8875/3354 3569/6156/3355
f 3561/6158/1048 3567/6192/1047 3569/6159/1047
f 3549/6160/1048 3570/6193/1047 3571/6161/1047
f 3517/6112/3339 3540/8868/4585 3572/6162/3356
f 3538/6110/3337 3513/6109/3336 3574/6164/3357
f 3531/6166/3359 3576/8876/3360 3577/6167/3360
f 3578/6168/3361 3579/8877/3361 3491/6050/1048
f 3521/6170/3362 3577/8878/4586 3532/6097/3324
f 3513/6074/3310 3431/6073/3309 3411/6105/3332
f 3471/6172/3286 3507/6065/3302 3506/6067/3304
f 3505/6063/3301 3504/8863/3301 3580/6173/3364
f 3504/6079/3313 3517/8866/4583 3573/6175/3366
f 3582/6177/1044 3583/6194/1044 3487/6178/1052
f 3472/6038/3292 3506/6195/3368 3584/6179/3368
f 3585/6180/3369 3408/5964/3249 3403/5959/3247
f 3586/6182/3370 3582/6196/3370 3467/6183/3283
f 3456/6184/3279 3587/8879/3371 3588/6185/3371
f 3433/6186/3372 3430/6247/1052 3418/6187/1052
f 3447/6189/1048 3588/6197/1047 3568/6190/1047
f 3442/6191/3373 3565/8880/3373 3564/6147/3350
f 3570/6157/3355 3569/6156/3355 3563/6142/3347
f 3567/6192/1047 3564/6137/3273 3563/6139/3273
f 3570/6193/1047 3553/8869/3273 3552/6125/3273
f 3464/6045/3293 3486/6044/3293 3583/6194/1044
f 3506/6195/3368 3478/8859/3290 3477/6034/3290
f 3586/6182/3370 3461/6023/3282 3464/6022/3282
f 3588/6185/3371 3587/8879/3371 3453/6012/3276
f 3588/6197/1047 3440/5994/3273 3439/5996/3273
f 3508/6198/3303 3589/8881/3374 3479/6199/3374
f 3591/6201/3376 3592/6217/3386 3415/6202/3377
f 3593/6204/3379 3591/6201/3376 3414/6203/3378
f 3422/5975/3258 3412/5968/3251 3415/5970/3253
f 3576/6207/3382 3593/6214/3382 3532/6208/3382
f 3578/6210/3361 3595/8882/3361 3596/6211/1047
f 3579/6213/3382 3578/8883/3382 3593/6214/3382
f 3578/6215/3384 3597/6384/3476 3591/6201/3376
f 3529/6216/3385 3598/8884/3963 3592/6217/3386
f 3491/6219/3388 3579/8885/3389 3576/6220/3389
f 3523/6222/3391 3525/6259/3411 3534/6223/3392
f 3533/6224/3393 3281/8835/3152 3271/5775/3152
f 3491/6219/3388 3531/6221/3390 3530/6225/3394
f 3571/6227/3396 3552/6235/3397 3461/6228/3397
f 3571/6227/3396 3586/6229/3396 3466/6230/3398
f 3550/6231/3398 3466/6230/3398 3465/6232/3399
f 3555/6234/3400 3462/8886/3400 3461/6228/3397
f 3457/6236/3401 3205/5788/3161 3305/6237/3161
f 3546/6239/3402 3458/6260/3402 3457/6236/3401
f 3432/6240/3403 3412/8887/3404 3421/6241/3403
f 3432/6243/3405 3599/8888/3405 3433/6186/3372
f 3599/6244/3406 3421/8889/4587 3434/5989/3270
f 3426/5981/3263 3416/5971/3254 3419/5973/3256
f 3438/5993/3272 3437/8854/4581 3429/6246/3408
f 3430/6247/1052 3429/6002/1051 3419/6003/1051
f 3449/6248/1075 3446/6004/1049 3445/6006/1049
f 3449/6010/3275 3452/8856/3275 3455/6015/3278
f 3458/6249/3281 3465/6026/3284 3468/6025/3284
f 3475/6071/3307 3511/8864/3307 3470/6027/3285
f 3475/6250/3288 3469/8860/3291 3481/6037/3291
f 3468/6048/1051 3488/6047/1051 3483/6251/1050
f 3489/6049/1049 3492/6051/1049 3525/6252/1075
f 3500/6059/3298 3496/6058/3298 3503/6062/3300
f 3438/6253/3311 3428/8865/4582 3512/6072/3308
f 3496/6054/3295 3495/6053/3295 3516/6078/3312
f 3519/6081/3315 3520/6084/3316 3416/6086/3318
f 3530/6093/3321 3520/6095/3321 3519/6255/3409
f 3515/6102/3329 3512/8867/4584 3537/6108/3335
f 3542/6256/3410 3539/6111/3338 3516/6113/3340
f 3545/6257/1075 3548/6121/1049 3547/6123/1049
f 3448/6152/3352 3561/8874/3352 3556/6128/3344
f 3557/6258/1075 3556/6134/1049 3560/6136/1049
f 3545/6146/3349 3559/8873/3349 3560/6153/3353
f 3525/6259/3411 3492/6226/3395 3530/6225/3394
f 3546/6239/3402 3547/6233/3399 3465/6232/3399
f 3600/6261/3412 3601/6267/3418 3539/6262/3413
f 3540/6264/3415 3602/6270/3421 3603/6265/3416
f 3601/6267/3418 3602/6270/3421 3540/6264/3415
f 3541/6268/3419 3291/5827/3182 3352/5826/3181
f 3604/6269/3420 3600/6261/3412 3542/6263/3414
f 3536/6103/3330 3537/6108/3335 3601/6267/3418
f 3602/6270/3421 3538/6110/3337 3575/6165/3358
f 3537/6108/3335 3538/6110/3337 3602/6270/3421
f 3604/6269/3420 3352/5826/3181 3285/5644/3091
f 3604/6269/3420 3535/6101/3328 3536/6103/3330
f 3399/5954/3247 3401/5958/3248 3606/6271/3369
f 3511/6273/3298 3607/6287/3298 3608/6274/3300
f 3409/6276/3422 3609/8890/3440 3610/6277/3423
f 3507/6279/3365 3611/6283/3427 3610/6280/3425
f 3471/6282/3301 3612/6309/3301 3611/6283/3427
f 3608/6274/3300 3612/6309/3301 3471/6282/3301
f 3613/6284/3299 3614/6310/3299 3615/6285/3297
f 3510/6286/3297 3615/6285/3297 3607/6287/3298
f 3392/5952/3247 3395/5951/3247 3617/6289/3369
f 3395/5951/3247 3396/5955/3247 3618/6290/3369
f 3396/5955/3247 3399/5954/3247 3605/6272/3369
f 3406/6291/3428 3603/6297/3434 3575/6292/3429
f 3573/6294/3431 3572/8891/4588 3405/6295/3432
f 3405/6295/3432 3572/8891/4588 3603/6297/3434
f 3575/6292/3429 3574/8892/4589 3411/6298/3435
f 3410/6299/3436 3580/6307/3443 3573/6294/3431
f 3421/5974/3257 3420/5976/3259 3606/6300/3437
f 3619/6302/3439 3620/8893/3439 3610/6303/3423
f 3508/6281/3426 3610/6280/3425 3620/6305/3441
f 3410/6299/3436 3409/6276/3422 3590/6278/3424
f 3607/6287/3298 3500/6059/3298 3502/6064/3300
f 3611/6283/3427 3581/6174/3365 3590/6200/3375
f 3619/6308/3369 3609/6311/3249 3408/5964/3249
f 3612/6309/3301 3505/6063/3301 3581/6174/3365
f 3502/6064/3300 3505/6063/3301 3612/6309/3301
f 3614/6310/3299 3501/6060/3299 3499/6057/3297
f 3499/6057/3297 3500/6059/3298 3607/6287/3298
f 3365/5875/3210 3364/5876/3210 3614/6310/3299
f 3364/5876/3210 3366/8845/3210 3501/6060/3299
f 3498/6315/3296 3367/5879/3211 3292/5878/3211
f 3365/5880/3062 3613/6316/3305 3509/6068/3305
f 3613/6316/3305 3510/6070/3306 3474/6069/3306
f 3498/6317/3212 3622/8894/3026 3368/5884/3212
f 3370/5886/3213 3368/5888/3215 3622/6319/3447
f 3621/6313/3445 3622/8895/3449 3498/6321/3449
f 3366/5890/3217 3370/5886/3213 3621/6320/3448
f 3623/6323/3451 3624/6338/3291 3455/6324/3291
f 3623/6326/3452 3625/6349/3452 3626/6327/3453
f 3627/6329/3454 3628/8896/3455 3453/6330/3455
f 3482/6332/3456 3629/6345/3456 3630/6333/3457
f 3631/6335/3292 3627/6329/3454 3587/6331/3454
f 3626/6327/3453 3632/6372/3458 3631/6337/3458
f 3624/6338/3291 3631/6335/3292 3456/6336/3292
f 3476/6339/3459 3633/8897/3459 3634/6340/3460
f 3453/6330/3455 3628/8896/3455 3635/6342/3290
f 3584/6344/3461 3636/8898/3461 3629/6345/3456
f 3197/5917/3231 3385/8849/3231 3637/6346/3287
f 3637/6348/3462 3638/6370/3462 3625/6349/3452
f 3451/6347/3287 3637/6346/3287 3623/6323/3451
f 3633/6350/3463 3630/8899/3464 3626/6351/3464
f 3636/6353/3465 3640/8900/3466 3641/6354/3466
f 3632/6356/3467 3629/6357/3467 3636/6353/3465
f 3626/6351/3464 3630/8899/3464 3629/6357/3467
f 3641/6354/3466 3640/8900/3466 3642/6358/3468
f 3638/6360/3469 3391/5933/3240 3390/6361/3470
f 3634/6362/3469 3633/6350/3463 3625/6352/3463
f 3641/6363/3471 3643/8901/3472 3635/6364/3472
f 3630/6333/3457 3633/8897/3459 3476/6339/3459
f 3480/6366/3473 3642/8902/3473 3640/6367/3474
f 3627/6369/3475 3639/8903/3475 3641/6363/3471
f 3385/5945/3245 3391/5944/3245 3638/6370/3462
f 3640/6367/3474 3636/8898/3461 3584/6344/3461
f 3473/6341/3460 3634/6340/3460 3390/6371/3246
f 3632/6372/3458 3639/8903/3475 3627/6369/3475
f 3645/6373/1049 3489/6049/1049 3524/6089/1075
f 3595/6375/3361 3578/6168/3361 3490/6169/1048
f 3644/6374/1075 3524/6089/1075 3522/6088/1156
f 3522/6088/1156 3270/5625/3026 3648/6378/3026
f 3645/6373/1049 3646/6376/1048 3490/6169/1048
f 3274/5628/828 3233/5586/803 3650/6379/803
f 3236/5588/802 3330/5715/3124 3345/6381/3124
f 3269/5627/905 3274/5628/828 3649/6380/828
f 3648/6378/3026 3270/5625/3026 3269/5627/905
f 3650/6379/803 3233/5586/803 3236/5588/802
f 3597/6384/3476 3526/6218/3387 3592/6217/3386
f 3597/6212/3383 3596/6211/1047 3527/6385/3319
f 3343/5766/3145 3340/5751/3137 3341/5753/3139
f 3343/6386/3477 3275/5629/3076 3276/5631/3078
f 3341/5753/3139 3155/5752/3138 3076/6387/2998
f 3592/6217/3386 3598/8884/3963 3594/6389/3479
f 3654/6390/3480 3655/6396/3480 3656/6391/3481
f 3658/6393/3480 3659/6398/3480 3660/6394/3480
f 3657/6395/3480 3660/6394/3480 3655/6396/3480
f 3661/6397/3482 3662/6406/3482 3659/6398/3480
f 3653/6392/3480 3656/6391/3481 3663/6399/3481
f 3655/6396/3480 3664/6403/3481 3665/6401/3481
f 3659/6398/3480 3666/6407/3480 3667/6402/3481
f 3660/6394/3480 3667/6402/3481 3664/6403/3481
f 3663/6399/3481 3669/6408/3481 3670/6404/3481
f 3662/6406/3482 3671/8904/3481 3666/6407/3480
f 3656/6391/3481 3665/6401/3481 3669/6408/3481
f 3672/6409/3483 3673/6670/3623 3674/6410/3484
f 3676/6412/3486 3677/6712/3651 3678/6413/3487
f 3422/6415/3258 3672/6409/3483 3680/6416/3489
f 3679/6414/3488 3678/6413/3487 3681/6418/3490
f 3682/6420/3492 3683/6895/3493 3684/6421/3493
f 3682/6420/3492 3685/6422/3492 3686/6423/3494
f 3688/6425/3496 3689/6430/3500 3690/6426/3497
f 3675/6419/3491 3681/6418/3490 3692/6428/3499
f 3689/6430/3500 3693/6710/3649 3694/6431/3501
f 3695/6432/3502 3696/6436/3502 3697/6433/3503
f 3695/6432/3502 3699/6713/3504 3700/6435/3504
f 3442/6437/3505 3441/8905/3505 3702/6438/3505
f 3704/6440/1403 3705/6454/1403 3706/6441/3506
f 3684/6443/3507 3697/8906/3507 3696/6444/1390
f 3685/6445/1390 3696/6444/1390 3700/6446/1302
f 3686/6447/1302 3700/6446/1302 3691/6448/1301
f 3708/6450/1299 3709/6650/1299 3710/6451/1300
f 3711/6453/1323 3712/6715/1323 3705/6454/1403
f 3705/6455/3508 3712/6716/3509 3713/6456/3509
f 3714/6457/3508 3715/6926/3510 3706/6458/3510
f 3441/6459/3277 3454/8907/3277 3716/6460/3511
f 3709/6462/3512 3717/6645/3512 3718/6463/3513
f 3720/6465/3514 3721/8908/3515 3722/6466/3515
f 3719/6467/3514 3723/6936/3516 3724/6468/3516
f 3726/6469/3517 3463/8909/3517 3462/6470/3517
f 3728/6472/3518 3729/6642/3519 3730/6473/3519
f 3732/6475/3520 3733/6632/3520 3734/6476/3521
f 3735/6478/3522 3736/6718/3523 3737/6479/3523
f 3735/6478/3522 3738/6480/3522 3739/6481/3524
f 3480/6483/3525 3479/8910/3525 3742/6484/3526
f 3744/6486/3527 3732/6640/3527 3731/6487/3528
f 3745/6489/1390 3746/6719/1302 3721/6490/1302
f 3724/6492/3507 3747/8911/3507 3745/6489/1390
f 3748/6493/3529 3485/8912/3529 3463/6494/3529
f 3749/6496/1301 3750/6637/1303 3729/6497/1303
f 3751/6499/1300 3752/8913/1300 3753/6500/1299
f 3756/6502/3530 3757/6723/3530 3758/6503/3531
f 3758/6503/3531 3759/6791/3532 3760/6505/3532
f 3762/6506/3533 3756/6721/3533 3755/6507/3534
f 3755/6507/3534 3760/8914/3535 3763/6509/3535
f 3765/6510/3536 3766/6634/3606 3767/6511/3537
f 3742/6513/3538 3769/6660/3614 3770/6514/3539
f 3771/6516/3541 3772/6795/3542 3739/6517/3542
f 3738/6518/3543 3737/6717/3544 3773/6519/3544
f 3775/6521/3545 3776/6631/3604 3689/6522/3546
f 3695/6524/1390 3698/8915/3507 3778/6525/3507
f 3779/6527/3548 3699/6722/3548 3695/6524/1390
f 3766/6528/3549 3780/6636/3608 3781/6529/3550
f 3682/6531/1390 3687/6724/3552 3783/6532/3552
f 3784/6534/3507 3683/8916/3507 3682/6531/1390
f 3785/6535/3553 3676/8917/4590 3679/6536/3554
f 3788/6538/3506 3789/8918/3506 3790/6539/1403
f 3790/6539/1403 3791/6720/1323 3792/6541/1323
f 3793/6542/3556 3529/8919/4591 3528/6543/3557
f 3795/6545/3558 3785/8920/4592 3786/6546/3559
f 3675/6411/3485 3674/6410/3484 3797/6548/3561
f 3798/6549/3562 3799/7014/3563 3784/6550/3563
f 3782/6551/3564 3783/6725/3652 3800/6552/3565
f 3801/6553/3566 3802/6726/3653 3779/6554/3567
f 3801/6553/3566 3777/6555/3568 3778/6556/3569
f 3671/6558/3571 3662/6560/3573 3693/6559/3572
f 3662/6560/3573 3661/8921/4593 3680/6416/3489
f 3804/6561/3574 3805/6625/3599 3776/6562/3575
f 3780/6564/3577 3806/6624/3598 3807/6565/3578
f 3758/6567/3580 3808/6571/3580 3809/6568/3581
f 3758/6567/3580 3757/6727/3654 3811/6570/3582
f 3813/6572/1323 3814/6728/1323 3815/6573/1403
f 3817/6575/1299 3818/6622/1299 3819/6576/1300
f 3820/6578/3583 3815/6606/3584 3821/6579/3584
f 3812/6574/1403 3815/6573/1403 3820/6581/3506
f 3824/6583/3505 3555/8922/3505 3554/6584/3505
f 3711/6586/3585 3826/6611/3585 3827/6587/3586
f 3828/6589/1323 3826/6730/1323 3829/6590/1403
f 3831/6592/1299 3832/6620/1299 3827/6593/1300
f 3821/6591/1403 3829/6590/1403 3833/6595/3506
f 3566/6597/3505 3565/8923/3505 3835/6598/3505
f 3703/6600/3587 3833/8924/3587 3829/6601/3588
f 3554/6603/3348 3566/8925/3348 3834/6604/3589
f 3815/6606/3584 3814/6731/3590 3828/6607/3590
f 3836/6608/3591 3837/6613/3591 3835/6609/3592
f 3704/6602/3588 3829/6601/3588 3826/6611/3585
f 3836/6608/3591 3708/6729/3593 3832/6612/3593
f 3818/6614/3594 3831/6618/3594 3830/6615/3595
f 3838/6617/3596 3839/6653/3596 3831/6618/3594
f 3839/6619/1298 3837/6654/1298 3832/6620/1299
f 3840/6621/1298 3838/6655/1298 3818/6622/1299
f 3780/6564/3577 3841/8926/3597 3842/6623/3597
f 3805/6625/3599 3843/6743/3666 3844/6626/3600
f 3796/6547/3560 3786/6546/3559 3845/6627/3601
f 3753/6500/1299 3847/8927/3602 3848/6629/3602
f 3786/6537/3555 3679/6536/3554 3797/6548/3561
f 3776/6631/3604 3844/8928/4594 3671/6558/3571
f 3768/6515/3540 3770/6514/3539 3733/6632/3520
f 3765/6510/3536 3849/6663/3616 3850/6633/3605
f 3766/6528/3549 3850/8929/4595 3841/6635/3607
f 3750/6637/1303 3851/6656/1297 3852/6638/1297
f 3853/6639/3609 3768/6657/3613 3732/6640/3527
f 3585/6641/3369 3402/6400/3369 3663/6399/3481
f 3729/6642/3519 3852/8930/3610 3854/6643/3610
f 3855/6644/3611 3856/6658/3611 3717/6645/3512
f 3678/6646/1303 3690/6714/1303 3694/6647/3612
f 3836/6649/1298 3855/6659/1298 3709/6650/1299
f 3442/6651/3373 3701/6610/3592 3835/6609/3592
f 3838/6617/3596 3825/6605/3589 3834/6604/3589
f 3834/6599/3505 3835/6598/3505 3837/6654/1298
f 3824/6583/3505 3825/6585/3505 3838/6655/1298
f 3851/6656/1297 3748/6493/3529 3726/6495/3529
f 3741/6485/3526 3742/6484/3526 3768/6657/3613
f 3854/6643/3610 3852/8930/3610 3726/6469/3517
f 3855/6644/3611 3702/6461/3511 3716/6460/3511
f 3701/6439/3505 3702/6438/3505 3855/6659/1298
f 3769/6660/3614 3742/6513/3538 3479/6661/3615
f 3858/6665/3618 3674/6669/3622 3673/6666/3619
f 3860/6668/3621 3797/8931/4596 3674/6669/3622
f 3422/6415/3258 3594/8932/3381 3673/6670/3623
f 3846/6671/3624 3845/8933/3624 3797/6672/3624
f 3848/6674/3602 3861/7303/3962 3862/6675/1298
f 3847/6677/3624 3846/6671/3624 3860/6673/3624
f 3848/6679/3625 3860/6668/3621 3858/6665/3618
f 3859/6667/3620 3598/7305/3963 3529/6681/3385
f 3753/6683/3628 3796/8934/4597 3846/6684/3629
f 3790/6686/3631 3798/6690/3635 3800/6687/3632
f 3790/6686/3631 3789/7141/3634 3799/6689/3634
f 3795/6691/3636 3796/8934/4597 3753/6683/3628
f 3840/6693/3638 3854/8935/3638 3725/6694/3639
f 3730/6696/3640 3854/8935/3638 3840/6693/3638
f 3727/6698/3641 3730/6696/3640 3817/6697/3640
f 3725/6694/3639 3462/8936/3400 3555/6700/3400
f 3823/6701/3642 3723/7154/3642 3719/6702/3643
f 3812/6703/3643 3719/6702/3643 3722/6704/3644
f 3680/6706/3645 3672/8937/4598 3692/6707/3646
f 3694/6647/3612 3864/8938/4599 3692/6709/3648
f 3693/6710/3649 3680/8939/3650 3864/6711/3650
f 3687/6424/3495 3686/6423/3494 3677/6712/3651
f 3699/6713/3504 3688/6425/3496 3691/6427/3498
f 3677/6449/1301 3691/6448/1301 3690/6714/1303
f 3707/6452/1300 3710/6451/1300 3712/6715/1323
f 3712/6716/3509 3710/6464/3513 3718/6463/3513
f 3722/6466/3515 3721/8908/3515 3728/6472/3518
f 3737/6717/3544 3731/6477/3521 3734/6476/3521
f 3743/6488/3528 3731/6487/3528 3737/6479/3523
f 3746/6719/1302 3749/6496/1301 3728/6498/1301
f 3791/6720/1323 3752/8913/1300 3751/6499/1300
f 3762/6506/3533 3764/6512/3537 3767/6511/3537
f 3775/6521/3545 3688/6523/3547 3699/6722/3548
f 3756/6502/3530 3767/6530/3551 3781/6529/3550
f 3687/6724/3552 3676/8917/4590 3785/6535/3553
f 3783/6725/3652 3785/8920/4592 3795/6545/3558
f 3804/6561/3574 3775/6563/3576 3779/6554/3567
f 3781/6566/3579 3807/6565/3578 3811/6570/3582
f 3816/6577/1300 3819/6576/1300 3814/6728/1323
f 3708/6729/3593 3707/6588/3586 3827/6587/3586
f 3830/6594/1300 3827/6593/1300 3826/6730/1323
f 3814/6731/3590 3819/6616/3595 3830/6615/3595
f 3791/6688/3633 3800/6687/3632 3795/6691/3636
f 3813/6705/3644 3722/6704/3644 3727/6698/3641
f 3807/6732/3655 3865/6738/3661 3866/6733/3656
f 3806/6735/3658 3842/8940/4600 3867/6736/3659
f 3806/6735/3658 3868/6737/3660 3865/6738/3661
f 3808/6739/3662 3869/6742/3665 3870/6740/3663
f 3811/6734/3657 3866/6733/3656 3869/6742/3665
f 3865/6738/3661 3804/6561/3574 3802/6726/3653
f 3868/6737/3660 3867/6736/3659 3843/6743/3666
f 3868/6737/3660 3805/6625/3599 3804/6561/3574
f 3869/6742/3665 3801/6553/3566 3803/6557/3570
f 3869/6742/3665 3866/6733/3656 3802/6726/3653
f 3606/6744/3369 3661/6397/3482 3658/6393/3480
f 3773/6746/3667 3734/6757/3537 3871/6747/3537
f 3670/6749/3668 3857/6782/3687 3873/6750/3669
f 3770/6752/3671 3769/6780/3686 3873/6753/3672
f 3733/6755/3606 3770/6752/3671 3875/6754/3671
f 3733/6755/3606 3876/6756/3536 3871/6747/3537
f 3877/6758/3534 3878/6785/3535 3879/6759/3535
f 3773/6746/3667 3872/6748/3667 3877/6758/3534
f 3617/6762/3369 3654/6390/3480 3653/6392/3480
f 3618/6763/3369 3657/6395/3480 3654/6390/3480
f 3605/6745/3369 3658/6393/3480 3657/6395/3480
f 3667/6764/3673 3666/8941/4601 3843/6765/3674
f 3664/6767/3676 3842/6770/3679 3841/6768/3677
f 3664/6767/3676 3667/6764/3673 3867/6766/3675
f 3843/6765/3674 3666/8941/4601 3671/6771/3680
f 3669/6773/3682 3665/6769/3678 3841/6768/3677
f 3680/6416/3489 3661/8921/4593 3606/6775/3437
f 3873/6776/3669 3880/8942/3684 3619/6777/3684
f 3880/6779/3685 3873/6753/3672 3769/6780/3686
f 3669/6773/3682 3850/6774/3683 3857/6782/3687
f 3872/6748/3667 3871/6747/3537 3764/6512/3537
f 3875/6754/3671 3873/6753/3672 3857/6664/3617
f 3619/6783/3369 3585/6641/3369 3668/6405/3481
f 3876/6756/3536 3875/6754/3671 3849/6663/3616
f 3876/6756/3536 3765/6510/3536 3764/6512/3537
f 3761/6508/3534 3763/6509/3535 3878/6785/3535
f 3872/6748/3667 3762/6506/3533 3761/6508/3534
f 3878/6785/3535 3882/6790/3691 3883/6789/3691
f 3763/6509/3535 3884/8943/3691 3882/6790/3691
f 3759/6791/3532 3758/6503/3531 3810/6792/3692
f 3771/6516/3541 3879/6796/3541 3883/6794/3542
f 3879/6796/3541 3771/6516/3541 3738/6518/3543
f 3759/6797/3506 3885/7235/3506 3886/6798/3506
f 3888/6800/3693 3881/6805/3698 3887/6801/3694
f 3759/6803/3696 3887/8944/3696 3881/6788/3690
f 3884/6804/3697 3763/8945/4602 3881/6805/3698
f 3713/6806/3699 3718/6822/3700 3889/6807/3700
f 3890/6809/3701 3889/6821/3702 3891/6810/3702
f 3716/6812/3526 3893/6827/3526 3894/6813/3613
f 3744/6815/3703 3743/6853/3704 3895/6816/3704
f 3717/6818/3705 3856/6814/3613 3894/6813/3613
f 3897/6820/3706 3898/6864/3706 3891/6810/3702
f 3718/6822/3700 3717/6818/3705 3897/6819/3705
f 3736/6823/3707 3735/6863/3708 3899/6824/3708
f 3454/6826/3709 3635/8946/3709 3893/6827/3526
f 3853/6828/3710 3744/6815/3703 3896/6817/3703
f 3714/6830/3711 3902/6835/3711 3903/6831/3712
f 3890/6809/3701 3892/6811/3701 3904/6833/3713
f 3713/6806/3699 3890/6808/3699 3902/6835/3711
f 3892/6836/3714 3891/6844/3715 3895/6837/3715
f 3906/6839/3716 3907/6846/3716 3901/6840/3717
f 3905/6841/3717 3901/6840/3717 3896/6842/3718
f 3891/6844/3715 3898/6843/3718 3896/6842/3718
f 3906/6839/3716 3643/8947/3719 3642/6845/3719
f 3899/6847/3720 3908/7279/3721 3909/6848/3721
f 3904/6849/3720 3892/6836/3714 3900/6838/3714
f 3635/6850/3472 3643/8948/3472 3906/6851/3722
f 3736/6823/3707 3900/6825/3707 3895/6816/3704
f 3480/6854/3473 3741/6861/3726 3907/6855/3723
f 3894/6857/3724 3893/6852/3722 3906/6851/3722
f 3902/6834/3713 3904/6833/3713 3909/6859/3725
f 3853/6828/3710 3901/6829/3710 3907/6855/3723
f 3740/6862/3727 3908/7288/3727 3899/6824/3708
f 3894/6857/3724 3905/6858/3724 3898/6864/3706
f 3911/6865/3728 3912/6871/3728 3913/6866/3728
f 3915/6868/3728 3916/6872/3729 3917/6869/3728
f 3912/6871/3728 3915/6868/3728 3914/6870/3728
f 3916/6872/3729 3918/6881/3731 3919/6873/3729
f 3910/6867/3728 3920/7097/3854 3921/6874/3728
f 3922/6875/3728 3923/6877/3728 3912/6871/3728
f 3924/6876/3728 3925/6880/3730 3916/6872/3729
f 3923/6877/3728 3924/6876/3728 3915/6868/3728
f 3927/6878/3728 3928/6882/3728 3921/6874/3728
f 3925/6880/3730 3929/8949/3730 3918/6881/3731
f 3928/6882/3728 3922/6875/3728 3911/6865/3728
f 3930/6883/3732 3931/7011/3806 3932/6884/3733
f 3934/6886/3735 3935/6892/3741 3936/6887/3736
f 3939/6889/3738 3930/6883/3732 3940/6890/3739
f 3935/6892/3741 3931/6901/3748 3941/6893/3742
f 3942/6894/3743 3943/6897/3743 3684/6421/3493
f 3944/6896/3744 3945/7162/3892 3943/6897/3743
f 3946/6898/3745 3947/7163/3893 3948/6899/3746
f 3931/6901/3748 3930/8950/3749 3950/6902/3749
f 3949/6900/3747 3948/6899/3746 3951/6903/3750
f 3953/6905/3752 3698/6434/3503 3697/6433/3503
f 3954/6906/3752 3955/8951/4603 3956/6907/3753
f 3958/6908/3754 3959/8952/3754 3960/6909/3754
f 3706/6441/3506 3961/6921/1657 3962/6911/1657
f 3954/6912/1644 3697/8906/3507 3684/6443/3507
f 3955/6914/1551 3954/6912/1644 3943/6913/1644
f 3947/6916/1552 3955/6914/1551 3945/6915/1551
f 3964/6918/1550 3965/7105/1549 3966/6919/1549
f 3961/6921/1657 3967/7165/1576 3968/6922/1576
f 3969/6923/3755 3970/8953/3756 3967/6924/3756
f 3961/6925/3755 3706/6458/3510 3715/6926/3510
f 3971/6927/3757 3972/8954/3758 3959/6928/3758
f 3973/6930/3759 3974/8955/3760 3965/6931/3760
f 3976/6933/3761 3977/7166/3761 3978/6934/3762
f 3975/6935/3762 3978/6934/3762 3724/6468/3516
f 3980/6937/3763 3981/8956/3763 3982/6938/3763
f 3984/6940/3764 3985/7099/3764 3986/6941/3765
f 3988/6943/3766 3989/8957/3767 3990/6944/3767
f 3992/6946/3768 3993/8958/3769 3994/6947/3769
f 3740/6482/3524 3739/6481/3524 3992/6946/3768
f 3995/6949/3770 3996/7111/3770 3997/6950/3771
f 3999/6952/3772 3987/7167/3772 3990/6953/3773
f 3977/6955/1551 4001/7168/1551 4002/6956/1644
f 4002/6956/1644 3747/8911/3507 3724/6492/3507
f 3981/6958/3774 4003/8959/3774 4004/6959/3774
f 3985/6961/1553 4005/7093/1553 4006/6962/1552
f 4007/6964/1550 4008/7085/1549 4009/6965/1549
f 4011/6967/3775 4012/6971/3775 4013/6968/3776
f 4015/6970/3778 4016/7232/3778 4012/6971/3775
f 4017/6972/3779 4011/6976/3779 4014/6973/3780
f 4019/6975/3781 4015/8960/3781 4011/6976/3779
f 4021/6977/3782 4022/8961/3783 4023/6978/3783
f 4025/6980/3784 4026/7114/3785 3996/6981/3785
f 3739/6517/3542 3772/6795/3542 4027/6983/3787
f 4028/6985/3788 4029/8962/3789 3993/6986/3789
f 4030/6987/3790 3946/8963/4604 3949/6988/3791
f 3778/6525/3507 3698/8915/3507 3953/6990/1644
f 3953/6990/1644 3956/7170/3793 4033/6992/3793
f 4034/6993/3794 4035/8964/4605 4022/6994/3795
f 4037/6996/3797 3944/7171/3797 3942/6997/1644
f 3942/6997/1644 3683/8916/3507 3784/6534/3507
f 4038/6999/3798 4039/7086/3847 3935/7000/3799
f 4041/7002/1657 3789/8918/3506 3788/6538/3506
f 4042/7004/1576 4043/7169/1576 4041/7002/1657
f 4044/7005/3801 4045/7302/3801 4046/7006/3802
f 4048/7008/3804 4049/7082/3844 4039/7009/3805
f 3931/7011/3806 3935/7000/3799 4050/7012/3807
f 4051/7013/3808 4036/7016/3810 3784/6550/3563
f 4052/7015/3809 4037/7172/3894 4036/7016/3810
f 4053/7017/3811 4032/7020/3814 4033/7018/3812
f 4053/7017/3811 3803/6557/3570 3778/6556/3569
f 3929/7021/3815 3949/6988/3791 3952/7022/3816
f 3939/6889/3738 3919/7217/3922 3918/7023/3817
f 4055/7024/3818 4030/8965/4606 4031/7025/3819
f 4057/7027/3821 4058/8966/4607 4035/7028/3822
f 4012/7030/3824 3810/6569/3581 3809/6568/3581
f 4059/7031/3824 4060/7173/3895 4013/7032/3825
f 4062/7033/1657 4063/7174/1576 4064/7034/1576
f 4066/7036/1550 4067/7076/1549 4068/7037/1549
f 3820/6578/3583 3822/6580/3583 4069/7039/3826
f 3820/6581/3506 4062/7033/1657 4061/7035/1657
f 4070/7041/3754 4071/8967/3754 4072/7042/3754
f 4074/7044/3827 4075/7066/3828 3968/7045/3828
f 4076/7047/1657 4075/7175/1576 4077/7048/1576
f 4074/7050/1550 4079/7074/1549 4080/7051/1549
f 3833/6595/3506 4076/7047/1657 4069/7049/1657
f 4082/7053/3754 4083/8968/3754 4084/7054/3754
f 4076/7056/3829 3833/8924/3587 3703/6600/3587
f 4081/7058/3830 4084/8969/3831 4072/7059/3831
f 4062/7040/3826 4069/7039/3826 4077/7061/3832
f 4082/7063/3833 4085/7067/3835 4086/7064/3834
f 4075/7066/3828 4076/7056/3829 3962/7057/3829
f 4085/7067/3835 4079/8970/3836 3966/7068/3836
f 4078/7069/3837 4080/8971/3838 4067/7070/3838
f 4067/7070/3838 4080/8971/3838 4087/7072/3839
f 4079/7074/1549 4085/7108/1548 4087/7075/1548
f 4067/7076/1549 4088/7109/1548 4089/7077/1548
f 4035/7028/3822 4058/8966/4607 4090/7078/3841
f 4056/7026/3820 4031/7025/3819 4092/7080/3842
f 4049/7082/3844 4094/8972/4608 4095/7083/3845
f 4096/7084/3846 4097/8973/3846 4009/6965/1549
f 4039/7086/3847 4095/8974/4609 4050/7012/3807
f 4031/6989/3792 3949/6988/3791 3929/7021/3815
f 3990/6944/3767 3989/8957/3767 4025/6980/3784
f 4023/6978/3783 4022/8961/3783 4098/7088/3849
f 4022/6994/3795 4035/8964/4605 4091/7090/3851
f 4100/7092/1545 4101/7110/1545 4005/7093/1553
f 4000/6954/3773 3990/6953/3773 4024/7094/3853
f 4103/7096/3854 3926/6879/3728 3921/6874/3728
f 4104/7098/3855 4100/7112/3855 3985/7099/3764
f 3965/6931/3760 3974/8955/3760 4105/7100/3856
f 3951/7102/3857 3948/7164/1553 3936/7103/1553
f 3965/7105/1549 4106/7113/1548 4086/7106/1548
f 3960/7107/3858 4083/8975/3858 4082/7063/3833
f 4088/7073/3840 4087/7072/3839 4081/7058/3830
f 4085/7108/1548 4082/7053/3754 4081/7055/3754
f 4088/7109/1548 4071/8967/3754 4070/7041/3754
f 3982/6960/3774 4004/6959/3774 4101/7110/1545
f 4102/7095/3853 4024/7094/3853 3996/7111/3770
f 4104/7098/3855 3979/6939/3763 3982/6938/3763
f 4106/7101/3856 4105/7100/3856 3971/6927/3757
f 4106/7113/1548 3958/6908/3754 3957/6910/3754
f 4026/7114/3785 4107/8976/3859 3997/7115/3859
f 4109/7117/3861 4110/7133/3871 3933/7118/3862
f 4111/7120/3864 4109/7117/3861 3932/7119/3863
f 3940/6890/3739 3930/6883/3732 3933/6885/3734
f 4094/7123/3867 4111/7130/3867 4050/7124/3867
f 4096/7126/3846 4113/8977/3960 4114/7127/1548
f 4097/7129/3867 4096/8978/3867 4111/7130/3867
f 4096/7131/3869 4115/7301/3961 4109/7117/3861
f 4047/7132/3870 4116/8979/4433 4110/7133/3871
f 4009/7135/3873 4097/8980/3874 4094/7136/3874
f 4041/7138/3876 4043/7176/3896 4052/7139/3877
f 4051/7140/3878 3799/6689/3634 3789/7141/3634
f 4009/7135/3873 4049/7137/3875 4048/7142/3879
f 4089/7144/3881 4070/7152/3882 3979/7145/3882
f 4089/7144/3881 4104/7146/3881 3984/7147/3883
f 4068/7148/3883 3984/7147/3883 3983/7149/3884
f 4073/7151/3885 3980/8981/3885 3979/7145/3882
f 4061/7153/3886 3975/7156/3886 3723/7154/3642
f 4061/7153/3886 4064/7177/3887 3976/7155/3887
f 3950/7157/3888 3930/8982/4610 3939/7158/3888
f 3950/7160/3890 4117/8983/3890 3951/7102/3857
f 4117/7161/3891 3939/8984/3891 3952/6904/3751
f 3944/6896/3744 3934/6886/3735 3937/6888/3737
f 3956/6907/3753 3955/8951/4603 3947/7163/3893
f 3948/7164/1553 3947/6916/1552 3937/6917/1552
f 3967/7165/1576 3964/6918/1550 3963/6920/1550
f 3967/6924/3756 3970/8953/3756 3973/6930/3759
f 3976/6933/3761 3983/6942/3765 3986/6941/3765
f 3993/6986/3789 4029/8962/3789 3988/6943/3766
f 3994/6947/3769 3993/8958/3769 3987/7167/3772
f 3986/6963/1552 4006/6962/1552 4001/7168/1551
f 4007/6964/1550 4010/6966/1550 4043/7169/1576
f 4018/6974/3780 4014/6973/3780 4021/6977/3782
f 3956/7170/3793 3946/8963/4604 4030/6987/3790
f 4014/6969/3777 4013/6968/3776 4034/6993/3794
f 4037/6996/3797 4038/6999/3798 3934/7001/3800
f 4048/7008/3804 4038/7010/3804 4037/7172/3894
f 4033/7018/3812 4030/8965/4606 4055/7024/3818
f 4060/7173/3895 4057/7027/3821 4034/7029/3823
f 4063/7174/1576 4066/7036/1550 4065/7038/1550
f 3966/7068/3836 4079/8970/3836 4074/7044/3827
f 4075/7175/1576 4074/7050/1550 4078/7052/1550
f 4063/7062/3832 4077/7061/3832 4078/7069/3837
f 4043/7176/3896 4010/7143/3880 4048/7142/3879
f 4064/7177/3887 4065/7150/3884 3983/7149/3884
f 4118/7178/3897 4119/7184/3903 4057/7179/3898
f 4058/7181/3900 4120/7187/3906 4121/7182/3901
f 4119/7184/3903 4120/7187/3906 4058/7181/3900
f 4059/7185/3904 3809/6741/3664 3870/6740/3663
f 4122/7186/3905 4118/7178/3897 4060/7180/3899
f 4054/7019/3813 4055/7024/3818 4119/7184/3903
f 4120/7187/3906 4056/7026/3820 4093/7081/3843
f 4055/7024/3818 4056/7026/3820 4120/7187/3906
f 4122/7186/3905 3870/6740/3663 3803/6557/3570
f 4122/7186/3905 4053/7017/3811 4054/7019/3813
f 3917/6869/3728 3919/6873/3729 4124/7188/3854
f 4029/7190/3780 4125/7224/3780 4126/7191/3782
f 3927/7193/3907 4127/8985/3924 4128/7194/3908
f 4025/7196/3850 4129/7200/3850 4128/7197/3910
f 3989/7199/3783 4130/7226/3783 4129/7200/3850
f 4126/7191/3782 4130/7226/3783 3989/7199/3783
f 4131/7201/3781 4132/7227/3781 4133/7202/3779
f 4133/7202/3779 4125/7224/3780 4029/7190/3780
f 3910/6867/3728 3913/6866/3728 4135/7205/3854
f 3913/6866/3728 3914/6870/3728 4136/7206/3854
f 3914/6870/3728 3917/6869/3728 4123/7189/3854
f 3924/7207/3912 4121/7213/3918 4093/7208/3913
f 4091/7210/3915 4090/8986/4611 3923/7211/3916
f 3923/7211/3916 4090/8986/4611 4121/7213/3918
f 4093/7208/3913 4092/8987/4612 3929/7214/3919
f 3928/7215/3920 4098/7223/3926 4091/7210/3915
f 3939/6889/3738 3938/6891/3740 4124/7216/3921
f 4137/7218/3923 4138/8988/3923 4128/7219/3908
f 4026/7198/3911 4128/7197/3910 4138/7221/3925
f 3928/7215/3920 3927/7193/3907 4108/7195/3909
f 4125/7224/3780 4018/6974/3780 4020/6979/3782
f 4129/7200/3850 4099/7089/3850 4108/7116/3860
f 4137/7225/3854 4127/7228/3927 3926/6879/3728
f 4130/7226/3783 4023/6978/3783 4099/7089/3850
f 4020/6979/3782 4023/6978/3783 4130/7226/3783
f 4132/7227/3781 4019/6975/3781 4017/6972/3779
f 4017/6972/3779 4018/6974/3780 4125/7224/3780
f 3883/6789/3691 3882/6790/3691 4132/7227/3781
f 3882/6790/3691 3884/8943/3691 4019/6975/3781
f 4016/7232/3778 3885/6793/3692 3810/6792/3692
f 3883/6794/3542 4131/7233/3787 4027/6983/3787
f 4131/7233/3787 4028/6985/3788 3992/6984/3788
f 4016/7234/3506 4140/8989/3506 3886/6798/3506
f 3888/6800/3693 3886/6802/3695 4140/7236/3931
f 4139/7230/3929 4140/8990/3933 4016/7238/3933
f 3884/6804/3697 3888/6800/3693 4139/7237/3932
f 4141/7240/3935 4142/7255/3772 3973/7241/3772
f 4141/7243/3936 4143/8991/3936 4144/7244/3937
f 4145/7246/3938 4146/8992/3770 3971/7247/3770
f 4000/7249/3939 4147/7262/3939 4148/7250/3940
f 4149/7252/3941 4145/7246/3938 4105/7248/3938
f 4144/7244/3937 4150/7289/3942 4149/7254/3942
f 4142/7255/3772 4149/7252/3941 3974/7253/3941
f 3994/7256/3943 4151/8993/3943 4152/7257/3944
f 3971/7247/3770 4146/8992/3770 4153/7259/3771
f 4102/7261/3945 4154/8994/3945 4147/7262/3939
f 3715/6832/3712 3903/6831/3712 4155/7263/3946
f 4156/7265/3947 4143/8991/3936 4141/7243/3936
f 3969/7264/3946 4155/7263/3946 4141/7240/3935
f 4151/7267/3948 4148/8995/3949 4144/7268/3949
f 4157/7270/3950 4154/7274/3950 4158/7271/3951
f 4150/7273/3952 4147/7275/3952 4154/7274/3950
f 4144/7268/3949 4148/8995/3949 4147/7275/3952
f 4159/7272/3951 4158/7271/3951 4160/7276/3953
f 4156/7278/3954 3909/6848/3721 3908/7279/3721
f 4152/7280/3954 4151/7267/3948 4143/7269/3948
f 4159/7281/3955 4161/8996/3956 4153/7282/3956
f 4148/7250/3940 4151/8993/3943 3994/7256/3943
f 3998/7284/3957 4160/8997/3957 4158/7285/3958
f 4145/7287/3959 4157/8998/3959 4159/7281/3955
f 3909/6859/3725 4156/7265/3947 4155/7266/3947
f 4158/7285/3958 4154/8994/3945 4102/7261/3945
f 3991/7258/3944 4152/7257/3944 3908/7288/3727
f 4150/7289/3942 4157/8998/3959 4145/7287/3959
f 4163/7290/1550 4007/6964/1550 4042/7004/1576
f 4113/7292/3960 4096/7084/3846 4008/7085/1549
f 4162/7291/1576 4042/7004/1576 4040/7003/1657
f 4040/7003/1657 3788/6538/3506 4166/7295/3506
f 4163/7290/1550 4164/7293/1549 4008/7085/1549
f 3792/6541/1323 3751/6499/1300 4168/7296/1300
f 3754/6501/1299 3848/6629/3602 3863/7298/3602
f 3787/6540/1403 3792/6541/1323 4167/7297/1323
f 4166/7295/3506 3788/6538/3506 3787/6540/1403
f 4168/7296/1300 3751/6499/1300 3754/6501/1299
f 4115/7301/3961 4044/7134/3872 4110/7133/3871
f 4115/7128/3868 4114/7127/1548 4045/7302/3801
f 3861/6680/3626 3858/6665/3618 3859/6667/3620
f 3861/7303/3962 3793/6542/3556 3794/6544/3556
f 3859/6667/3620 3673/6666/3619 3594/7304/3479
f 4110/7133/3871 4116/8979/4433 4112/7306/3964
f 4172/7307/3965 4173/7313/3965 4174/7308/3965
f 4176/7310/3966 4177/7315/3966 4178/7311/3965
f 4175/7312/3965 4178/7311/3965 4173/7313/3965
f 4179/7314/3967 4180/7323/3968 4177/7315/3966
f 4171/7309/3965 4174/7308/3965 4181/7316/3965
f 4173/7313/3965 4182/7320/3965 4183/7318/3965
f 4177/7315/3966 4184/7324/3965 4185/7319/3965
f 4178/7311/3965 4185/7319/3965 4182/7320/3965
f 4181/7316/3965 4187/7325/3965 4188/7321/3965
f 4180/7323/3968 4189/8999/3965 4184/7324/3965
f 4174/7308/3965 4183/7318/3965 4187/7325/3965
f 4190/7326/3969 4191/7587/4107 4192/7327/3970
f 4194/7329/3972 4195/7629/4133 4196/7330/3973
f 3940/7332/3739 4190/7326/3969 4198/7333/3975
f 4197/7331/3974 4196/7330/3973 4199/7335/3976
f 4200/7337/3978 4201/7812/3979 4202/7338/3979
f 4200/7337/3978 4203/7339/3978 4204/7340/3980
f 4206/7342/3981 4207/7347/3986 4208/7343/3982
f 4193/7336/3977 4199/7335/3976 4210/7345/3984
f 4207/7347/3986 4211/7627/4131 4212/7348/3987
f 4213/7349/3988 4214/7353/3988 4215/7350/3989
f 4217/7352/3990 4218/7630/4134 4214/7353/3988
f 3960/7354/3991 3959/9000/3991 4220/7355/3991
f 4222/7357/1905 4223/7371/1905 4224/7358/3992
f 4202/7360/3993 4215/9001/3993 4214/7361/1891
f 4203/7362/1891 4214/7361/1891 4218/7363/1806
f 4204/7364/1806 4218/7363/1806 4209/7365/1805
f 4226/7367/1803 4227/7567/1803 4228/7368/1804
f 4229/7370/1828 4230/7632/1828 4223/7371/1905
f 4223/7372/3994 4230/7633/3995 4231/7373/3995
f 4223/7372/3994 4232/7374/3994 4233/7375/3996
f 3959/7377/3758 3972/9002/3758 4234/7378/3997
f 4227/7380/3998 4235/7562/3998 4236/7381/3999
f 4237/7383/4000 4238/7387/4000 4239/7384/4001
f 4237/7383/4000 4241/7852/4002 4242/7386/4002
f 4244/7388/4003 3981/9003/4003 3980/7389/4003
f 4246/7391/4004 4247/9004/4005 4248/7392/4005
f 4250/7394/4006 4251/7549/4006 4252/7395/4007
f 4254/7397/4008 4255/7635/4008 4256/7398/4009
f 4256/7398/4009 4257/7865/4010 4258/7400/4010
f 3998/7401/4011 3997/9005/4011 4260/7402/4012
f 4262/7404/4013 4250/7557/4013 4249/7405/4014
f 4263/7407/1891 4264/7636/1806 4239/7408/1806
f 4242/7410/3993 4265/9006/3993 4263/7407/1891
f 4266/7411/4015 4003/9007/4015 3981/7412/4015
f 4267/7414/1805 4268/7554/1807 4247/7415/1807
f 4269/7417/1804 4270/9008/1804 4271/7418/1803
f 4274/7420/4016 4275/7640/4136 4276/7421/4017
f 4276/7421/4017 4277/7708/4018 4278/7423/4018
f 4279/7424/4019 4280/7638/4020 4274/7425/4020
f 4273/7426/4019 4278/9009/4021 4281/7427/4021
f 4283/7428/4022 4284/7551/4022 4285/7429/4023
f 4260/7431/4024 4287/7577/4099 4288/7432/4025
f 4289/7434/4027 4290/7712/4028 4257/7435/4028
f 4255/7437/4030 4291/7634/4135 4292/7438/4029
f 4293/7439/4031 4294/7548/4091 4207/7440/4032
f 4213/7442/1891 4216/9010/3993 4296/7443/3993
f 4297/7445/4034 4217/7639/4034 4213/7442/1891
f 4284/7446/4035 4298/7553/4094 4299/7447/4036
f 4200/7449/1891 4205/7641/4038 4301/7450/4038
f 4302/7452/3993 4201/9011/3993 4200/7449/1891
f 4303/7453/4039 4194/9012/4613 4197/7454/4040
f 4306/7456/3992 4307/9013/3992 4308/7457/1905
f 4308/7457/1905 4309/7637/1828 4310/7459/1828
f 4311/7460/4042 4047/9014/4614 4046/7461/4043
f 4313/7463/4045 4303/9015/4615 4304/7464/4046
f 4193/7328/3971 4192/7327/3970 4315/7466/4048
f 4317/7467/4049 4302/9016/4049 4300/7468/4050
f 4300/7468/4050 4301/7642/4137 4318/7470/4052
f 4319/7471/4053 4320/7643/4138 4297/7472/4054
f 4319/7471/4053 4295/7473/4055 4296/7474/4056
f 4189/7476/4058 4180/7478/4060 4211/7477/4059
f 4180/7478/4060 4179/9017/4616 4198/7333/3975
f 4322/7479/4061 4323/7542/4086 4294/7480/4062
f 4298/7482/4064 4324/7541/4085 4325/7483/4065
f 4326/7485/4067 4327/7946/4068 4328/7486/4068
f 4276/7487/4067 4275/7644/4139 4329/7488/4069
f 4331/7489/1828 4332/7645/1828 4333/7490/1905
f 4335/7492/1803 4336/7539/1803 4337/7493/1804
f 4338/7495/4070 4333/7523/4071 4339/7496/4071
f 4330/7491/1905 4333/7490/1905 4338/7498/3992
f 4342/7500/3991 4073/9018/3991 4072/7501/3991
f 4229/7503/4072 4344/7528/4072 4345/7504/4073
f 4346/7506/1828 4344/7647/1828 4347/7507/1905
f 4349/7509/1803 4350/7537/1803 4345/7510/1804
f 4339/7508/1905 4347/7507/1905 4351/7512/3992
f 4084/7514/3991 4083/9019/3991 4353/7515/3991
f 4221/7517/4074 4351/7972/4074 4347/7518/4075
f 4072/7520/3831 4084/9020/3831 4352/7521/4076
f 4333/7523/4071 4332/7648/4077 4346/7524/4077
f 4354/7525/4078 4355/7530/4078 4353/7526/4079
f 4222/7519/4075 4347/7518/4075 4344/7528/4072
f 4354/7525/4078 4226/7646/4080 4350/7529/4080
f 4336/7531/4081 4349/7535/4081 4348/7532/4082
f 4356/7534/4083 4357/7570/4083 4349/7535/4081
f 4357/7536/1802 4355/7571/1802 4350/7537/1803
f 4358/7538/1802 4356/7572/1802 4336/7539/1803
f 4298/7482/4064 4359/9021/4084 4360/7540/4084
f 4323/7542/4086 4361/7660/4151 4362/7543/4087
f 4314/7465/4047 4304/7464/4046 4363/7544/4088
f 4271/7418/1803 4365/9022/4089 4366/7546/4089
f 4304/7455/4041 4197/7454/4040 4315/7466/4048
f 4294/7548/4091 4362/9023/4617 4189/7476/4058
f 4286/7433/4026 4288/7432/4025 4251/7549/4006
f 4283/7428/4022 4367/7580/4100 4368/7550/4092
f 4284/7446/4035 4368/9024/4618 4359/7552/4093
f 4268/7554/1807 4369/7573/1801 4370/7555/1801
f 4371/7556/4095 4286/7574/4095 4250/7557/4013
f 4103/7558/3854 3920/7317/3854 4181/7316/3965
f 4248/7392/4005 4247/9004/4005 4370/7559/4096
f 4373/7561/4097 4374/7575/4097 4235/7562/3998
f 4196/7563/1807 4208/7631/1807 4212/7564/4098
f 4354/7566/1802 4373/7576/1802 4227/7567/1803
f 3960/7568/3858 4219/7527/4079 4353/7526/4079
f 4356/7534/4083 4343/7522/4076 4352/7521/4076
f 4352/7516/3991 4353/7515/3991 4355/7571/1802
f 4342/7500/3991 4343/7502/3991 4356/7572/1802
f 4369/7573/1801 4266/7411/4015 4244/7413/4015
f 4259/7403/4012 4260/7402/4012 4286/7574/4095
f 4372/7560/4096 4370/7559/4096 4244/7388/4003
f 4373/7561/4097 4220/7379/3997 4234/7378/3997
f 4219/7356/3991 4220/7355/3991 4373/7576/1802
f 4287/7577/4099 4260/7431/4024 3997/7578/4024
f 4376/7582/4102 4192/7586/4106 4191/7583/4103
f 4378/7585/4105 4315/9025/4619 4192/7586/4106
f 3940/7332/3739 4112/9026/3866 4191/7587/4107
f 4364/7588/4108 4363/9027/4108 4315/7589/4108
f 4366/7591/4089 4379/8210/4432 4380/7592/1802
f 4365/7594/4108 4364/7588/4108 4378/7590/4108
f 4366/7596/4109 4378/7585/4105 4376/7582/4102
f 4377/7584/4104 4116/8212/4433 4047/7598/3870
f 4271/7600/4112 4314/9028/4620 4364/7601/4113
f 4308/7603/4114 4316/7607/4118 4318/7604/4115
f 4308/7603/4114 4307/8049/4117 4317/7606/4117
f 4313/7608/4119 4314/9028/4620 4271/7600/4112
f 4358/7610/4121 4372/9029/4121 4243/7611/4122
f 4248/7613/4123 4372/9029/4121 4358/7610/4121
f 4245/7615/4124 4248/7613/4123 4335/7614/4123
f 4243/7611/4122 3980/9030/3885 4073/7617/3885
f 4330/7618/4125 4341/8063/4126 4241/7619/4126
f 4330/7618/4125 4237/7620/4125 4240/7621/4127
f 4198/7623/4128 4190/9031/4621 4210/7624/4128
f 4212/7564/4098 4382/9032/4130 4210/7626/4130
f 4211/7627/4131 4198/9033/4622 4382/7628/4132
f 4205/7341/3980 4204/7340/3980 4195/7629/4133
f 4217/7352/3990 4206/7342/3981 4209/7344/3983
f 4195/7366/1805 4209/7365/1805 4208/7631/1807
f 4225/7369/1804 4228/7368/1804 4230/7632/1828
f 4230/7633/3995 4228/7382/3999 4236/7381/3999
f 4240/7385/4001 4239/7384/4001 4246/7391/4004
f 4255/7437/4030 4249/7396/4007 4252/7395/4007
f 4261/7406/4014 4249/7405/4014 4255/7635/4008
f 4264/7636/1806 4267/7414/1805 4246/7416/1805
f 4309/7637/1828 4270/9008/1804 4269/7417/1804
f 4280/7638/4020 4282/7430/4023 4285/7429/4023
f 4293/7439/4031 4206/7441/4033 4217/7639/4034
f 4274/7420/4016 4285/7448/4037 4299/7447/4036
f 4205/7641/4038 4194/9012/4613 4303/7453/4039
f 4301/7642/4137 4303/9015/4615 4313/7463/4045
f 4322/7479/4061 4293/7481/4063 4297/7472/4054
f 4299/7484/4066 4325/7483/4065 4329/7488/4069
f 4334/7494/1804 4337/7493/1804 4332/7645/1828
f 4226/7646/4080 4225/7505/4073 4345/7504/4073
f 4348/7511/1804 4345/7510/1804 4344/7647/1828
f 4332/7648/4077 4337/7533/4082 4348/7532/4082
f 4309/7605/4116 4318/7604/4115 4313/7608/4119
f 4331/7622/4127 4240/7621/4127 4245/7615/4124
f 4325/7649/4140 4383/7655/4146 4384/7650/4141
f 4324/7652/4143 4360/9034/4623 4385/7653/4144
f 4324/7652/4143 4386/7654/4145 4383/7655/4146
f 4326/7656/4147 4387/7659/4150 4388/7657/4148
f 4329/7651/4142 4384/7650/4141 4387/7659/4150
f 4383/7655/4146 4322/7479/4061 4320/7643/4138
f 4386/7654/4145 4385/7653/4144 4361/7660/4151
f 4386/7654/4145 4323/7542/4086 4322/7479/4061
f 4387/7659/4150 4319/7471/4053 4321/7475/4057
f 4387/7659/4150 4384/7650/4141 4320/7643/4138
f 4124/7661/3854 4179/7314/3967 4176/7310/3966
f 4291/7663/4020 4252/7674/4023 4389/7664/4023
f 4188/7666/4152 4375/7699/4171 4391/7667/4153
f 4288/7669/4100 4287/7697/4170 4391/7670/4155
f 4251/7672/4022 4288/7669/4100 4393/7671/4100
f 4251/7672/4022 4394/7673/4022 4389/7664/4023
f 4395/7675/4019 4396/7702/4021 4397/7676/4156
f 4292/7677/4019 4291/7663/4020 4390/7665/4020
f 4135/7679/3854 4172/7307/3965 4171/7309/3965
f 4136/7680/3854 4175/7312/3965 4172/7307/3965
f 4123/7662/3854 4176/7310/3966 4175/7312/3965
f 4185/7681/4157 4184/9035/4624 4361/7682/4158
f 4182/7684/4160 4360/7687/4163 4359/7685/4161
f 4182/7684/4160 4185/7681/4157 4385/7683/4159
f 4361/7682/4158 4184/9035/4624 4189/7688/4164
f 4187/7690/4166 4183/7686/4162 4359/7685/4161
f 4198/7333/3975 4179/9017/4616 4124/7692/3921
f 4391/7693/4153 4398/9036/4168 4137/7694/4168
f 4398/7696/4169 4391/7670/4155 4287/7697/4170
f 4187/7690/4166 4368/7691/4167 4375/7699/4171
f 4390/7665/4020 4389/7664/4023 4282/7430/4023
f 4393/7671/4100 4391/7670/4155 4375/7581/4101
f 4137/7700/3854 4103/7558/3854 4186/7322/3965
f 4394/7673/4022 4393/7671/4100 4367/7580/4100
f 4394/7673/4022 4283/7428/4022 4282/7430/4023
f 4279/7424/4019 4281/7427/4021 4396/7702/4021
f 4390/7665/4020 4280/7638/4020 4279/7424/4019
f 4396/7702/4021 4400/7707/4176 4401/7706/4176
f 4281/7427/4021 4402/9037/4176 4400/7707/4176
f 4277/7708/4018 4276/7421/4017 4328/7709/4177
f 4289/7434/4027 4397/7713/4027 4401/7711/4028
f 4397/7713/4027 4289/7434/4027 4256/7436/4029
f 4277/7714/3992 4403/8143/3992 4404/7715/3992
f 4406/7717/4178 4399/7722/4183 4405/7718/4179
f 4277/7720/4181 4405/9038/4181 4399/7705/4175
f 4402/7721/4182 4281/9039/4625 4399/7722/4183
f 4236/7723/4184 4407/7739/4184 4408/7724/4185
f 4408/7726/4186 4407/7738/4187 4409/7727/4187
f 4374/7729/4095 4234/7744/4188 4411/7730/4188
f 4262/7732/4189 4261/7770/4190 4413/7733/4190
f 4235/7735/4191 4374/7729/4095 4412/7731/4095
f 4415/7737/4192 4416/7781/4192 4409/7727/4187
f 4236/7723/4184 4235/7735/4191 4415/7736/4191
f 4254/7740/4193 4253/7780/4194 4417/7741/4194
f 3972/7743/4188 4153/9040/4188 4411/7730/4188
f 4371/7745/4195 4262/7732/4189 4414/7734/4189
f 4232/7747/4009 4420/7752/4009 4421/7748/4196
f 4408/7726/4186 4410/7728/4186 4422/7750/4197
f 4231/7725/4185 4408/7724/4185 4420/7752/4009
f 4409/7753/4198 4413/7761/4198 4418/7754/4199
f 4424/7756/4200 4425/7763/4200 4419/7757/4201
f 4423/7758/4201 4419/7757/4201 4414/7759/4202
f 4416/7760/4203 4414/7759/4202 4413/7761/4198
f 4424/7756/4200 4161/9041/4204 4160/7762/4204
f 4417/7764/4205 4426/9042/4206 4427/7765/4206
f 4422/7766/4205 4410/7755/4199 4418/7754/4199
f 4153/7767/3956 4161/9043/3956 4424/7768/4207
f 4254/7740/4193 4418/7742/4193 4413/7733/4190
f 3998/7771/3957 4259/7778/4208 4425/7772/4208
f 4412/7774/4209 4411/7769/4207 4424/7768/4207
f 4421/7776/4210 4420/7751/4197 4422/7750/4197
f 4371/7745/4195 4419/7746/4195 4425/7772/4208
f 4258/7779/4211 4426/8194/4211 4417/7741/4194
f 4412/7774/4209 4423/7775/4209 4416/7781/4192
f 4429/7782/4212 4430/7788/4212 4431/7783/4212
f 4433/7785/4212 4434/7789/4213 4435/7786/4212
f 4430/7788/4212 4433/7785/4212 4432/7787/4212
f 4434/7789/4213 4436/7798/4214 4437/7790/4213
f 4428/7784/4212 12/8008/3 4438/7791/4212
f 4439/7792/4212 4440/7794/4212 4430/7788/4212
f 4441/7793/4212 4442/7797/4212 4434/7789/4213
f 4440/7794/4212 4441/7793/4212 4433/7785/4212
f 4444/7795/4212 4445/7799/4212 4438/7791/4212
f 4442/7797/4212 4446/9044/4212 4436/7798/4214
f 4445/7799/4212 4439/7792/4212 4429/7782/4212
f 4447/7800/4215 4448/7928/4288 4449/7801/4216
f 4451/7803/4218 4452/7809/4222 4453/7804/4219
f 4455/7806/4221 4447/7800/4215 30/7807/11
f 4452/7809/4222 4448/7818/4229 4456/7810/4223
f 4457/7811/4224 4458/7814/4224 4202/7338/3979
f 4459/7813/4225 4460/8071/4363 4458/7814/4224
f 4461/7815/4226 4462/8072/4364 4463/7816/4227
f 4448/7818/4229 4447/9045/4626 4465/7819/4230
f 4464/7817/4228 4463/7816/4227 4466/7820/4231
f 4468/7822/4233 4216/7351/3989 4215/7350/3989
f 4469/7823/4233 4470/9046/4627 4471/7824/4234
f 4473/7825/4235 54/9047/4235 53/7826/4235
f 4224/7358/3992 4474/7838/2161 4475/7828/2161
f 4469/7829/2149 4215/9001/3993 4202/7360/3993
f 4470/7831/2056 4469/7829/2149 4458/7830/2149
f 4462/7833/4236 4470/7831/2056 4460/7832/2056
f 4477/7835/2055 4478/8016/2054 4479/7836/2054
f 4474/7838/2161 4480/8074/2081 4481/7839/2081
f 4482/7840/4237 4483/9048/4238 4480/7841/4238
f 4474/7842/4237 4224/7376/3996 4233/7375/3996
f 4484/7843/4239 69/9049/43 54/7844/43
f 4485/7846/4240 4486/8011/4241 4478/7847/4241
f 4487/7849/4242 4488/8075/4243 4489/7850/4243
f 4487/7849/4242 4490/7851/4242 4242/7386/4002
f 82/7853/4244 81/9050/4244 4492/7854/4244
f 4494/7856/4245 4495/8010/4245 4496/7857/4246
f 4498/7859/4247 4499/7998/4248 4500/7860/4248
f 4502/7862/4249 4503/8076/4250 4504/7863/4250
f 4501/7864/4249 4258/7400/4010 4257/7865/4010
f 4505/7866/4251 4506/8022/4251 99/7867/4252
f 4507/7869/4253 4497/9051/4253 4500/7870/4254
f 4489/7872/2056 4509/8077/2056 4510/7873/2149
f 4510/7873/2149 4265/9006/3993 4242/7410/3993
f 81/7875/4255 107/9052/4255 4511/7876/4255
f 4495/7878/2058 4512/8004/2058 4513/7879/4236
f 4514/7881/4256 4515/8200/4342 4516/7882/4257
f 4518/7884/4258 4519/7888/4258 4520/7885/4259
f 4522/7887/4260 4523/8140/4260 4519/7888/4258
f 4524/7889/4261 4518/7893/4261 4521/7890/4262
f 4526/7892/4263 4522/9053/4263 4518/7893/4261
f 4528/7894/4264 4529/9054/4265 4530/7895/4265
f 4532/7897/4266 4533/8025/4331 4506/7898/4267
f 4257/7435/4028 4290/7712/4028 4534/7900/4269
f 4535/7902/4270 4536/9055/4271 4503/7903/4271
f 4537/7904/4272 4461/9056/4628 4464/7905/4273
f 4296/7443/3993 4216/9010/3993 4468/7907/2149
f 4468/7907/2149 4471/8079/4275 4540/7909/4275
f 4541/7910/4276 4542/9057/4629 4529/7911/4277
f 4544/7913/4279 4459/8080/4279 4457/7914/2149
f 4457/7914/2149 4201/9011/3993 4302/7452/3993
f 4451/7918/4282 4545/9058/4630 4547/7916/4280
f 4545/9058/4630 4546/9059/4286 4547/7916/4280
f 4549/7919/2161 4307/9013/3992 4306/7456/3992
f 4550/7921/2081 4551/8078/2081 4549/7919/2161
f 4552/7922/4283 4553/8209/4431 155/7923/4284
f 4554/7925/4285 4555/9060/4339 4546/7926/4286
f 4452/7917/4281 4547/9061/4280 4449/7801/4216
f 4543/7929/4289 4302/9016/4049 4317/7467/4049
f 4557/7931/4291 4544/8081/4365 4543/7929/4289
f 4558/7932/4292 4539/7935/4295 4540/7933/4293
f 4558/7932/4292 4321/7475/4057 4296/7474/4056
f 4446/7936/4296 4464/7905/4273 4467/7937/4297
f 4455/7806/4221 4437/8126/4393 4436/7938/4298
f 4560/7939/4299 4537/9062/4631 4538/7940/4300
f 4562/7942/4302 4563/9063/4632 4542/7943/4303
f 4519/7945/4305 4328/7486/4068 4327/7946/4068
f 4564/7947/4305 4565/8082/4306 4520/7948/4306
f 4567/7949/2161 4568/8083/2081 4569/7950/2081
f 4571/7952/2055 4572/7991/2054 4573/7953/2054
f 4340/7497/4070 4574/9064/4307 4567/7955/4307
f 4338/7498/3992 4567/7949/2161 4566/7951/2161
f 4575/7956/4235 4576/9065/4235 187/7957/4235
f 4577/7959/4308 4578/7981/4309 4481/7960/4309
f 4579/7962/2161 4578/8084/2081 4580/7963/2081
f 4577/7965/2055 4582/7989/2054 4583/7966/2054
f 4351/7512/3992 4579/7962/2161 4574/7964/2161
f 4585/7968/4235 199/9066/4235 198/7969/4235
f 4475/7971/4310 4579/9067/4310 4351/7972/4074
f 4584/7973/4311 198/9068/125 187/7974/125
f 4567/7955/4307 4574/9064/4307 4580/7976/4312
f 4585/7978/4313 4586/7982/4314 4587/7979/4314
f 4578/7981/4309 4579/9067/4310 4475/7971/4310
f 4586/7982/4314 4582/9069/4315 4479/7983/4315
f 4581/7984/4316 4583/9070/4317 4572/7985/4317
f 4572/7985/4317 4583/9070/4317 4588/7987/4318
f 4582/7989/2054 4586/8019/2053 4588/7990/2053
f 4572/7991/2054 4589/8020/2053 4590/7992/2053
f 4542/7943/4303 4563/9063/4632 4591/7993/4319
f 4561/7941/4301 4538/7940/4300 4593/7995/4320
f 4538/7906/4274 4464/7905/4273 4446/7936/4296
f 4499/7998/4248 4532/7897/4266 4531/7899/4268
f 4530/7895/4265 4529/9054/4265 4595/7999/4323
f 4529/7911/4277 4542/9057/4629 4592/8001/4325
f 4597/8003/2050 4598/8021/2050 4512/8004/2058
f 4508/7871/4254 4500/7870/4254 4531/8005/4327
f 215/8007/3 4443/7796/4212 4438/7791/4212
f 4600/8009/4328 4597/8023/4328 4495/8010/4245
f 4486/8011/4241 4601/9071/4633 4602/8012/4329
f 4466/8013/4330 4463/8073/2058 4453/8014/2058
f 4478/8016/2054 4602/8024/2053 4587/8017/2053
f 53/8018/148 199/9072/148 4585/7978/4313
f 4589/7988/4318 4588/7987/4318 4584/7973/4311
f 4586/8019/2053 4585/7968/4235 4584/7970/4235
f 4589/8020/2053 4576/9065/4235 4575/7956/4235
f 4492/7877/4255 4511/7876/4255 4598/8021/2050
f 4599/8006/4327 4531/8005/4327 4506/8022/4251
f 4600/8009/4328 4491/7855/4244 4492/7854/4244
f 4602/8012/4329 4601/9071/4633 4484/7843/4239
f 4602/8024/2053 4473/7825/4235 4472/7827/4235
f 4533/8025/4331 219/9073/4267 99/8026/4331
f 4604/8028/4333 4605/8044/4345 4450/8029/4334
f 4606/8031/4336 4604/8028/4333 4449/8030/4335
f 30/7807/11 4447/7800/4215 4450/7802/4217
f 4555/8034/4339 4606/8041/4343 4547/8035/4280
f 4607/8037/4340 4608/9074/4634 4609/8038/4341
f 4516/8040/4257 4515/9075/4342 4606/8041/4343
f 4515/8042/4344 4609/8208/4430 4604/8028/4333
f 154/8043/165 228/9076/517 4605/8044/4345
f 4549/8046/4347 4551/8085/4366 4557/8047/4348
f 4556/8048/4349 4317/7606/4117 4307/8049/4117
f 4517/8050/4350 4516/9077/4257 4555/8051/4339
f 4590/8053/4352 4575/8061/4353 4491/8054/4353
f 4590/8053/4352 4600/8055/4352 4494/8056/4354
f 4573/8057/4354 4494/8056/4354 4493/8058/4355
f 186/8060/179 82/9078/179 4491/8054/4353
f 4566/8062/4356 4487/8065/4356 4241/7619/4126
f 4566/8062/4356 4569/8086/4357 4488/8064/4357
f 4465/8066/4358 4447/9079/4635 4455/8067/4359
f 4465/8069/4361 4610/9080/4361 4466/8013/4330
f 4610/8070/4362 4455/9081/4362 4467/7821/4232
f 4459/7813/4225 4451/7803/4218 4454/7805/4220
f 4471/7824/4234 4470/9046/4627 4462/8072/4364
f 4463/8073/2058 4462/7833/4236 4454/7834/4236
f 4480/8074/2081 4477/7835/2055 4476/7837/2055
f 4480/7841/4238 4483/9048/4238 4485/7846/4240
f 4488/8075/4243 4493/7858/4246 4496/7857/4246
f 4503/7903/4271 4536/9055/4271 4498/7859/4247
f 4503/8076/4250 4497/9051/4253 4507/7869/4253
f 4496/7880/4236 4513/7879/4236 4509/8077/2056
f 4514/7881/4256 4517/7883/4256 4551/8078/2081
f 4525/7891/4262 4521/7890/4262 4528/7894/4264
f 4471/8079/4275 4461/9056/4628 4537/7904/4272
f 4521/7886/4259 4520/7885/4259 4541/7910/4276
f 4544/7913/4279 4545/9058/4630 4451/7918/4282
f 4554/7925/4285 4545/7927/4287 4544/8081/4365
f 4540/7933/4293 4537/9062/4631 4560/7939/4299
f 4565/8082/4306 4562/7942/4302 4541/7944/4304
f 4568/8083/2081 4571/7952/2055 4570/7954/2055
f 4479/7983/4315 4582/9069/4315 4577/7959/4308
f 4578/8084/2081 4577/7965/2055 4581/7967/2055
f 4568/7977/4312 4580/7976/4312 4581/7984/4316
f 4551/8085/4366 4517/8050/4350 4554/8052/4351
f 4569/8086/4357 4570/8059/4355 4493/8058/4355
f 4611/8087/4367 4612/8093/4373 4562/8088/4368
f 4563/8090/4370 4613/8096/4376 4614/8091/4371
f 4612/8093/4373 4613/8096/4376 4563/8090/4370
f 4564/8094/4374 4327/7658/4149 4388/7657/4148
f 4615/8095/4375 4611/8087/4367 4565/8089/4369
f 4559/7934/4294 4560/7939/4299 4612/8093/4373
f 4613/8096/4376 4561/7941/4301 4594/7996/4321
f 4560/7939/4299 4561/7941/4301 4613/8096/4376
f 4615/8095/4375 4388/7657/4148 4321/7475/4057
f 4615/8095/4375 4558/7932/4292 4559/7934/4294
f 4435/7786/4212 4437/7790/4213 237/8097/3
f 4536/8099/4262 4616/8113/4262 4617/8100/4264
f 4444/8102/4377 4618/9082/4395 4619/8103/4378
f 4532/8105/4324 4620/8109/4382 4619/8106/4380
f 4499/8108/4265 4621/8134/4265 4620/8109/4382
f 4617/8100/4264 4621/8134/4265 4499/8108/4265
f 4622/8110/4383 4623/8135/4383 4624/8111/4261
f 4535/8112/4261 4624/8111/4261 4616/8113/4262
f 4428/7784/4212 4431/7783/4212 248/8115/3
f 4431/7783/4212 4432/7787/4212 249/8116/3
f 4432/7787/4212 4435/7786/4212 236/8098/3
f 4441/8117/4384 4614/8123/4390 4594/8118/4385
f 4592/8120/4387 4591/9083/4636 4440/8121/4388
f 4440/8121/4388 4591/9083/4636 4614/8123/4390
f 4594/8118/4385 4593/9084/4391 4446/8124/4391
f 4445/8125/4392 4595/8132/4397 4592/8120/4387
f 29/7808/13 237/9085/224 4437/8126/4393
f 251/8127/4394 4625/9086/4394 4619/8128/4378
f 4533/8107/4381 4619/8106/4380 4625/8130/4396
f 4445/8125/4392 4444/8102/4377 4603/8104/4379
f 4616/8113/4262 4525/7891/4262 4527/7896/4264
f 4620/8109/4382 4596/8000/4324 4603/8027/4332
f 251/8133/3 4618/8136/4398 4443/7796/4212
f 4621/8134/4265 4530/7895/4265 4596/8000/4324
f 4527/7896/4264 4530/7895/4265 4621/8134/4265
f 4623/8135/4383 4526/7892/4263 4524/7889/4261
f 4624/8111/4261 4524/7889/4261 4525/7891/4262
f 4401/7706/4176 4400/7707/4176 4623/8135/4383
f 4400/7707/4176 4402/9037/4176 4526/7892/4263
f 4523/8140/4260 4403/7710/4177 4328/7709/4177
f 4401/7711/4028 4622/8141/4269 4534/7900/4269
f 4622/8141/4269 4535/7902/4270 4502/7901/4270
f 4523/8142/3992 4627/9087/3992 4404/7715/3992
f 4406/7717/4178 4404/7719/4180 4627/8144/4402
f 4626/8138/4400 4627/9088/4404 4523/8146/4404
f 4402/7721/4182 4406/7717/4178 4626/8145/4403
f 4628/8148/4406 4629/8163/4253 4485/8149/4253
f 4628/8151/4407 4630/8174/4407 4631/8152/4408
f 4632/8154/4409 4633/9089/4252 4484/8155/4252
f 4508/8157/4410 4634/9090/4410 4635/8158/4411
f 4636/8160/4412 4632/8154/4409 4601/8156/4409
f 4631/8152/4408 4637/9091/4413 4636/8162/4413
f 4629/8163/4253 4636/8160/4412 4486/8161/4412
f 4504/8164/4414 4638/9092/4414 4639/8165/4415
f 4484/8155/4252 4633/9089/4252 272/8167/4416
f 4640/8169/4417 4634/9090/4410 4508/8157/4410
f 4233/7749/4196 4421/7748/4196 4641/8171/4249
f 4641/8173/4418 4642/9093/4418 4630/8174/4407
f 4641/8171/4249 4628/8148/4406 4483/8150/4406
f 4638/8175/4419 4635/9094/4637 4631/8176/4420
f 4640/8178/4421 4644/9095/4422 4645/8179/4422
f 4637/8181/4423 4634/8182/4423 4640/8178/4421
f 4631/8176/4420 4635/9094/4637 4634/8182/4423
f 4645/8179/4422 4644/9095/4422 281/8183/4422
f 4427/7765/4206 4426/9042/4206 4639/8185/4424
f 4639/8185/4424 4638/8175/4419 4630/8177/4419
f 4645/8187/4425 280/9096/266 272/8188/266
f 4635/8158/4411 4638/9092/4414 4504/8164/4414
f 98/8190/268 281/9097/268 4644/8191/4427
f 4632/8193/4428 4643/8195/4428 4645/8187/4425
f 4427/7777/4210 4642/9093/4418 4641/8173/4418
f 4644/8191/4427 4640/8169/4417 4599/8170/4417
f 4501/8166/4415 4639/8165/4415 4426/8194/4211
f 4636/8162/4413 4637/9091/4413 4643/8195/4428
f 4647/8196/4256 4514/7881/4256 4550/7921/2081
f 4646/8197/2081 4550/7921/2081 4548/7920/2161
f 4548/7920/2161 4306/7456/3992 4650/8202/3992
f 4647/8196/4256 4648/8198/4429 4515/8200/4342
f 4310/7459/1828 4269/7417/1804 4652/8203/1804
f 4272/7419/1803 4366/7546/4089 4381/8205/4089
f 4305/7458/1905 4310/7459/1828 4651/8204/1828
f 4650/8202/3992 4306/7456/3992 4305/7458/1905
f 4652/8203/1804 4269/7417/1804 4272/7419/1803
f 4609/8208/4430 4552/8045/4346 4605/8044/4345
f 4609/8038/4341 4608/9074/4634 4553/8209/4431
f 4379/7597/4110 4376/7582/4102 4377/7584/4104
f 4379/8210/4432 4311/7460/4042 4312/7462/4044
f 4377/7584/4104 4191/7583/4103 4112/8211/3964
f 4605/8044/4345 228/9076/517 224/8213/516
