# Blender 5.2.0 LTS
# www.blender.org
mtllib stargate_movie_ring.mtl
o ring
v -1.148668 2.188615 0.050702
v -1.177948 2.172997 0.050702
v -1.207014 2.156986 0.050702
v -1.235863 2.140588 0.050702
v -1.264490 2.123803 0.050702
v -1.292889 2.106636 0.050702
v -0.999274 2.260736 0.050702
v -1.029535 2.247116 0.050702
v -1.059610 2.233092 0.050702
v -1.089494 2.218665 0.050702
v -1.119182 2.203839 0.050702
v -1.301030 2.400051 0.086133
v -1.268691 2.417301 0.086133
v -1.333134 2.382367 0.086133
v -1.364998 2.364256 0.086133
v -1.396615 2.345717 0.086133
v -1.427981 2.326756 0.086133
v -1.103687 2.496957 0.086133
v -1.137110 2.481915 0.086133
v -1.170328 2.466426 0.086133
v -1.203334 2.450491 0.086133
v -1.236125 2.434115 0.086133
v -1.306971 2.097862 0.050702
v -0.953526 2.280348 0.050702
v -0.984054 2.267342 0.050702
v -1.443535 2.317065 0.086133
v -1.053158 2.518619 0.086133
v -1.086877 2.504254 0.086133
v -0.982590 2.267977 0.050702
v -1.085260 2.504955 0.086133
v -0.954609 2.279895 0.050702
v -1.054355 2.518119 0.086133
v -0.970709 2.273057 0.050702
v -1.072137 2.510567 0.086133
v -0.966893 2.274683 0.050702
v -1.067922 2.512362 0.086133
v -0.958307 2.278342 0.050702
v -1.058439 2.516403 0.086133
v -0.978818 2.269603 0.050702
v -1.081093 2.506751 0.086133
v -0.954876 2.280520 0.045749
v -0.953792 2.280973 0.045749
v -1.054622 2.518744 0.081179
v -1.053425 2.519244 0.081179
v -0.984320 2.267967 0.045749
v -1.087143 2.504879 0.081179
v -0.982856 2.268602 0.045749
v -1.085526 2.505581 0.081179
v -0.979084 2.270228 0.045749
v -0.970975 2.273683 0.045749
v -1.081360 2.507376 0.081179
v -1.072403 2.511192 0.081179
v -0.967159 2.275309 0.045749
v -1.068188 2.512988 0.081179
v -0.958573 2.278967 0.045749
v -1.058705 2.517028 0.081179
v -0.782715 2.344532 0.050702
v -0.814120 2.333813 0.050702
v -0.845379 2.322673 0.050702
v -0.876485 2.311114 0.050702
v -0.907433 2.299139 0.050702
v -0.938218 2.286749 0.050702
v -0.623686 2.391754 0.050702
v -0.655740 2.383166 0.050702
v -0.687675 2.374148 0.050702
v -0.719487 2.364701 0.050702
v -0.751169 2.354829 0.050702
v -0.899187 2.577671 0.086133
v -0.864500 2.589510 0.086133
v -0.933712 2.565366 0.086133
v -0.968068 2.552600 0.086133
v -1.002250 2.539373 0.086133
v -1.036251 2.525689 0.086133
v -0.688855 2.641666 0.086133
v -0.724258 2.632180 0.086133
v -0.759530 2.622220 0.086133
v -0.794665 2.611786 0.086133
v -0.829657 2.600883 0.086133
v -0.953526 2.280348 0.050702
v -0.575384 2.403774 0.050702
v -0.607603 2.395833 0.050702
v -1.053158 2.518620 0.086133
v -0.635505 2.654942 0.086133
v -0.671091 2.646172 0.086133
v -0.606056 2.396225 0.050702
v -0.669383 2.646605 0.086133
v -0.576526 2.403501 0.050702
v -0.636767 2.654640 0.086133
v -0.593514 2.399335 0.050702
v -0.655530 2.650038 0.086133
v -0.589487 2.400327 0.050702
v -0.651081 2.651135 0.086133
v -0.580425 2.402561 0.050702
v -0.641073 2.653602 0.086133
v -0.602072 2.397225 0.050702
v -0.664982 2.647709 0.086133
v -0.576689 2.404161 0.045749
v -0.575547 2.404434 0.045749
v -0.636929 2.655300 0.081179
v -0.635668 2.655602 0.081179
v -0.607766 2.396493 0.045749
v -0.671254 2.646831 0.081179
v -0.606219 2.396885 0.045749
v -0.669545 2.647265 0.081179
v -0.602235 2.397885 0.045749
v -0.593677 2.399994 0.045749
v -0.665145 2.648369 0.081179
v -0.655692 2.650698 0.081179
v -0.589649 2.400987 0.045749
v -0.651244 2.651794 0.081179
v -0.580588 2.403221 0.045749
v -0.641235 2.654261 0.081179
v -0.396490 2.439727 0.050702
v -0.429208 2.434185 0.050702
v -0.461848 2.428203 0.050702
v -0.494406 2.421784 0.050702
v -0.526874 2.414928 0.050702
v -0.559248 2.407637 0.050702
v -0.231945 2.460828 0.050702
v -0.264962 2.457493 0.050702
v -0.297930 2.453714 0.050702
v -0.330845 2.449493 0.050702
v -0.363700 2.444831 0.050702
v -0.474055 2.688530 0.086133
v -0.437918 2.694652 0.086133
v -0.510107 2.681923 0.086133
v -0.546066 2.674833 0.086133
v -0.581927 2.667261 0.086133
v -0.617683 2.659208 0.086133
v -0.256181 2.717957 0.086133
v -0.292647 2.714273 0.086133
v -0.329060 2.710100 0.086133
v -0.365414 2.705438 0.086133
v -0.401703 2.700288 0.086133
v -0.375863 2.507288 0.059425
v -0.182340 2.464944 0.050702
v -0.215416 2.462274 0.050702
v -0.635505 2.654943 0.086133
v -0.201393 2.722503 0.086133
v -0.237925 2.719555 0.086133
v -0.213826 2.462413 0.050702
v -0.236169 2.719708 0.086133
v -0.183512 2.464858 0.050702
v -0.202687 2.722408 0.086133
v -0.200948 2.463470 0.050702
v -0.221945 2.720875 0.086133
v -0.196814 2.463804 0.050702
v -0.217378 2.721244 0.086133
v -0.187511 2.464555 0.050702
v -0.207104 2.722073 0.086133
v -0.209734 2.462761 0.050702
v -0.231648 2.720092 0.086133
v -0.183566 2.465535 0.045749
v -0.182395 2.465621 0.045749
v -0.202741 2.723085 0.081179
v -0.201448 2.723181 0.081179
v -0.215471 2.462952 0.045749
v -0.237980 2.720232 0.081179
v -0.213881 2.463091 0.045749
v -0.236224 2.720386 0.081179
v -0.209788 2.463439 0.045749
v -0.201003 2.464148 0.045749
v -0.231703 2.720770 0.081179
v -0.221999 2.721553 0.081179
v -0.196868 2.464481 0.045749
v -0.217433 2.721921 0.081179
v -0.187565 2.465232 0.045749
v -0.207158 2.722751 0.081179
v -1.234397 2.310377 0.065978
v -1.221318 2.324383 0.066848
v -1.213231 2.307001 0.064213
v -1.223226 2.302240 0.064272
v -1.212707 2.300218 0.063354
v -1.204887 2.286044 0.061127
v -1.207455 2.272908 0.059691
v -1.201476 2.277806 0.059906
v -1.204481 2.255664 0.057401
v -1.194312 2.261226 0.057428
v -1.165088 2.258705 0.055253
v -1.157322 2.247579 0.053401
v -1.152652 2.275128 0.056458
v -1.166382 2.266706 0.056310
v -1.195000 2.268694 0.058382
v -0.862540 2.476300 0.066336
v -0.870896 2.439749 0.061931
v -0.853479 2.445290 0.061895
v -0.850477 2.441919 0.061324
v -0.843654 2.439160 0.060667
v -0.833627 2.435803 0.059792
v -0.822500 2.434533 0.059142
v -0.792565 2.444393 0.059125
v -0.773865 2.436342 0.057259
v -0.785003 2.470522 0.062205
v -0.798766 2.454829 0.060756
v -0.815599 2.448135 0.060616
v -0.823762 2.448112 0.060969
v -0.833402 2.450869 0.061748
v -0.843245 2.454230 0.062616
v -0.850308 2.457396 0.063337
v -0.515156 2.557678 0.064304
v -0.500586 2.516330 0.058368
v -0.463806 2.522252 0.058360
v -0.451322 2.543634 0.060988
v -0.389505 2.524565 0.057035
v -0.376118 2.507913 0.054478
v -0.367893 2.534241 0.057872
v -0.386670 2.530679 0.057802
v -0.446399 2.551589 0.061960
v -0.452259 2.590488 0.067371
v -0.439042 2.580705 0.065751
v -0.419412 2.570095 0.063877
v -0.397154 2.561467 0.062214
v -0.372031 2.553151 0.060531
v -0.345293 2.545778 0.058940
v -0.326244 2.542181 0.058031
v -0.307064 2.523795 0.055111
v -0.307374 2.564097 0.060590
v -0.323725 2.551302 0.059214
v -0.349701 2.556658 0.060514
v -0.376909 2.565493 0.062314
v -0.402765 2.575639 0.064262
v -0.421141 2.584812 0.065913
v -0.437682 2.595104 0.067676
v -0.449841 2.606416 0.069480
v -0.461194 2.620152 0.071596
v -0.468477 2.601092 0.069168
v -0.471780 2.575588 0.065778
v -0.462362 2.541905 0.060997
v -0.472897 2.538257 0.060734
v -0.490803 2.541083 0.061513
v -0.502766 2.546971 0.062577
v -1.152397 2.274503 0.061411
v -1.153066 2.270561 0.060968
v -1.154434 2.273254 0.061383
v -1.157067 2.246955 0.058343
v -1.164834 2.258081 0.060188
v -1.166128 2.266082 0.061244
v -1.186091 2.259918 0.061749
v -1.190206 2.267758 0.062964
v -1.204227 2.255042 0.062330
v -1.222973 2.301620 0.069179
v -1.202760 2.265860 0.063545
v -1.207202 2.272287 0.064610
v -1.205886 2.279016 0.065339
v -1.223280 2.308025 0.069974
v -1.212979 2.306382 0.069110
v -1.221067 2.323766 0.071736
v -1.194059 2.260605 0.062347
v -1.194747 2.268073 0.063295
v -1.201223 2.277185 0.064817
v -1.204634 2.285424 0.066034
v -1.212455 2.299599 0.068255
v -1.234144 2.309757 0.070885
v -0.777506 2.437395 0.062592
v -0.773611 2.435717 0.062213
v -0.784749 2.469898 0.067144
v -0.787041 2.467286 0.066896
v -0.798513 2.454208 0.065678
v -0.792311 2.443771 0.064053
v -0.813515 2.436790 0.064045
v -0.815347 2.447515 0.065522
v -0.817094 2.447510 0.065596
v -0.833373 2.435180 0.064717
v -0.833149 2.450249 0.066663
v -0.822247 2.433912 0.064059
v -0.823509 2.447492 0.065878
v -0.850223 2.441296 0.066257
v -0.852510 2.443864 0.066692
v -0.862286 2.475678 0.071256
v -0.862810 2.473389 0.070982
v -0.843400 2.438537 0.065597
v -0.842992 2.453609 0.067535
v -0.850055 2.456774 0.068259
v -0.853225 2.444667 0.066829
v -0.870640 2.439120 0.066914
v -0.349442 2.556024 0.065531
v -0.345113 2.555130 0.065326
v -0.345034 2.545142 0.063968
v -0.343731 2.544895 0.063909
v -0.373918 2.513515 0.060229
v -0.367637 2.533614 0.062838
v -0.376654 2.531907 0.062779
v -0.371776 2.552525 0.065486
v -0.376654 2.564868 0.067256
v -0.381861 2.566913 0.067635
v -0.380133 2.555294 0.066023
v -0.389251 2.523942 0.061965
v -0.386416 2.530056 0.062734
v -0.396901 2.560846 0.067129
v -0.411280 2.530740 0.063352
v -0.412663 2.539247 0.064534
v -0.402513 2.575019 0.069169
v -0.417469 2.568821 0.068645
v -0.419886 2.583694 0.070712
v -0.420889 2.584194 0.070802
v -0.419160 2.569477 0.068772
v -0.448243 2.542139 0.065741
v -0.452006 2.589867 0.072283
v -0.461590 2.617836 0.076285
v -0.446146 2.550966 0.066887
v -0.437430 2.594486 0.072573
v -0.438789 2.580086 0.070657
v -0.449588 2.605797 0.074382
v -0.460942 2.619533 0.076500
v -0.463549 2.521622 0.063350
v -0.462106 2.541277 0.065967
v -0.451068 2.543010 0.065928
v -0.468223 2.600468 0.074106
v -0.472640 2.537625 0.065735
v -0.479138 2.519106 0.063396
v -0.482970 2.539253 0.066210
v -0.471524 2.574961 0.070745
v -0.490543 2.540444 0.066571
v -0.500322 2.515682 0.063498
v -0.514891 2.557027 0.069449
v -0.502503 2.546327 0.067680
v -0.306826 2.526983 0.060828
v -0.307106 2.563439 0.065801
v -0.310894 2.560480 0.065457
v -0.325981 2.541536 0.063142
v -0.306797 2.523139 0.060304
v -0.323461 2.550655 0.064339
v 0.396494 2.439727 0.050702
v 0.363705 2.444830 0.050702
v 0.330849 2.449492 0.050702
v 0.297935 2.453713 0.050702
v 0.264966 2.457492 0.050702
v 0.231950 2.460828 0.050702
v 0.559252 2.407636 0.050702
v 0.526879 2.414927 0.050702
v 0.494410 2.421783 0.050702
v 0.461853 2.428202 0.050702
v 0.429212 2.434184 0.050702
v 0.401708 2.700288 0.086133
v 0.437923 2.694651 0.086133
v 0.365420 2.705437 0.086133
v 0.329066 2.710099 0.086133
v 0.292652 2.714272 0.086133
v 0.256186 2.717957 0.086133
v 0.617688 2.659207 0.086133
v 0.581932 2.667260 0.086133
v 0.546071 2.674832 0.086133
v 0.510112 2.681922 0.086133
v 0.474060 2.688529 0.086133
v 0.215421 2.462274 0.050702
v 0.607608 2.395832 0.050702
v 0.575389 2.403774 0.050702
v 0.237930 2.719554 0.086133
v 0.671096 2.646170 0.086133
v 0.635510 2.654942 0.086133
v 0.576941 2.403402 0.050702
v 0.637225 2.654531 0.086133
v 0.606469 2.396121 0.050702
v 0.669839 2.646489 0.086133
v 0.589491 2.400326 0.050702
v 0.651086 2.651134 0.086133
v 0.593519 2.399333 0.050702
v 0.655535 2.650037 0.086133
v 0.602580 2.397100 0.050702
v 0.665543 2.647570 0.086133
v 0.580933 2.402436 0.050702
v 0.641634 2.653464 0.086133
v 0.606632 2.396781 0.045749
v 0.607771 2.396492 0.045749
v 0.670001 2.647148 0.081179
v 0.671259 2.646830 0.081179
v 0.575551 2.404433 0.045749
v 0.635673 2.655601 0.081179
v 0.577103 2.404062 0.045749
v 0.637387 2.655191 0.081179
v 0.581096 2.403096 0.045749
v 0.589654 2.400986 0.045749
v 0.641797 2.654124 0.081179
v 0.651249 2.651794 0.081179
v 0.593681 2.399994 0.045749
v 0.655697 2.650697 0.081179
v 0.602743 2.397760 0.045749
v 0.665706 2.648230 0.081179
v 0.782719 2.344531 0.050702
v 0.751173 2.354827 0.050702
v 0.719491 2.364700 0.050702
v 0.687680 2.374146 0.050702
v 0.655744 2.383164 0.050702
v 0.623691 2.391753 0.050702
v 0.788502 2.507619 0.067070
v 0.713595 2.537919 0.067761
v 0.938222 2.286747 0.050702
v 0.907437 2.299137 0.050702
v 0.876489 2.311112 0.050702
v 0.845383 2.322671 0.050702
v 0.814125 2.333812 0.050702
v 0.829662 2.600881 0.086133
v 0.864505 2.589508 0.086133
v 0.794670 2.611785 0.086133
v 0.759535 2.622218 0.086133
v 0.724262 2.632179 0.086133
v 0.688860 2.641665 0.086133
v 0.695153 2.531507 0.066121
v 0.708210 2.565398 0.071112
v 1.036256 2.525687 0.086133
v 1.002255 2.539371 0.086133
v 0.968073 2.552598 0.086133
v 0.933716 2.565365 0.086133
v 0.899192 2.577669 0.086133
v 0.984058 2.267340 0.050702
v 0.953530 2.280347 0.050702
v 0.671096 2.646170 0.086133
v 1.086881 2.504251 0.086133
v 1.053163 2.518617 0.086133
v 0.955002 2.279731 0.050702
v 1.054790 2.517937 0.086133
v 0.982981 2.267807 0.050702
v 1.085691 2.504768 0.086133
v 0.966897 2.274682 0.050702
v 1.067927 2.512360 0.086133
v 0.970713 2.273056 0.050702
v 1.072142 2.510565 0.086133
v 0.979299 2.269397 0.050702
v 1.081625 2.506524 0.086133
v 0.958788 2.278136 0.050702
v 1.058970 2.516176 0.086133
v 0.983247 2.268432 0.045749
v 0.984324 2.267965 0.045749
v 1.085957 2.505393 0.081179
v 1.087147 2.504876 0.081179
v 0.953796 2.280972 0.045749
v 1.053430 2.519242 0.081179
v 0.955269 2.280356 0.045749
v 1.055056 2.518563 0.081179
v 0.959054 2.278762 0.045749
v 0.967163 2.275307 0.045749
v 1.059237 2.516802 0.081179
v 1.068193 2.512986 0.081179
v 0.970979 2.273681 0.045749
v 1.072408 2.511190 0.081179
v 0.979565 2.270023 0.045749
v 1.081891 2.507149 0.081179
v 1.148672 2.188612 0.050702
v 1.119186 2.203836 0.050702
v 1.089498 2.218663 0.050702
v 1.059614 2.233090 0.050702
v 1.029539 2.247114 0.050702
v 0.999278 2.260733 0.050702
v 1.188939 2.315455 0.062958
v 1.180938 2.311018 0.061906
v 1.292892 2.106633 0.050702
v 1.264494 2.123801 0.050702
v 1.235868 2.140585 0.050702
v 1.207018 2.156984 0.050702
v 1.177952 2.172994 0.050702
v 1.236129 2.434113 0.086133
v 1.268696 2.417298 0.086133
v 1.203339 2.450489 0.086133
v 1.170332 2.466424 0.086133
v 1.137115 2.481913 0.086133
v 1.103692 2.496955 0.086133
v 1.165850 2.317055 0.061677
v 1.201171 2.341121 0.066866
v 1.427985 2.326753 0.086133
v 1.396619 2.345714 0.086133
v 1.365002 2.364253 0.086133
v 1.333138 2.382365 0.086133
v 1.301035 2.400048 0.086133
v 1.335021 2.080124 0.050702
v 1.306975 2.097859 0.050702
v 1.086881 2.504251 0.086133
v 1.474517 2.297474 0.086133
v 1.443540 2.317063 0.086133
v 1.308329 2.097015 0.050702
v 1.445036 2.316131 0.086133
v 1.334033 2.080758 0.050702
v 1.473425 2.298174 0.086133
v 1.319260 2.090124 0.050702
v 1.457108 2.308518 0.086133
v 1.322766 2.087907 0.050702
v 1.460981 2.306070 0.086133
v 1.330654 2.082919 0.050702
v 1.469693 2.300560 0.086133
v 1.311811 2.094834 0.050702
v 1.448880 2.313722 0.086133
v 1.334396 2.081333 0.045749
v 1.335385 2.080698 0.045749
v 1.473788 2.298749 0.081179
v 1.474880 2.298048 0.081179
v 1.307338 2.098434 0.045749
v 1.443903 2.317637 0.081179
v 1.308693 2.097590 0.045749
v 1.445399 2.316705 0.081179
v 1.312174 2.095409 0.045749
v 1.319623 2.090698 0.045749
v 1.449244 2.314296 0.081179
v 1.457472 2.309093 0.081179
v 1.323129 2.088481 0.045749
v 1.461344 2.306644 0.081179
v 1.331017 2.083493 0.045749
v 1.470056 2.301135 0.081179
v 0.412583 2.494053 0.052331
v 0.440884 2.489212 0.052616
v 0.404141 2.595465 0.065563
v 0.386845 2.546713 0.058501
v 0.373357 2.536235 0.056662
v 0.366989 2.511109 0.053106
v 0.358269 2.503344 0.051786
v 0.433343 2.500637 0.053890
v 0.437640 2.520985 0.056742
v 0.425231 2.537135 0.058485
v 0.456434 2.577805 0.064927
v 0.381348 2.499953 0.052092
v 0.382239 2.499243 0.052026
v 0.425455 2.523890 0.056728
v 0.420617 2.532611 0.057731
v 0.426568 2.514009 0.055449
v 0.423786 2.504475 0.054088
v 0.417532 2.496738 0.052852
v 0.376510 2.508676 0.053095
v 0.375397 2.518556 0.054374
v 0.378179 2.528089 0.055735
v 0.384433 2.535825 0.056971
v 0.393206 2.540587 0.057894
v 0.403163 2.541648 0.058362
v 0.412789 2.538847 0.058305
v 0.438836 2.488765 0.058306
v 0.440760 2.488438 0.058309
v 0.439196 2.490805 0.058590
v 0.456309 2.577028 0.070648
v 0.454506 2.577635 0.070685
v 0.453829 2.573794 0.070150
v 0.417402 2.495933 0.058784
v 0.426439 2.513211 0.061328
v 0.423657 2.503676 0.059975
v 0.425326 2.523087 0.062638
v 0.433216 2.499851 0.059676
v 0.437513 2.520199 0.062527
v 0.412452 2.493241 0.058307
v 0.412655 2.538024 0.064369
v 0.425100 2.536329 0.064424
v 0.420485 2.531800 0.063706
v 0.420751 2.588984 0.071447
v 0.381208 2.499093 0.058427
v 0.382099 2.498385 0.058350
v 0.403027 2.540809 0.064542
v 0.393067 2.539733 0.064187
v 0.376367 2.507805 0.059506
v 0.371928 2.500108 0.058369
v 0.375254 2.517680 0.060821
v 0.377689 2.538834 0.063740
v 0.378036 2.527215 0.062173
v 0.384291 2.534959 0.063354
v 0.386703 2.545847 0.064881
v 0.404001 2.594611 0.071856
v 0.358121 2.502443 0.058420
v 0.373212 2.535350 0.063181
v 0.366843 2.510221 0.059645
v 0.756362 2.409860 0.052914
v 0.778161 2.403389 0.053020
v 0.770346 2.420660 0.054933
v 0.785135 2.466922 0.061613
v 0.847532 2.446343 0.061646
v 0.919552 2.368558 0.054634
v 0.919344 2.348643 0.052026
v 0.946263 2.372947 0.056370
v 0.926412 2.374730 0.055738
v 0.855637 2.452208 0.062765
v 0.867011 2.484132 0.067426
v 0.924658 2.465321 0.067482
v 0.913193 2.438004 0.063418
v 0.932297 2.430107 0.063220
v 0.943830 2.419108 0.062288
v 0.950879 2.407398 0.061067
v 0.932073 2.474232 0.068968
v 0.915846 2.483203 0.069432
v 0.901750 2.494591 0.070304
v 0.892221 2.505822 0.071354
v 0.876407 2.526262 0.073332
v 0.862989 2.517793 0.071643
v 0.848875 2.511010 0.070143
v 0.829671 2.506483 0.068716
v 0.793443 2.514909 0.068237
v 0.717841 2.545983 0.068998
v 0.796211 2.504120 0.066950
v 0.786412 2.476175 0.062876
v 0.847380 2.456483 0.062963
v 0.857771 2.486381 0.067317
v 0.842710 2.494331 0.067698
v 0.822392 2.501114 0.067698
v 0.878061 2.412454 0.063810
v 0.881780 2.422670 0.065301
v 0.899965 2.472635 0.072595
v 0.906307 2.490059 0.075139
v 0.901527 2.493923 0.075418
v 0.851552 2.441103 0.066291
v 0.855416 2.451548 0.067819
v 0.892000 2.505160 0.076432
v 0.879525 2.521292 0.077942
v 0.866791 2.483473 0.072468
v 0.847312 2.445684 0.066698
v 0.847160 2.455825 0.068008
v 0.857551 2.485724 0.072350
v 0.876188 2.525606 0.078354
v 0.842491 2.493676 0.072715
v 0.837177 2.507651 0.074294
v 0.819548 2.454844 0.066657
v 0.822532 2.463783 0.067950
v 0.833512 2.496675 0.072707
v 0.848657 2.510356 0.075154
v 0.862770 2.517138 0.076660
v 0.777940 2.402728 0.058089
v 0.822174 2.500459 0.072718
v 0.829453 2.505829 0.073728
v 0.771202 2.417616 0.059744
v 0.767446 2.405841 0.058048
v 0.801420 2.512346 0.073384
v 0.786548 2.465724 0.066671
v 0.789347 2.474497 0.067934
v 0.798495 2.503175 0.072064
v 0.756140 2.409193 0.058026
v 0.770125 2.419997 0.060012
v 0.784915 2.466262 0.066675
v 0.786191 2.475515 0.067939
v 0.788281 2.506957 0.072142
v 0.795991 2.503461 0.071999
v 0.793223 2.514248 0.073299
v 0.765567 2.516135 0.072417
v 0.768128 2.524552 0.073624
v 0.732657 2.529424 0.072880
v 0.735163 2.538078 0.074116
v 0.699989 2.543965 0.073582
v 0.696517 2.531345 0.071786
v 0.717605 2.545277 0.074412
v 0.713359 2.537210 0.073188
v 0.707970 2.564680 0.076614
v 0.694912 2.530786 0.071655
v 0.930893 2.358565 0.059467
v 0.946018 2.372215 0.061979
v 0.936617 2.373069 0.061606
v 0.950323 2.407795 0.066728
v 0.950181 2.407435 0.066675
v 0.950638 2.406676 0.066601
v 0.919104 2.347926 0.057522
v 0.919315 2.367848 0.060081
v 0.926174 2.374016 0.061210
v 0.943592 2.418395 0.067751
v 0.904204 2.384190 0.061424
v 0.907930 2.394015 0.062866
v 0.932063 2.429406 0.068589
v 0.922807 2.433242 0.068621
v 0.934504 2.464084 0.073146
v 0.912964 2.437317 0.068675
v 0.931844 2.473545 0.074236
v 0.924429 2.464635 0.072736
v 0.915620 2.482526 0.074616
v 1.191360 2.310932 0.062562
v 1.180463 2.305084 0.061153
v 1.189762 2.297966 0.060880
v 1.198191 2.290735 0.060538
v 1.203368 2.281641 0.059762
v 1.205894 2.272698 0.058834
v 1.206121 2.264428 0.057841
v 1.204670 2.255085 0.056610
v 1.246325 2.282705 0.062637
v 1.237127 2.282569 0.062033
v 1.226645 2.283721 0.061503
v 1.219212 2.285779 0.061279
v 1.210456 2.289849 0.061215
v 1.194044 2.298986 0.061278
v 1.245962 2.282015 0.068304
v 1.232051 2.272792 0.066275
v 1.236980 2.281885 0.067694
v 1.204309 2.254397 0.062258
v 1.205761 2.263741 0.063482
v 1.218852 2.285093 0.066912
v 1.226284 2.283034 0.067143
v 1.236766 2.281881 0.067680
v 1.203008 2.280955 0.065388
v 1.199955 2.286322 0.065841
v 1.203402 2.292892 0.066859
v 1.205534 2.272012 0.064469
v 1.210097 2.289163 0.066839
v 1.189402 2.297280 0.066512
v 1.197832 2.290050 0.066162
v 1.193684 2.298301 0.066906
v 1.174502 2.312761 0.067462
v 1.180103 2.304397 0.066795
v 1.180577 2.310330 0.067548
v 1.182071 2.327666 0.069755
v 1.200811 2.340436 0.072491
v 1.191000 2.310247 0.068193
v 1.188579 2.314769 0.068592
v 1.165487 2.316364 0.067351
v 1.484876 1.976011 0.050702
v 1.458214 1.995767 0.050702
v 1.431289 2.015164 0.050702
v 1.404105 2.034198 0.050702
v 1.376670 2.052865 0.050702
v 1.348986 2.071162 0.050702
v 1.614078 1.871958 0.050702
v 1.588801 1.893459 0.050702
v 1.563237 1.914618 0.050702
v 1.537392 1.935432 0.050702
v 1.511270 1.955898 0.050702
v 1.610581 2.204303 0.086133
v 1.640029 2.182482 0.086133
v 1.580842 2.225727 0.086133
v 1.550819 2.246749 0.086133
v 1.520516 2.267367 0.086133
v 1.489939 2.287576 0.086133
v 1.782731 2.067557 0.086133
v 1.754813 2.091304 0.086133
v 1.726579 2.114675 0.086133
v 1.698033 2.137664 0.086133
v 1.669181 2.160267 0.086133
v 1.335022 2.080124 0.050702
v 1.651409 1.839034 0.050702
v 1.626571 1.861039 0.050702
v 1.474517 2.297474 0.086133
v 1.823962 2.031193 0.086133
v 1.796529 2.055497 0.086133
v 1.627772 1.859989 0.050702
v 1.797857 2.054338 0.086133
v 1.650535 1.839819 0.050702
v 1.822997 2.032060 0.086133
v 1.637456 1.851433 0.050702
v 1.808552 2.044887 0.086133
v 1.640561 1.848682 0.050702
v 1.811981 2.041849 0.086133
v 1.647547 1.842494 0.050702
v 1.819697 2.035014 0.086133
v 1.630858 1.857278 0.050702
v 1.801265 2.051343 0.086133
v 1.650986 1.840328 0.045749
v 1.651860 1.839543 0.045749
v 1.823448 2.032568 0.081179
v 1.824413 2.031702 0.081179
v 1.627021 1.861548 0.045749
v 1.796980 2.056006 0.081179
v 1.628223 1.860498 0.045749
v 1.798307 2.054846 0.081179
v 1.631309 1.857787 0.045749
v 1.637907 1.851942 0.045749
v 1.801716 2.051852 0.081179
v 1.809003 2.045396 0.081179
v 1.641011 1.849191 0.045749
v 1.812432 2.042358 0.081179
v 1.647997 1.843002 0.045749
v 1.820147 2.035522 0.081179
v 1.782622 1.712231 0.050702
v 1.759474 1.736009 0.050702
v 1.736009 1.759474 0.050702
v 1.712231 1.782621 0.050702
v 1.688145 1.805448 0.050702
v 1.663754 1.827949 0.050702
v 1.526486 2.024865 0.053774
v 1.527451 2.003853 0.051543
v 1.893459 1.588801 0.050702
v 1.871958 1.614077 0.050702
v 1.850120 1.639063 0.050702
v 1.827949 1.663754 0.050702
v 1.805448 1.688145 0.050702
v 1.943319 1.917402 0.086133
v 1.968885 1.891140 0.086133
v 1.917403 1.943319 0.086133
v 1.891140 1.968885 0.086133
v 1.864537 1.994097 0.086133
v 1.837598 2.018949 0.086133
v 1.497048 2.028587 0.051750
v 1.523343 2.036592 0.054804
v 2.091305 1.754813 0.086133
v 2.067557 1.782731 0.086133
v 2.043437 1.810327 0.086133
v 2.018949 1.837598 0.086133
v 1.994097 1.864537 0.086133
v 1.651409 1.839034 0.050702
v 1.925025 1.550315 0.050702
v 1.904039 1.576019 0.050702
v 1.823963 2.031193 0.086133
v 2.126169 1.712305 0.086133
v 2.102990 1.740696 0.086133
v 1.905056 1.574790 0.050702
v 2.104114 1.739338 0.086133
v 1.924289 1.551229 0.050702
v 2.125355 1.713316 0.086133
v 1.913242 1.564791 0.050702
v 2.113154 1.728294 0.086133
v 1.915865 1.561578 0.050702
v 2.116052 1.724745 0.086133
v 1.921768 1.554349 0.050702
v 2.122571 1.716761 0.086133
v 1.907667 1.571619 0.050702
v 2.106997 1.735835 0.086133
v 1.924815 1.551659 0.045749
v 1.925552 1.550744 0.045749
v 2.125882 1.713746 0.081179
v 2.126696 1.712735 0.081179
v 1.904565 1.576449 0.045749
v 2.103516 1.741125 0.081179
v 1.905583 1.575219 0.045749
v 2.104640 1.739767 0.081179
v 1.908194 1.572049 0.045749
v 1.913768 1.565221 0.045749
v 2.107524 1.736265 0.081179
v 2.113681 1.728724 0.081179
v 1.916392 1.562008 0.045749
v 2.116578 1.725175 0.081179
v 1.922294 1.554779 0.045749
v 2.123097 1.717190 0.081179
v 2.034198 1.404105 0.050702
v 2.015164 1.431288 0.050702
v 1.995767 1.458213 0.050702
v 1.976010 1.484875 0.050702
v 1.955898 1.511270 0.050702
v 1.935432 1.537392 0.050702
v 1.550679 2.073711 0.061145
v 1.550672 2.105186 0.064606
v 2.123800 1.264494 0.050702
v 2.106633 1.292892 0.050702
v 2.089086 1.321058 0.050702
v 2.071162 1.348985 0.050702
v 2.052865 1.376669 0.050702
v 2.225727 1.580842 0.086133
v 2.246749 1.550819 0.086133
v 2.204303 1.610581 0.086133
v 2.182482 1.640029 0.086133
v 2.160267 1.669181 0.086133
v 2.137664 1.698032 0.086133
v 1.541957 2.160045 0.069918
v 1.904932 1.850778 0.070295
v 2.345714 1.396619 0.086133
v 2.326753 1.427985 0.086133
v 2.307372 1.459094 0.086133
v 2.287575 1.489939 0.086133
v 2.267367 1.520516 0.086133
v 1.842870 1.820640 0.067002
v 2.148785 1.221443 0.050702
v 2.132193 1.250181 0.050702
v 2.126169 1.712305 0.086133
v 2.373309 1.349070 0.086133
v 2.354984 1.380811 0.086133
v 2.133000 1.248804 0.050702
v 2.355875 1.379290 0.086133
v 2.148204 1.222464 0.050702
v 2.372668 1.350198 0.086133
v 2.139476 1.237622 0.050702
v 2.363028 1.366939 0.086133
v 2.141550 1.234030 0.050702
v 2.365318 1.362972 0.086133
v 2.146217 1.225947 0.050702
v 2.370472 1.354045 0.086133
v 2.135069 1.245255 0.050702
v 2.358160 1.375370 0.086133
v 2.148793 1.222804 0.045749
v 2.149373 1.221783 0.045749
v 2.373256 1.350537 0.081179
v 2.373897 1.349410 0.081179
v 2.132782 1.250520 0.045749
v 2.355572 1.381150 0.081179
v 2.133589 1.249144 0.045749
v 2.356464 1.379630 0.081179
v 2.135658 1.245595 0.045749
v 2.140064 1.237962 0.045749
v 2.358749 1.375710 0.081179
v 2.363616 1.367279 0.081179
v 2.142139 1.234369 0.045749
v 2.365907 1.363312 0.081179
v 2.146805 1.226287 0.045749
v 2.371061 1.354384 0.081179
v 2.233090 1.059614 0.050702
v 2.218663 1.089499 0.050702
v 2.203836 1.119186 0.050702
v 2.188613 1.148672 0.050702
v 2.172994 1.177951 0.050702
v 2.156984 1.207018 0.050702
v 1.913835 1.856336 0.071707
v 1.919781 1.844487 0.071168
v 2.299137 0.907437 0.050702
v 2.286747 0.938222 0.050702
v 2.273945 0.968837 0.050702
v 2.260734 0.999278 0.050702
v 2.247114 1.029539 0.050702
v 2.450489 1.203339 0.086133
v 2.466423 1.170332 0.086133
v 2.434113 1.236129 0.086133
v 2.417299 1.268696 0.086133
v 2.400048 1.301034 0.086133
v 2.382365 1.333138 0.086133
v 1.933752 1.829223 0.071100
v 1.926460 1.836016 0.071024
v 2.539371 1.002255 0.086133
v 2.525687 1.036256 0.086133
v 2.511548 1.070070 0.086133
v 2.496955 1.103692 0.086133
v 2.481913 1.137115 0.086133
v 1.843221 1.832609 0.068197
v 2.316892 0.860936 0.050702
v 2.305125 0.891963 0.050702
v 2.373309 1.349070 0.086133
v 2.558981 0.950894 0.086133
v 2.545985 0.985164 0.086133
v 2.305701 0.890475 0.050702
v 2.546621 0.983520 0.086133
v 2.316483 0.862037 0.050702
v 2.558529 0.952110 0.086133
v 2.310299 0.878399 0.050702
v 2.551699 0.970182 0.086133
v 2.311770 0.874520 0.050702
v 2.553324 0.965898 0.086133
v 2.315079 0.865794 0.050702
v 2.556979 0.956260 0.086133
v 2.307173 0.886640 0.050702
v 2.548247 0.979284 0.086133
v 2.317118 0.862278 0.045749
v 2.317527 0.861177 0.045749
v 2.559165 0.952351 0.081179
v 2.559617 0.951135 0.081179
v 2.305760 0.892204 0.045749
v 2.546620 0.985404 0.081179
v 2.306336 0.890716 0.045749
v 2.547257 0.983761 0.081179
v 2.307809 0.886881 0.045749
v 2.310935 0.878640 0.045749
v 2.548883 0.979525 0.081179
v 2.552335 0.970423 0.081179
v 2.312405 0.874761 0.045749
v 2.553959 0.966139 0.081179
v 2.315715 0.866035 0.045749
v 2.557614 0.956501 0.081179
v 1.556218 2.069817 0.061174
v 1.557575 2.105836 0.065248
v 1.548728 2.159703 0.070440
v 1.557325 2.171949 0.072498
v 1.529741 2.169348 0.069932
v 1.519038 2.108990 0.062410
v 1.540670 2.103311 0.063573
v 1.523768 2.086285 0.060304
v 1.589736 2.068260 0.063773
v 1.576081 2.049167 0.060545
v 1.599232 2.046843 0.062202
v 1.897767 1.846834 0.069208
v 1.888836 1.842620 0.067920
v 1.878256 1.838167 0.066446
v 1.865637 1.834527 0.064847
v 1.853176 1.833122 0.063477
v 1.843794 1.833110 0.062545
v 1.942925 1.822853 0.071403
v 1.950204 1.819669 0.071822
v 1.957491 1.826643 0.073209
v 1.974488 1.807509 0.073072
v 1.965211 1.809912 0.072381
v 1.956163 1.810575 0.071546
v 1.949784 1.807671 0.070636
v 1.938144 1.819158 0.070576
v 1.925028 1.829222 0.070234
v 1.914318 1.837104 0.069923
v 1.904147 1.841005 0.069285
v 1.899900 1.830313 0.067845
v 1.893363 1.820128 0.066226
v 1.885514 1.811787 0.064652
v 1.877376 1.804083 0.063111
v 1.871375 1.797723 0.061909
v 1.863127 1.790476 0.060401
v 1.856313 1.784961 0.059199
v 1.850604 1.779106 0.058075
v 1.854862 1.775166 0.058122
v 1.862113 1.773236 0.058657
v 1.871146 1.771887 0.059425
v 1.879915 1.771133 0.060223
v 1.886968 1.771917 0.060997
v 1.891378 1.771839 0.061427
v 1.890664 1.763298 0.060543
v 1.894900 1.759535 0.060604
v 1.900381 1.757234 0.060929
v 1.907309 1.755796 0.061479
v 1.911187 1.755708 0.061855
v 1.910472 1.750790 0.061316
v 1.910626 1.745761 0.060852
v 1.912017 1.740312 0.060471
v 1.908258 1.743540 0.060405
v 1.903008 1.747787 0.060289
v 1.896283 1.751423 0.059969
v 1.889372 1.754686 0.059594
v 1.886095 1.754439 0.059245
v 1.888265 1.749684 0.059007
v 1.894502 1.741116 0.058810
v 1.902891 1.732303 0.058802
v 1.896394 1.725479 0.057507
v 1.889211 1.733703 0.057578
v 1.881843 1.742702 0.057705
v 1.877590 1.751875 0.058157
v 1.875670 1.759949 0.058736
v 1.865972 1.762860 0.058051
v 1.854615 1.764919 0.057121
v 1.840458 1.764635 0.055689
v 1.828352 1.760968 0.054139
v 1.825356 1.764322 0.054161
v 1.831728 1.774634 0.055776
v 1.835509 1.784392 0.057081
v 1.838756 1.792526 0.058178
v 1.840784 1.801771 0.059260
v 1.842789 1.811213 0.060359
v 1.843440 1.821140 0.061370
v 2.050391 1.429704 0.048792
v 2.026032 1.443632 0.047123
v 2.060145 1.486821 0.054360
v 2.091189 1.484272 0.057675
v 2.095416 1.497322 0.059174
v 2.132340 1.477959 0.061841
v 2.183902 1.531097 0.071831
v 2.188645 1.550446 0.073880
v 2.207471 1.524447 0.073979
v 2.188021 1.526534 0.071941
v 2.137375 1.468005 0.061633
v 2.083815 1.457580 0.054755
v 2.087603 1.472926 0.056383
v 2.061935 1.468920 0.053164
v 2.055546 1.462199 0.051915
v 2.051328 1.455383 0.050905
v 2.048651 1.448527 0.050066
v 2.048142 1.437133 0.049118
v 2.346445 1.146127 0.064156
v 2.322087 1.135129 0.060480
v 2.342176 1.127681 0.062538
v 2.322422 1.112120 0.059165
v 2.341951 1.112309 0.061603
v 2.337519 1.091584 0.059830
v 1.598659 2.046340 0.067863
v 1.582416 2.047975 0.066665
v 1.592280 2.060741 0.068879
v 1.526880 2.003353 0.057179
v 1.575512 2.048668 0.066167
v 1.589168 2.067762 0.069386
v 1.525917 2.024366 0.059391
v 1.513565 2.014188 0.057254
v 1.555687 2.070243 0.066873
v 1.555652 2.069321 0.066769
v 1.496477 2.028086 0.057390
v 1.550112 2.073214 0.066745
v 1.522774 2.036093 0.060420
v 1.537018 2.103621 0.069027
v 1.526179 2.088788 0.066507
v 1.550104 2.104689 0.070214
v 1.540101 2.102812 0.069190
v 1.557008 2.105339 0.070849
v 1.547906 2.118524 0.071559
v 1.553568 2.126274 0.072876
v 1.523198 2.085785 0.065933
v 1.541250 2.169982 0.076753
v 1.536481 2.163269 0.075624
v 1.541382 2.159540 0.075601
v 1.556752 2.171447 0.078159
v 1.518464 2.108487 0.068081
v 1.548154 2.159200 0.076107
v 1.529159 2.168839 0.075673
v 1.895708 1.750919 0.065643
v 1.893925 1.740611 0.064504
v 1.902432 1.747282 0.065983
v 1.906733 1.755292 0.067162
v 1.888633 1.733196 0.063281
v 1.907679 1.743033 0.066117
v 1.909895 1.750284 0.067015
v 1.911437 1.739804 0.066195
v 1.899757 1.729112 0.064023
v 1.902311 1.731795 0.064530
v 1.910048 1.745254 0.066562
v 1.895544 1.725278 0.063241
v 1.910611 1.755203 0.067544
v 1.876301 1.754395 0.064010
v 1.877019 1.751374 0.063801
v 1.885523 1.753937 0.064897
v 1.890093 1.762798 0.066182
v 1.890501 1.767672 0.066676
v 1.888799 1.754184 0.065250
v 1.894327 1.759033 0.066259
v 1.887691 1.749181 0.064673
v 1.881268 1.742198 0.063376
v 1.946873 1.820381 0.077264
v 1.941204 1.815080 0.076199
v 1.899806 1.756731 0.066597
v 1.949637 1.819171 0.077430
v 1.956923 1.826146 0.078813
v 1.955592 1.810075 0.077184
v 1.949213 1.807170 0.076271
v 1.964638 1.809410 0.078035
v 1.973913 1.807005 0.078746
v 1.875100 1.759449 0.064367
v 1.879345 1.770634 0.065845
v 1.870577 1.771388 0.065043
v 1.865403 1.762360 0.063676
v 1.886398 1.771417 0.066621
v 1.890808 1.771340 0.067053
v 1.937577 1.818661 0.076176
v 1.942358 1.822356 0.077001
v 1.850898 1.777811 0.063690
v 1.839890 1.764137 0.061303
v 1.835174 1.762708 0.060699
v 1.854294 1.774668 0.063731
v 1.854046 1.764420 0.062740
v 1.861545 1.772738 0.064271
v 1.924462 1.828726 0.075820
v 1.925894 1.835521 0.076604
v 1.919469 1.843674 0.076733
v 1.933186 1.828727 0.076688
v 1.912581 1.837059 0.075423
v 1.913754 1.836609 0.075497
v 1.838186 1.792028 0.063801
v 1.831158 1.774135 0.061398
v 1.834939 1.783893 0.062703
v 1.827783 1.760469 0.059758
v 1.855745 1.784464 0.064803
v 1.850036 1.778609 0.063681
v 1.824787 1.763823 0.059784
v 1.884949 1.811291 0.070241
v 1.870809 1.797226 0.067505
v 1.876810 1.803586 0.068703
v 1.892798 1.819632 0.071811
v 1.919217 1.843993 0.076739
v 1.899335 1.829817 0.073428
v 1.903581 1.840509 0.074868
v 1.862560 1.789979 0.066001
v 1.842706 1.818131 0.066743
v 1.842220 1.810714 0.065985
v 1.858011 1.833232 0.069693
v 1.840215 1.801272 0.064885
v 1.865069 1.834028 0.070462
v 1.888269 1.842124 0.073518
v 1.913270 1.855840 0.077288
v 1.904367 1.850282 0.075881
v 1.897201 1.846338 0.074799
v 1.877688 1.837670 0.072051
v 1.852606 1.832622 0.069109
v 1.895813 1.724970 0.063241
v 2.121829 1.464593 0.065310
v 2.136808 1.467508 0.067234
v 2.152761 1.485943 0.070466
v 2.048079 1.448026 0.055718
v 2.049820 1.429204 0.054433
v 2.047570 1.436632 0.054765
v 2.131773 1.477462 0.067440
v 2.206908 1.523953 0.079542
v 2.083245 1.457080 0.060383
v 2.028991 1.441109 0.053029
v 2.050756 1.454881 0.056559
v 2.052618 1.457890 0.057005
v 2.089219 1.483886 0.063163
v 2.069155 1.469635 0.059787
v 2.091085 1.485211 0.063477
v 2.090619 1.483772 0.063312
v 2.102086 1.493025 0.065328
v 2.087032 1.472426 0.062016
v 2.183336 1.530602 0.077416
v 2.188079 1.549950 0.079471
v 2.187456 1.526038 0.077520
v 2.025457 1.443128 0.052798
v 2.054974 1.461697 0.057572
v 2.059568 1.486315 0.060058
v 2.094844 1.496820 0.064827
v 2.061362 1.468418 0.058822
v 2.336951 1.091086 0.065441
v 2.327245 1.104291 0.064999
v 2.341192 1.110909 0.067117
v 2.321854 1.111622 0.064771
v 2.338126 1.128474 0.067786
v 2.341385 1.111812 0.067195
v 2.333042 1.111731 0.066159
v 2.341609 1.127183 0.068139
v 2.321518 1.134631 0.066101
v 2.345876 1.145628 0.069767
v 2.374147 0.687679 0.050702
v 2.364700 0.719491 0.050702
v 2.354828 0.751173 0.050702
v 2.344531 0.782719 0.050702
v 2.333812 0.814124 0.050702
v 2.322671 0.845383 0.050702
v 2.525923 0.739517 0.067209
v 2.510672 0.739089 0.065178
v 2.414927 0.526878 0.050702
v 2.407636 0.559252 0.050702
v 2.399911 0.591524 0.050702
v 2.391754 0.623690 0.050702
v 2.383165 0.655744 0.050702
v 2.611785 0.794670 0.086133
v 2.622219 0.759534 0.086133
v 2.600881 0.829662 0.086133
v 2.589509 0.864504 0.086133
v 2.577669 0.899191 0.086133
v 2.565365 0.933716 0.086133
v 2.498142 0.738188 0.063488
v 2.479653 0.738295 0.061049
v 2.667260 0.581931 0.086133
v 2.659208 0.617687 0.086133
v 2.650676 0.653332 0.086133
v 2.641665 0.688859 0.086133
v 2.632179 0.724262 0.086133
v 2.316892 0.860936 0.050702
v 2.424993 0.478131 0.050702
v 2.418355 0.510644 0.050702
v 2.558982 0.950894 0.086133
v 2.678378 0.528091 0.086133
v 2.671047 0.564001 0.086133
v 2.418685 0.509083 0.050702
v 2.671411 0.562276 0.086133
v 2.424766 0.479284 0.050702
v 2.678127 0.529363 0.086133
v 2.421287 0.496425 0.050702
v 2.674284 0.548296 0.086133
v 2.422116 0.492361 0.050702
v 2.675201 0.543808 0.086133
v 2.423983 0.483217 0.050702
v 2.677262 0.533708 0.086133
v 2.419524 0.505062 0.050702
v 2.672337 0.557835 0.086133
v 2.425432 0.479419 0.045749
v 2.425658 0.478267 0.045749
v 2.678792 0.529499 0.081179
v 2.679043 0.528227 0.081179
v 2.419021 0.510780 0.045749
v 2.671713 0.564137 0.081179
v 2.419351 0.509219 0.045749
v 2.672077 0.562412 0.081179
v 2.420189 0.505198 0.045749
v 2.421952 0.496561 0.045749
v 2.673003 0.557971 0.081179
v 2.674950 0.548432 0.081179
v 2.422782 0.492497 0.045749
v 2.675866 0.543943 0.081179
v 2.424649 0.483353 0.045749
v 2.677928 0.533844 0.081179
v 2.453714 0.297934 0.050702
v 2.449492 0.330849 0.050702
v 2.444830 0.363704 0.050702
v 2.439727 0.396494 0.050702
v 2.434184 0.429212 0.050702
v 2.428202 0.461852 0.050702
v 2.468784 0.739319 0.059652
v 2.438739 0.773714 0.056998
v 2.468172 0.132674 0.050702
v 2.466168 0.165798 0.050702
v 2.463720 0.198891 0.050702
v 2.460828 0.231949 0.050702
v 2.457492 0.264966 0.050702
v 2.705438 0.365419 0.086133
v 2.710099 0.329065 0.086133
v 2.700288 0.401707 0.086133
v 2.694652 0.437923 0.086133
v 2.688529 0.474059 0.086133
v 2.681922 0.510111 0.086133
v 2.464746 0.785022 0.060867
v 2.478631 0.777869 0.062428
v 2.726068 0.146537 0.086133
v 2.723855 0.183122 0.086133
v 2.721152 0.219673 0.086133
v 2.717957 0.256186 0.086133
v 2.714273 0.292652 0.086133
v 2.424993 0.478131 0.050702
v 2.470287 0.082943 0.050702
v 2.468951 0.116100 0.050702
v 2.678378 0.528091 0.086133
v 2.728405 0.091610 0.086133
v 2.726930 0.128231 0.086133
v 2.469026 0.114506 0.050702
v 2.727012 0.126470 0.086133
v 2.470248 0.084117 0.050702
v 2.728362 0.092907 0.086133
v 2.469564 0.101595 0.050702
v 2.727605 0.112211 0.086133
v 2.469731 0.097450 0.050702
v 2.727790 0.107633 0.086133
v 2.470107 0.088125 0.050702
v 2.728205 0.097333 0.086133
v 2.469209 0.110402 0.050702
v 2.727214 0.121938 0.086133
v 2.470927 0.084145 0.045749
v 2.470966 0.082971 0.045749
v 2.729040 0.092934 0.081179
v 2.729084 0.091637 0.081179
v 2.469630 0.116127 0.045749
v 2.727609 0.128258 0.081179
v 2.469705 0.114533 0.045749
v 2.727691 0.126498 0.081179
v 2.469888 0.110430 0.045749
v 2.470243 0.101622 0.045749
v 2.727893 0.121965 0.081179
v 2.728285 0.112238 0.081179
v 2.470410 0.097478 0.045749
v 2.728469 0.107660 0.081179
v 2.470786 0.088153 0.045749
v 2.728884 0.097361 0.081179
v 2.469730 -0.099527 0.050702
v 2.470844 -0.066362 0.050702
v 2.471512 -0.033184 0.050702
v 2.471735 -0.000001 0.050702
v 2.471512 0.033183 0.050702
v 2.470844 0.066361 0.050702
v 2.470373 0.806841 0.062446
v 2.463142 0.796109 0.061080
v 2.457492 -0.264967 0.050702
v 2.460828 -0.231951 0.050702
v 2.463720 -0.198893 0.050702
v 2.466168 -0.165799 0.050702
v 2.468172 -0.132675 0.050702
v 2.729020 -0.073296 0.086133
v 2.727790 -0.109927 0.086133
v 2.729758 -0.036651 0.086133
v 2.730004 -0.000001 0.086133
v 2.729758 0.036650 0.086133
v 2.729020 0.073294 0.086133
v 2.427965 0.787040 0.056085
v 2.418404 0.791732 0.055001
v 2.714272 -0.292653 0.086133
v 2.717957 -0.256187 0.086133
v 2.721151 -0.219675 0.086133
v 2.723855 -0.183123 0.086133
v 2.726069 -0.146538 0.086133
v 2.474593 0.789377 0.067948
v 2.451603 -0.314393 0.050702
v 2.455603 -0.281451 0.050702
v 2.728405 0.091610 0.086133
v 2.707768 -0.347243 0.086133
v 2.712186 -0.310860 0.086133
v 2.455421 -0.283037 0.050702
v 2.711985 -0.312611 0.086133
v 2.451752 -0.313228 0.050702
v 2.707933 -0.345957 0.086133
v 2.453880 -0.295867 0.050702
v 2.710284 -0.326781 0.086133
v 2.453381 -0.299984 0.050702
v 2.709731 -0.331329 0.086133
v 2.452255 -0.309249 0.050702
v 2.708489 -0.341562 0.086133
v 2.454943 -0.287116 0.050702
v 2.711457 -0.317117 0.086133
v 2.452427 -0.313310 0.045749
v 2.452277 -0.314475 0.045749
v 2.708608 -0.346038 0.081179
v 2.708443 -0.347325 0.081179
v 2.456277 -0.281533 0.045749
v 2.712861 -0.310942 0.081179
v 2.456096 -0.283119 0.045749
v 2.712660 -0.312693 0.081179
v 2.455618 -0.287198 0.045749
v 2.454555 -0.295948 0.045749
v 2.712132 -0.317199 0.081179
v 2.710958 -0.326863 0.081179
v 2.454055 -0.300066 0.045749
v 2.710406 -0.331411 0.081179
v 2.452930 -0.309331 0.045749
v 2.709163 -0.341644 0.081179
v 2.421783 -0.494411 0.050702
v 2.428202 -0.461854 0.050702
v 2.434184 -0.429213 0.050702
v 2.439727 -0.396495 0.050702
v 2.444830 -0.363705 0.050702
v 2.449492 -0.330850 0.050702
v 2.410911 0.780722 0.053590
v 2.401092 0.775402 0.052089
v 2.383164 -0.655745 0.050702
v 2.391753 -0.623691 0.050702
v 2.399911 -0.591525 0.050702
v 2.407636 -0.559253 0.050702
v 2.414927 -0.526880 0.050702
v 2.681922 -0.510112 0.086133
v 2.674832 -0.546072 0.086133
v 2.688529 -0.474061 0.086133
v 2.694651 -0.437924 0.086133
v 2.700287 -0.401708 0.086133
v 2.705437 -0.365420 0.086133
v 2.390761 0.772036 0.050595
v 2.383381 0.771532 0.049600
v 2.632179 -0.724263 0.086133
v 2.641665 -0.688860 0.086133
v 2.650675 -0.653333 0.086133
v 2.659207 -0.617689 0.086133
v 2.667260 -0.581932 0.086133
v 2.477886 0.777839 0.067909
v 2.369423 -0.703586 0.050702
v 2.378655 -0.671713 0.050702
v 2.707768 -0.347243 0.086133
v 2.617001 -0.777103 0.086133
v 2.627198 -0.741899 0.086133
v 2.378222 -0.673248 0.050702
v 2.626719 -0.743596 0.086133
v 2.369757 -0.702460 0.050702
v 2.617371 -0.775860 0.086133
v 2.374643 -0.685665 0.050702
v 2.622767 -0.757310 0.086133
v 2.373489 -0.689649 0.050702
v 2.621492 -0.761710 0.086133
v 2.370893 -0.698614 0.050702
v 2.618624 -0.771611 0.086133
v 2.377095 -0.677199 0.050702
v 2.625475 -0.747959 0.086133
v 2.370410 -0.702649 0.045749
v 2.370076 -0.703775 0.045749
v 2.618023 -0.776049 0.081179
v 2.617654 -0.777292 0.081179
v 2.379308 -0.671902 0.045749
v 2.627851 -0.742088 0.081179
v 2.378874 -0.673438 0.045749
v 2.627372 -0.743785 0.081179
v 2.377748 -0.677388 0.045749
v 2.375296 -0.685854 0.045749
v 2.626128 -0.748148 0.081179
v 2.623420 -0.757499 0.081179
v 2.374142 -0.689838 0.045749
v 2.622145 -0.761899 0.081179
v 2.371545 -0.698803 0.045749
v 2.619277 -0.771800 0.081179
v 2.545487 0.743420 0.069944
v 2.559887 0.746373 0.071959
v 2.570893 0.749383 0.073529
v 2.572126 0.737287 0.073229
v 2.573904 0.727641 0.073095
v 2.577350 0.718470 0.073199
v 2.581237 0.708757 0.073341
v 2.587344 0.697963 0.073735
v 2.592349 0.690705 0.074118
v 2.597851 0.684970 0.074626
v 2.602843 0.680206 0.075103
v 2.583113 0.675549 0.072318
v 2.564454 0.657193 0.069150
v 2.556914 0.666560 0.068512
v 2.549957 0.670322 0.067737
v 2.537947 0.674717 0.066318
v 2.545630 0.677026 0.067422
v 2.551846 0.681900 0.068429
v 2.555283 0.688436 0.069134
v 2.557056 0.678259 0.068979
v 2.558784 0.674672 0.069070
v 2.564649 0.670419 0.069682
v 2.571300 0.677905 0.070847
v 2.584633 0.681694 0.072754
v 2.578245 0.703207 0.072733
v 2.574872 0.713442 0.072679
v 2.570436 0.721610 0.072406
v 2.563848 0.730234 0.071865
v 2.556368 0.739356 0.071226
v 2.527789 0.730531 0.067112
v 2.516418 0.729647 0.065576
v 2.504827 0.728772 0.064011
v 2.488792 0.728407 0.061878
v 2.476215 0.728520 0.060220
v 2.466819 0.729588 0.059020
v 2.461401 0.731074 0.058361
v 2.423743 0.771745 0.054942
v 2.416229 0.768824 0.053837
v 2.409707 0.762123 0.052719
v 2.406357 0.754038 0.051967
v 2.405501 0.746397 0.051561
v 2.406938 0.741581 0.051567
v 2.401666 0.752100 0.051273
v 2.397370 0.759273 0.050980
v 2.394122 0.763512 0.050713
v 2.388050 0.768214 0.050090
v 2.564941 0.338868 0.061032
v 2.588376 0.325254 0.064007
v 2.582307 0.319880 0.063089
v 2.578342 0.315473 0.062475
v 2.575572 0.311645 0.062033
v 2.574430 0.306476 0.061791
v 2.574441 0.301112 0.061704
v 2.575606 0.295737 0.061774
v 2.579526 0.289367 0.062203
v 2.584503 0.286631 0.062838
v 2.590625 0.284259 0.063634
v 2.595006 0.284219 0.064232
v 2.600565 0.285719 0.065016
v 2.605723 0.289746 0.065787
v 2.609566 0.293790 0.066379
v 2.612437 0.301335 0.066896
v 2.613770 0.306954 0.067171
v 2.614943 0.314306 0.067453
v 2.616406 0.323011 0.067797
v 2.638024 0.311177 0.070553
v 2.621124 0.301299 0.068082
v 2.620060 0.293332 0.067804
v 2.617541 0.287903 0.067370
v 2.613870 0.282685 0.066783
v 2.607730 0.278664 0.065877
v 2.601189 0.277381 0.064963
v 2.593864 0.276883 0.063954
v 2.586091 0.277939 0.062910
v 2.579945 0.280890 0.062120
v 2.575775 0.284202 0.061605
v 2.571975 0.289236 0.061170
v 2.570237 0.294233 0.061015
v 2.562542 0.303452 0.060118
v 2.564243 0.286615 0.060071
v 2.560299 0.286071 0.059523
v 2.558822 0.303091 0.059604
v 2.567331 -0.123764 0.058714
v 2.566207 -0.130186 0.058595
v 2.586519 -0.135987 0.061419
v 2.588297 -0.128956 0.061624
v 2.532339 -0.129308 0.053935
v 2.534344 -0.126621 0.054196
v 2.538628 -0.123529 0.054767
v 2.544787 -0.120785 0.055599
v 2.551944 -0.118406 0.056569
v 2.559042 -0.116791 0.057536
v 2.574444 -0.118037 0.059660
v 2.657868 -0.145585 0.071279
v 2.596544 -0.080137 0.062488
v 2.568231 -0.112977 0.058778
v 2.563033 -0.113224 0.058065
v 2.559381 -0.112672 0.057560
v 2.554378 -0.112136 0.056869
v 2.549615 -0.111400 0.056210
v 2.544619 -0.109504 0.055513
v 2.540036 -0.107210 0.054871
v 2.536225 -0.105500 0.054337
v 2.531080 -0.101859 0.053610
v 2.524120 -0.406340 0.056541
v 2.607003 -0.460350 0.069198
v 2.649825 -0.528584 0.076847
v 2.555286 -0.475922 0.062656
v 2.546414 -0.510357 0.062408
v 2.546372 -0.524364 0.062788
v 2.546927 -0.534133 0.063131
v 2.548958 -0.542083 0.063624
v 2.526110 -0.536465 0.060390
v 2.504799 -0.549262 0.057869
v 2.498900 -0.557268 0.057295
v 2.493877 -0.564092 0.056805
v 2.490331 -0.573265 0.056580
v 2.489093 -0.583642 0.056698
v 2.489089 -0.593158 0.056960
v 2.489924 -0.602967 0.057342
v 2.490763 -0.606552 0.057554
v 2.536073 -0.627263 0.064231
v 2.578836 -0.650293 0.070628
v 2.602205 -0.611283 0.072705
v 2.615715 -0.618220 0.074716
v 2.630051 -0.622431 0.076765
v 2.581482 -0.659284 0.071232
v 2.532761 -0.634051 0.063971
v 2.489918 -0.613035 0.057618
v 2.478045 -0.617685 0.056146
v 2.484282 -0.586184 0.056120
v 2.481718 -0.571294 0.055365
v 2.474487 -0.557841 0.054020
v 2.491353 -0.552102 0.056135
v 2.503385 -0.544742 0.057554
v 2.515132 -0.538213 0.058958
v 2.523117 -0.534652 0.059936
v 2.526330 -0.513168 0.059778
v 2.491438 -0.501895 0.054765
v 2.489352 -0.509085 0.054682
v 2.463235 -0.505937 0.051075
v 2.430716 -0.511120 0.046835
v 2.511222 -0.474840 0.056687
v 2.500327 -0.484082 0.055473
v 2.495620 -0.491941 0.055055
v 2.516509 -0.501709 0.058139
v 2.531147 -0.506752 0.060251
v 2.541631 -0.504579 0.061604
v 2.547235 -0.489535 0.061946
v 2.548227 -0.472981 0.061624
v 2.537204 0.674687 0.071787
v 2.549212 0.670292 0.073222
v 2.558041 0.674642 0.074547
v 2.570556 0.677875 0.076320
v 2.579431 0.672630 0.077310
v 2.602099 0.680176 0.080582
v 2.556146 0.666541 0.074008
v 2.563903 0.670389 0.075173
v 2.582369 0.675519 0.077802
v 2.580030 0.709913 0.078713
v 2.575687 0.708718 0.078095
v 2.580504 0.708727 0.078734
v 2.577511 0.703178 0.078140
v 2.586607 0.697933 0.079159
v 2.554545 0.688407 0.074572
v 2.544888 0.676996 0.072887
v 2.551105 0.681870 0.073884
v 2.556314 0.678229 0.074445
v 2.597109 0.684940 0.080090
v 2.583890 0.681664 0.078222
v 2.591609 0.690675 0.079564
v 2.574141 0.713413 0.078066
v 2.570650 0.744597 0.078768
v 2.527059 0.730502 0.072487
v 2.555640 0.739326 0.076590
v 2.520125 0.729962 0.071552
v 2.571398 0.737257 0.078593
v 2.563119 0.730205 0.077237
v 2.573174 0.727612 0.078468
v 2.576619 0.718440 0.078581
v 2.569705 0.721581 0.077785
v 2.460665 0.731045 0.063774
v 2.466084 0.729558 0.064429
v 2.475482 0.728491 0.065623
v 2.497409 0.738158 0.068884
v 2.509940 0.739059 0.070567
v 2.559159 0.746343 0.077325
v 2.504095 0.728742 0.069396
v 2.515687 0.729617 0.070955
v 2.570164 0.749353 0.078890
v 2.488060 0.728377 0.067273
v 2.544757 0.743390 0.075315
v 2.525192 0.739487 0.072590
v 2.478919 0.738265 0.066457
v 2.447917 0.744810 0.062635
v 2.460010 0.748490 0.064369
v 2.468048 0.739289 0.065067
v 2.405610 0.754008 0.057469
v 2.400918 0.752070 0.056776
v 2.406195 0.741551 0.057038
v 2.404756 0.746367 0.057046
v 2.393374 0.763476 0.056253
v 2.422992 0.771715 0.060469
v 2.463997 0.784992 0.066381
v 2.415478 0.768793 0.059365
v 2.437990 0.773684 0.062513
v 2.396620 0.759243 0.056506
v 2.408957 0.762093 0.058238
v 2.417641 0.791701 0.060620
v 2.410153 0.780692 0.059174
v 2.427207 0.787009 0.061667
v 2.382621 0.771501 0.055192
v 2.462386 0.796079 0.066641
v 2.390003 0.772006 0.056177
v 2.387293 0.768184 0.055661
v 2.400334 0.775372 0.057667
v 2.469613 0.806811 0.068041
v 2.563701 0.657163 0.074696
v 2.583922 0.278597 0.068147
v 2.585354 0.277910 0.068333
v 2.593127 0.276853 0.069380
v 2.611475 0.281568 0.071949
v 2.600453 0.277351 0.070386
v 2.606994 0.278634 0.071297
v 2.562585 0.295727 0.065507
v 2.569502 0.294204 0.066426
v 2.569338 0.295590 0.066425
v 2.575040 0.284173 0.067024
v 2.563507 0.286585 0.065490
v 2.571239 0.289207 0.066584
v 2.578791 0.289338 0.067616
v 2.559563 0.286041 0.064943
v 2.583767 0.286601 0.068251
v 2.604989 0.289716 0.071192
v 2.589890 0.284230 0.069049
v 2.613135 0.282655 0.072192
v 2.616807 0.287873 0.072774
v 2.594271 0.284189 0.069645
v 2.599830 0.285690 0.070426
v 2.619327 0.293303 0.073202
v 2.579209 0.280860 0.067540
v 2.608832 0.293761 0.071779
v 2.574840 0.311615 0.067425
v 2.575655 0.312740 0.067554
v 2.567423 0.311741 0.066416
v 2.558089 0.303062 0.065008
v 2.561809 0.303423 0.065521
v 2.623723 0.318577 0.074196
v 2.614752 0.317488 0.072957
v 2.614212 0.314277 0.072833
v 2.562491 0.296654 0.065508
v 2.573697 0.306447 0.067189
v 2.574872 0.295707 0.067181
v 2.611704 0.301305 0.072289
v 2.620391 0.301269 0.073472
v 2.613038 0.306924 0.072558
v 2.637294 0.311148 0.075930
v 2.573707 0.301083 0.067106
v 2.577610 0.315444 0.067867
v 2.581574 0.319851 0.068483
v 2.587643 0.325224 0.069403
v 2.615675 0.322982 0.073178
v 2.564205 0.338838 0.066451
v 2.514396 -0.538243 0.064376
v 2.522382 -0.534682 0.065347
v 2.657134 -0.145614 0.076686
v 2.647073 -0.142292 0.075280
v 2.654390 -0.142685 0.076286
v 2.551208 -0.118436 0.061990
v 2.533606 -0.126651 0.059630
v 2.537890 -0.123559 0.060198
v 2.544051 -0.120815 0.061024
v 2.558306 -0.116821 0.062952
v 2.567513 -0.117565 0.064218
v 2.575036 -0.125884 0.065303
v 2.565470 -0.130215 0.064020
v 2.566596 -0.123794 0.064133
v 2.577320 -0.119259 0.065573
v 2.587561 -0.128986 0.067039
v 2.585783 -0.136017 0.066841
v 2.531601 -0.129338 0.059373
v 2.535489 -0.105530 0.059752
v 2.539301 -0.107240 0.060286
v 2.530466 -0.101975 0.059041
v 2.543883 -0.109533 0.060929
v 2.548879 -0.111430 0.061625
v 2.575446 -0.103788 0.065217
v 2.562298 -0.113253 0.063476
v 2.573709 -0.118066 0.065071
v 2.619614 -0.105568 0.071281
v 2.553643 -0.112166 0.062283
v 2.558646 -0.112701 0.062972
v 2.567496 -0.113007 0.064187
v 2.530346 -0.101929 0.059025
v 2.595809 -0.080166 0.067900
v 2.473742 -0.557871 0.059508
v 2.480969 -0.571325 0.060881
v 2.489582 -0.573295 0.062093
v 2.481857 -0.576493 0.061155
v 2.489001 -0.578153 0.062162
v 2.493132 -0.564122 0.062292
v 2.501146 -0.545690 0.062809
v 2.490612 -0.552132 0.061593
v 2.498158 -0.557298 0.062759
v 2.504060 -0.549291 0.063307
v 2.507683 -0.547117 0.063726
v 2.429977 -0.511150 0.052277
v 2.548224 -0.542112 0.069026
v 2.502647 -0.544772 0.062984
v 2.525376 -0.536494 0.065800
v 2.452987 -0.500782 0.055072
v 2.488908 -0.508115 0.060101
v 2.488617 -0.509115 0.060090
v 2.525248 -0.515534 0.065189
v 2.462499 -0.505967 0.056495
v 2.545640 -0.524394 0.068177
v 2.546194 -0.534163 0.068529
v 2.545655 -0.519700 0.068046
v 2.494884 -0.491971 0.060477
v 2.490703 -0.501925 0.060178
v 2.515774 -0.501739 0.063548
v 2.530413 -0.506782 0.065652
v 2.540897 -0.504609 0.067006
v 2.545681 -0.510386 0.067803
v 2.525597 -0.513197 0.065174
v 2.506374 -0.476722 0.061619
v 2.507948 -0.477022 0.061838
v 2.499590 -0.484112 0.060902
v 2.546500 -0.489565 0.067360
v 2.546808 -0.484413 0.067265
v 2.581632 -0.491037 0.072128
v 2.649097 -0.528613 0.082206
v 2.631459 -0.500514 0.079086
v 2.552111 -0.485422 0.068006
v 2.510484 -0.474870 0.062127
v 2.547487 -0.473010 0.067075
v 2.554547 -0.475952 0.068100
v 2.538273 -0.447567 0.065202
v 2.604517 -0.459247 0.074430
v 2.606257 -0.460381 0.074693
v 2.524776 -0.410317 0.062523
v 2.530941 -0.411319 0.063380
v 2.523345 -0.406371 0.062246
v 2.488435 -0.613345 0.063210
v 2.478617 -0.610925 0.061823
v 2.523923 -0.622092 0.068224
v 2.491009 -0.613979 0.063574
v 2.477267 -0.617716 0.061872
v 2.531983 -0.634083 0.069700
v 2.603819 -0.641784 0.079513
v 2.578055 -0.650324 0.076375
v 2.580695 -0.659316 0.077029
v 2.585838 -0.637353 0.076972
v 2.535301 -0.627294 0.069913
v 2.488329 -0.593189 0.062552
v 2.489159 -0.602998 0.062976
v 2.489995 -0.606583 0.063202
v 2.489147 -0.613066 0.063296
v 2.483525 -0.586215 0.061689
v 2.488339 -0.583673 0.062250
v 2.614964 -0.618251 0.080248
v 2.629300 -0.622461 0.082295
v 2.601455 -0.611313 0.078224
v 2.311112 -0.876490 0.050702
v 2.322671 -0.845384 0.050702
v 2.333811 -0.814125 0.050702
v 2.344531 -0.782720 0.050702
v 2.354827 -0.751174 0.050702
v 2.364700 -0.719492 0.050702
v 2.241966 -1.251149 0.057761
v 2.464085 -0.945604 0.067684
v 2.247114 -1.029540 0.050702
v 2.260733 -0.999279 0.050702
v 2.273945 -0.968838 0.050702
v 2.286747 -0.938223 0.050702
v 2.299137 -0.907438 0.050702
v 2.565364 -0.933717 0.086133
v 2.552598 -0.968074 0.086133
v 2.577668 -0.899193 0.086133
v 2.589508 -0.864506 0.086133
v 2.600881 -0.829663 0.086133
v 2.611785 -0.794671 0.086133
v 2.396281 -0.949952 0.059175
v 2.387517 -1.038791 0.062381
v 2.481913 -1.137115 0.086133
v 2.496955 -1.103693 0.086133
v 2.511548 -1.070071 0.086133
v 2.525687 -1.036257 0.086133
v 2.539371 -1.002256 0.086133
v 2.369423 -0.703586 0.050702
v 2.225876 -1.074557 0.050702
v 2.240102 -1.044578 0.050702
v 2.617002 -0.777103 0.086133
v 2.458456 -1.186836 0.086133
v 2.474168 -1.153724 0.086133
v 2.239428 -1.046024 0.050702
v 2.473423 -1.155322 0.086133
v 2.226387 -1.073500 0.050702
v 2.459020 -1.185668 0.086133
v 2.233904 -1.057706 0.050702
v 2.467322 -1.168224 0.086133
v 2.232126 -1.061453 0.050702
v 2.465358 -1.172363 0.086133
v 2.228125 -1.069885 0.050702
v 2.460938 -1.181676 0.086133
v 2.237682 -1.049742 0.050702
v 2.471495 -1.159429 0.086133
v 2.227001 -1.073791 0.045749
v 2.226490 -1.074849 0.045749
v 2.459634 -1.185960 0.081179
v 2.459070 -1.187128 0.081179
v 2.240716 -1.044869 0.045749
v 2.474782 -1.154016 0.081179
v 2.240041 -1.046315 0.045749
v 2.474037 -1.155613 0.081179
v 2.238296 -1.050034 0.045749
v 2.234518 -1.057997 0.045749
v 2.472109 -1.159720 0.081179
v 2.467936 -1.168516 0.081179
v 2.232739 -1.061744 0.045749
v 2.465971 -1.172655 0.081179
v 2.228739 -1.070176 0.045749
v 2.461552 -1.181967 0.081179
v 2.140585 -1.235868 0.050702
v 2.156984 -1.207019 0.050702
v 2.172994 -1.177952 0.050702
v 2.188612 -1.148673 0.050702
v 2.203836 -1.119187 0.050702
v 2.218663 -1.089499 0.050702
v 2.338086 -0.977905 0.053053
v 2.341530 -0.964186 0.052827
v 2.052865 -1.376670 0.050702
v 2.071162 -1.348986 0.050702
v 2.089086 -1.321059 0.050702
v 2.106633 -1.292893 0.050702
v 2.123800 -1.264495 0.050702
v 2.382365 -1.333139 0.086133
v 2.364252 -1.365003 0.086133
v 2.400048 -1.301035 0.086133
v 2.417298 -1.268697 0.086133
v 2.434113 -1.236130 0.086133
v 2.450489 -1.203340 0.086133
v 2.314940 -0.979586 0.050158
v 2.332261 -0.984883 0.052644
v 2.267366 -1.520517 0.086133
v 2.287575 -1.489940 0.086133
v 2.307372 -1.459095 0.086133
v 2.326752 -1.427986 0.086133
v 2.345714 -1.396621 0.086133
v 2.225876 -1.074557 0.050702
v 2.024681 -1.417698 0.050702
v 2.043531 -1.390388 0.050702
v 2.458456 -1.186837 0.086133
v 2.236237 -1.565831 0.086133
v 2.257058 -1.535669 0.086133
v 2.042634 -1.391708 0.050702
v 2.256066 -1.537126 0.086133
v 2.025355 -1.416736 0.050702
v 2.236982 -1.564769 0.086133
v 2.035307 -1.402352 0.050702
v 2.247974 -1.548882 0.086133
v 2.032951 -1.405766 0.050702
v 2.245371 -1.552653 0.086133
v 2.027649 -1.413447 0.050702
v 2.239516 -1.561136 0.086133
v 2.040314 -1.395098 0.050702
v 2.253504 -1.540870 0.086133
v 2.025914 -1.417122 0.045749
v 2.025240 -1.418084 0.045749
v 2.237541 -1.565155 0.081179
v 2.236797 -1.566218 0.081179
v 2.044091 -1.390774 0.045749
v 2.257617 -1.536055 0.081179
v 2.043193 -1.392094 0.045749
v 2.256625 -1.537512 0.081179
v 2.040874 -1.395484 0.045749
v 2.035866 -1.402738 0.045749
v 2.254064 -1.541256 0.081179
v 2.248533 -1.549268 0.081179
v 2.033510 -1.406152 0.045749
v 2.245931 -1.553039 0.081179
v 2.028208 -1.413833 0.045749
v 2.240075 -1.561522 0.081179
v 1.914618 -1.563238 0.050702
v 1.935432 -1.537393 0.050702
v 1.955897 -1.511271 0.050702
v 1.976010 -1.484876 0.050702
v 1.995767 -1.458214 0.050702
v 2.015164 -1.431289 0.050702
v 2.384397 -1.044375 0.062252
v 2.380000 -1.057724 0.062338
v 1.805447 -1.688145 0.050702
v 1.827948 -1.663755 0.050702
v 1.850120 -1.639064 0.050702
v 1.871958 -1.614078 0.050702
v 1.893458 -1.588802 0.050702
v 2.137663 -1.698034 0.086133
v 2.114674 -1.726579 0.086133
v 2.160267 -1.669182 0.086133
v 2.182481 -1.640030 0.086133
v 2.204302 -1.610581 0.086133
v 2.225726 -1.580843 0.086133
v 2.403652 -1.043098 0.064667
v 2.393983 -1.038268 0.063187
v 1.994097 -1.864538 0.086133
v 2.018949 -1.837599 0.086133
v 2.043437 -1.810328 0.086133
v 2.067556 -1.782731 0.086133
v 2.091304 -1.754814 0.086133
v 1.979051 -1.660622 0.066031
v 1.771047 -1.724121 0.050702
v 1.794034 -1.700189 0.050702
v 2.236238 -1.565832 0.086133
v 1.956101 -1.904272 0.086133
v 1.981491 -1.877839 0.086133
v 1.792936 -1.701347 0.050702
v 1.980278 -1.879119 0.086133
v 1.771866 -1.723279 0.050702
v 1.957006 -1.903343 0.086133
v 1.783998 -1.710678 0.050702
v 1.970405 -1.889425 0.086133
v 1.781124 -1.713670 0.050702
v 1.967232 -1.892729 0.086133
v 1.774659 -1.720401 0.050702
v 1.960091 -1.900163 0.086133
v 1.790103 -1.704321 0.050702
v 1.977149 -1.882404 0.086133
v 1.772357 -1.723750 0.045749
v 1.771537 -1.724591 0.045749
v 1.957497 -1.903813 0.081179
v 1.956592 -1.904743 0.081179
v 1.794524 -1.700660 0.045749
v 1.981981 -1.878310 0.081179
v 1.793427 -1.701818 0.045749
v 1.980768 -1.879590 0.081179
v 1.790594 -1.704792 0.045749
v 1.784487 -1.711149 0.045749
v 1.977639 -1.882875 0.081179
v 1.970895 -1.889896 0.081179
v 1.781614 -1.714140 0.045749
v 1.967721 -1.893200 0.081179
v 1.775149 -1.720871 0.045749
v 1.960581 -1.900634 0.081179
v 1.639063 -1.850121 0.050702
v 1.663753 -1.827949 0.050702
v 1.688144 -1.805448 0.050702
v 1.712230 -1.782622 0.050702
v 1.736008 -1.759474 0.050702
v 1.759473 -1.736009 0.050702
v 2.401504 -0.957302 0.060205
v 2.466623 -0.953038 0.068373
v 1.511270 -1.955898 0.050702
v 1.537392 -1.935433 0.050702
v 1.563237 -1.914619 0.050702
v 1.588800 -1.893459 0.050702
v 1.614077 -1.871959 0.050702
v 1.837597 -2.018950 0.086133
v 1.810326 -2.043437 0.086133
v 1.864536 -1.994098 0.086133
v 1.891140 -1.968886 0.086133
v 1.917402 -1.943320 0.086133
v 1.943318 -1.917403 0.086133
v 2.483019 -0.961434 0.070892
v 2.479435 -0.935108 0.069146
v 1.669181 -2.160268 0.086133
v 1.698032 -2.137664 0.086133
v 1.726578 -2.114675 0.086133
v 1.754812 -2.091305 0.086133
v 1.782730 -2.067558 0.086133
v 1.975461 -1.667753 0.066289
v 1.471544 -1.985890 0.050702
v 1.498072 -1.965955 0.050702
v 1.956102 -1.904272 0.086133
v 1.625304 -2.193393 0.086133
v 1.654604 -2.171376 0.086133
v 1.496803 -1.966922 0.050702
v 1.653202 -2.172444 0.086133
v 1.472487 -1.985190 0.050702
v 1.626346 -2.192621 0.086133
v 1.486483 -1.974698 0.050702
v 1.641804 -2.181033 0.086133
v 1.483167 -1.977190 0.050702
v 1.638141 -2.183785 0.086133
v 1.475706 -1.982797 0.050702
v 1.629901 -2.189977 0.086133
v 1.493529 -1.969403 0.050702
v 1.649586 -2.175184 0.086133
v 1.472896 -1.985734 0.045749
v 1.471952 -1.986433 0.045749
v 1.626754 -2.193164 0.081179
v 1.625712 -2.193936 0.081179
v 1.498480 -1.966498 0.045749
v 1.655012 -2.171919 0.081179
v 1.497211 -1.967465 0.045749
v 1.653610 -2.172987 0.081179
v 1.493938 -1.969947 0.045749
v 1.486891 -1.975242 0.045749
v 1.649995 -2.175728 0.081179
v 1.642212 -2.181576 0.081179
v 1.483575 -1.977734 0.045749
v 1.638549 -2.184328 0.081179
v 1.476114 -1.983340 0.045749
v 1.630309 -2.190520 0.081179
v 2.229249 -1.278965 0.058159
v 2.211741 -1.306768 0.057986
v 2.217416 -1.316766 0.059350
v 2.223869 -1.314962 0.059994
v 2.280376 -1.334349 0.068060
v 2.289861 -1.344635 0.069897
v 2.292900 -1.317875 0.068419
v 2.280536 -1.325827 0.067493
v 2.225307 -1.305030 0.059483
v 2.234546 -1.288951 0.059477
v 2.261929 -1.269663 0.061413
v 2.275872 -1.285707 0.064178
v 2.265019 -1.305126 0.064220
v 2.284420 -1.306329 0.066614
v 2.283631 -1.296210 0.065824
v 1.995953 -1.538310 0.051130
v 1.991998 -1.557848 0.052409
v 2.004738 -1.578178 0.055535
v 1.999913 -1.592123 0.056234
v 1.991855 -1.614255 0.057301
v 1.981323 -1.636352 0.058101
v 1.968657 -1.662601 0.059035
v 1.954466 -1.686620 0.059613
v 1.940381 -1.703651 0.059594
v 1.929753 -1.709294 0.058952
v 1.938144 -1.720701 0.060839
v 1.948809 -1.708662 0.060928
v 1.979606 -1.708914 0.064231
v 2.014510 -1.702406 0.067384
v 2.060715 -1.667510 0.069272
v 2.071054 -1.666624 0.070296
v 2.061538 -1.658180 0.068548
v 2.003026 -1.559439 0.053722
v 2.010323 -1.589957 0.057155
v 1.996456 -1.627805 0.058970
v 1.976129 -1.668214 0.060320
v 1.957856 -1.698403 0.060999
v 1.958447 -1.702761 0.061441
v 1.981813 -1.702121 0.063876
v 2.008650 -1.695904 0.066194
v 2.054299 -1.659415 0.067884
v 1.733011 -1.874102 0.055676
v 1.749663 -1.874404 0.057226
v 1.743253 -1.896431 0.058910
v 1.718560 -1.937423 0.060878
v 1.711708 -1.972842 0.063900
v 1.702303 -1.983112 0.064099
v 1.680194 -1.983279 0.062100
v 1.669808 -1.942848 0.056989
v 1.693397 -1.909618 0.055719
v 2.392438 -0.981587 0.066375
v 2.398305 -0.983994 0.067245
v 2.400836 -0.956841 0.066176
v 2.395614 -0.949492 0.065135
v 2.404281 -0.948937 0.066209
v 2.420973 -0.955525 0.068671
v 2.479555 -0.940372 0.075416
v 2.473674 -0.938142 0.074553
v 2.465962 -0.952582 0.074282
v 2.482358 -0.960978 0.076795
v 2.463424 -0.945148 0.073589
v 2.478776 -0.934652 0.075043
v 2.379278 -1.057226 0.068795
v 2.380878 -1.052385 0.068723
v 2.384516 -1.053993 0.069268
v 2.386811 -1.038303 0.068700
v 2.383685 -1.043884 0.068612
v 2.344132 -0.998742 0.061168
v 2.360286 -1.005625 0.063577
v 2.388849 -1.017794 0.067836
v 2.393278 -1.037781 0.069486
v 2.402948 -1.042612 0.070966
v 2.394907 -1.020376 0.068740
v 2.331570 -0.984406 0.058820
v 2.337400 -0.977432 0.059189
v 2.314248 -0.979108 0.056347
v 2.340851 -0.963718 0.058899
v 1.995021 -1.628885 0.064942
v 1.995794 -1.627348 0.064892
v 2.211076 -1.306309 0.063933
v 2.224643 -1.304572 0.065418
v 2.216751 -1.316306 0.065298
v 2.223205 -1.314503 0.065936
v 2.224814 -1.284498 0.064045
v 2.233349 -1.289426 0.065397
v 2.289200 -1.344178 0.075806
v 2.279715 -1.333893 0.073970
v 2.279876 -1.325371 0.073397
v 2.287319 -1.320585 0.073946
v 2.291601 -1.323057 0.074624
v 2.228585 -1.278507 0.064089
v 2.233884 -1.288494 0.065398
v 2.287901 -1.320211 0.073990
v 2.292240 -1.317420 0.074319
v 2.264358 -1.304669 0.070129
v 2.283574 -1.303509 0.072342
v 2.283759 -1.305873 0.072524
v 2.240021 -1.253486 0.063756
v 2.250848 -1.259544 0.065458
v 2.282969 -1.295753 0.071744
v 2.261264 -1.269205 0.067355
v 2.275209 -1.285249 0.070106
v 2.241299 -1.250688 0.063725
v 1.980965 -1.708069 0.070448
v 1.973761 -1.701857 0.069143
v 1.981140 -1.701656 0.069896
v 1.954383 -1.685149 0.065633
v 1.961307 -1.691119 0.066887
v 1.971700 -1.654454 0.064714
v 1.967988 -1.662139 0.065009
v 2.014422 -1.690302 0.072365
v 2.007984 -1.695445 0.072149
v 2.013844 -1.701946 0.073339
v 2.021454 -1.696203 0.073624
v 1.980659 -1.635893 0.064037
v 1.987088 -1.622409 0.063537
v 2.050557 -1.674229 0.074778
v 2.042632 -1.667759 0.073374
v 1.991191 -1.613798 0.063235
v 2.000218 -1.588855 0.062053
v 1.999247 -1.591664 0.062191
v 2.007711 -1.594807 0.063366
v 2.018389 -1.603290 0.065236
v 2.037715 -1.618641 0.068622
v 2.060877 -1.657724 0.074460
v 2.053638 -1.658959 0.073793
v 2.070393 -1.666168 0.076203
v 2.060055 -1.667054 0.075175
v 1.991324 -1.557384 0.058430
v 2.004068 -1.577715 0.061526
v 2.009655 -1.589496 0.063126
v 1.994600 -1.541175 0.057412
v 1.997015 -1.543041 0.057831
v 2.002351 -1.558973 0.059755
v 1.995273 -1.537841 0.057208
v 1.929445 -1.709340 0.065241
v 1.937448 -1.720221 0.067055
v 1.939332 -1.718099 0.067053
v 1.939693 -1.703176 0.065743
v 1.948122 -1.708188 0.067066
v 1.929059 -1.708815 0.065154
v 1.953790 -1.686153 0.065662
v 1.957176 -1.697934 0.067076
v 1.957766 -1.702291 0.067530
v 1.978930 -1.708448 0.070272
v 1.679522 -1.982816 0.068104
v 1.671698 -1.938787 0.062807
v 1.669141 -1.942387 0.062956
v 1.705699 -1.978220 0.069950
v 1.701637 -1.982652 0.070053
v 1.711044 -1.972385 0.069830
v 1.692126 -1.910017 0.061680
v 1.717559 -1.938725 0.066941
v 1.692734 -1.909160 0.061648
v 1.717899 -1.936967 0.066793
v 1.717475 -1.886973 0.061651
v 1.735849 -1.907160 0.065396
v 1.732339 -1.873638 0.061689
v 1.742584 -1.895969 0.064894
v 1.748988 -1.873938 0.063268
v 1.321057 -2.089087 0.050702
v 1.348984 -2.071163 0.050702
v 1.376669 -2.052866 0.050702
v 1.404105 -2.034199 0.050702
v 1.431288 -2.015165 0.050702
v 1.458213 -1.995768 0.050702
v 0.970751 -2.308239 0.050565
v 1.013713 -2.283622 0.049766
v 1.177951 -2.172995 0.050702
v 1.207018 -2.156985 0.050702
v 1.235867 -2.140586 0.050702
v 1.264493 -2.123801 0.050702
v 1.292892 -2.106634 0.050702
v 1.489938 -2.287576 0.086133
v 1.459093 -2.307373 0.086133
v 1.520515 -2.267367 0.086133
v 1.550818 -2.246750 0.086133
v 1.580841 -2.225728 0.086133
v 1.610580 -2.204304 0.086133
v 1.091905 -2.246664 0.049305
v 1.113860 -2.248747 0.050752
v 1.301033 -2.400049 0.086133
v 1.333137 -2.382366 0.086133
v 1.365001 -2.364254 0.086133
v 1.396618 -2.345715 0.086133
v 1.427984 -2.326754 0.086133
v 1.471544 -1.985890 0.050702
v 1.133929 -2.196225 0.050702
v 1.163311 -2.180804 0.050702
v 1.625304 -2.193393 0.086133
v 1.252411 -2.425706 0.086133
v 1.284864 -2.408674 0.086133
v 1.161903 -2.181555 0.050702
v 1.283309 -2.409504 0.086133
v 1.134972 -2.195687 0.050702
v 1.253564 -2.425111 0.086133
v 1.150469 -2.187576 0.050702
v 1.270681 -2.416153 0.086133
v 1.146797 -2.189503 0.050702
v 1.266624 -2.418282 0.086133
v 1.138533 -2.193841 0.050702
v 1.257496 -2.423072 0.086133
v 1.158274 -2.183480 0.050702
v 1.279301 -2.411629 0.086133
v 1.135288 -2.196288 0.045749
v 1.134244 -2.196827 0.045749
v 1.253880 -2.425713 0.081179
v 1.252727 -2.426308 0.081179
v 1.163627 -2.181406 0.045749
v 1.285180 -2.409276 0.081179
v 1.162219 -2.182157 0.045749
v 1.283625 -2.410105 0.081179
v 1.158590 -2.184081 0.045749
v 1.150785 -2.188177 0.045749
v 1.279617 -2.412230 0.081179
v 1.270996 -2.416754 0.081179
v 1.147112 -2.190105 0.045749
v 1.266940 -2.418883 0.081179
v 1.138848 -2.194442 0.045749
v 1.257812 -2.423674 0.081179
v 0.968837 -2.273946 0.050702
v 0.999277 -2.260734 0.050702
v 1.029538 -2.247115 0.050702
v 1.059613 -2.233090 0.050702
v 1.089498 -2.218664 0.050702
v 1.119185 -2.203837 0.050702
v 1.103289 -2.221936 0.046789
v 1.360124 -2.172725 0.058724
v 0.814124 -2.333812 0.050702
v 0.845382 -2.322671 0.050702
v 0.876488 -2.311113 0.050702
v 0.907436 -2.299137 0.050702
v 0.938221 -2.286748 0.050702
v 1.103691 -2.496956 0.086133
v 1.070069 -2.511548 0.086133
v 1.137114 -2.481914 0.086133
v 1.170331 -2.466424 0.086133
v 1.203338 -2.450490 0.086133
v 1.236128 -2.434114 0.086133
v 1.371505 -2.166996 0.058894
v 1.375496 -2.161720 0.058574
v 0.899190 -2.577669 0.086133
v 0.933715 -2.565365 0.086133
v 0.968072 -2.552599 0.086133
v 1.002254 -2.539372 0.086133
v 1.036255 -2.525688 0.086133
v 1.133929 -2.196225 0.050702
v 0.766945 -2.349680 0.050702
v 0.798421 -2.339172 0.050702
v 1.252411 -2.425706 0.086133
v 0.847082 -2.595195 0.086133
v 0.881847 -2.583589 0.086133
v 0.796911 -2.339687 0.050702
v 0.880179 -2.584159 0.086133
v 0.768062 -2.349315 0.050702
v 0.848316 -2.594792 0.086133
v 0.784659 -2.343796 0.050702
v 0.866647 -2.588696 0.086133
v 0.780725 -2.345109 0.050702
v 0.862302 -2.590147 0.086133
v 0.771872 -2.348064 0.050702
v 0.852524 -2.593411 0.086133
v 0.793020 -2.341004 0.050702
v 0.875882 -2.585613 0.086133
v 0.768277 -2.349960 0.045749
v 0.767160 -2.350324 0.045749
v 0.848531 -2.595437 0.081179
v 0.847298 -2.595840 0.081179
v 0.798636 -2.339816 0.045749
v 0.882062 -2.584234 0.081179
v 0.797126 -2.340332 0.045749
v 0.880394 -2.584803 0.081179
v 0.793235 -2.341649 0.045749
v 0.784874 -2.344440 0.045749
v 0.876097 -2.586258 0.081179
v 0.866862 -2.589340 0.081179
v 0.780940 -2.345754 0.045749
v 0.862517 -2.590791 0.081179
v 0.772087 -2.348709 0.045749
v 0.852739 -2.594055 0.081179
v 0.591524 -2.399911 0.050702
v 0.623690 -2.391753 0.050702
v 0.655743 -2.383165 0.050702
v 0.687679 -2.374146 0.050702
v 0.719490 -2.364700 0.050702
v 0.751172 -2.354828 0.050702
v 1.403931 -2.199668 0.065077
v 1.390082 -2.200284 0.064130
v 0.429211 -2.434184 0.050702
v 0.461852 -2.428203 0.050702
v 0.494409 -2.421783 0.050702
v 0.526878 -2.414927 0.050702
v 0.559251 -2.407636 0.050702
v 0.688859 -2.641665 0.086133
v 0.653331 -2.650675 0.086133
v 0.724261 -2.632179 0.086133
v 0.759534 -2.622219 0.086133
v 0.794669 -2.611785 0.086133
v 0.829661 -2.600881 0.086133
v 1.381826 -2.206567 0.064254
v 1.375895 -2.196057 0.062596
v 0.474059 -2.688529 0.086133
v 0.510110 -2.681922 0.086133
v 0.546070 -2.674833 0.086133
v 0.581931 -2.667260 0.086133
v 0.617687 -2.659208 0.086133
v 1.088568 -2.238272 0.053070
v 0.380098 -2.442278 0.050702
v 0.412852 -2.436955 0.050702
v 0.847082 -2.595195 0.086133
v 0.419814 -2.697469 0.086133
v 0.455991 -2.691591 0.086133
v 0.411279 -2.437222 0.050702
v 0.454253 -2.691885 0.086133
v 0.381259 -2.442098 0.050702
v 0.421096 -2.697270 0.086133
v 0.398527 -2.439312 0.050702
v 0.440168 -2.694193 0.086133
v 0.394433 -2.439977 0.050702
v 0.435646 -2.694928 0.086133
v 0.385221 -2.441474 0.050702
v 0.425472 -2.696581 0.086133
v 0.407227 -2.437898 0.050702
v 0.449778 -2.692631 0.086133
v 0.381368 -2.442769 0.045749
v 0.380207 -2.442949 0.045749
v 0.421205 -2.697941 0.081179
v 0.419923 -2.698140 0.081179
v 0.412961 -2.437626 0.045749
v 0.456099 -2.692261 0.081179
v 0.411388 -2.437893 0.045749
v 0.454361 -2.692556 0.081179
v 0.407336 -2.438569 0.045749
v 0.398636 -2.439983 0.045749
v 0.449887 -2.693302 0.081179
v 0.440278 -2.694864 0.081179
v 0.394542 -2.440648 0.045749
v 0.435755 -2.695598 0.081179
v 0.385330 -2.442145 0.045749
v 0.425581 -2.697252 0.081179
v 0.198891 -2.463720 0.050702
v 0.231949 -2.460828 0.050702
v 0.264965 -2.457492 0.050702
v 0.297934 -2.453713 0.050702
v 0.330848 -2.449492 0.050702
v 0.363703 -2.444830 0.050702
v 1.385570 -2.198290 0.063567
v 1.395486 -2.194934 0.063906
v 0.033183 -2.471512 0.050702
v 0.066360 -2.470844 0.050702
v 0.099526 -2.469730 0.050702
v 0.132673 -2.468171 0.050702
v 0.165797 -2.466168 0.050702
v 0.256185 -2.717957 0.086133
v 0.219673 -2.721151 0.086133
v 0.292651 -2.714273 0.086133
v 0.329064 -2.710099 0.086133
v 0.365418 -2.705437 0.086133
v 0.401706 -2.700287 0.086133
v 1.375762 -2.170392 0.059602
v 1.369134 -2.182554 0.060529
v 0.036650 -2.729758 0.086133
v 0.073294 -2.729020 0.086133
v 0.109925 -2.727790 0.086133
v 0.146536 -2.726068 0.086133
v 0.183121 -2.723856 0.086133
v 1.020028 -2.270636 0.053109
v -0.016593 -2.471623 0.050702
v 0.016590 -2.471624 0.050702
v 0.419814 -2.697469 0.086133
v -0.018327 -2.729881 0.086133
v 0.018324 -2.729881 0.086133
v 0.014995 -2.471634 0.050702
v 0.016562 -2.729893 0.086133
v -0.015419 -2.471631 0.050702
v -0.017030 -2.729890 0.086133
v 0.002073 -2.471652 0.050702
v 0.002289 -2.729912 0.086133
v -0.002075 -2.471652 0.050702
v -0.002292 -2.729912 0.086133
v -0.011408 -2.471652 0.050702
v -0.012600 -2.729912 0.086133
v 0.010887 -2.471651 0.050702
v 0.012025 -2.729911 0.086133
v -0.015419 -2.472311 0.045749
v -0.016593 -2.472303 0.045749
v -0.017030 -2.730569 0.081179
v -0.018327 -2.730561 0.081179
v 0.016591 -2.472303 0.045749
v 0.018324 -2.730560 0.081179
v 0.014995 -2.472314 0.045749
v 0.016562 -2.730573 0.081179
v 0.010887 -2.472331 0.045749
v 0.002073 -2.472331 0.045749
v 0.012025 -2.730592 0.081179
v 0.002289 -2.730591 0.081179
v -0.002075 -2.472331 0.045749
v -0.002292 -2.730591 0.081179
v -0.011408 -2.472331 0.045749
v -0.012600 -2.730591 0.081179
v 0.963985 -2.322406 0.051993
v 0.983084 -2.358730 0.057620
v 1.024506 -2.372056 0.061540
v 1.039992 -2.367650 0.061817
v 1.030140 -2.386488 0.063670
v 1.021197 -2.379712 0.062330
v 0.977253 -2.362934 0.057838
v 0.959608 -2.330302 0.052756
v 0.942529 -2.332086 0.052061
v 0.936246 -2.343783 0.053203
v 0.923666 -2.352386 0.053613
v 0.912354 -2.435018 0.063461
v 0.927287 -2.421032 0.062496
v 0.944486 -2.410472 0.062087
v 0.958929 -2.429549 0.065280
v 0.974163 -2.433075 0.066548
v 1.009942 -2.508703 0.078048
v 1.023178 -2.519635 0.080145
v 0.995262 -2.518220 0.078461
v 1.004073 -2.508405 0.077694
v 0.970577 -2.438061 0.066985
v 0.954266 -2.432455 0.065396
v 0.944665 -2.419574 0.063248
v 0.921317 -2.434515 0.063880
v 0.916509 -2.447952 0.065322
v 0.899942 -2.455027 0.065324
v 0.917305 -2.338719 0.051541
v 0.928610 -2.333871 0.051537
v 0.939469 -2.302571 0.048161
v 0.948143 -2.301046 0.048436
v 0.964798 -2.301783 0.049427
v 1.020224 -2.271221 0.048548
v 1.088779 -2.238904 0.048154
v 0.473117 -2.627694 0.072648
v 0.498815 -2.648074 0.076216
v 0.587451 -2.567824 0.068415
v 0.607515 -2.564560 0.068640
v 0.656211 -2.571671 0.071193
v 0.715910 -2.564003 0.072134
v 0.736156 -2.534799 0.068900
v 0.745397 -2.512472 0.066222
v 0.774147 -2.505259 0.066205
v 0.728797 -2.481977 0.061602
v 0.737135 -2.509750 0.065586
v 0.727566 -2.530251 0.068009
v 0.711325 -2.552496 0.070446
v 0.657862 -2.559809 0.069663
v 0.608731 -2.555326 0.067446
v 0.593378 -2.546799 0.065802
v 0.547588 -2.497386 0.057695
v 0.550336 -2.489033 0.056670
v 0.593403 -2.493297 0.058657
v 0.707420 -2.461136 0.058115
v 0.736039 -2.418678 0.053386
v 0.753011 -2.409282 0.052690
v 0.726858 -2.395499 0.049988
v 0.729439 -2.412494 0.052343
v 0.698522 -2.453060 0.056743
v 0.592699 -2.482963 0.057253
v 0.530907 -2.474099 0.054035
v 0.517575 -2.466103 0.052528
v 0.506755 -2.484001 0.054563
v 0.494904 -2.489228 0.054871
v 0.527721 -2.489283 0.055958
v 0.581784 -2.550199 0.065874
v 0.578627 -2.561280 0.067251
v 0.502728 -2.630643 0.074016
v 0.113839 -2.590163 0.062523
v 0.136858 -2.609770 0.065466
v 0.136214 -2.593214 0.063189
v 0.223116 -2.530895 0.055606
v 0.288911 -2.578913 0.062918
v 0.288073 -2.507649 0.053137
v 0.274050 -2.514163 0.053875
v 0.257121 -2.517032 0.054081
v 0.237914 -2.518017 0.054004
v 0.216715 -2.515499 0.053424
v 0.216425 -2.522461 0.054375
v 0.129417 -2.587237 0.062294
v 1.373969 -2.172760 0.064284
v 1.370288 -2.166940 0.063339
v 1.388981 -2.196500 0.068137
v 1.385379 -2.197718 0.068018
v 1.389891 -2.199713 0.068577
v 1.390982 -2.199665 0.068651
v 1.381635 -2.205994 0.068710
v 1.359933 -2.172151 0.063195
v 1.375704 -2.195485 0.067056
v 1.368942 -2.181981 0.064993
v 1.375305 -2.161146 0.063042
v 1.403741 -2.199096 0.069530
v 1.395296 -2.194363 0.068358
v 1.375571 -2.169819 0.064063
v 1.371314 -2.166423 0.063355
v 1.036708 -2.262765 0.053064
v 1.066924 -2.248498 0.053042
v 0.939275 -2.301989 0.052696
v 0.942334 -2.331502 0.056609
v 0.928414 -2.333283 0.056122
v 0.936050 -2.343196 0.057775
v 0.921998 -2.336031 0.056144
v 0.970383 -2.437477 0.071533
v 0.973969 -2.432493 0.071082
v 0.958733 -2.428962 0.069852
v 0.958614 -2.428805 0.069826
v 0.960726 -2.434156 0.070615
v 0.995067 -2.517638 0.082999
v 0.927210 -2.349237 0.058091
v 0.944125 -2.301138 0.052836
v 0.956000 -2.330080 0.057128
v 1.003880 -2.507826 0.082202
v 1.009750 -2.508126 0.082540
v 1.022987 -2.519062 0.084610
v 0.970559 -2.307662 0.055061
v 0.964605 -2.301205 0.053929
v 0.963792 -2.321828 0.056496
v 0.947950 -2.300466 0.052954
v 0.977060 -2.362358 0.062328
v 0.959415 -2.329723 0.057263
v 0.982891 -2.358154 0.062104
v 0.977437 -2.294131 0.053712
v 0.980721 -2.301840 0.054862
v 1.012228 -2.375789 0.065889
v 1.008182 -2.366294 0.064473
v 1.021006 -2.379140 0.066790
v 1.024315 -2.371483 0.066007
v 1.029948 -2.385916 0.068131
v 1.006865 -2.277900 0.053277
v 1.010023 -2.285045 0.054349
v 1.039800 -2.367075 0.066298
v 1.013519 -2.283040 0.054295
v 1.040212 -2.270411 0.054218
v 1.070515 -2.256066 0.054191
v 1.091695 -2.246033 0.054215
v 1.095272 -2.230423 0.052500
v 1.103483 -2.247144 0.055055
v 1.103072 -2.221285 0.051856
v 1.113644 -2.248099 0.055795
v 0.899732 -2.454396 0.070239
v 0.908522 -2.395580 0.063095
v 0.915094 -2.412909 0.065638
v 0.922679 -2.432907 0.068572
v 0.920340 -2.426741 0.067667
v 0.921114 -2.433906 0.068626
v 0.912148 -2.434402 0.068261
v 0.916303 -2.447336 0.070123
v 0.927085 -2.420429 0.067194
v 0.917107 -2.338125 0.056169
v 0.923468 -2.351794 0.058233
v 0.944467 -2.418981 0.067869
v 0.944289 -2.409881 0.066696
v 0.954069 -2.431865 0.069993
v 0.729228 -2.411860 0.057285
v 0.726646 -2.394862 0.054949
v 0.550140 -2.488446 0.061243
v 0.539948 -2.474834 0.059114
v 0.561964 -2.575743 0.073283
v 0.564586 -2.587763 0.074971
v 0.548007 -2.511774 0.064301
v 0.547391 -2.496797 0.062278
v 0.578680 -2.491281 0.062483
v 0.576066 -2.480028 0.060898
v 0.590860 -2.543714 0.069867
v 0.581591 -2.549621 0.070378
v 0.578433 -2.560700 0.071766
v 0.587258 -2.567248 0.072908
v 0.595997 -2.565829 0.072982
v 0.592507 -2.482388 0.061738
v 0.593211 -2.492722 0.063139
v 0.607324 -2.563987 0.073098
v 0.593186 -2.546224 0.070276
v 0.610593 -2.477279 0.061634
v 0.613023 -2.487136 0.063026
v 0.608540 -2.554754 0.071905
v 0.632886 -2.567724 0.074413
v 0.630176 -2.556731 0.072860
v 0.643561 -2.467959 0.061506
v 0.646126 -2.477794 0.062901
v 0.669989 -2.569304 0.075874
v 0.657671 -2.559237 0.074120
v 0.656021 -2.571100 0.075642
v 0.667030 -2.557955 0.074265
v 0.676510 -2.458635 0.061441
v 0.679210 -2.468449 0.062837
v 0.705696 -2.564705 0.076533
v 0.702500 -2.553091 0.074880
v 0.698320 -2.452457 0.061438
v 0.711128 -2.551905 0.075045
v 0.707044 -2.441002 0.060251
v 0.711051 -2.454838 0.062227
v 0.707217 -2.460531 0.062836
v 0.730668 -2.522564 0.071900
v 0.715712 -2.563413 0.076735
v 0.727364 -2.529648 0.072712
v 0.734602 -2.536143 0.073839
v 0.728591 -2.481361 0.066400
v 0.735953 -2.534191 0.073635
v 0.736930 -2.509135 0.070378
v 0.729053 -2.396130 0.055209
v 0.735753 -2.418149 0.058367
v 0.762905 -2.507390 0.071163
v 0.759866 -2.497400 0.069731
v 0.745190 -2.511851 0.071058
v 0.752792 -2.408624 0.057815
v 0.773931 -2.504611 0.071249
v 0.735826 -2.418040 0.058355
v 0.500192 -2.629777 0.078851
v 0.472895 -2.627032 0.077806
v 0.498602 -2.647434 0.081195
v 0.502825 -2.643618 0.080784
v 0.494697 -2.488607 0.059704
v 0.502517 -2.630010 0.078944
v 0.506877 -2.482852 0.059253
v 0.506551 -2.483391 0.059317
v 0.508058 -2.488641 0.060063
v 0.531516 -2.603543 0.076151
v 0.533951 -2.615474 0.077822
v 0.517374 -2.465501 0.057221
v 0.527521 -2.488685 0.060621
v 0.530708 -2.473504 0.058674
v 0.138664 -2.579619 0.066013
v 0.139239 -2.590317 0.067483
v 0.171768 -2.554987 0.062915
v 0.172539 -2.566451 0.064491
v 0.204304 -2.530769 0.059931
v 0.205289 -2.542969 0.061610
v 0.216522 -2.514924 0.057911
v 0.216233 -2.521886 0.058859
v 0.222924 -2.530319 0.060092
v 0.237280 -2.517386 0.058496
v 0.239649 -2.542525 0.061960
v 0.256926 -2.516447 0.058638
v 0.237721 -2.517438 0.058509
v 0.271063 -2.514045 0.058506
v 0.277078 -2.569832 0.066203
v 0.287872 -2.507049 0.057815
v 0.288713 -2.578320 0.067542
v 0.273853 -2.513571 0.058485
v 0.113638 -2.589561 0.067215
v 0.129219 -2.586643 0.066915
v 0.136018 -2.592625 0.067779
v 0.136661 -2.609182 0.070052
v -0.198894 -2.463720 0.050702
v -0.165800 -2.466168 0.050702
v -0.132676 -2.468172 0.050702
v -0.099528 -2.469730 0.050702
v -0.066363 -2.470844 0.050702
v -0.033185 -2.471512 0.050702
v -0.321063 -2.651584 0.073360
v -0.337069 -2.698403 0.079957
v -0.363706 -2.444830 0.050702
v -0.330851 -2.449492 0.050702
v -0.297936 -2.453713 0.050702
v -0.264968 -2.457492 0.050702
v -0.231952 -2.460828 0.050702
v -0.183124 -2.723856 0.086133
v -0.219676 -2.721151 0.086133
v -0.146539 -2.726068 0.086133
v -0.109928 -2.727791 0.086133
v -0.073297 -2.729020 0.086133
v -0.036653 -2.729758 0.086133
v -0.320586 -2.680265 0.077288
v -0.290979 -2.656294 0.073673
v -0.401710 -2.700287 0.086133
v -0.365421 -2.705437 0.086133
v -0.329067 -2.710099 0.086133
v -0.292654 -2.714272 0.086133
v -0.256188 -2.717957 0.086133
v -0.016593 -2.471624 0.050702
v -0.412855 -2.436955 0.050702
v -0.380101 -2.442278 0.050702
v -0.018327 -2.729881 0.086133
v -0.455994 -2.691590 0.086133
v -0.419817 -2.697469 0.086133
v -0.381678 -2.442033 0.050702
v -0.421559 -2.697198 0.086133
v -0.411697 -2.437151 0.050702
v -0.454715 -2.691807 0.086133
v -0.394435 -2.439977 0.050702
v -0.435649 -2.694927 0.086133
v -0.398530 -2.439312 0.050702
v -0.440172 -2.694192 0.086133
v -0.407742 -2.437815 0.050702
v -0.450346 -2.692539 0.086133
v -0.385735 -2.441391 0.050702
v -0.426040 -2.696489 0.086133
v -0.411806 -2.437822 0.045749
v -0.412964 -2.437626 0.045749
v -0.454824 -2.692477 0.081179
v -0.456103 -2.692261 0.081179
v -0.380210 -2.442949 0.045749
v -0.419926 -2.698140 0.081179
v -0.381787 -2.442704 0.045749
v -0.421668 -2.697869 0.081179
v -0.385844 -2.442062 0.045749
v -0.394544 -2.440648 0.045749
v -0.426149 -2.697160 0.081179
v -0.435759 -2.695598 0.081179
v -0.398639 -2.439982 0.045749
v -0.440281 -2.694863 0.081179
v -0.407851 -2.438485 0.045749
v -0.450455 -2.693209 0.081179
v -0.591527 -2.399910 0.050702
v -0.559254 -2.407636 0.050702
v -0.526881 -2.414927 0.050702
v -0.494412 -2.421782 0.050702
v -0.461855 -2.428202 0.050702
v -0.429214 -2.434184 0.050702
v -0.257993 -2.637101 0.070676
v -0.221221 -2.623648 0.068425
v -0.751175 -2.354827 0.050702
v -0.719493 -2.364700 0.050702
v -0.687681 -2.374146 0.050702
v -0.655746 -2.383164 0.050702
v -0.623693 -2.391753 0.050702
v -0.617690 -2.659207 0.086133
v -0.653335 -2.650674 0.086133
v -0.581934 -2.667260 0.086133
v -0.546073 -2.674832 0.086133
v -0.510113 -2.681922 0.086133
v -0.474062 -2.688529 0.086133
v -0.186576 -2.614176 0.066742
v -0.156552 -2.611457 0.066037
v -0.829664 -2.600881 0.086133
v -0.794672 -2.611785 0.086133
v -0.759537 -2.622218 0.086133
v -0.724264 -2.632178 0.086133
v -0.688862 -2.641665 0.086133
v -0.412855 -2.436955 0.050702
v -0.798424 -2.339171 0.050702
v -0.766948 -2.349679 0.050702
v -0.455994 -2.691590 0.086133
v -0.881850 -2.583588 0.086133
v -0.847085 -2.595194 0.086133
v -0.768465 -2.349184 0.050702
v -0.848761 -2.594647 0.086133
v -0.797312 -2.339550 0.050702
v -0.880622 -2.584007 0.086133
v -0.780727 -2.345108 0.050702
v -0.862305 -2.590146 0.086133
v -0.784662 -2.343794 0.050702
v -0.866650 -2.588695 0.086133
v -0.793514 -2.340839 0.050702
v -0.876428 -2.585430 0.086133
v -0.772367 -2.347899 0.050702
v -0.853070 -2.593228 0.086133
v -0.797527 -2.340195 0.045749
v -0.798639 -2.339815 0.045749
v -0.880838 -2.584651 0.081179
v -0.882065 -2.584233 0.081179
v -0.767163 -2.350323 0.045749
v -0.847301 -2.595839 0.081179
v -0.768680 -2.349828 0.045749
v -0.848976 -2.595292 0.081179
v -0.772582 -2.348544 0.045749
v -0.780943 -2.345752 0.045749
v -0.853286 -2.593873 0.081179
v -0.862520 -2.590790 0.081179
v -0.784877 -2.344439 0.045749
v -0.866865 -2.589339 0.081179
v -0.793729 -2.341484 0.045749
v -0.876643 -2.586075 0.081179
v -0.968839 -2.273945 0.050702
v -0.938224 -2.286747 0.050702
v -0.907439 -2.299136 0.050702
v -0.876491 -2.311112 0.050702
v -0.845385 -2.322671 0.050702
v -0.814126 -2.333811 0.050702
v -0.107881 -2.614594 0.065928
v -0.114849 -2.649602 0.070806
v -1.119188 -2.203836 0.050702
v -1.089500 -2.218663 0.050702
v -1.059616 -2.233089 0.050702
v -1.029541 -2.247114 0.050702
v -0.999280 -2.260733 0.050702
v -1.036258 -2.525687 0.086133
v -1.070072 -2.511547 0.086133
v -1.002256 -2.539371 0.086133
v -0.968075 -2.552598 0.086133
v -0.933718 -2.565364 0.086133
v -0.899193 -2.577668 0.086133
v -0.104226 -2.646122 0.070211
v -0.089786 -2.643803 0.069733
v -1.236131 -2.434113 0.086133
v -1.203341 -2.450488 0.086133
v -1.170334 -2.466423 0.086133
v -1.137116 -2.481912 0.086133
v -1.103694 -2.496955 0.086133
v -0.310958 -2.508732 0.058416
v -1.163314 -2.180803 0.050702
v -1.133931 -2.196224 0.050702
v -0.881850 -2.583588 0.086133
v -1.284867 -2.408672 0.086133
v -1.252414 -2.425705 0.086133
v -1.135349 -2.195492 0.050702
v -1.253981 -2.424896 0.086133
v -1.162277 -2.181355 0.050702
v -1.283723 -2.409283 0.086133
v -1.146799 -2.189502 0.050702
v -1.266627 -2.418281 0.086133
v -1.150472 -2.187574 0.050702
v -1.270683 -2.416152 0.086133
v -1.158736 -2.183237 0.050702
v -1.279810 -2.411361 0.086133
v -1.138994 -2.193598 0.050702
v -1.258006 -2.422805 0.086133
v -1.162593 -2.181957 0.045749
v -1.163630 -2.181404 0.045749
v -1.284038 -2.409884 0.081179
v -1.285183 -2.409274 0.081179
v -1.134247 -2.196826 0.045749
v -1.252730 -2.426306 0.081179
v -1.135665 -2.196094 0.045749
v -1.254296 -2.425498 0.081179
v -1.139310 -2.194200 0.045749
v -1.147115 -2.190104 0.045749
v -1.258322 -2.423407 0.081179
v -1.266942 -2.418882 0.081179
v -1.150787 -2.188176 0.045749
v -1.270999 -2.416753 0.081179
v -1.159051 -2.183839 0.045749
v -1.280126 -2.411963 0.081179
v -1.321059 -2.089085 0.050702
v -1.292894 -2.106632 0.050702
v -1.264495 -2.123800 0.050702
v -1.235869 -2.140584 0.050702
v -1.207020 -2.156983 0.050702
v -1.177953 -2.172993 0.050702
v -0.074663 -2.642942 0.069448
v -0.054669 -2.617712 0.065767
v -1.458215 -1.995766 0.050702
v -1.431290 -2.015163 0.050702
v -1.404107 -2.034197 0.050702
v -1.376671 -2.052864 0.050702
v -1.348987 -2.071161 0.050702
v -1.427987 -2.326752 0.086133
v -1.459095 -2.307371 0.086133
v -1.396621 -2.345713 0.086133
v -1.365004 -2.364252 0.086133
v -1.333140 -2.382364 0.086133
v -1.301036 -2.400047 0.086133
v -0.093663 -2.593763 0.062915
v -0.110438 -2.605315 0.064685
v -1.610582 -2.204302 0.086133
v -1.580844 -2.225725 0.086133
v -1.550821 -2.246748 0.086133
v -1.520518 -2.267365 0.086133
v -1.489941 -2.287575 0.086133
v -0.298870 -2.520338 0.059798
v -1.498074 -1.965953 0.050702
v -1.471546 -1.985888 0.050702
v -1.284867 -2.408672 0.086133
v -1.654606 -2.171373 0.086133
v -1.625306 -2.193392 0.086133
v -1.472828 -1.984938 0.050702
v -1.626723 -2.192342 0.086133
v -1.497140 -1.966665 0.050702
v -1.653575 -2.172160 0.086133
v -1.483169 -1.977189 0.050702
v -1.638144 -2.183783 0.086133
v -1.486485 -1.974697 0.050702
v -1.641806 -2.181031 0.086133
v -1.493946 -1.969090 0.050702
v -1.650047 -2.174838 0.086133
v -1.476122 -1.982484 0.050702
v -1.630361 -2.189631 0.086133
v -1.497548 -1.967208 0.045749
v -1.498483 -1.966496 0.045749
v -1.653983 -2.172703 0.081179
v -1.655015 -2.171917 0.081179
v -1.471954 -1.986431 0.045749
v -1.625715 -2.193934 0.081179
v -1.473237 -1.985481 0.045749
v -1.627131 -2.192885 0.081179
v -1.476531 -1.983027 0.045749
v -1.483577 -1.977732 0.045749
v -1.630769 -2.190175 0.081179
v -1.638552 -2.184327 0.081179
v -1.486893 -1.975240 0.045749
v -1.642214 -2.181574 0.081179
v -1.494354 -1.969633 0.045749
v -1.650455 -2.175382 0.081179
v -0.310221 -2.611658 0.067766
v -0.299084 -2.520926 0.055201
v -0.311176 -2.509329 0.053745
v -0.300257 -2.497966 0.052066
v -0.274702 -2.546062 0.058336
v -0.290110 -2.529267 0.056246
v -0.291032 -2.557696 0.060154
v -0.294943 -2.590343 0.064674
v -0.302693 -2.621593 0.069045
v -0.310076 -2.644947 0.072329
v -0.316819 -2.663216 0.074908
v -0.296537 -2.649378 0.072786
v -0.261505 -2.627842 0.069446
v -0.222076 -2.613157 0.066996
v -0.186874 -2.604855 0.065468
v -0.151350 -2.602847 0.064799
v -0.616244 -2.517313 0.062737
v -0.598913 -2.506394 0.060708
v -0.595058 -2.518368 0.062180
v -0.578604 -2.529576 0.063135
v -0.556113 -2.546026 0.064592
v -0.467126 -2.571484 0.065063
v -0.494101 -2.571807 0.065994
v -0.519350 -2.577030 0.067523
v -0.540454 -2.585066 0.069291
v -0.554789 -2.593767 0.070925
v -0.565648 -2.566809 0.067682
v -0.606488 -2.553746 0.067282
v -0.619185 -2.557809 0.068242
v -0.625638 -2.546488 0.066943
v -0.703030 -2.520003 0.065953
v -0.715268 -2.526668 0.067246
v -0.707804 -2.507145 0.064393
v -0.713960 -2.490695 0.062398
v -0.698901 -2.510214 0.064510
v -0.684030 -2.517144 0.064946
v -0.662132 -2.503947 0.062462
v -0.653510 -2.524379 0.064907
v -0.621727 -2.538590 0.065759
v -0.605874 -2.533147 0.064510
v -0.603055 -2.544545 0.065940
v -0.560819 -2.559937 0.066605
v -0.558039 -2.550932 0.065311
v -0.599002 -2.520965 0.062657
v -1.040748 -2.355345 0.060420
v -1.067736 -2.382998 0.065375
v -1.001126 -2.435977 0.068488
v -1.041212 -2.369188 0.062197
v -1.055763 -2.383806 0.064832
v -1.016621 -2.417295 0.066959
v -1.438331 -2.119244 0.058374
v -1.434157 -2.152983 0.061990
v -1.423383 -2.141854 0.059904
v -1.369235 -2.156490 0.057625
v -1.320244 -2.204639 0.059621
v -1.307069 -2.236441 0.062350
v -1.279818 -2.206834 0.056904
v -1.318609 -2.197441 0.058664
v -1.365765 -2.149074 0.056507
v -1.415373 -2.136329 0.058673
v -0.284834 -2.641743 0.076125
v -0.286045 -2.652977 0.077676
v -0.248183 -2.633031 0.074431
v -0.257789 -2.636543 0.075043
v -0.261300 -2.627282 0.073827
v -0.247145 -2.622014 0.072913
v -0.211551 -2.620508 0.072281
v -0.221020 -2.623096 0.072748
v -0.221874 -2.612604 0.071325
v -0.210700 -2.609970 0.070831
v -0.186373 -2.613621 0.071084
v -0.186672 -2.604300 0.069812
v -0.175042 -2.603641 0.069604
v -0.175648 -2.612648 0.070843
v -0.156346 -2.610894 0.070443
v -0.151144 -2.602282 0.069220
v -0.139921 -2.602955 0.069219
v -0.140403 -2.611916 0.070450
v -0.106648 -2.646398 0.074958
v -0.104819 -2.601004 0.068726
v -0.107667 -2.614006 0.070526
v -0.110225 -2.604729 0.069271
v -0.114637 -2.649019 0.075369
v -0.093445 -2.593165 0.067599
v -0.104011 -2.645531 0.074827
v -0.070034 -2.607520 0.069459
v -0.070847 -2.637794 0.073614
v -0.074439 -2.642329 0.074252
v -0.089566 -2.643201 0.074441
v -0.054438 -2.617078 0.070727
v -0.303700 -2.501182 0.057262
v -0.305279 -2.514186 0.059059
v -0.322465 -2.655725 0.078619
v -0.326145 -2.686032 0.082807
v -0.336853 -2.697811 0.084597
v -0.281369 -2.472184 0.052961
v -0.289899 -2.528686 0.060795
v -0.289120 -2.486006 0.054966
v -0.290821 -2.557117 0.064685
v -0.300042 -2.497375 0.056686
v -0.320849 -2.650998 0.077949
v -0.310009 -2.611073 0.072338
v -0.274493 -2.545486 0.062844
v -0.296329 -2.648805 0.077268
v -0.290771 -2.655726 0.078124
v -0.302482 -2.621013 0.073576
v -0.320374 -2.679682 0.081852
v -0.316607 -2.662633 0.079469
v -0.309864 -2.644367 0.076874
v -0.294733 -2.589765 0.069196
v -0.691474 -2.513009 0.069177
v -0.694066 -2.522430 0.070518
v -0.683823 -2.516577 0.069378
v -0.656289 -2.516755 0.068424
v -0.661928 -2.503386 0.066853
v -0.660746 -2.533847 0.070847
v -0.653307 -2.523822 0.069263
v -0.625170 -2.536407 0.069988
v -0.627357 -2.545278 0.071241
v -0.598710 -2.505838 0.065065
v -0.621526 -2.538037 0.070089
v -0.625436 -2.545935 0.071268
v -0.616042 -2.516758 0.067075
v -0.618983 -2.557256 0.072572
v -0.587388 -2.528755 0.067761
v -0.586213 -2.523696 0.067048
v -0.598800 -2.520408 0.067011
v -0.594855 -2.517811 0.066539
v -0.605672 -2.532591 0.068856
v -0.602853 -2.543989 0.070287
v -0.606286 -2.553191 0.071624
v -0.591857 -2.547995 0.070470
v -0.593978 -2.557126 0.071756
v -0.578399 -2.529015 0.067524
v -0.555906 -2.545456 0.069047
v -0.557832 -2.550364 0.069762
v -0.555391 -2.545603 0.069051
v -0.561843 -2.575174 0.073203
v -0.560612 -2.559369 0.071051
v -0.565442 -2.566243 0.072116
v -0.526564 -2.579270 0.072753
v -0.521656 -2.555232 0.069387
v -0.540242 -2.584485 0.073841
v -0.554580 -2.593193 0.075416
v -0.519134 -2.576436 0.072174
v -0.493878 -2.571193 0.070798
v -0.489040 -2.571132 0.070662
v -0.487850 -2.564873 0.069788
v -0.466893 -2.570843 0.070075
v -0.713746 -2.490109 0.066984
v -0.702821 -2.519428 0.070448
v -0.698692 -2.509640 0.069002
v -0.707593 -2.506566 0.068927
v -0.715057 -2.526088 0.071783
v -1.054018 -2.384569 0.069276
v -1.051736 -2.379406 0.068502
v -1.055560 -2.383249 0.069198
v -1.067531 -2.382437 0.069771
v -1.056837 -2.390948 0.070233
v -1.041108 -2.355364 0.064896
v -1.040545 -2.354786 0.064792
v -1.041009 -2.368630 0.066560
v -1.020589 -2.395406 0.068814
v -1.023652 -2.402594 0.069886
v -1.026137 -2.408428 0.070756
v -1.028347 -2.413614 0.071530
v -1.016419 -2.416740 0.071294
v -1.000923 -2.435421 0.072838
v -1.415167 -2.135763 0.063102
v -1.433950 -2.152416 0.066429
v -1.435426 -2.140478 0.065174
v -1.423177 -2.141287 0.064340
v -1.426569 -2.127271 0.062993
v -1.394522 -2.141074 0.062148
v -1.398935 -2.147848 0.063257
v -1.361365 -2.152823 0.061048
v -1.365563 -2.148517 0.060862
v -1.369032 -2.155934 0.061975
v -1.365517 -2.159390 0.062114
v -1.336740 -2.178075 0.062202
v -1.340412 -2.184058 0.063165
v -1.309311 -2.199070 0.062720
v -1.318402 -2.196872 0.063107
v -1.320037 -2.204071 0.064068
v -1.316856 -2.211743 0.064743
v -1.279603 -2.206245 0.061508
v -1.306857 -2.235859 0.066904
v -1.438121 -2.118665 0.062908
v -0.281581 -2.472766 0.048408
v -0.289333 -2.486589 0.050401
v -1.639065 -1.850119 0.050702
v -1.614079 -1.871957 0.050702
v -1.588802 -1.893458 0.050702
v -1.563239 -1.914617 0.050702
v -1.537394 -1.935431 0.050702
v -1.511272 -1.955897 0.050702
v -1.803565 -1.974286 0.073422
v -1.804446 -1.998729 0.076019
v -1.759475 -1.736008 0.050702
v -1.736010 -1.759472 0.050702
v -1.712233 -1.782620 0.050702
v -1.688146 -1.805446 0.050702
v -1.663756 -1.827948 0.050702
v -1.782733 -2.067556 0.086133
v -1.810329 -2.043436 0.086133
v -1.754814 -2.091303 0.086133
v -1.726580 -2.114673 0.086133
v -1.698035 -2.137662 0.086133
v -1.669183 -2.160266 0.086133
v -1.796962 -2.004612 0.075942
v -1.791266 -2.014775 0.076469
v -1.943321 -1.917401 0.086133
v -1.917404 -1.943318 0.086133
v -1.891142 -1.968884 0.086133
v -1.864539 -1.994095 0.086133
v -1.837600 -2.018948 0.086133
v -1.498075 -1.965953 0.050702
v -1.794036 -1.700186 0.050702
v -1.771049 -1.724118 0.050702
v -1.654607 -2.171373 0.086133
v -1.981493 -1.877837 0.086133
v -1.956104 -1.904270 0.086133
v -1.772162 -1.722975 0.050702
v -1.957334 -1.903007 0.086133
v -1.793228 -1.701039 0.050702
v -1.980601 -1.878779 0.086133
v -1.781126 -1.713668 0.050702
v -1.967234 -1.892727 0.086133
v -1.783999 -1.710676 0.050702
v -1.970407 -1.889423 0.086133
v -1.790465 -1.703945 0.050702
v -1.977548 -1.881988 0.086133
v -1.775020 -1.720025 0.050702
v -1.960490 -1.899748 0.086133
v -1.793718 -1.701510 0.045749
v -1.794526 -1.700657 0.045749
v -1.981091 -1.879249 0.081179
v -1.981983 -1.878308 0.081179
v -1.771539 -1.724589 0.045749
v -1.956594 -1.904741 0.081179
v -1.772653 -1.723446 0.045749
v -1.957824 -1.903478 0.081179
v -1.775510 -1.720495 0.045749
v -1.781616 -1.714139 0.045749
v -1.960980 -1.900219 0.081179
v -1.967724 -1.893198 0.081179
v -1.784490 -1.711147 0.045749
v -1.970898 -1.889894 0.081179
v -1.790955 -1.704416 0.045749
v -1.978038 -1.882459 0.081179
v -1.914620 -1.563236 0.050702
v -1.893460 -1.588799 0.050702
v -1.871960 -1.614076 0.050702
v -1.850122 -1.639062 0.050702
v -1.827950 -1.663753 0.050702
v -1.805449 -1.688143 0.050702
v -1.784062 -1.993169 0.073587
v -1.792936 -1.998208 0.074915
v -2.015166 -1.431287 0.050702
v -1.995769 -1.458212 0.050702
v -1.976012 -1.484874 0.050702
v -1.955899 -1.511268 0.050702
v -1.935434 -1.537391 0.050702
v -2.091306 -1.754811 0.086133
v -2.114676 -1.726577 0.086133
v -2.067558 -1.782729 0.086133
v -2.043439 -1.810326 0.086133
v -2.018951 -1.837596 0.086133
v -1.994099 -1.864535 0.086133
v -1.801358 -1.991891 0.075033
v -1.799176 -1.973800 0.072971
v -2.225728 -1.580841 0.086133
v -2.204304 -1.610579 0.086133
v -2.182483 -1.640027 0.086133
v -2.160269 -1.669179 0.086133
v -2.137665 -1.698031 0.086133
v -1.794036 -1.700186 0.050702
v -2.043533 -1.390386 0.050702
v -2.024683 -1.417696 0.050702
v -1.981493 -1.877837 0.086133
v -2.257059 -1.535666 0.086133
v -2.236239 -1.565829 0.086133
v -2.025598 -1.416388 0.050702
v -2.237251 -1.564385 0.086133
v -2.042872 -1.391357 0.050702
v -2.256330 -1.536738 0.086133
v -2.032953 -1.405764 0.050702
v -2.245373 -1.552650 0.086133
v -2.035309 -1.402350 0.050702
v -2.247976 -1.548880 0.086133
v -2.040611 -1.394669 0.050702
v -2.253831 -1.540396 0.086133
v -2.027946 -1.413017 0.050702
v -2.239843 -1.560662 0.086133
v -2.043432 -1.391743 0.045749
v -2.044092 -1.390772 0.045749
v -2.256889 -1.537124 0.081179
v -2.257619 -1.536052 0.081179
v -2.025242 -1.418081 0.045749
v -2.236799 -1.566215 0.081179
v -2.026157 -1.416774 0.045749
v -2.237810 -1.564771 0.081179
v -2.028505 -1.413404 0.045749
v -2.033512 -1.406149 0.045749
v -2.240402 -1.561048 0.081179
v -2.245933 -1.553036 0.081179
v -2.035868 -1.402736 0.045749
v -2.248535 -1.549265 0.081179
v -2.041170 -1.395055 0.045749
v -2.254391 -1.540782 0.081179
v -2.140586 -1.235866 0.050702
v -2.123801 -1.264492 0.050702
v -2.106634 -1.292891 0.050702
v -2.089087 -1.321056 0.050702
v -2.071163 -1.348984 0.050702
v -2.052866 -1.376668 0.050702
v -1.797212 -1.955038 0.070860
v -1.729353 -1.884969 0.057455
v -2.218664 -1.089497 0.050702
v -2.203838 -1.119185 0.050702
v -2.188613 -1.148671 0.050702
v -2.172995 -1.177950 0.050702
v -2.156985 -1.207017 0.050702
v -2.345716 -1.396618 0.086133
v -2.364254 -1.365000 0.086133
v -2.326754 -1.427984 0.086133
v -2.307374 -1.459092 0.086133
v -2.287577 -1.489937 0.086133
v -2.267368 -1.520514 0.086133
v -1.714655 -1.898237 0.057481
v -1.704379 -1.887829 0.055471
v -2.450490 -1.203337 0.086133
v -2.434114 -1.236127 0.086133
v -2.417300 -1.268694 0.086133
v -2.400049 -1.301032 0.086133
v -2.382367 -1.333137 0.086133
v -2.013128 -1.565409 0.056310
v -2.240103 -1.044575 0.050702
v -2.225878 -1.074555 0.050702
v -2.257059 -1.535666 0.086133
v -2.474169 -1.153721 0.086133
v -2.458457 -1.186834 0.086133
v -2.226572 -1.073117 0.050702
v -2.459224 -1.185246 0.086133
v -2.239607 -1.045639 0.050702
v -2.473621 -1.154897 0.086133
v -2.232127 -1.061451 0.050702
v -2.465359 -1.172360 0.086133
v -2.233905 -1.057703 0.050702
v -2.467323 -1.168221 0.086133
v -2.237906 -1.049271 0.050702
v -2.471742 -1.158908 0.086133
v -2.228348 -1.069414 0.050702
v -2.461185 -1.181156 0.086133
v -2.240221 -1.045931 0.045749
v -2.240717 -1.044866 0.045749
v -2.474235 -1.155188 0.081179
v -2.474783 -1.154013 0.081179
v -2.226492 -1.074846 0.045749
v -2.459071 -1.187125 0.081179
v -2.227185 -1.073409 0.045749
v -2.459838 -1.185538 0.081179
v -2.228962 -1.069705 0.045749
v -2.232741 -1.061742 0.045749
v -2.461800 -1.181447 0.081179
v -2.465973 -1.172652 0.081179
v -2.234519 -1.057994 0.045749
v -2.467937 -1.168512 0.081179
v -2.238520 -1.049563 0.045749
v -2.472356 -1.159200 0.081179
v -2.311113 -0.876487 0.050702
v -2.299138 -0.907436 0.050702
v -2.286748 -0.938220 0.050702
v -2.273946 -0.968836 0.050702
v -2.260735 -0.999277 0.050702
v -2.247115 -1.029537 0.050702
v -1.696022 -1.895045 0.055452
v -1.696406 -1.934435 0.059543
v -2.364701 -0.719489 0.050702
v -2.354828 -0.751171 0.050702
v -2.344531 -0.782717 0.050702
v -2.333812 -0.814123 0.050702
v -2.322672 -0.845381 0.050702
v -2.539372 -1.002252 0.086133
v -2.552598 -0.968070 0.086133
v -2.525688 -1.036254 0.086133
v -2.511549 -1.070068 0.086133
v -2.496956 -1.103690 0.086133
v -2.481914 -1.137112 0.086133
v -1.703082 -1.955304 0.062301
v -1.714921 -1.985401 0.066480
v -2.611786 -0.794668 0.086133
v -2.600882 -0.829660 0.086133
v -2.589509 -0.864503 0.086133
v -2.577669 -0.899190 0.086133
v -2.565366 -0.933714 0.086133
v -2.012553 -1.565036 0.061370
v -2.378656 -0.671710 0.050702
v -2.369424 -0.703584 0.050702
v -2.474169 -1.153721 0.086133
v -2.627199 -0.741896 0.086133
v -2.617002 -0.777100 0.086133
v -2.369878 -0.702054 0.050702
v -2.617504 -0.775411 0.086133
v -2.378337 -0.672840 0.050702
v -2.626847 -0.743145 0.086133
v -2.373490 -0.689647 0.050702
v -2.621493 -0.761707 0.086133
v -2.374644 -0.685662 0.050702
v -2.622768 -0.757306 0.086133
v -2.377240 -0.676698 0.050702
v -2.625635 -0.747405 0.086133
v -2.371037 -0.698113 0.050702
v -2.618784 -0.771058 0.086133
v -2.378990 -0.673030 0.045749
v -2.379308 -0.671899 0.045749
v -2.627499 -0.743334 0.081179
v -2.627852 -0.742085 0.081179
v -2.370076 -0.703773 0.045749
v -2.617655 -0.777289 0.081179
v -2.370531 -0.702243 0.045749
v -2.618157 -0.775600 0.081179
v -2.371690 -0.698302 0.045749
v -2.374142 -0.689836 0.045749
v -2.619437 -0.771247 0.081179
v -2.622146 -0.761896 0.081179
v -2.375297 -0.685852 0.045749
v -2.623420 -0.757495 0.081179
v -2.377893 -0.676887 0.045749
v -2.626288 -0.747595 0.081179
v -1.802867 -1.950450 0.070904
v -1.734979 -1.878929 0.057346
v -1.721795 -1.878500 0.056100
v -1.707913 -1.876460 0.054623
v -1.694568 -1.872082 0.052955
v -1.683769 -1.866717 0.051418
v -1.674596 -1.860012 0.049890
v -1.688513 -1.878340 0.053047
v -1.691664 -1.891769 0.054717
v -1.684405 -1.946125 0.059652
v -1.679150 -2.018022 0.066576
v -2.007247 -1.723853 0.069469
v -1.996055 -1.719742 0.067918
v -2.010002 -1.714880 0.068982
v -2.036768 -1.683979 0.069145
v -2.041833 -1.655270 0.067187
v -2.032024 -1.640352 0.064844
v -1.983463 -1.606334 0.056710
v -1.974539 -1.606303 0.055756
v -1.995160 -1.579857 0.055653
v -2.034602 -1.556301 0.057806
v -2.048836 -1.552386 0.058982
v -2.054257 -1.545578 0.058968
v -2.055301 -1.556570 0.060035
v -2.081454 -1.598819 0.066498
v -2.091063 -1.602931 0.067879
v -2.080574 -1.604795 0.066924
v -2.047550 -1.637022 0.066209
v -2.049593 -1.654946 0.067986
v -2.044066 -1.686302 0.070125
v -2.014096 -1.719954 0.069859
v -2.012370 -1.736150 0.071084
v -2.039424 -1.632165 0.064920
v -2.054999 -1.616954 0.065257
v -2.072279 -1.602571 0.065847
v -2.049575 -1.565021 0.060160
v -2.031514 -1.568120 0.058506
v -2.015045 -1.577028 0.057526
v -2.002593 -1.586576 0.057029
v -1.991203 -1.600850 0.057058
v -2.020668 -1.619340 0.061806
v -2.327103 -1.198313 0.065261
v -2.301622 -1.184126 0.061250
v -2.301671 -1.203983 0.062621
v -2.262596 -1.280842 0.063253
v -2.251269 -1.283528 0.062088
v -2.241982 -1.281471 0.060840
v -2.242934 -1.248750 0.058703
v -2.246905 -1.210112 0.056518
v -2.254832 -1.180399 0.055419
v -2.265297 -1.169636 0.055925
v -2.238695 -1.156843 0.051876
v -2.243316 -1.181667 0.054134
v -2.238656 -1.204044 0.055118
v -2.234972 -1.234853 0.056799
v -2.234600 -1.273332 0.059401
v -2.237225 -1.305257 0.061909
v -2.238839 -1.327955 0.063663
v -2.199142 -1.404102 0.064171
v -2.181338 -1.413625 0.062705
v -2.210166 -1.426023 0.066992
v -2.207372 -1.406613 0.065324
v -2.314153 -1.205285 0.064198
v -2.515022 -0.936774 0.074796
v -2.509301 -0.951983 0.074802
v -2.522570 -0.947806 0.076305
v -2.514712 -0.855172 0.070776
v -2.497982 -0.869752 0.069335
v -2.449488 -0.828165 0.061069
v -2.414948 -0.866032 0.058474
v -2.466809 -0.949809 0.069231
v -2.490655 -0.962013 0.072893
v -2.457895 -0.982813 0.069694
v -2.454189 -0.957697 0.067992
v -2.418155 -0.900623 0.060573
v -2.397484 -0.895299 0.057655
v -2.388242 -0.858141 0.054654
v -2.409331 -0.852969 0.057114
v -2.445529 -0.816402 0.059986
v -2.497869 -0.850979 0.068405
v -1.734408 -1.878557 0.062378
v -1.707611 -1.876130 0.059640
v -1.721395 -1.891275 0.062450
v -1.721226 -1.878130 0.061109
v -1.798615 -1.973434 0.077917
v -1.803003 -1.973920 0.078374
v -1.798988 -1.976526 0.078264
v -1.803268 -1.981228 0.079136
v -1.802299 -1.950080 0.075905
v -1.796647 -1.954670 0.075842
v -1.728785 -1.884599 0.062464
v -1.691101 -1.891402 0.059686
v -1.695458 -1.894678 0.060420
v -1.674030 -1.859644 0.054880
v -1.683204 -1.866348 0.056405
v -1.687948 -1.877972 0.058026
v -1.703814 -1.887462 0.060449
v -1.714091 -1.897870 0.062453
v -1.694003 -1.871714 0.057942
v -1.707347 -1.876091 0.059612
v -1.695649 -1.913988 0.062408
v -1.790710 -2.014412 0.081372
v -1.689077 -1.906570 0.061049
v -1.783504 -1.992805 0.078506
v -1.792378 -1.997844 0.079834
v -1.796404 -2.004249 0.080857
v -1.800799 -1.991527 0.079961
v -1.803887 -1.998365 0.080942
v -1.695844 -1.934068 0.064500
v -1.712803 -1.986453 0.071442
v -1.714359 -1.985034 0.071436
v -1.683841 -1.945758 0.064624
v -1.702519 -1.954937 0.067258
v -1.683362 -1.952309 0.065257
v -1.679733 -2.001824 0.070109
v -1.686754 -2.010192 0.071607
v -1.678571 -2.017645 0.071679
v -1.994593 -1.579487 0.060653
v -2.014474 -1.576656 0.062560
v -2.070062 -1.599479 0.070494
v -2.078435 -1.605949 0.071946
v -2.071706 -1.602198 0.070902
v -2.029794 -1.568365 0.063513
v -2.020900 -1.561493 0.061971
v -1.992237 -1.582512 0.060654
v -2.002026 -1.586207 0.062024
v -2.000034 -1.588706 0.062020
v -2.045779 -1.625042 0.070035
v -2.054432 -1.616585 0.070254
v -2.053005 -1.630782 0.071301
v -1.990638 -1.600482 0.062030
v -2.020105 -1.618973 0.066769
v -2.046988 -1.636656 0.071163
v -2.038862 -1.631799 0.069877
v -1.973976 -1.605937 0.060719
v -1.982900 -1.605968 0.061675
v -2.039464 -1.665168 0.072813
v -2.031463 -1.639987 0.069791
v -2.041273 -1.654905 0.072123
v -2.049032 -1.654581 0.072924
v -2.046199 -1.670667 0.074006
v -2.023684 -1.698069 0.074023
v -2.028843 -1.702398 0.074947
v -2.036208 -1.683614 0.074082
v -2.043506 -1.685938 0.075057
v -1.995482 -1.719368 0.072969
v -2.011065 -1.734018 0.075900
v -2.006675 -1.723480 0.074504
v -2.009433 -1.714509 0.073995
v -2.013527 -1.719583 0.074874
v -2.011908 -1.734745 0.076052
v -2.011797 -1.735777 0.076134
v -2.053665 -1.545192 0.064191
v -2.048247 -1.552003 0.064166
v -2.054713 -1.556187 0.065220
v -2.030938 -1.567745 0.063586
v -2.034020 -1.555922 0.062940
v -2.080876 -1.598442 0.071588
v -2.079999 -1.604420 0.071989
v -2.090485 -1.602554 0.072978
v -2.048993 -1.564642 0.065299
v -2.509007 -0.951538 0.079737
v -2.508744 -0.951621 0.079708
v -2.522013 -0.947443 0.081214
v -2.234402 -1.234482 0.061823
v -2.283646 -1.237932 0.067969
v -2.293292 -1.243161 0.069474
v -2.237005 -1.212649 0.060691
v -2.245553 -1.217282 0.062025
v -2.234254 -1.250255 0.062849
v -2.242185 -1.254693 0.064096
v -2.242367 -1.248381 0.063700
v -2.276890 -1.274113 0.069552
v -2.267840 -1.269049 0.068129
v -2.234036 -1.272966 0.064363
v -2.262033 -1.280476 0.068211
v -2.235494 -1.290660 0.065736
v -2.241420 -1.281105 0.065795
v -2.250707 -1.283162 0.067042
v -2.260470 -1.305080 0.069693
v -2.236663 -1.304891 0.066862
v -2.238276 -1.327588 0.068628
v -2.244028 -1.336073 0.069898
v -2.236262 -1.331450 0.068658
v -2.220059 -1.362502 0.068959
v -2.227555 -1.367103 0.070166
v -2.203819 -1.393608 0.069325
v -2.211049 -1.398180 0.070498
v -2.206773 -1.406223 0.070601
v -2.198542 -1.403711 0.069464
v -2.180725 -1.413225 0.068112
v -2.209558 -1.425627 0.072360
v -2.238089 -1.156448 0.057223
v -2.264690 -1.169241 0.061271
v -2.301014 -1.183730 0.066610
v -2.241853 -1.176612 0.058951
v -2.254236 -1.180011 0.060674
v -2.253512 -1.182732 0.060757
v -2.313555 -1.204895 0.069471
v -2.301075 -1.203595 0.067868
v -2.309682 -1.212212 0.069460
v -2.326496 -1.197918 0.070610
v -2.299433 -1.206833 0.067872
v -2.242723 -1.181281 0.059358
v -2.238075 -1.203665 0.060240
v -2.246325 -1.209734 0.061631
v -2.387673 -0.857770 0.059673
v -2.408759 -0.852596 0.062159
v -2.417826 -0.843430 0.062909
v -2.430587 -0.847881 0.064763
v -2.390758 -0.870162 0.060642
v -2.414379 -0.865661 0.063487
v -2.424849 -0.882571 0.065619
v -2.396921 -0.894932 0.062618
v -2.417592 -0.900257 0.065531
v -2.431385 -0.922100 0.068349
v -2.454826 -0.930990 0.071788
v -2.514464 -0.936410 0.079716
v -2.508805 -0.951462 0.079708
v -2.455363 -0.969095 0.073743
v -2.453628 -0.957332 0.072939
v -2.469546 -0.974693 0.075835
v -2.490097 -0.961649 0.077818
v -2.466249 -0.949445 0.074163
v -2.457330 -0.982444 0.074677
v -2.444772 -0.816182 0.065200
v -2.444936 -0.816016 0.065214
v -2.445614 -0.816463 0.065322
v -2.448900 -0.827782 0.066250
v -2.497408 -0.869378 0.074391
v -2.514129 -0.854792 0.075916
v -2.497286 -0.850599 0.073543
v -2.421783 -0.494408 0.050702
v -2.414928 -0.526876 0.050702
v -2.407637 -0.559250 0.050702
v -2.399911 -0.591522 0.050702
v -2.391754 -0.623688 0.050702
v -2.383165 -0.655742 0.050702
v -2.528133 -0.658531 0.064069
v -2.502498 -0.668752 0.060895
v -2.449493 -0.330847 0.050702
v -2.444830 -0.363702 0.050702
v -2.439727 -0.396492 0.050702
v -2.434184 -0.429210 0.050702
v -2.428203 -0.461851 0.050702
v -2.667261 -0.581929 0.086133
v -2.674833 -0.546068 0.086133
v -2.659208 -0.617685 0.086133
v -2.650676 -0.653330 0.086133
v -2.641666 -0.688857 0.086133
v -2.632179 -0.724260 0.086133
v -2.504140 -0.656692 0.060784
v -2.484724 -0.607005 0.056800
v -2.705437 -0.365417 0.086133
v -2.700288 -0.401705 0.086133
v -2.694652 -0.437921 0.086133
v -2.688529 -0.474057 0.086133
v -2.681923 -0.510109 0.086133
v -2.378656 -0.671710 0.050702
v -2.455603 -0.281448 0.050702
v -2.451603 -0.314390 0.050702
v -2.627200 -0.741896 0.086133
v -2.712186 -0.310856 0.086133
v -2.707768 -0.347240 0.086133
v -2.451807 -0.312807 0.050702
v -2.707993 -0.345491 0.086133
v -2.455469 -0.282615 0.050702
v -2.712039 -0.312145 0.086133
v -2.453381 -0.299981 0.050702
v -2.709732 -0.331326 0.086133
v -2.453881 -0.295863 0.050702
v -2.710284 -0.326778 0.086133
v -2.455006 -0.286599 0.050702
v -2.711527 -0.316545 0.086133
v -2.452319 -0.308731 0.050702
v -2.708559 -0.340990 0.086133
v -2.456144 -0.282697 0.045749
v -2.456278 -0.281530 0.045749
v -2.712713 -0.312227 0.081179
v -2.712861 -0.310938 0.081179
v -2.452278 -0.314472 0.045749
v -2.708443 -0.347322 0.081179
v -2.452481 -0.312889 0.045749
v -2.708668 -0.345573 0.081179
v -2.452993 -0.308813 0.045749
v -2.454056 -0.300063 0.045749
v -2.709233 -0.341072 0.081179
v -2.710407 -0.331407 0.081179
v -2.454556 -0.295945 0.045749
v -2.710958 -0.326859 0.081179
v -2.455680 -0.286680 0.045749
v -2.712201 -0.316627 0.081179
v -2.469730 -0.099524 0.050702
v -2.468172 -0.132672 0.050702
v -2.466168 -0.165796 0.050702
v -2.463720 -0.198890 0.050702
v -2.460828 -0.231948 0.050702
v -2.457492 -0.264964 0.050702
v -2.472401 -0.605136 0.055088
v -2.544771 -0.526023 0.062665
v -2.470844 0.066364 0.050702
v -2.471512 0.033186 0.050702
v -2.471735 0.000003 0.050702
v -2.471512 -0.033181 0.050702
v -2.470844 -0.066359 0.050702
v -2.726069 -0.146535 0.086133
v -2.727790 -0.109923 0.086133
v -2.723855 -0.183119 0.086133
v -2.721152 -0.219671 0.086133
v -2.717957 -0.256183 0.086133
v -2.714273 -0.292650 0.086133
v -2.558883 -0.529776 0.064671
v -2.585537 -0.527903 0.068212
v -2.729020 0.073298 0.086133
v -2.729758 0.036654 0.086133
v -2.730004 0.000003 0.086133
v -2.729758 -0.036648 0.086133
v -2.729020 -0.073292 0.086133
v -2.455603 -0.281448 0.050702
v -2.468951 0.116103 0.050702
v -2.470287 0.082946 0.050702
v -2.712186 -0.310856 0.086133
v -2.726929 0.128235 0.086133
v -2.728405 0.091613 0.086133
v -2.470233 0.084542 0.050702
v -2.728346 0.093375 0.086133
v -2.469006 0.114930 0.050702
v -2.726990 0.126939 0.086133
v -2.469731 0.097454 0.050702
v -2.727790 0.107637 0.086133
v -2.469563 0.101598 0.050702
v -2.727605 0.112214 0.086133
v -2.469188 0.110924 0.050702
v -2.727190 0.122514 0.086133
v -2.470085 0.088646 0.050702
v -2.728182 0.097909 0.086133
v -2.469685 0.114957 0.045749
v -2.469630 0.116131 0.045749
v -2.727669 0.126966 0.081179
v -2.727608 0.128262 0.081179
v -2.470966 0.082974 0.045749
v -2.729084 0.091641 0.081179
v -2.470913 0.084569 0.045749
v -2.729025 0.093403 0.081179
v -2.470765 0.088674 0.045749
v -2.470410 0.097481 0.045749
v -2.728861 0.097936 0.081179
v -2.728469 0.107664 0.081179
v -2.470243 0.101626 0.045749
v -2.728284 0.112242 0.081179
v -2.469867 0.110951 0.045749
v -2.727869 0.122541 0.081179
v -2.453713 0.297937 0.050702
v -2.457491 0.264969 0.050702
v -2.460827 0.231953 0.050702
v -2.463719 0.198895 0.050702
v -2.466168 0.165801 0.050702
v -2.468171 0.132677 0.050702
v -2.555434 -0.471195 0.062594
v -2.556232 -0.467580 0.062602
v -2.428202 0.461856 0.050702
v -2.434184 0.429215 0.050702
v -2.439726 0.396497 0.050702
v -2.444829 0.363707 0.050702
v -2.449492 0.330852 0.050702
v -2.714272 0.292655 0.086133
v -2.710099 0.329069 0.086133
v -2.717957 0.256189 0.086133
v -2.721151 0.219677 0.086133
v -2.723855 0.183125 0.086133
v -2.726068 0.146540 0.086133
v -2.560716 -0.465565 0.063151
v -2.573326 -0.403023 0.063130
v -2.681922 0.510114 0.086133
v -2.688529 0.474063 0.086133
v -2.694651 0.437926 0.086133
v -2.700287 0.401711 0.086133
v -2.705437 0.365422 0.086133
v -2.524725 0.814318 0.069964
v -2.418355 0.510647 0.050702
v -2.424992 0.478134 0.050702
v -2.726929 0.128235 0.086133
v -2.671045 0.564004 0.086133
v -2.678377 0.528094 0.086133
v -2.424683 0.479700 0.050702
v -2.678036 0.529823 0.086133
v -2.418597 0.509498 0.050702
v -2.671314 0.562735 0.086133
v -2.422115 0.492364 0.050702
v -2.675200 0.543811 0.086133
v -2.421286 0.496428 0.050702
v -2.674283 0.548300 0.086133
v -2.419419 0.505573 0.050702
v -2.672221 0.558399 0.086133
v -2.423878 0.483728 0.050702
v -2.677147 0.534272 0.086133
v -2.419263 0.509634 0.045749
v -2.419020 0.510783 0.045749
v -2.671979 0.562871 0.081179
v -2.671711 0.564140 0.081179
v -2.425658 0.478270 0.045749
v -2.679043 0.528230 0.081179
v -2.425349 0.479836 0.045749
v -2.678702 0.529959 0.081179
v -2.424545 0.483864 0.045749
v -2.422781 0.492500 0.045749
v -2.677813 0.534408 0.081179
v -2.675866 0.543947 0.081179
v -2.421952 0.496564 0.045749
v -2.674949 0.548436 0.081179
v -2.420085 0.505709 0.045749
v -2.672887 0.558535 0.081179
v -2.374146 0.687682 0.050702
v -2.383164 0.655747 0.050702
v -2.391752 0.623693 0.050702
v -2.399910 0.591527 0.050702
v -2.407635 0.559255 0.050702
v -2.414926 0.526881 0.050702
v -2.584857 -0.389081 0.064300
v -2.593658 -0.390532 0.065526
v -2.322670 0.845385 0.050702
v -2.333811 0.814127 0.050702
v -2.344530 0.782722 0.050702
v -2.354827 0.751175 0.050702
v -2.364699 0.719494 0.050702
v -2.632178 0.724265 0.086133
v -2.622217 0.759538 0.086133
v -2.641664 0.688862 0.086133
v -2.650674 0.653336 0.086133
v -2.659206 0.617691 0.086133
v -2.667259 0.581935 0.086133
v -2.600917 -0.385303 0.066361
v -2.601284 -0.380177 0.066269
v -2.565363 0.933719 0.086133
v -2.577667 0.899195 0.086133
v -2.589507 0.864508 0.086133
v -2.600880 0.829665 0.086133
v -2.611784 0.794673 0.086133
v -2.523979 0.814308 0.075450
v -2.305124 0.891966 0.050702
v -2.316891 0.860939 0.050702
v -2.671046 0.564004 0.086133
v -2.545983 0.985166 0.086133
v -2.558980 0.950897 0.086133
v -2.316334 0.862435 0.050702
v -2.558366 0.952550 0.086133
v -2.305547 0.890871 0.050702
v -2.546452 0.983957 0.086133
v -2.311769 0.874523 0.050702
v -2.553323 0.965901 0.086133
v -2.310298 0.878401 0.050702
v -2.551698 0.970185 0.086133
v -2.306988 0.887128 0.050702
v -2.548043 0.979823 0.086133
v -2.314894 0.866281 0.050702
v -2.556775 0.956798 0.086133
v -2.306183 0.891111 0.045749
v -2.305759 0.892207 0.045749
v -2.547087 0.984197 0.081179
v -2.546619 0.985407 0.081179
v -2.317526 0.861180 0.045749
v -2.559615 0.951138 0.081179
v -2.316970 0.862676 0.045749
v -2.559002 0.952791 0.081179
v -2.315530 0.866522 0.045749
v -2.312404 0.874764 0.045749
v -2.557411 0.957039 0.081179
v -2.553959 0.966142 0.081179
v -2.310934 0.878642 0.045749
v -2.552333 0.970426 0.081179
v -2.307624 0.887369 0.045749
v -2.548678 0.980064 0.081179
v -2.511518 -0.651453 0.061635
v -2.490871 -0.597237 0.057360
v -2.525669 -0.558840 0.060994
v -2.596642 -0.532064 0.069823
v -2.565468 -0.471958 0.063967
v -2.578860 -0.406133 0.063961
v -2.589667 -0.394125 0.065087
v -2.596039 -0.395651 0.065988
v -2.616515 -0.382306 0.068381
v -2.635513 -0.165165 0.068366
v -2.635333 -0.154546 0.068282
v -2.623817 -0.136573 0.066600
v -2.607886 -0.123311 0.064336
v -2.594615 -0.116765 0.062476
v -2.589850 -0.120071 0.061839
v -2.584553 -0.120306 0.061112
v -2.581967 -0.117232 0.060740
v -2.581939 -0.108424 0.060687
v -2.568367 -0.104459 0.058800
v -2.513397 -0.100905 0.051225
v -2.512141 -0.112265 0.051115
v -2.498159 -0.096877 0.049108
v -2.508648 -0.092642 0.050526
v -2.518673 -0.084178 0.051857
v -2.529119 -0.067016 0.053198
v -2.537711 -0.046708 0.054266
v -2.528999 -0.039003 0.053026
v -2.540336 -0.038437 0.054581
v -2.550126 -0.032709 0.055895
v -2.549261 -0.044347 0.055841
v -2.562152 -0.057175 0.057684
v -2.577781 -0.069053 0.059898
v -2.598156 -0.080873 0.062764
v -2.614013 -0.079825 0.064938
v -2.617951 -0.085561 0.065511
v -2.659048 -0.087857 0.071172
v -2.669326 -0.085480 0.072572
v -2.678124 -0.075248 0.073724
v -2.688642 -0.092274 0.075264
v -2.675890 -0.091600 0.073508
v -2.644992 -0.150137 0.069585
v -2.646175 -0.165930 0.069835
v -2.634944 -0.144995 0.068176
v -2.640109 -0.145179 0.068887
v -2.658947 -0.106183 0.071260
v -2.658963 -0.098772 0.071221
v -2.618555 -0.096550 0.065655
v -2.607242 -0.109281 0.064170
v -2.607222 -0.114985 0.064199
v -2.615458 -0.115409 0.065333
v -2.625829 -0.123475 0.066804
v -2.632653 -0.135438 0.067808
v -2.583061 -0.101148 0.060801
v -2.592463 -0.090348 0.062034
v -2.576072 -0.082349 0.059736
v -2.561074 -0.073419 0.057626
v -2.552664 -0.065583 0.056426
v -2.551281 -0.058662 0.056198
v -2.544222 -0.057946 0.055224
v -2.541358 -0.070430 0.054899
v -2.533848 -0.079987 0.053920
v -2.524262 -0.084641 0.052628
v -2.524281 -0.090664 0.052664
v -2.542308 -0.088028 0.055127
v -2.559542 -0.090506 0.057510
v -2.571638 -0.095397 0.059199
v -2.626917 0.317558 0.069194
v -2.610319 0.325763 0.067063
v -2.592538 0.337481 0.064829
v -2.578357 0.355742 0.063196
v -2.575578 0.335150 0.062475
v -2.577279 0.309321 0.062279
v -2.569019 0.303611 0.061056
v -2.554275 0.298132 0.058952
v -2.532334 0.295271 0.055908
v -2.555802 0.290547 0.059034
v -2.575965 0.281877 0.061644
v -2.592817 0.265219 0.063669
v -2.585564 0.282846 0.062971
v -2.581815 0.302408 0.062783
v -2.602164 0.306902 0.065637
v -2.454716 0.582359 0.051836
v -2.444917 0.601284 0.051266
v -2.431412 0.613123 0.049934
v -2.416707 0.619473 0.048234
v -2.400701 0.621904 0.046212
v -2.417344 0.635011 0.048913
v -2.434753 0.656222 0.052025
v -2.451221 0.681673 0.055175
v -2.463524 0.705221 0.057702
v -2.477066 0.730812 0.060471
v -2.493324 0.755739 0.063573
v -2.508482 0.776214 0.066360
v -2.522814 0.798725 0.069115
v -2.522526 0.803534 0.069261
v -2.469141 0.836226 0.063458
v -2.459525 0.832547 0.062047
v -2.470485 0.852653 0.064264
v -2.475151 0.842102 0.064477
v -2.519405 0.812374 0.069187
v -2.534677 0.805770 0.070952
v -2.518299 0.782261 0.067888
v -2.503624 0.755789 0.064936
v -2.483558 0.722953 0.061028
v -2.495563 0.710584 0.062141
v -2.511742 0.688196 0.063422
v -2.523368 0.665195 0.064077
v -2.529173 0.649875 0.064258
v -2.547594 0.646895 0.066578
v -2.544203 0.640282 0.065877
v -2.533440 0.639039 0.064407
v -2.540459 0.611534 0.064282
v -2.552762 0.591669 0.065147
v -2.523083 0.594499 0.061334
v -2.531817 0.610220 0.063090
v -2.528429 0.625419 0.063224
v -2.522636 0.645987 0.063246
v -2.514204 0.666935 0.062933
v -2.501862 0.689122 0.062152
v -2.485820 0.708371 0.060769
v -2.478678 0.713266 0.060012
v -2.470480 0.687326 0.057936
v -2.458613 0.645310 0.054760
v -2.456322 0.613133 0.053226
v -2.555495 -0.467590 0.068021
v -2.562735 -0.451877 0.068610
v -2.568602 -0.452911 0.069427
v -2.559978 -0.465575 0.068576
v -2.563389 -0.487563 0.069580
v -2.554699 -0.471205 0.068003
v -2.564733 -0.471968 0.069376
v -2.573861 -0.489555 0.071043
v -2.584682 -0.527664 0.073511
v -2.594692 -0.529707 0.074912
v -2.544044 -0.526032 0.068010
v -2.558156 -0.529785 0.070010
v -2.584814 -0.527912 0.073535
v -2.595919 -0.532074 0.075144
v -2.521915 -0.550218 0.065725
v -2.538327 -0.553799 0.068029
v -2.524936 -0.558850 0.066389
v -2.495064 -0.579558 0.063015
v -2.504229 -0.581686 0.064306
v -2.490115 -0.597246 0.062920
v -2.486217 -0.612795 0.062897
v -2.471637 -0.605146 0.060707
v -2.483961 -0.607015 0.062411
v -2.497043 -0.615463 0.064426
v -2.501641 -0.652343 0.066281
v -2.526576 -0.658845 0.069816
v -2.527339 -0.658541 0.069908
v -2.510726 -0.651464 0.067460
v -2.501685 -0.668762 0.066870
v -2.503340 -0.656703 0.066661
v -2.600121 -0.385314 0.072212
v -2.607217 -0.387859 0.073225
v -2.598408 -0.386549 0.072003
v -2.615714 -0.382317 0.074272
v -2.600482 -0.380187 0.072162
v -2.588880 -0.394135 0.070871
v -2.595253 -0.395661 0.071767
v -2.584066 -0.389091 0.070112
v -2.592867 -0.390542 0.071336
v -2.578085 -0.406144 0.069661
v -2.572549 -0.403033 0.068845
v -2.569624 -0.417602 0.068756
v -2.575568 -0.418568 0.069582
v -2.518659 0.812364 0.074674
v -2.543485 -0.057955 0.060643
v -2.536970 -0.046718 0.059718
v -2.528255 -0.039013 0.058501
v -2.539592 -0.038447 0.060055
v -2.546862 -0.034193 0.061040
v -2.549269 -0.034225 0.061370
v -2.548519 -0.044356 0.061296
v -2.528385 -0.067026 0.058597
v -2.541128 -0.068246 0.060348
v -2.527859 -0.067890 0.058527
v -2.551930 -0.065593 0.061822
v -2.555184 -0.068624 0.062277
v -2.577049 -0.069062 0.065277
v -2.577318 -0.069218 0.065314
v -2.550545 -0.058672 0.061613
v -2.561416 -0.057185 0.063100
v -2.523550 -0.090673 0.058041
v -2.517941 -0.084188 0.057242
v -2.507916 -0.092652 0.055906
v -2.523530 -0.084650 0.058010
v -2.533116 -0.079996 0.059303
v -2.541577 -0.088038 0.060500
v -2.540625 -0.070439 0.060289
v -2.677398 -0.075258 0.079064
v -2.613285 -0.079834 0.070295
v -2.560343 -0.073429 0.063006
v -2.575342 -0.082359 0.065104
v -2.597427 -0.080883 0.068125
v -2.500969 -0.100783 0.054991
v -2.497428 -0.096886 0.054488
v -2.512667 -0.100915 0.056596
v -2.512630 -0.101253 0.056592
v -2.582334 -0.101158 0.066149
v -2.526617 -0.101817 0.058513
v -2.610167 -0.105183 0.069984
v -2.658224 -0.106192 0.076578
v -2.666799 -0.107466 0.077759
v -2.657784 -0.107102 0.076522
v -2.558813 -0.090516 0.062875
v -2.570910 -0.095406 0.064556
v -2.658239 -0.098782 0.076546
v -2.617223 -0.085571 0.070861
v -2.591735 -0.090357 0.067388
v -2.658323 -0.087866 0.076507
v -2.668601 -0.085489 0.077905
v -2.687918 -0.092283 0.080585
v -2.675166 -0.091609 0.078833
v -2.617829 -0.096560 0.070995
v -2.511409 -0.112275 0.056496
v -2.583824 -0.120315 0.066471
v -2.593888 -0.116775 0.067828
v -2.589122 -0.120080 0.067196
v -2.581238 -0.117242 0.066097
v -2.614732 -0.115419 0.070675
v -2.567639 -0.104468 0.064151
v -2.581211 -0.108434 0.066037
v -2.606516 -0.109291 0.069510
v -2.606495 -0.114995 0.069544
v -2.640941 -0.141959 0.074438
v -2.633388 -0.141553 0.073400
v -2.626019 -0.141156 0.072388
v -2.623089 -0.136583 0.071957
v -2.631925 -0.135448 0.073160
v -2.607158 -0.123321 0.069688
v -2.625102 -0.123484 0.072148
v -2.648376 -0.142358 0.075459
v -2.634214 -0.145004 0.073542
v -2.644262 -0.150147 0.074960
v -2.639379 -0.145189 0.074251
v -2.645438 -0.165940 0.075252
v -2.634776 -0.165175 0.073786
v -2.634599 -0.154555 0.073674
v -2.549380 -0.032719 0.061384
v -2.577624 0.355732 0.068586
v -2.576586 0.348019 0.068296
v -2.582950 0.348878 0.069177
v -2.574849 0.335140 0.067835
v -2.591810 0.337472 0.070184
v -2.576321 0.312825 0.067646
v -2.609594 0.325753 0.072399
v -2.624030 0.318618 0.074239
v -2.531604 0.295262 0.061277
v -2.553546 0.298122 0.064312
v -2.555072 0.290538 0.064402
v -2.581087 0.302398 0.068133
v -2.568291 0.303601 0.066407
v -2.576552 0.309311 0.067623
v -2.601438 0.306893 0.070977
v -2.626193 0.317549 0.074517
v -2.579069 0.278077 0.067478
v -2.575235 0.281868 0.067014
v -2.584834 0.282836 0.068338
v -2.586464 0.278875 0.068498
v -2.592082 0.265210 0.069076
v -2.522074 0.798715 0.074548
v -2.521785 0.803524 0.074707
v -2.520808 0.804122 0.074603
v -2.533937 0.805761 0.076390
v -2.531772 0.807620 0.076182
v -2.507749 0.776204 0.071753
v -2.495154 0.759187 0.069409
v -2.506737 0.762711 0.071070
v -2.517565 0.782252 0.073286
v -2.502895 0.755779 0.070294
v -2.492595 0.755729 0.068937
v -2.485695 0.719993 0.066634
v -2.482831 0.722943 0.066373
v -2.467889 0.714836 0.064091
v -2.476337 0.730802 0.065826
v -2.462795 0.705211 0.063060
v -2.494835 0.710574 0.067490
v -2.477951 0.713256 0.065361
v -2.485092 0.708361 0.066121
v -2.444669 0.672671 0.059454
v -2.450489 0.681663 0.060557
v -2.467376 0.678919 0.062684
v -2.469749 0.687316 0.063311
v -2.501568 0.688327 0.067549
v -2.501132 0.689112 0.067521
v -2.509361 0.690471 0.068658
v -2.434015 0.656212 0.057457
v -2.416599 0.635001 0.054396
v -2.511011 0.688186 0.068796
v -2.407429 0.627781 0.052925
v -2.457551 0.640852 0.060031
v -2.457869 0.645300 0.060231
v -2.517649 0.656523 0.068551
v -2.513465 0.666925 0.068366
v -2.522629 0.665185 0.069518
v -2.525165 0.658483 0.069617
v -2.430652 0.613113 0.055518
v -2.415953 0.619463 0.053778
v -2.399951 0.621894 0.051732
v -2.521887 0.645977 0.068759
v -2.528425 0.649865 0.069759
v -2.443120 0.602178 0.056807
v -2.528170 0.623141 0.068824
v -2.527666 0.625409 0.068834
v -2.536224 0.625126 0.069962
v -2.455560 0.613123 0.058831
v -2.455139 0.605140 0.058506
v -2.532685 0.639029 0.069961
v -2.543447 0.640272 0.071434
v -2.546842 0.646885 0.072108
v -2.453930 0.582349 0.057617
v -2.444149 0.601274 0.056916
v -2.539683 0.611524 0.069989
v -2.531042 0.610209 0.068794
v -2.522295 0.594488 0.067125
v -2.548543 0.591985 0.070548
v -2.551360 0.592640 0.070944
v -2.551966 0.591659 0.070996
v -2.469698 0.852643 0.070052
v -2.458751 0.832537 0.067740
v -2.481215 0.828354 0.070471
v -2.468367 0.836216 0.069151
v -2.474374 0.842091 0.070192
v -2.490315 0.831392 0.071787
v -2.233089 1.059618 0.050702
v -2.247113 1.029543 0.050702
v -2.260732 0.999282 0.050702
v -2.273944 0.968841 0.050702
v -2.286746 0.938225 0.050702
v -2.299136 0.907441 0.050702
v -2.311497 1.149857 0.060162
v -2.283902 1.125559 0.055300
v -2.156983 1.207022 0.050702
v -2.172993 1.177955 0.050702
v -2.188611 1.148676 0.050702
v -2.203835 1.119190 0.050702
v -2.218662 1.089502 0.050702
v -2.481912 1.137118 0.086133
v -2.466422 1.170336 0.086133
v -2.496953 1.103695 0.086133
v -2.511546 1.070074 0.086133
v -2.525686 1.036260 0.086133
v -2.539370 1.002258 0.086133
v -2.343788 1.062508 0.059024
v -2.368714 1.086484 0.063536
v -2.382363 1.333142 0.086133
v -2.400046 1.301038 0.086133
v -2.417297 1.268700 0.086133
v -2.434111 1.236132 0.086133
v -2.450488 1.203343 0.086133
v -2.305124 0.891967 0.050702
v -2.132191 1.250184 0.050702
v -2.148783 1.221446 0.050702
v -2.545984 0.985168 0.086133
v -2.354981 1.380814 0.086133
v -2.373307 1.349074 0.086133
v -2.147995 1.222834 0.050702
v -2.372436 1.350606 0.086133
v -2.132786 1.249171 0.050702
v -2.355638 1.379695 0.086133
v -2.141548 1.234033 0.050702
v -2.365316 1.362976 0.086133
v -2.139474 1.237625 0.050702
v -2.363026 1.366943 0.086133
v -2.134808 1.245708 0.050702
v -2.357872 1.375870 0.086133
v -2.145956 1.226399 0.050702
v -2.370184 1.354545 0.086133
v -2.133374 1.249511 0.045749
v -2.132780 1.250524 0.045749
v -2.356226 1.380035 0.081179
v -2.355570 1.381154 0.081179
v -2.149372 1.221786 0.045749
v -2.373896 1.349413 0.081179
v -2.148583 1.223173 0.045749
v -2.373024 1.350946 0.081179
v -2.146544 1.226739 0.045749
v -2.142137 1.234373 0.045749
v -2.370773 1.354884 0.081179
v -2.365905 1.363316 0.081179
v -2.140063 1.237965 0.045749
v -2.363614 1.367283 0.081179
v -2.135396 1.246047 0.045749
v -2.358460 1.376210 0.081179
v -2.034196 1.404109 0.050702
v -2.052863 1.376673 0.050702
v -2.071160 1.348988 0.050702
v -2.089084 1.321061 0.050702
v -2.106631 1.292896 0.050702
v -2.123799 1.264497 0.050702
v -2.390095 1.106162 0.067354
v -2.372997 1.092171 0.064404
v -1.935430 1.537395 0.050702
v -1.955896 1.511273 0.050702
v -1.976009 1.484879 0.050702
v -1.995765 1.458216 0.050702
v -2.015162 1.431292 0.050702
v -2.267365 1.520520 0.086133
v -2.246747 1.550822 0.086133
v -2.287573 1.489942 0.086133
v -2.307370 1.459097 0.086133
v -2.326751 1.427989 0.086133
v -2.345712 1.396623 0.086133
v -2.312041 1.158544 0.060742
v -2.292889 1.157465 0.058298
v -2.137661 1.698036 0.086133
v -2.160265 1.669184 0.086133
v -2.182480 1.640032 0.086133
v -2.204301 1.610584 0.086133
v -2.225725 1.580846 0.086133
v -2.132191 1.250184 0.050702
v -1.904036 1.576022 0.050702
v -1.925023 1.550318 0.050702
v -2.354981 1.380814 0.086133
v -2.102987 1.740699 0.086133
v -2.126167 1.712309 0.086133
v -1.924022 1.551561 0.050702
v -2.125061 1.713682 0.086133
v -1.904785 1.575117 0.050702
v -2.103814 1.739699 0.086133
v -1.915863 1.561581 0.050702
v -2.116049 1.724749 0.086133
v -1.913240 1.564794 0.050702
v -2.113152 1.728297 0.086133
v -1.907337 1.572023 0.050702
v -2.106633 1.736282 0.086133
v -1.921438 1.554753 0.050702
v -2.122206 1.717208 0.086133
v -1.905312 1.575547 0.045749
v -1.904563 1.576451 0.045749
v -2.104341 1.740129 0.081179
v -2.103513 1.741128 0.081179
v -1.925550 1.550748 0.045749
v -2.126693 1.712739 0.081179
v -1.924549 1.551991 0.045749
v -2.125587 1.714112 0.081179
v -1.921964 1.555183 0.045749
v -1.916389 1.562011 0.045749
v -2.122733 1.717638 0.081179
v -2.116576 1.725179 0.081179
v -1.913766 1.565224 0.045749
v -2.113678 1.728727 0.081179
v -1.907864 1.572453 0.045749
v -2.107159 1.736712 0.081179
v -1.782619 1.712234 0.050702
v -1.805445 1.688147 0.050702
v -1.827946 1.663757 0.050702
v -1.850118 1.639066 0.050702
v -1.871956 1.614080 0.050702
v -1.893457 1.588804 0.050702
v -2.276607 1.124862 0.054352
v -2.338313 1.059589 0.058172
v -1.663751 1.827951 0.050702
v -1.688142 1.805450 0.050702
v -1.712228 1.782624 0.050702
v -1.736006 1.759476 0.050702
v -1.759471 1.736012 0.050702
v -1.994094 1.864540 0.086133
v -1.968883 1.891143 0.086133
v -2.018947 1.837601 0.086133
v -2.043435 1.810331 0.086133
v -2.067555 1.782734 0.086133
v -2.091302 1.754815 0.086133
v -2.325378 1.045198 0.055716
v -2.341650 1.039087 0.057378
v -1.837595 2.018952 0.086133
v -1.864534 1.994100 0.086133
v -1.891137 1.968888 0.086133
v -1.917400 1.943322 0.086133
v -1.943317 1.917405 0.086133
v -2.110501 1.570594 0.066741
v -1.626568 1.861042 0.050702
v -1.651406 1.839037 0.050702
v -2.102987 1.740699 0.086133
v -1.796526 2.055500 0.086133
v -1.823960 2.031196 0.086133
v -1.650219 1.840103 0.050702
v -1.822649 2.032374 0.086133
v -1.627452 1.860269 0.050702
v -1.797503 2.054646 0.086133
v -1.640558 1.848685 0.050702
v -1.811978 2.041852 0.086133
v -1.637453 1.851436 0.050702
v -1.808549 2.044890 0.086133
v -1.630467 1.857624 0.050702
v -1.800833 2.051725 0.086133
v -1.647155 1.842840 0.050702
v -1.819265 2.035396 0.086133
v -1.627903 1.860777 0.045749
v -1.627018 1.861550 0.045749
v -1.797953 2.055155 0.081179
v -1.796977 2.056009 0.081179
v -1.651857 1.839546 0.045749
v -1.824410 2.031705 0.081179
v -1.650669 1.840612 0.045749
v -1.823099 2.032882 0.081179
v -1.647606 1.843349 0.045749
v -1.641009 1.849194 0.045749
v -1.819716 2.035905 0.081179
v -1.812428 2.042361 0.081179
v -1.637904 1.851944 0.045749
v -1.808999 2.045398 0.081179
v -1.630918 1.858133 0.045749
v -1.801284 2.052234 0.081179
v -1.484873 1.976013 0.050702
v -1.511267 1.955900 0.050702
v -1.537389 1.935435 0.050702
v -1.563235 1.914620 0.050702
v -1.588798 1.893461 0.050702
v -1.614075 1.871961 0.050702
v -2.339317 1.048849 0.057663
v -2.346555 1.057541 0.059075
v -1.348982 2.071164 0.050702
v -1.376667 2.052867 0.050702
v -1.404102 2.034200 0.050702
v -1.431286 2.015166 0.050702
v -1.458211 1.995770 0.050702
v -1.669178 2.160270 0.086133
v -1.640025 2.182484 0.086133
v -1.698030 2.137666 0.086133
v -1.726575 2.114677 0.086133
v -1.754810 2.091307 0.086133
v -1.782727 2.067559 0.086133
v -2.377984 1.087070 0.064723
v -2.396782 1.095588 0.067561
v -1.489936 2.287578 0.086133
v -1.520513 2.267369 0.086133
v -1.550816 2.246752 0.086133
v -1.580839 2.225729 0.086133
v -1.610578 2.204305 0.086133
v -2.109901 1.570116 0.072423
v -1.306972 2.097862 0.050702
v -1.335019 2.080126 0.050702
v -1.796526 2.055500 0.086133
v -1.443536 2.317065 0.086133
v -1.474513 2.297476 0.086133
v -1.333676 2.080988 0.050702
v -1.473030 2.298429 0.086133
v -1.307969 2.097240 0.050702
v -1.444637 2.316379 0.086133
v -1.322763 2.087909 0.050702
v -1.460977 2.306072 0.086133
v -1.319257 2.090126 0.050702
v -1.457105 2.308521 0.086133
v -1.311369 2.095114 0.050702
v -1.448393 2.314030 0.086133
v -1.330213 2.083198 0.050702
v -1.469205 2.300869 0.086133
v -1.308332 2.097815 0.045749
v -1.307335 2.098436 0.045749
v -1.445000 2.316953 0.081179
v -1.443899 2.317639 0.081179
v -1.335382 2.080700 0.045749
v -1.474876 2.298050 0.081179
v -1.334039 2.081563 0.045749
v -1.473393 2.299003 0.081179
v -1.330576 2.083772 0.045749
v -1.323126 2.088483 0.045749
v -1.469569 2.301444 0.081179
v -1.461341 2.306647 0.081179
v -1.319621 2.090700 0.045749
v -1.457468 2.309095 0.081179
v -1.311732 2.095688 0.045749
v -1.448756 2.314604 0.081179
v -2.185730 1.342478 0.057431
v -2.167550 1.358742 0.056644
v -2.137112 1.345890 0.052194
v -2.127424 1.368745 0.052883
v -2.133222 1.374933 0.054023
v -2.128510 1.402620 0.055653
v -2.108356 1.432287 0.055690
v -2.124123 1.445125 0.058478
v -2.098971 1.430324 0.054474
v -2.121580 1.398098 0.054516
v -2.119715 1.367824 0.051939
v -2.129761 1.355390 0.052104
v -2.125368 1.337459 0.050206
v -2.136299 1.320612 0.050127
v -2.153374 1.312072 0.051392
v -2.178333 1.441885 0.064362
v -2.154398 1.447802 0.062115
v -2.131569 1.444249 0.059253
v -2.139867 1.460699 0.061478
v -2.155215 1.476790 0.064473
v -2.154659 1.515082 0.067402
v -2.145369 1.522383 0.066921
v -2.131268 1.526153 0.065619
v -2.110234 1.526996 0.063304
v -2.108196 1.543449 0.064359
v -2.108062 1.557902 0.065473
v -2.098310 1.579269 0.066039
v -2.084187 1.598757 0.065962
v -2.069916 1.590425 0.063696
v -2.064366 1.597028 0.063584
v -2.078446 1.607619 0.066005
v -2.087163 1.599667 0.066371
v -2.101825 1.587545 0.067083
v -2.110161 1.582224 0.067611
v -2.120156 1.579698 0.068545
v -2.115821 1.565195 0.066921
v -2.115534 1.543846 0.065220
v -2.117280 1.533499 0.064609
v -2.136653 1.531794 0.066670
v -2.148953 1.527177 0.067701
v -2.162327 1.517580 0.068465
v -2.163069 1.464328 0.064388
v -1.929009 1.690485 0.057543
v -1.896991 1.697219 0.055009
v -1.911342 1.711334 0.057777
v -1.913760 1.725417 0.059359
v -1.914370 1.746532 0.061432
v -1.910485 1.766919 0.062989
v -1.901751 1.787734 0.064106
v -1.888996 1.809098 0.064877
v -1.865995 1.834416 0.065008
v -1.843006 1.846872 0.063914
v -1.832014 1.851547 0.063269
v -1.815571 1.908081 0.067025
v -1.809954 1.919480 0.067554
v -1.836309 1.924225 0.070621
v -1.822902 1.906273 0.067580
v -1.835763 1.858720 0.064324
v -1.857020 1.848222 0.065433
v -1.875032 1.834816 0.065942
v -1.897486 1.810014 0.065806
v -1.912241 1.785500 0.064934
v -1.920761 1.760759 0.063422
v -1.923520 1.740086 0.061726
v -1.921109 1.722842 0.059843
v -1.918688 1.712377 0.058606
v -1.622901 2.146583 0.075262
v -1.612225 2.168152 0.076752
v -1.598529 2.149827 0.073605
v -1.547548 2.151493 0.069575
v -1.548289 2.131627 0.067451
v -1.555721 2.120946 0.066891
v -1.561580 2.100937 0.065175
v -1.563780 2.081725 0.063243
v -1.562582 2.062493 0.061029
v -1.557773 2.045266 0.058737
v -1.550069 2.027318 0.056127
v -1.547234 2.021321 0.055233
v -1.556457 2.008638 0.054601
v -1.528227 2.012336 0.052674
v -1.539464 2.023640 0.054846
v -1.546379 2.034854 0.056651
v -1.552197 2.051536 0.058966
v -1.556107 2.069664 0.061283
v -1.556035 2.087464 0.063234
v -1.553445 2.103163 0.064747
v -1.547871 2.119339 0.066065
v -1.542415 2.127835 0.066549
v -1.525845 2.128481 0.065250
v -2.292300 1.156995 0.063877
v -2.311454 1.158077 0.066294
v -2.283319 1.125094 0.060820
v -2.276023 1.124397 0.059881
v -2.310912 1.149391 0.065696
v -2.280368 1.119804 0.060133
v -2.285808 1.122475 0.060965
v -2.320043 1.139286 0.066197
v -2.326024 1.142223 0.067111
v -2.305009 1.093745 0.061623
v -2.310588 1.096392 0.062470
v -2.344324 1.112400 0.067593
v -2.350660 1.115406 0.068555
v -2.394868 1.097238 0.072998
v -2.366085 1.084051 0.068655
v -2.368134 1.086022 0.069024
v -2.372418 1.091709 0.069886
v -2.389517 1.105701 0.072824
v -2.329858 1.067453 0.063189
v -2.335580 1.070075 0.064052
v -2.324791 1.044730 0.061275
v -2.345969 1.057074 0.064620
v -2.337729 1.059123 0.063704
v -2.343204 1.062043 0.064553
v -2.338730 1.048381 0.063224
v -2.377404 1.086607 0.070215
v -2.396203 1.095126 0.073046
v -2.341060 1.038616 0.062966
v -2.107466 1.557426 0.071118
v -2.109648 1.526529 0.068857
v -2.116693 1.533031 0.070162
v -2.107952 1.540186 0.069763
v -2.114945 1.543376 0.070797
v -2.114970 1.545314 0.070956
v -2.143318 1.522315 0.072267
v -2.148375 1.526715 0.073182
v -2.148941 1.526309 0.073213
v -2.136071 1.531330 0.072183
v -2.130686 1.525689 0.071131
v -2.144790 1.521922 0.072401
v -2.162096 1.492392 0.072022
v -2.154482 1.487136 0.070753
v -2.154081 1.514621 0.072871
v -2.161750 1.517120 0.073929
v -2.107775 1.431824 0.061187
v -2.123543 1.444662 0.063966
v -2.098391 1.429861 0.059971
v -2.139289 1.460238 0.066954
v -2.154637 1.476330 0.069937
v -2.116327 1.419232 0.061185
v -2.109199 1.414452 0.060008
v -2.162490 1.463867 0.069866
v -2.130989 1.443787 0.064743
v -2.157049 1.446540 0.067911
v -2.153817 1.447340 0.067607
v -2.168878 1.454473 0.069865
v -2.127922 1.402151 0.061220
v -2.120992 1.397629 0.060085
v -2.130399 1.387572 0.060401
v -2.119949 1.380765 0.058690
v -2.177749 1.441420 0.069893
v -2.126825 1.368268 0.058558
v -2.119117 1.367347 0.057600
v -2.132624 1.374456 0.059686
v -2.129156 1.354908 0.057837
v -2.134617 1.349854 0.058093
v -2.126686 1.344839 0.056806
v -2.135672 1.320113 0.056058
v -2.136500 1.345402 0.057989
v -2.166935 1.358252 0.062465
v -2.124754 1.336970 0.056010
v -2.144100 1.315891 0.056733
v -2.185099 1.341975 0.063399
v -2.182271 1.339318 0.062877
v -2.152735 1.311563 0.057440
v -2.064718 1.595358 0.069568
v -2.063735 1.596525 0.069561
v -2.077816 1.607116 0.071978
v -2.078789 1.606230 0.072008
v -2.069291 1.589927 0.069616
v -2.086540 1.599170 0.072267
v -2.083563 1.598259 0.071866
v -2.099385 1.577590 0.071874
v -2.097703 1.578785 0.071790
v -2.101215 1.587059 0.072861
v -2.107043 1.583345 0.073188
v -2.109557 1.581742 0.073334
v -2.119556 1.579219 0.074230
v -2.107605 1.542978 0.069953
v -2.115225 1.564720 0.072569
v -1.561003 2.100477 0.070640
v -1.555143 2.120485 0.072366
v -1.842420 1.846406 0.069458
v -1.834805 1.859610 0.070000
v -1.835173 1.858250 0.069904
v -1.830276 1.855021 0.069116
v -1.831425 1.851077 0.068845
v -1.861105 1.836290 0.070289
v -1.865726 1.840849 0.071180
v -1.856437 1.847758 0.070949
v -1.865417 1.833955 0.070490
v -1.874454 1.834355 0.071416
v -1.885888 1.811425 0.070346
v -1.890877 1.816218 0.071295
v -1.888419 1.808638 0.070335
v -1.896909 1.809554 0.071267
v -1.904070 1.780364 0.069225
v -1.901172 1.787273 0.069589
v -1.910727 1.786589 0.070476
v -1.909901 1.766453 0.068519
v -1.911660 1.785038 0.070425
v -1.921669 1.749061 0.068088
v -1.913781 1.746062 0.067014
v -1.913656 1.741767 0.066602
v -1.920174 1.760291 0.068982
v -1.896388 1.696739 0.060712
v -1.910741 1.710854 0.063471
v -1.913163 1.724941 0.065009
v -1.920509 1.722364 0.065523
v -1.922926 1.739612 0.067350
v -1.911599 1.693534 0.061971
v -1.922276 1.702993 0.063927
v -1.918084 1.711896 0.064316
v -1.928392 1.689993 0.063385
v -1.809331 1.918984 0.073444
v -1.824106 1.899101 0.072858
v -1.818986 1.893771 0.071844
v -1.814957 1.907591 0.072840
v -1.822293 1.905787 0.073353
v -1.835698 1.923738 0.076405
v -1.525258 2.128013 0.070799
v -1.541834 2.127371 0.072057
v -1.552309 2.124557 0.072584
v -1.547292 2.118877 0.071549
v -1.547570 2.118071 0.071482
v -1.546964 2.151027 0.075101
v -1.547708 2.131164 0.072950
v -1.552868 2.102702 0.070220
v -1.563134 2.080161 0.068574
v -1.563203 2.081265 0.068702
v -1.555527 2.070037 0.066837
v -1.555457 2.087003 0.068701
v -1.618506 2.153847 0.081219
v -1.613579 2.147291 0.080094
v -1.611651 2.167694 0.082185
v -1.597954 2.149369 0.079047
v -1.527646 2.011872 0.058172
v -1.546653 2.020858 0.060733
v -1.549489 2.026855 0.061623
v -1.545799 2.034392 0.062139
v -1.538884 2.023177 0.060340
v -1.557193 2.044804 0.064222
v -1.555530 2.069205 0.066746
v -1.562004 2.062032 0.066502
v -1.551619 2.051075 0.064443
v -1.552045 2.008675 0.059852
v -1.553831 2.010986 0.060252
v -1.622327 2.146126 0.080694
v -1.555874 2.008173 0.060122
vn 0.9224 0.3863 -0.0008
vn 0.0541 -0.1247 0.9907
vn 0.0656 -0.1190 0.9907
vn 0.0672 -0.1182 0.9907
vn 0.0687 -0.1172 0.9907
vn 0.0703 -0.1163 0.9907
vn 0.0719 -0.1154 0.9907
vn 0.0558 -0.1239 0.9907
vn 0.0574 -0.1232 0.9907
vn 0.0591 -0.1224 0.9907
vn 0.0533 -0.1250 0.9907
vn 0.0526 -0.1253 0.9907
vn -0.9217 -0.3878 0.0006
vn 0.0538 -0.1248 0.9907
vn -0.9176 -0.3974 -0.0008
vn 0.0524 -0.1254 0.9907
vn 0.9203 0.3912 -0.0001
vn 0.9174 0.3980 0.0009
vn -0.9225 -0.3859 0.0009
vn -0.9197 -0.3927 -0.0001
vn 0.9183 0.3959 0.0006
vn 0.9724 0.2334 -0.0008
vn 0.0334 -0.1317 0.9907
vn 0.0473 -0.1274 0.9907
vn 0.0490 -0.1268 0.9907
vn 0.0507 -0.1261 0.9907
vn 0.0352 -0.1313 0.9907
vn 0.0369 -0.1308 0.9907
vn 0.0387 -0.1303 0.9907
vn 0.0325 -0.1320 0.9907
vn 0.0319 -0.1321 0.9907
vn -0.9720 -0.2349 0.0006
vn 0.0331 -0.1318 0.9907
vn -0.9695 -0.2451 -0.0008
vn 0.0316 -0.1322 0.9907
vn 0.0334 -0.1318 0.9907
vn 0.9711 0.2385 -0.0001
vn 0.9693 0.2457 0.0009
vn -0.9725 -0.2329 0.0009
vn -0.9707 -0.2401 -0.0002
vn 0.9699 0.2435 0.0005
vn 0.9972 0.0744 -0.0008
vn 0.0118 -0.1354 0.9907
vn 0.0281 -0.1330 0.9907
vn 0.0299 -0.1326 0.9907
vn 0.0137 -0.1352 0.9907
vn 0.0109 -0.1355 0.9907
vn 0.0103 -0.1355 0.9907
vn -0.9971 -0.0760 0.0007
vn 0.0115 -0.1354 0.9907
vn -0.9963 -0.0864 -0.0008
vn 0.0100 -0.1356 0.9907
vn 0.0119 -0.1354 0.9907
vn 0.9968 0.0796 -0.0001
vn 0.9962 0.0870 0.0010
vn -0.9973 -0.0739 0.0009
vn -0.9967 -0.0813 -0.0001
vn 0.9964 0.0848 0.0006
vn 0.0633 -0.1207 0.9907
vn 0.0432 -0.1293 0.9907
vn 0.0219 -0.1345 0.9907
vn 0.0607 -0.1216 0.9907
vn 0.0624 -0.1208 0.9907
vn 0.0640 -0.1199 0.9907
vn 0.0405 -0.1298 0.9907
vn 0.0422 -0.1292 0.9907
vn 0.0439 -0.1286 0.9907
vn 0.0456 -0.1280 0.9907
vn 0.0191 -0.1346 0.9907
vn 0.0209 -0.1343 0.9907
vn 0.0227 -0.1340 0.9907
vn 0.0245 -0.1337 0.9907
vn 0.0263 -0.1334 0.9907
vn 0.0155 -0.1350 0.9907
vn 0.0175 -0.1347 0.9907
vn 0.0173 -0.1348 0.9907
vn 0.7817 0.6225 0.0384
vn 0.0942 0.9883 0.1200
vn -0.6574 -0.7510 -0.0610
vn -0.5577 -0.8266 -0.0757
vn -0.5553 -0.8282 -0.0761
vn -0.9541 0.2870 0.0854
vn -0.9541 0.2871 0.0854
vn 0.8219 0.5688 0.0296
vn 0.1852 -0.9737 -0.1325
vn 0.1853 -0.9737 -0.1325
vn 0.1852 -0.9737 -0.1326
vn -0.9847 0.1591 0.0708
vn -0.3350 -0.9368 -0.1011
vn 0.5192 -0.8442 -0.1334
vn 0.5191 -0.8443 -0.1334
vn -0.9877 -0.1532 0.0315
vn -0.7688 -0.6382 -0.0410
vn -0.0775 -0.9896 -0.1210
vn 0.5416 0.8370 0.0779
vn 0.5990 0.7977 0.0699
vn 0.5402 0.8379 0.0780
vn -0.8171 -0.5756 -0.0307
vn 0.4247 0.9007 0.0919
vn 0.4231 0.9014 0.0921
vn 0.9739 -0.2134 -0.0771
vn 0.3660 0.9254 0.0981
vn -0.3002 0.9443 0.1348
vn -0.3001 0.9443 0.1348
vn 0.3429 0.9340 0.1003
vn 0.3421 0.9343 0.1004
vn 0.3188 0.9423 0.1026
vn 0.7497 0.6602 0.0448
vn 0.7497 0.6603 0.0448
vn 0.2308 0.9667 0.1103
vn 0.2942 0.9500 0.1049
vn 0.2293 0.9671 0.1104
vn 0.3528 0.9304 0.0994
vn 0.5801 0.8113 0.0726
vn 0.3526 0.9305 0.0994
vn 0.1895 0.9753 0.1135
vn 0.2233 0.9684 0.1109
vn 0.2224 0.9686 0.1109
vn 0.6953 0.7166 0.0548
vn -0.0965 0.9869 0.1296
vn -0.0986 0.9866 0.1297
vn -0.9987 -0.0144 0.0496
vn -0.9987 -0.0145 0.0496
vn -0.3099 0.9412 0.1348
vn 0.6178 -0.7755 -0.1298
vn 0.6179 -0.7755 -0.1298
vn 0.4016 0.9109 0.0944
vn -0.2060 -0.9721 -0.1122
vn -0.9503 -0.3111 0.0096
vn -0.3413 -0.9346 -0.1005
vn -0.2610 -0.9593 -0.1078
vn -0.2591 -0.9598 -0.1079
vn 0.7518 -0.6482 -0.1206
vn -0.3422 -0.9342 -0.1004
vn -0.3699 -0.9239 -0.0977
vn 0.1868 -0.9734 -0.1326
vn 0.3671 -0.9203 -0.1352
vn -0.4116 -0.9066 -0.0933
vn -0.4104 -0.9071 -0.0935
vn -0.4512 -0.8880 -0.0890
vn 0.1846 -0.9738 -0.1325
vn -0.0025 -0.9921 -0.1252
vn 0.7292 -0.6733 -0.1226
vn -0.6107 -0.7890 -0.0682
vn -0.4930 -0.8659 -0.0840
vn -0.4919 -0.8666 -0.0842
vn -0.3054 -0.9465 -0.1039
vn -0.1441 -0.9827 -0.1167
vn -0.1429 -0.9828 -0.1168
vn -0.9070 -0.4210 -0.0065
vn -0.7301 -0.6816 -0.0485
vn -0.6123 -0.7877 -0.0680
vn -0.3726 -0.9229 -0.0974
vn -0.3056 -0.9465 -0.1038
vn 0.1658 0.9794 0.1152
vn -0.7732 -0.6329 -0.0402
vn -0.7308 -0.6809 -0.0484
vn -0.4152 -0.9050 -0.0930
vn -0.3729 -0.9228 -0.0974
vn -0.1970 -0.9739 -0.1129
vn -0.1971 -0.9739 -0.1129
vn 0.9340 -0.3452 -0.0917
vn -0.8411 -0.5403 -0.0250
vn -0.8411 -0.5403 -0.0249
vn -0.8765 -0.4811 -0.0157
vn 0.9962 0.0766 -0.0416
vn 0.9693 -0.2328 -0.0793
vn 0.9687 -0.2350 -0.0796
vn 0.9429 0.3331 -0.0064
vn 0.9429 0.3331 -0.0065
vn -0.9802 0.1836 0.0737
vn 0.9624 0.2713 -0.0153
vn 0.9961 0.0783 -0.0414
vn -0.1576 0.9787 0.1318
vn -0.1576 0.9787 0.1317
vn 0.8816 0.4718 0.0142
vn 0.0905 -0.9874 -0.1294
vn 0.3272 -0.9353 -0.1350
vn 0.3271 -0.9353 -0.1350
vn -0.8643 0.4915 0.1066
vn 0.9897 -0.1267 -0.0670
vn 0.0817 -0.9883 -0.1290
vn -0.1597 -0.9804 -0.1156
vn 0.2992 0.9485 0.1044
vn 0.2993 0.9484 0.1044
vn -0.4758 0.8692 0.1343
vn -0.3088 -0.9455 -0.1036
vn -0.3046 -0.9468 -0.1039
vn 0.9695 -0.2453 -0.0008
vn -0.0316 -0.1322 0.9907
vn -0.0173 -0.1348 0.9907
vn -0.0155 -0.1350 0.9907
vn -0.0137 -0.1352 0.9907
vn -0.0119 -0.1354 0.9907
vn -0.0299 -0.1326 0.9907
vn -0.0281 -0.1330 0.9907
vn -0.0263 -0.1333 0.9907
vn -0.0325 -0.1320 0.9907
vn -0.0332 -0.1318 0.9907
vn -0.9698 0.2437 0.0006
vn -0.0320 -0.1321 0.9907
vn -0.9723 0.2335 -0.0008
vn -0.0334 -0.1318 0.9907
vn 0.9707 -0.2401 -0.0002
vn 0.9725 -0.2329 0.0009
vn -0.9693 0.2457 0.0009
vn -0.9711 0.2385 -0.0001
vn 0.9720 -0.2351 0.0006
vn 0.9176 -0.3976 -0.0009
vn -0.0524 -0.1254 0.9907
vn -0.0533 -0.1250 0.9907
vn -0.0539 -0.1248 0.9907
vn -0.9182 0.3961 0.0006
vn -0.0528 -0.1253 0.9907
vn -0.9223 0.3865 -0.0008
vn -0.0541 -0.1247 0.9907
vn 0.9197 -0.3927 -0.0001
vn 0.9225 -0.3859 0.0010
vn -0.9174 0.3980 0.0009
vn -0.9203 0.3912 -0.0001
vn 0.9217 -0.3880 0.0005
vn 0.8419 -0.5396 -0.0009
vn -0.0719 -0.1154 0.9907
vn -0.0591 -0.1224 0.9907
vn -0.0574 -0.1232 0.9907
vn -0.0558 -0.1239 0.9907
vn -0.0703 -0.1163 0.9907
vn -0.0687 -0.1172 0.9907
vn -0.0672 -0.1182 0.9907
vn -0.0726 -0.1149 0.9907
vn -0.0732 -0.1145 0.9907
vn -0.8428 0.5383 0.0006
vn -0.0722 -0.1152 0.9907
vn -0.8484 0.5294 -0.0009
vn -0.0734 -0.1144 0.9907
vn -0.0718 -0.1153 0.9907
vn 0.8448 -0.5352 -0.0002
vn 0.8487 -0.5289 0.0009
vn -0.8417 0.5400 0.0009
vn -0.8456 0.5338 -0.0001
vn 0.8475 -0.5308 0.0005
vn -0.0334 -0.1317 0.9907
vn -0.0245 -0.1337 0.9907
vn -0.0227 -0.1340 0.9907
vn -0.0209 -0.1343 0.9907
vn -0.0191 -0.1346 0.9907
vn 0.6698 -0.7376 -0.0853
vn -0.6450 0.7590 0.0887
vn -0.8879 0.4581 0.0425
vn -0.6445 0.7594 0.0888
vn 0.9962 -0.0868 0.0100
vn 0.9528 0.2972 0.0613
vn 0.9962 -0.0871 0.0100
vn -0.8358 -0.5414 -0.0918
vn -0.3039 0.9449 0.1216
vn -0.3030 0.9452 0.1216
vn 0.8879 -0.4581 -0.0427
vn -0.9786 0.2057 0.0065
vn 0.0835 0.9872 0.1359
vn 0.0847 0.9871 0.1359
vn 0.6445 -0.7594 -0.0890
vn 0.8877 -0.4584 -0.0428
vn -0.7942 -0.5996 -0.0988
vn 0.4584 0.8793 0.1294
vn 0.4596 0.8786 0.1294
vn 0.6438 -0.7600 -0.0891
vn 0.4829 -0.8691 -0.1074
vn 0.4828 -0.8691 -0.1074
vn 0.1657 0.9767 0.1363
vn -0.7966 0.6011 0.0641
vn 0.7637 0.6373 0.1033
vn 0.7645 0.6363 0.1032
vn 0.9433 -0.3312 -0.0240
vn -0.9528 -0.2973 -0.0615
vn -0.7651 -0.6356 -0.1033
vn -0.7644 -0.6365 -0.1034
vn -0.3185 -0.9383 -0.1344
vn 0.1657 0.9767 0.1362
vn 0.6187 -0.7802 -0.0922
vn -0.9962 0.0870 -0.0103
vn -0.9530 -0.2966 -0.0614
vn -0.6239 -0.7724 -0.1188
vn -0.6238 -0.7725 -0.1187
vn 0.9697 -0.2441 -0.0116
vn -0.8880 0.4578 0.0424
vn 0.9526 0.2980 0.0614
vn -0.0432 -0.1293 0.9907
vn -0.0456 -0.1280 0.9907
vn -0.0465 -0.1277 0.9907
vn -0.0451 -0.1282 0.9907
vn -0.0448 -0.1283 0.9907
vn -0.0462 -0.1278 0.9907
vn -0.0445 -0.1284 0.9907
vn -0.0468 -0.1276 0.9907
vn -0.0439 -0.1286 0.9907
vn -0.0430 -0.1289 0.9907
vn -0.0427 -0.1290 0.9907
vn -0.0413 -0.1295 0.9907
vn -0.0418 -0.1293 0.9907
vn -0.0422 -0.1292 0.9907
vn -0.0414 -0.1294 0.9907
vn -0.0404 -0.1298 0.9907
vn -0.0404 -0.1297 0.9907
vn -0.0396 -0.1300 0.9907
vn -0.0379 -0.1305 0.9907
vn -0.0378 -0.1305 0.9907
vn -0.0395 -0.1300 0.9907
vn -0.0378 -0.1306 0.9907
vn -0.0369 -0.1308 0.9907
vn -0.0352 -0.1313 0.9907
vn -0.0507 -0.1261 0.9907
vn -0.0499 -0.1264 0.9907
vn -0.0487 -0.1269 0.9907
vn -0.0504 -0.1262 0.9907
vn -0.0491 -0.1268 0.9907
vn -0.0482 -0.1271 0.9907
vn -0.0485 -0.1270 0.9907
vn -0.0490 -0.1268 0.9907
vn -0.0473 -0.1274 0.9907
vn -0.0479 -0.1272 0.9907
vn 0.9447 -0.3281 -0.0017
vn 0.9447 -0.3281 -0.0016
vn -0.9621 -0.2617 -0.0761
vn -0.9621 -0.2617 -0.0760
vn -0.9524 0.3047 -0.0017
vn 0.4652 0.8749 0.1344
vn 0.3908 0.9104 0.1358
vn -0.5572 -0.8200 -0.1313
vn -0.4824 -0.8657 -0.1340
vn 0.3103 0.9408 0.1363
vn 0.3102 0.9408 0.1363
vn 0.2127 0.9677 0.1356
vn 0.2126 0.9677 0.1356
vn 0.3137 0.9397 0.1363
vn -0.5574 -0.8198 -0.1313
vn -0.6281 -0.7676 -0.1275
vn 0.7339 0.6687 0.1193
vn 0.7339 0.6687 0.1192
vn 0.1093 0.9850 0.1333
vn -0.7771 -0.6189 -0.1146
vn -0.6985 -0.7051 -0.1224
vn -0.6984 -0.7052 -0.1224
vn 0.9990 -0.0159 0.0415
vn -0.7771 -0.6188 -0.1146
vn -0.7911 -0.6012 -0.1129
vn -0.6745 0.7352 0.0666
vn 0.4903 -0.8667 -0.0917
vn 0.5395 -0.8376 -0.0858
vn -0.0845 -0.9876 -0.1326
vn 0.3398 -0.9344 -0.1071
vn -0.7384 -0.6638 -0.1187
vn -0.7384 -0.6638 -0.1188
vn 0.2360 -0.9648 -0.1156
vn -0.9421 0.3353 0.0028
vn -0.9421 0.3353 0.0027
vn 0.9334 -0.3587 -0.0061
vn 0.0068 -0.9916 -0.1291
vn 0.0067 -0.9916 -0.1291
vn -0.2227 -0.9654 -0.1357
vn 0.3072 0.9418 0.1363
vn -0.3350 0.9361 0.1076
vn -0.3349 0.9361 0.1076
vn -0.3778 -0.9158 -0.1360
vn -0.3778 -0.9159 -0.1359
vn 0.9226 -0.3857 -0.0102
vn 0.9226 -0.3857 -0.0101
vn 0.3726 0.9180 0.1360
vn -0.8958 -0.4340 -0.0957
vn -0.8958 -0.4340 -0.0956
vn 0.3796 0.9151 0.1360
vn 0.3797 0.9151 0.1359
vn 0.9500 -0.3124 0.0006
vn 0.9499 -0.3124 0.0006
vn -0.9438 0.3306 0.0021
vn 0.7805 0.6146 0.1142
vn 0.5449 0.8281 0.1318
vn 0.7808 0.6143 0.1142
vn 0.2813 0.9499 0.1363
vn 0.2813 0.9499 0.1362
vn -0.3043 -0.9428 -0.1363
vn 0.8569 0.5051 0.1033
vn -0.9110 -0.4020 -0.0922
vn -0.0633 -0.1207 0.9907
vn -0.0656 -0.1190 0.9907
vn -0.0640 -0.1199 0.9907
vn -0.0624 -0.1208 0.9907
vn -0.0607 -0.1216 0.9907
vn 0.9606 0.2617 0.0933
vn 0.3663 0.9206 0.1355
vn -0.4823 -0.8653 -0.1363
vn 0.9976 0.0195 0.0661
vn -0.4911 0.8679 0.0743
vn -0.9739 -0.2094 -0.0877
vn 0.9863 -0.1590 0.0437
vn -0.9024 0.4309 -0.0052
vn -0.5580 0.8273 0.0651
vn 0.4791 -0.8745 -0.0758
vn 0.0225 -0.9926 -0.1195
vn 0.6049 0.7849 0.1342
vn -0.1020 -0.9867 -0.1267
vn 0.6484 0.7496 0.1327
vn -0.2609 -0.9562 -0.1331
vn 0.8675 0.4841 0.1144
vn 0.5683 -0.8204 -0.0636
vn -0.4167 -0.8988 -0.1362
vn 0.7444 -0.6677 -0.0008
vn -0.0894 -0.1023 0.9907
vn -0.0765 -0.1124 0.9907
vn -0.0749 -0.1134 0.9907
vn -0.0881 -0.1035 0.9907
vn -0.0867 -0.1047 0.9907
vn -0.0853 -0.1059 0.9907
vn -0.0901 -0.1017 0.9907
vn -0.0906 -0.1013 0.9907
vn -0.7455 0.6665 0.0006
vn -0.0897 -0.1021 0.9907
vn -0.7524 0.6587 -0.0008
vn -0.0908 -0.1011 0.9907
vn 0.7480 -0.6637 -0.0000
vn 0.7529 -0.6582 0.0009
vn -0.7441 0.6680 0.0009
vn -0.7491 0.6625 -0.0001
vn 0.7514 -0.6599 0.0006
vn -0.1231 -0.0584 0.9907
vn 0.6277 -0.7785 -0.0008
vn -0.1047 -0.0867 0.9907
vn -0.0948 -0.0974 0.9907
vn -0.0935 -0.0987 0.9907
vn -0.0922 -0.0999 0.9907
vn -0.1035 -0.0881 0.9907
vn -0.1023 -0.0894 0.9907
vn -0.1053 -0.0860 0.9907
vn -0.1057 -0.0854 0.9907
vn -0.6289 0.7775 0.0006
vn -0.1049 -0.0864 0.9907
vn -0.6370 0.7708 -0.0008
vn -0.1059 -0.0853 0.9907
vn 0.6318 -0.7751 -0.0001
vn 0.6375 -0.7704 0.0009
vn -0.6273 0.7788 0.0009
vn -0.6331 0.7741 -0.0001
vn 0.6358 -0.7719 0.0006
vn -0.0819 -0.1089 0.9907
vn 0.4947 -0.8691 -0.0008
vn -0.1172 -0.0687 0.9907
vn -0.1134 -0.0749 0.9907
vn -0.1092 -0.0809 0.9907
vn -0.1081 -0.0824 0.9907
vn -0.1070 -0.0838 0.9907
vn -0.1163 -0.0703 0.9907
vn -0.1154 -0.0719 0.9907
vn -0.1144 -0.0734 0.9907
vn -0.1177 -0.0680 0.9907
vn -0.1180 -0.0674 0.9907
vn -0.4961 0.8683 0.0006
vn -0.1174 -0.0684 0.9907
vn -0.5051 0.8630 -0.0008
vn -0.1182 -0.0672 0.9907
vn -0.1172 -0.0688 0.9907
vn 0.4993 -0.8664 -0.0001
vn 0.5057 -0.8627 0.0009
vn -0.4943 0.8693 0.0009
vn -0.5007 0.8656 -0.0001
vn 0.5037 -0.8639 0.0006
vn 0.3489 -0.9372 -0.0008
vn -0.1268 -0.0490 0.9907
vn -0.1239 -0.0558 0.9907
vn -0.1216 -0.0607 0.9907
vn -0.1208 -0.0624 0.9907
vn -0.1199 -0.0640 0.9907
vn -0.1191 -0.0656 0.9907
vn -0.1261 -0.0507 0.9907
vn -0.1254 -0.0524 0.9907
vn -0.1247 -0.0541 0.9907
vn -0.1271 -0.0482 0.9907
vn -0.1273 -0.0476 0.9907
vn -0.3504 0.9366 0.0007
vn -0.1269 -0.0487 0.9907
vn -0.3602 0.9329 -0.0008
vn -0.1274 -0.0473 0.9907
vn -0.1267 -0.0491 0.9907
vn 0.3538 -0.9353 -0.0001
vn 0.3608 -0.9327 0.0009
vn -0.3484 0.9373 0.0009
vn -0.3554 0.9347 -0.0001
vn 0.3586 -0.9335 0.0005
vn -0.0819 -0.1090 0.9907
vn -0.0983 -0.0944 0.9907
vn -0.1122 -0.0774 0.9907
vn -0.0838 -0.1070 0.9907
vn -0.0824 -0.1081 0.9907
vn -0.0809 -0.1092 0.9907
vn -0.0795 -0.1103 0.9907
vn -0.0794 -0.1103 0.9907
vn -0.0780 -0.1113 0.9907
vn -0.0999 -0.0924 0.9907
vn -0.0998 -0.0922 0.9907
vn -0.0999 -0.0922 0.9907
vn -0.0987 -0.0935 0.9907
vn -0.0982 -0.0940 0.9907
vn -0.0974 -0.0948 0.9907
vn -0.0974 -0.0947 0.9907
vn -0.0961 -0.0961 0.9907
vn -0.1011 -0.0908 0.9907
vn -0.1124 -0.0765 0.9907
vn -0.1112 -0.0782 0.9907
vn -0.1112 -0.0781 0.9907
vn -0.1113 -0.0780 0.9907
vn -0.1103 -0.0794 0.9907
vn -0.1103 -0.0795 0.9907
vn -0.1059 -0.0852 0.9907
vn -0.1232 -0.0574 0.9907
vn -0.1224 -0.0591 0.9907
vn 0.9938 -0.0567 0.0956
vn 0.9945 -0.0389 0.0972
vn -0.4186 0.9074 0.0382
vn -0.1828 0.9808 0.0685
vn 0.6958 0.7058 0.1331
vn 0.6958 0.7058 0.1330
vn 0.6497 0.7486 0.1323
vn 0.5934 0.7943 0.1306
vn 0.5933 0.7943 0.1306
vn 0.4859 0.8649 0.1260
vn 0.4859 0.8649 0.1259
vn 0.4718 0.8727 0.1252
vn 0.4712 0.8731 0.1252
vn 0.7826 -0.6221 0.0240
vn 0.7825 -0.6221 0.0241
vn 0.3491 0.9296 0.1179
vn -0.0714 -0.9929 -0.0954
vn -0.0713 -0.9929 -0.0954
vn -0.0714 -0.9929 -0.0953
vn -0.8858 0.4615 -0.0487
vn -0.9249 0.3754 -0.0603
vn -0.8855 0.4620 -0.0487
vn 0.9468 -0.3145 0.0680
vn 0.9468 -0.3145 0.0679
vn -0.7861 0.6176 -0.0248
vn -0.7858 0.6179 -0.0248
vn -0.4537 -0.8824 -0.1242
vn -0.4537 -0.8824 -0.1243
vn -0.4538 -0.8824 -0.1242
vn -0.7073 0.7069 -0.0089
vn -0.7072 0.7069 -0.0089
vn 0.7166 -0.6974 0.0107
vn -0.7068 0.7074 -0.0088
vn -0.7068 0.7073 -0.0088
vn 0.9665 -0.2450 0.0762
vn -0.6939 0.7201 -0.0063
vn -0.6937 0.7202 -0.0063
vn -0.8025 -0.5816 -0.1330
vn -0.8025 -0.5816 -0.1328
vn -0.6450 0.7642 0.0025
vn -0.6449 0.7642 0.0025
vn 0.0961 0.9906 0.0976
vn -0.6734 0.7393 -0.0026
vn -0.6735 0.7392 -0.0026
vn -0.7545 0.6561 -0.0182
vn -0.7545 0.6561 -0.0181
vn -0.7149 0.6991 -0.0104
vn -0.1989 0.9778 0.0666
vn -0.6724 -0.7282 -0.1327
vn -0.4737 -0.8717 -0.1254
vn 0.9661 -0.2465 0.0760
vn -0.1936 -0.9753 -0.1062
vn -0.1934 -0.9754 -0.1062
vn -0.1625 0.9842 0.0709
vn -0.1077 -0.9893 -0.0987
vn -0.1076 -0.9893 -0.0987
vn -0.7895 0.6132 -0.0255
vn -0.7237 0.6900 -0.0121
vn -0.7895 0.6133 -0.0255
vn 0.0209 -0.9961 -0.0863
vn 0.0211 -0.9960 -0.0863
vn -0.6206 -0.7731 -0.1315
vn -0.7291 -0.6713 -0.1334
vn -0.6202 -0.7734 -0.1315
vn -0.8471 0.5300 -0.0387
vn -0.8907 0.4518 -0.0501
vn 0.0549 -0.9951 -0.0827
vn 0.0548 -0.9951 -0.0828
vn -0.7796 -0.6119 -0.1333
vn -0.8382 -0.5292 -0.1318
vn -0.8909 0.4514 -0.0501
vn -0.9735 0.2146 -0.0796
vn -0.9738 0.2131 -0.0797
vn -0.0088 -0.9960 -0.0893
vn -0.8388 -0.5282 -0.1318
vn -0.8886 -0.4401 -0.1290
vn -0.9872 -0.1156 -0.1102
vn -0.9869 -0.1181 -0.1104
vn -0.9914 0.0925 -0.0922
vn -0.9914 0.0925 -0.0921
vn -0.9223 -0.3655 -0.1258
vn 0.5088 -0.8605 -0.0248
vn 0.5319 -0.8466 -0.0213
vn -0.9515 -0.2828 -0.1214
vn -0.5252 -0.8413 -0.1279
vn -0.5245 -0.8418 -0.1279
vn -0.2876 -0.9510 -0.1136
vn -0.2873 -0.9511 -0.1135
vn 0.9830 0.1453 0.1124
vn 0.9830 0.1453 0.1125
vn -0.1045 -0.9896 -0.0984
vn -0.1043 -0.9897 -0.0984
vn 0.9949 -0.0108 0.0999
vn 0.9950 -0.0108 0.0998
vn 0.4160 -0.9085 -0.0385
vn -0.0140 -0.9959 -0.0898
vn 0.8026 -0.5959 0.0284
vn 0.3347 0.9350 0.1169
vn 0.3348 0.9350 0.1169
vn -0.9933 0.0662 -0.0947
vn -0.9845 0.1525 -0.0861
vn -0.9933 0.0656 -0.0947
vn 0.2966 -0.9534 -0.0546
vn -0.9698 0.2312 -0.0778
vn -0.9698 0.2312 -0.0777
vn -0.9853 -0.1298 -0.1113
vn -0.9852 -0.1306 -0.1114
vn 0.6261 0.7685 0.1317
vn 0.0204 -0.9961 -0.0864
vn -0.9641 -0.2377 -0.1187
vn -0.9940 -0.0346 -0.1037
vn -0.9734 0.2150 -0.0794
vn -0.9734 0.2150 -0.0795
vn 0.6445 0.7531 0.1321
vn 0.6332 0.7627 0.1318
vn -0.8309 0.5553 -0.0349
vn 0.7965 0.5898 0.1330
vn 0.5471 0.8271 0.1288
vn 0.5467 0.8273 0.1288
vn -0.9942 0.0484 -0.0963
vn -0.9942 0.0484 -0.0964
vn 0.4430 0.8879 0.1237
vn 0.4429 0.8880 0.1237
vn -0.9822 -0.1504 -0.1128
vn -0.9822 -0.1504 -0.1129
vn 0.1737 0.9792 0.1045
vn 0.1730 0.9794 0.1044
vn -0.8155 0.5778 -0.0313
vn -0.8156 0.5778 -0.0313
vn -0.8602 0.5082 -0.0420
vn -0.8581 0.5118 -0.0415
vn 0.1008 -0.9919 -0.0778
vn 0.1008 -0.9919 -0.0779
vn -0.8583 -0.4962 -0.1310
vn -0.8579 -0.4968 -0.1310
vn 0.6008 0.7886 0.1308
vn -0.7621 -0.6336 -0.1334
vn -0.7618 -0.6339 -0.1334
vn -0.2469 -0.9627 -0.1104
vn -0.2469 -0.9627 -0.1105
vn -0.7179 -0.6833 -0.1333
vn -0.7088 0.7054 -0.0092
vn -0.7088 0.7053 -0.0092
vn -0.7231 0.6907 -0.0119
vn 0.9745 0.1923 0.1158
vn 0.9745 0.1923 0.1157
vn 0.7469 0.6514 0.1336
vn 0.7470 0.6513 0.1336
vn 0.7574 0.6391 0.1335
vn 0.8106 -0.5848 0.0302
vn 0.8415 0.5240 0.1318
vn 0.7575 0.6391 0.1334
vn 0.0925 0.9909 0.0973
vn 0.8419 0.5233 0.1317
vn 0.9397 0.3189 0.1234
vn 0.9400 0.3182 0.1234
vn -0.9102 -0.3942 -0.1272
vn -0.9102 -0.3942 -0.1271
vn 0.9680 0.2217 0.1177
vn 0.4582 -0.8883 -0.0324
vn 0.5087 -0.8606 -0.0248
vn 0.2783 0.9539 0.1128
vn 0.2242 0.9685 0.1086
vn 0.2240 0.9685 0.1086
vn 0.4117 -0.9105 -0.0391
vn 0.0708 0.9929 0.0953
vn 0.3385 -0.9397 -0.0491
vn 0.0705 0.9930 0.0952
vn -0.1637 0.9840 0.0708
vn -0.1638 0.9839 0.0707
vn 0.2024 -0.9771 -0.0662
vn -0.2959 0.9537 0.0547
vn 0.1199 -0.9899 -0.0757
vn 0.0651 -0.9945 -0.0817
vn 0.7396 0.6597 0.1335
vn 0.0649 -0.9945 -0.0817
vn 0.0099 -0.9961 -0.0874
vn 0.8473 -0.5296 0.0388
vn 0.8912 -0.4508 0.0502
vn 0.8914 -0.4503 0.0503
vn -0.4799 -0.8683 -0.1257
vn -0.4794 -0.8686 -0.1257
vn 0.9261 -0.3724 0.0607
vn 0.9261 -0.3724 0.0608
vn -0.3920 -0.9120 -0.1206
vn 0.9511 -0.3010 0.0697
vn 0.9512 -0.3005 0.0697
vn 0.6909 -0.7229 0.0058
vn 0.9725 -0.2192 0.0790
vn -0.7414 -0.6576 -0.1334
vn -0.7414 -0.6576 -0.1335
vn -0.7414 -0.6577 -0.1334
vn 0.9855 -0.1459 0.0868
vn 0.9856 -0.1454 0.0869
vn 0.2415 0.9641 0.1101
vn 0.1536 0.9828 0.1028
vn 0.1534 0.9828 0.1028
vn 0.9938 -0.0569 0.0956
vn 0.9928 -0.0746 0.0939
vn -0.1829 0.9807 0.0685
vn 0.1940 -0.9810 -0.0009
vn -0.1330 -0.0281 0.9907
vn -0.1286 -0.0439 0.9907
vn -0.1280 -0.0456 0.9907
vn -0.1326 -0.0299 0.9907
vn -0.1322 -0.0316 0.9907
vn -0.1332 -0.0272 0.9907
vn -0.1333 -0.0265 0.9907
vn -0.1956 0.9807 0.0006
vn -0.1331 -0.0277 0.9907
vn -0.2059 0.9786 -0.0008
vn -0.1334 -0.0263 0.9907
vn 0.1992 -0.9800 -0.0001
vn 0.2065 -0.9785 0.0009
vn -0.1936 0.9811 0.0009
vn -0.2008 0.9796 -0.0001
vn 0.2043 -0.9789 0.0006
vn 0.0341 -0.9994 -0.0008
vn -0.1358 -0.0064 0.9907
vn -0.1346 -0.0191 0.9907
vn -0.1343 -0.0209 0.9907
vn -0.1340 -0.0227 0.9907
vn -0.1337 -0.0245 0.9907
vn -0.1333 -0.0263 0.9907
vn -0.1357 -0.0082 0.9907
vn -0.1355 -0.0100 0.9907
vn -0.1354 -0.0118 0.9907
vn -0.1358 -0.0055 0.9907
vn -0.1358 -0.0048 0.9907
vn -0.0357 0.9994 0.0006
vn -0.1358 -0.0060 0.9907
vn -0.0462 0.9989 -0.0008
vn -0.1359 -0.0046 0.9907
vn 0.0394 -0.9992 -0.0001
vn 0.0468 -0.9989 0.0009
vn -0.0337 0.9994 0.0009
vn -0.0411 0.9992 -0.0001
vn 0.0446 -0.9990 0.0006
vn -0.1266 -0.9920 -0.0008
vn -0.1350 0.0155 0.9907
vn -0.1359 0.0027 0.9907
vn -0.1359 0.0009 0.9907
vn -0.1359 -0.0009 0.9907
vn -0.1359 -0.0027 0.9907
vn -0.1352 0.0137 0.9907
vn -0.1354 0.0118 0.9907
vn -0.1355 0.0100 0.9907
vn -0.1349 0.0164 0.9907
vn -0.1348 0.0171 0.9907
vn 0.1250 0.9922 0.0007
vn -0.1350 0.0158 0.9907
vn 0.1146 0.9934 -0.0008
vn -0.1348 0.0173 0.9907
vn -0.1214 -0.9926 -0.0002
vn -0.1140 -0.9935 0.0009
vn 0.1271 0.9919 0.0009
vn 0.1197 0.9928 -0.0002
vn -0.1162 -0.9932 0.0005
vn -0.2841 -0.9588 -0.0009
vn -0.1308 0.0369 0.9907
vn -0.1346 0.0191 0.9907
vn -0.1313 0.0352 0.9907
vn -0.1305 0.0378 0.9907
vn -0.1304 0.0385 0.9907
vn 0.2826 0.9592 0.0006
vn -0.1307 0.0373 0.9907
vn 0.2725 0.9622 -0.0008
vn -0.1303 0.0387 0.9907
vn -0.1306 0.0378 0.9907
vn -0.2790 -0.9603 -0.0000
vn -0.2719 -0.9623 0.0009
vn 0.2845 0.9587 0.0009
vn 0.2774 0.9607 -0.0002
vn -0.2741 -0.9617 0.0006
vn -0.1335 0.0273 0.9907
vn -0.1362 0.0055 0.9907
vn -0.1353 -0.0164 0.9907
vn -0.1309 -0.0379 0.9907
vn -0.1313 -0.0352 0.9907
vn -0.1308 -0.0369 0.9907
vn -0.1303 -0.0387 0.9907
vn -0.1298 -0.0404 0.9907
vn -0.1292 -0.0422 0.9907
vn -0.1317 -0.0334 0.9907
vn -0.9534 -0.2717 -0.1309
vn -0.9534 -0.2717 -0.1310
vn -0.1353 -0.0137 0.9907
vn -0.1350 -0.0155 0.9907
vn -0.1348 -0.0173 0.9907
vn 0.4406 -0.8960 0.0549
vn 0.4017 -0.9144 0.0496
vn 0.4414 -0.8956 0.0550
vn -0.1357 0.0082 0.9907
vn -0.1358 0.0064 0.9907
vn -0.1358 0.0046 0.9907
vn -0.1358 -0.0046 0.9907
vn 0.8681 0.4816 0.1205
vn 0.8196 0.5614 0.1144
vn 0.8184 0.5632 0.1142
vn -0.1326 0.0299 0.9907
vn -0.1330 0.0281 0.9907
vn -0.1333 0.0263 0.9907
vn -0.1336 0.0245 0.9907
vn -0.1337 0.0245 0.9907
vn -0.1340 0.0227 0.9907
vn -0.1343 0.0209 0.9907
vn -0.1317 0.0334 0.9907
vn -0.1320 0.0317 0.9907
vn -0.1322 0.0316 0.9907
vn -0.4919 0.8685 -0.0621
vn -0.6923 0.7159 -0.0901
vn -0.6933 0.7150 -0.0903
vn -0.3562 0.9334 -0.0433
vn -0.4914 0.8687 -0.0620
vn 0.7023 0.7050 0.0994
vn 0.6993 0.7079 0.0989
vn 0.9804 -0.1457 0.1323
vn 0.4511 0.8900 0.0661
vn -0.2651 0.9637 -0.0307
vn -0.3561 0.9334 -0.0433
vn 0.5884 0.8042 0.0843
vn 0.5879 0.8045 0.0842
vn 0.3011 0.9525 0.0461
vn -0.3922 0.9186 -0.0482
vn -0.0709 0.9975 -0.0042
vn -0.2650 0.9638 -0.0307
vn 0.5715 0.8165 0.0820
vn 0.5715 0.8165 0.0821
vn -0.9521 0.2777 -0.1278
vn -0.7450 -0.6588 -0.1048
vn -0.0710 0.9975 -0.0042
vn 0.0784 0.9968 0.0161
vn 0.1168 0.9929 0.0213
vn -0.0197 0.9998 0.0028
vn -0.0915 -0.9956 -0.0179
vn -0.0484 -0.9988 -0.0120
vn 0.3073 0.9504 0.0469
vn 0.3073 0.9505 0.0469
vn 0.1939 0.9805 0.0317
vn -0.1554 0.9877 -0.0157
vn -0.0481 -0.9988 -0.0120
vn 0.0330 -0.9995 -0.0010
vn -0.7191 -0.6874 -0.1014
vn -0.7191 -0.6874 -0.1015
vn -0.4942 -0.8664 -0.0719
vn 0.4053 -0.9128 0.0500
vn 0.4052 -0.9128 0.0500
vn 0.0332 -0.9994 -0.0010
vn 0.0498 -0.9988 0.0013
vn 0.7482 -0.6562 0.0981
vn 0.7482 -0.6562 0.0980
vn -0.6533 0.7523 -0.0846
vn -0.6942 0.7140 -0.0904
vn -0.7530 0.6505 -0.0987
vn -0.7564 0.6465 -0.0992
vn -0.6393 0.7645 -0.0826
vn 0.0497 -0.9988 0.0013
vn 0.1109 -0.9938 0.0096
vn -0.0495 -0.9987 -0.0122
vn 0.0472 -0.9989 0.0010
vn -0.6947 0.7136 -0.0904
vn -0.7675 0.6331 -0.1008
vn -0.8498 0.5150 -0.1126
vn 0.1954 -0.9805 0.0212
vn -0.1249 -0.9919 -0.0224
vn -0.0498 -0.9987 -0.0122
vn -0.9028 0.4128 -0.1204
vn -0.9018 0.4152 -0.1202
vn -0.7998 0.5909 -0.1054
vn -0.4153 -0.9076 -0.0614
vn -0.3681 -0.9282 -0.0551
vn -0.3674 -0.9284 -0.0550
vn 0.2289 -0.9731 0.0257
vn 0.2290 -0.9731 0.0258
vn -0.1264 -0.9917 -0.0226
vn -0.9848 0.1114 -0.1332
vn -0.3191 -0.9465 -0.0486
vn 0.2597 -0.9652 0.0300
vn -0.2497 -0.9675 -0.0392
vn -0.1265 -0.9917 -0.0226
vn -0.9850 0.1099 -0.1332
vn -0.9853 -0.1057 -0.1345
vn 0.2002 -0.9795 0.0218
vn 0.6403 -0.7636 0.0828
vn -0.9813 -0.1385 -0.1340
vn -0.9815 -0.1368 -0.1340
vn -0.9861 -0.0972 -0.1345
vn -0.3941 -0.9172 -0.0586
vn -0.2502 -0.9674 -0.0393
vn -0.9851 -0.1070 -0.1344
vn -0.9190 -0.3734 -0.1268
vn 0.6504 -0.7549 0.0842
vn 0.9694 -0.2080 0.1305
vn -0.9557 -0.2633 -0.1312
vn -0.4207 -0.9051 -0.0621
vn -0.3944 -0.9171 -0.0586
vn -0.9182 -0.3753 -0.1267
vn -0.6815 -0.7255 -0.0965
vn 0.9893 -0.0567 0.1341
vn -0.9548 -0.2668 -0.1311
vn -0.9242 -0.3600 -0.1275
vn -0.4867 -0.8707 -0.0709
vn -0.4205 -0.9052 -0.0621
vn -0.6798 -0.7270 -0.0963
vn 0.9295 0.3460 0.1281
vn 0.9294 0.3460 0.1282
vn -0.8927 -0.4334 -0.1236
vn -0.8938 -0.4311 -0.1236
vn -0.9202 -0.3702 -0.1270
vn -0.4874 -0.8703 -0.0710
vn -0.4634 -0.8833 -0.0711
vn -0.4150 -0.9077 -0.0613
vn -0.1846 -0.9823 -0.0304
vn -0.8399 -0.5300 -0.1170
vn 0.9898 0.0470 0.1346
vn 0.9898 0.0470 0.1348
vn 0.1251 -0.9921 0.0116
vn 0.1254 -0.9920 0.0116
vn -0.8390 -0.5314 -0.1169
vn -0.7676 -0.6318 -0.1077
vn 0.4394 -0.8966 0.0548
vn -0.7659 -0.6339 -0.1075
vn -0.6983 -0.7090 -0.0987
vn 0.6621 -0.7445 0.0859
vn 0.6626 -0.7440 0.0859
vn -0.6978 -0.7095 -0.0986
vn -0.6823 -0.7247 -0.0966
vn 0.8355 -0.5382 0.1106
vn 0.8368 -0.5362 0.1107
vn -0.2262 0.9737 -0.0254
vn 0.9459 -0.2987 0.1268
vn 0.9461 -0.2978 0.1269
vn -0.6906 0.7176 -0.0899
vn -0.6907 0.7176 -0.0899
vn -0.5360 -0.8407 -0.0774
vn -0.5360 -0.8407 -0.0775
vn 0.9714 -0.1984 0.1309
vn 0.9714 -0.1979 0.1309
vn 0.7706 0.6280 0.1086
vn 0.6346 0.7675 0.0910
vn 0.6294 0.7718 0.0906
vn -0.8353 -0.5373 -0.1164
vn -0.8353 -0.5373 -0.1165
vn 0.9774 -0.1652 0.1319
vn 0.4050 0.9123 0.0600
vn 0.4037 0.9129 0.0598
vn 0.4774 0.8759 0.0697
vn 0.4774 0.8759 0.0696
vn 0.9767 -0.1694 0.1318
vn 0.9767 -0.1694 0.1317
vn 0.3379 0.9398 0.0510
vn -0.9829 0.1274 -0.1328
vn -0.9836 0.1223 -0.1329
vn -0.9601 0.2483 -0.1290
vn -0.4722 -0.8788 -0.0690
vn -0.4723 -0.8788 -0.0690
vn 0.2833 -0.9584 0.0332
vn 0.4518 -0.8903 0.0565
vn 0.4541 -0.8891 0.0568
vn -0.9904 -0.0302 -0.1346
vn -0.9904 -0.0315 -0.1347
vn -0.9909 -0.0007 -0.1346
vn -0.4968 0.8656 -0.0627
vn 0.7553 -0.6478 0.0990
vn 0.7590 -0.6435 0.0996
vn -0.9787 -0.1557 -0.1338
vn -0.9781 -0.1597 -0.1338
vn -0.9818 0.1357 -0.1326
vn -0.9506 0.2831 -0.1275
vn 0.8739 -0.4720 0.1161
vn -0.9585 -0.2529 -0.1316
vn -0.9500 0.2850 -0.1275
vn -0.8559 0.5045 -0.1135
vn -0.9767 -0.1681 -0.1335
vn -0.9447 -0.3012 -0.1299
vn 0.2337 0.9716 0.0371
vn 0.2337 0.9716 0.0370
vn -0.8554 0.5054 -0.1134
vn -0.6863 0.7218 -0.0893
vn -0.9430 -0.3063 -0.1298
vn -0.7619 -0.6388 -0.1070
vn -0.6635 0.7432 -0.0860
vn -0.6679 0.7392 -0.0867
vn -0.5081 0.8589 -0.0643
vn -0.3708 0.9276 -0.0453
vn -0.3717 0.9272 -0.0454
vn -0.5394 0.8392 -0.0687
vn -0.7567 -0.6451 -0.1064
vn -0.5793 -0.8109 -0.0832
vn -0.7971 0.5946 -0.1050
vn -0.1288 0.9916 -0.0121
vn 0.7366 -0.6694 0.0964
vn -0.8675 0.4839 -0.1152
vn -0.8700 0.4794 -0.1155
vn -0.1287 0.9916 -0.0120
vn 0.0323 0.9994 0.0099
vn 0.2691 -0.9626 0.0313
vn -0.9615 0.2426 -0.1292
vn -0.9628 0.2374 -0.1294
vn 0.2816 0.9585 0.0435
vn 0.2821 0.9584 0.0435
vn 0.9504 0.2823 0.1306
vn 0.9462 0.2964 0.1301
vn 0.9460 0.2970 0.1301
vn -0.9893 0.0577 -0.1341
vn -0.9894 0.0550 -0.1341
vn -0.9843 0.1159 -0.1330
vn 0.5221 0.8495 0.0756
vn 0.5227 0.8491 0.0757
vn 0.4254 0.9028 0.0627
vn 0.9105 0.3939 0.1259
vn 0.9091 0.3972 0.1256
vn 0.9415 0.3110 0.1296
vn -0.9898 -0.0454 -0.1347
vn -0.9898 -0.0473 -0.1347
vn 0.7060 0.7011 0.0997
vn 0.7068 0.7003 0.0998
vn 0.8319 0.5427 0.1158
vn 0.8303 0.5451 0.1156
vn -0.9780 -0.1602 -0.1337
vn -0.9775 -0.1633 -0.1337
vn 0.8723 0.4737 0.1210
vn 0.8732 0.4722 0.1212
vn 0.7761 0.6211 0.1089
vn 0.7757 0.6216 0.1088
vn -0.9634 -0.2332 -0.1321
vn 0.9653 0.2251 0.1324
vn 0.9656 0.2237 0.1324
vn 0.7651 0.6349 0.1074
vn -0.4364 -0.8975 -0.0642
vn -0.4369 -0.8972 -0.0643
vn -0.4076 -0.9112 -0.0604
vn 0.9840 0.1167 0.1344
vn 0.9840 0.1168 0.1343
vn -0.2904 0.9563 -0.0342
vn -0.1849 0.9826 -0.0198
vn -0.4652 -0.8826 -0.0680
vn -0.9859 -0.0992 -0.1344
vn -0.9860 -0.0991 -0.1344
vn -0.0758 0.9971 -0.0048
vn -0.0769 0.9970 -0.0050
vn 0.8497 -0.5150 0.1126
vn -0.1350 0.9908 -0.0129
vn -0.0489 0.9988 -0.0012
vn -0.0488 0.9988 -0.0011
vn -0.4480 -0.8916 -0.0658
vn -0.3642 -0.9297 -0.0545
vn -0.3629 -0.9302 -0.0544
vn 0.9872 0.0850 0.1346
vn 0.9873 0.0850 0.1346
vn -0.0075 1.0000 0.0045
vn -0.0074 1.0000 0.0045
vn -0.2759 -0.9602 -0.0427
vn 0.0956 -0.9954 0.0075
vn 0.0957 -0.9954 0.0075
vn 0.0591 0.9982 0.0135
vn 0.0595 0.9981 0.0136
vn -0.5971 0.7985 -0.0767
vn 0.1851 0.9822 0.0305
vn 0.1861 0.9821 0.0306
vn 0.4416 0.8949 0.0649
vn 0.2598 0.9648 0.0405
vn 0.4319 0.8997 0.0636
vn 0.7256 0.6805 0.1022
vn -0.3596 0.9321 -0.0438
vn -0.3596 0.9321 -0.0437
vn -0.3595 0.9321 -0.0438
vn 0.0677 -0.9977 0.0038
vn 0.1878 -0.9820 0.0201
vn -0.3565 0.9333 -0.0433
vn -0.5416 0.8378 -0.0690
vn 0.9909 -0.0052 0.1346
vn 0.9908 -0.0133 0.1345
vn 0.9725 -0.1925 0.1310
vn 0.3878 -0.9205 0.0476
vn 0.3888 -0.9201 0.0478
vn 0.9760 -0.1734 0.1316
vn -0.5450 0.8356 -0.0694
vn -0.8223 0.5585 -0.1087
vn 0.9336 0.3343 0.1287
vn 0.9358 0.3282 0.1289
vn 0.9755 0.1747 0.1335
vn 0.4686 -0.8815 0.0588
vn 0.2690 0.9622 0.0418
vn 0.2690 0.9622 0.0417
vn -0.8257 0.5534 -0.1091
vn -0.9573 0.2588 -0.1286
vn 0.8693 0.4793 0.1207
vn 0.8154 -0.5688 0.1076
vn -0.9605 0.2467 -0.1291
vn -0.9605 0.2466 -0.1291
vn -0.9588 0.2533 -0.1288
vn -0.9876 -0.0803 -0.1346
vn 0.3176 -0.9475 0.0380
vn 0.4179 -0.9070 0.0518
vn -0.4339 -0.8987 -0.0638
vn -0.4338 -0.8987 -0.0638
vn -0.2353 -0.9712 -0.0373
vn -0.9869 -0.0890 -0.1346
vn -0.9500 -0.2835 -0.1306
vn 0.4972 -0.8654 0.0628
vn 0.4976 -0.8651 0.0628
vn 0.5151 -0.8546 0.0653
vn 0.2458 -0.9689 0.0281
vn -0.7923 0.6012 -0.1043
vn -0.7923 0.6011 -0.1043
vn 0.8859 0.4474 0.1228
vn 0.8688 0.4803 0.1207
vn 0.8180 -0.5649 0.1080
vn -0.4342 -0.9008 -0.0009
vn -0.1232 0.0574 0.9907
vn -0.1280 0.0456 0.9907
vn -0.1286 0.0439 0.9907
vn -0.1292 0.0422 0.9907
vn -0.1298 0.0404 0.9907
vn -0.1228 0.0583 0.9907
vn -0.1225 0.0589 0.9907
vn 0.4328 0.9015 0.0006
vn -0.1230 0.0578 0.9907
vn 0.4233 0.9060 -0.0008
vn -0.1224 0.0591 0.9907
vn -0.4294 -0.9031 -0.0001
vn -0.4227 -0.9063 0.0009
vn 0.4346 0.9006 0.0010
vn 0.4279 0.9038 -0.0001
vn -0.4248 -0.9053 0.0006
vn -0.5731 -0.8195 -0.0008
vn -0.1124 0.0765 0.9907
vn -0.1163 0.0703 0.9907
vn -0.1199 0.0640 0.9907
vn -0.1208 0.0624 0.9907
vn -0.1216 0.0607 0.9907
vn -0.1134 0.0749 0.9907
vn -0.1144 0.0734 0.9907
vn -0.1154 0.0719 0.9907
vn -0.1119 0.0772 0.9907
vn -0.1115 0.0778 0.9907
vn 0.5718 0.8204 0.0007
vn -0.1122 0.0767 0.9907
vn 0.5632 0.8264 -0.0009
vn -0.1113 0.0780 0.9907
vn -0.1124 0.0764 0.9907
vn -0.5687 -0.8225 -0.0001
vn -0.5626 -0.8267 0.0009
vn 0.5735 0.8192 0.0009
vn 0.5674 0.8235 -0.0001
vn -0.5645 -0.8254 0.0006
vn -0.6971 -0.7169 -0.0009
vn -0.0987 0.0935 0.9907
vn -0.1092 0.0809 0.9907
vn -0.1103 0.0794 0.9907
vn -0.0999 0.0922 0.9907
vn -0.0980 0.0942 0.9907
vn -0.0975 0.0946 0.9907
vn 0.6960 0.7181 0.0007
vn -0.0984 0.0938 0.9907
vn 0.6884 0.7253 -0.0008
vn -0.0974 0.0948 0.9907
vn -0.0986 0.0935 0.9907
vn -0.6933 -0.7206 -0.0001
vn -0.6880 -0.7257 0.0010
vn 0.6975 0.7166 0.0009
vn 0.6921 0.7218 -0.0001
vn -0.6896 -0.7242 0.0006
vn -0.8031 -0.5958 -0.0008
vn -0.0824 0.1081 0.9907
vn -0.0935 0.0987 0.9907
vn -0.0948 0.0974 0.9907
vn -0.0961 0.0961 0.9907
vn -0.0838 0.1070 0.9907
vn -0.0853 0.1059 0.9907
vn -0.0867 0.1047 0.9907
vn -0.0816 0.1087 0.9907
vn -0.0811 0.1091 0.9907
vn 0.8022 0.5971 0.0006
vn -0.0821 0.1083 0.9907
vn 0.7959 0.6055 -0.0008
vn -0.0809 0.1092 0.9907
vn -0.7999 -0.6001 -0.0001
vn -0.7955 -0.6060 0.0009
vn 0.8034 0.5955 0.0009
vn 0.7989 0.6014 -0.0001
vn -0.7968 -0.6042 0.0006
vn -0.0904 0.1020 0.9907
vn -0.1056 0.0862 0.9907
vn -0.1180 0.0681 0.9907
vn -0.1274 0.0483 0.9907
vn -0.1261 0.0507 0.9907
vn -0.1268 0.0490 0.9907
vn -0.1274 0.0473 0.9907
vn -0.1239 0.0558 0.9907
vn -0.1247 0.0541 0.9907
vn -0.1254 0.0524 0.9907
vn -0.8689 0.4765 -0.1340
vn -0.8686 0.4770 -0.1340
vn -0.8871 0.4418 -0.1333
vn -0.1173 0.0688 0.9907
vn -0.1172 0.0687 0.9907
vn -0.1182 0.0672 0.9907
vn -0.1181 0.0672 0.9907
vn -0.1190 0.0656 0.9907
vn -0.9892 0.0876 -0.1175
vn -0.9892 0.0876 -0.1174
vn -0.1035 0.0881 0.9907
vn -0.1047 0.0867 0.9907
vn -0.1059 0.0853 0.9907
vn -0.1058 0.0853 0.9907
vn -0.1070 0.0838 0.9907
vn -0.1081 0.0824 0.9907
vn -0.1011 0.0908 0.9907
vn -0.1023 0.0894 0.9907
vn -0.1021 0.0894 0.9907
vn -0.1023 0.0895 0.9907
vn 0.8652 -0.4832 0.1341
vn -0.0881 0.1035 0.9907
vn -0.0894 0.1023 0.9907
vn -0.0908 0.1011 0.9907
vn -0.0909 0.1011 0.9907
vn -0.0922 0.0999 0.9907
vn -0.9117 0.3890 -0.1320
vn -0.9114 0.3897 -0.1320
vn -0.9330 0.3356 -0.1303
vn 0.0703 0.9951 -0.0690
vn 0.0702 0.9951 -0.0690
vn -0.4491 -0.8933 0.0187
vn -0.8491 0.5109 -0.1344
vn -0.9909 -0.0853 -0.1043
vn -0.9909 -0.0854 -0.1042
vn -0.5131 0.8495 -0.1230
vn -0.5131 0.8494 -0.1230
vn -0.9847 -0.1435 -0.0990
vn -0.9847 -0.1435 -0.0991
vn -0.9847 -0.1436 -0.0990
vn -0.8003 -0.5980 -0.0434
vn -0.9312 -0.3564 -0.0766
vn 0.9421 -0.3094 0.1293
vn 0.9421 -0.3094 0.1292
vn 0.9421 -0.3095 0.1293
vn 0.1187 -0.9889 0.0897
vn 0.1178 -0.9890 0.0896
vn 0.0190 -0.9967 0.0791
vn 0.7491 0.6617 0.0327
vn 0.7490 0.6617 0.0327
vn 0.4256 -0.8973 0.1169
vn 0.2975 0.9539 -0.0404
vn 0.6162 -0.7769 0.1289
vn 0.4282 -0.8961 0.1171
vn 0.4883 -0.8642 0.1214
vn 0.4883 -0.8642 0.1213
vn 0.8401 0.5400 0.0523
vn -0.9626 0.2396 -0.1262
vn -0.9626 0.2396 -0.1261
vn 0.9742 -0.1891 0.1236
vn -0.7730 -0.6333 -0.0376
vn 0.8425 0.5361 0.0528
vn 0.9886 -0.0933 0.1178
vn 0.9887 -0.0933 0.1177
vn 0.9391 -0.3184 0.1296
vn 0.0534 -0.9951 0.0828
vn 0.9163 -0.3782 0.1317
vn 0.9364 -0.3260 0.1299
vn 0.9161 -0.3788 0.1317
vn 0.5518 -0.8245 0.1254
vn -0.0250 -0.9969 0.0742
vn 0.8966 -0.4225 0.1329
vn -0.9549 0.2682 -0.1275
vn -0.9549 0.2681 -0.1275
vn 0.8955 -0.4247 0.1330
vn 0.8945 -0.4269 0.1330
vn -0.8517 0.5066 -0.1343
vn -0.8517 0.5066 -0.1344
vn 0.8754 -0.4644 0.1338
vn 0.8751 -0.4650 0.1338
vn 0.8545 -0.5018 0.1344
vn 0.9021 -0.4106 0.1326
vn 0.9022 -0.4105 0.1326
vn 0.9021 -0.4105 0.1326
vn -0.9762 0.1784 -0.1230
vn -0.9762 0.1785 -0.1230
vn 0.7636 -0.6316 0.1342
vn 0.8111 -0.5692 0.1347
vn 0.8381 -0.5286 0.1345
vn 0.8381 -0.5286 0.1346
vn -0.7322 0.6679 -0.1335
vn 0.4600 -0.8799 0.1194
vn 0.4600 -0.8798 0.1194
vn 0.8648 0.4988 0.0582
vn -0.0006 0.9970 -0.0770
vn 0.8013 0.5966 0.0436
vn 0.8014 0.5965 0.0436
vn 0.8014 0.5966 0.0436
vn -0.2583 0.9606 -0.1031
vn -0.2582 0.9606 -0.1031
vn 0.9621 0.2582 0.0877
vn -0.7413 0.6577 -0.1337
vn 0.3289 0.9437 -0.0361
vn 0.8105 -0.5700 0.1347
vn 0.8104 -0.5701 0.1347
vn -0.0787 0.9932 -0.0855
vn 0.0162 0.9970 -0.0752
vn 0.7322 0.6805 0.0294
vn 0.6619 -0.7381 0.1310
vn -0.0797 0.9931 -0.0856
vn -0.1742 0.9801 -0.0952
vn -0.9873 0.1056 -0.1186
vn -0.5944 0.7940 -0.1278
vn -0.3961 0.9110 -0.1146
vn 0.5302 -0.8388 0.1241
vn 0.5301 -0.8388 0.1241
vn 0.5303 -0.8387 0.1241
vn -0.0767 0.9934 -0.0853
vn -0.3563 -0.9338 0.0322
vn -0.6620 -0.7493 -0.0162
vn -0.8592 0.4937 -0.1342
vn -0.9851 -0.1407 -0.0994
vn -0.9851 -0.1407 -0.0993
vn -0.8552 -0.5152 -0.0559
vn -0.5653 0.8152 -0.1262
vn 0.4578 0.8889 -0.0174
vn -0.9422 -0.3253 -0.0803
vn -0.6780 -0.7348 -0.0191
vn -0.6780 -0.7348 -0.0192
vn -0.0548 0.9950 -0.0829
vn -0.0547 0.9950 -0.0829
vn -0.8883 -0.4593 -0.0008
vn -0.0640 0.1199 0.9907
vn -0.0703 0.1163 0.9907
vn -0.0749 0.1134 0.9907
vn -0.0765 0.1124 0.9907
vn -0.0780 0.1113 0.9907
vn -0.0794 0.1103 0.9907
vn -0.0656 0.1190 0.9907
vn -0.0672 0.1182 0.9907
vn -0.0687 0.1172 0.9907
vn -0.0632 0.1203 0.9907
vn -0.0626 0.1207 0.9907
vn 0.8876 0.4607 0.0006
vn -0.0637 0.1201 0.9907
vn 0.8827 0.4700 -0.0008
vn -0.0623 0.1208 0.9907
vn -0.8858 -0.4640 -0.0001
vn -0.8824 -0.4705 0.0009
vn 0.8885 0.4589 0.0009
vn 0.8851 0.4655 -0.0001
vn -0.8834 -0.4685 0.0006
vn -0.9505 -0.3109 -0.0008
vn -0.0439 0.1286 0.9907
vn -0.0624 0.1208 0.9907
vn -0.0456 0.1280 0.9907
vn -0.0430 0.1289 0.9907
vn -0.0424 0.1291 0.9907
vn 0.9500 0.3124 0.0006
vn -0.0436 0.1288 0.9907
vn 0.9466 0.3223 -0.0008
vn -0.0422 0.1292 0.9907
vn -0.9488 -0.3159 -0.0001
vn -0.9464 -0.3229 0.0009
vn 0.9506 0.3104 0.0009
vn 0.9483 0.3174 -0.0001
vn -0.9472 -0.3208 0.0006
vn -0.9880 -0.1544 -0.0009
vn -0.0227 0.1340 0.9907
vn -0.0218 0.1342 0.9907
vn -0.0211 0.1343 0.9907
vn 0.9878 0.1559 0.0006
vn -0.0224 0.1341 0.9907
vn 0.9861 0.1663 -0.0008
vn -0.0209 0.1343 0.9907
vn -0.9872 -0.1596 -0.0001
vn -0.9860 -0.1669 0.0009
vn 0.9881 0.1539 0.0009
vn 0.9869 0.1612 -0.0001
vn -0.9863 -0.1647 0.0006
vn -1.0000 0.0061 -0.0008
vn -0.0009 0.1359 0.9907
vn -0.0173 0.1348 0.9907
vn -0.0191 0.1346 0.9907
vn -0.0027 0.1359 0.9907
vn -0.0046 0.1358 0.9907
vn -0.0000 0.1359 0.9907
vn 0.0007 0.1359 0.9907
vn 1.0000 -0.0045 0.0007
vn -0.0006 0.1359 0.9907
vn 1.0000 0.0060 -0.0009
vn 0.0009 0.1359 0.9907
vn -1.0000 0.0008 -0.0001
vn -1.0000 -0.0066 0.0010
vn 1.0000 -0.0066 0.0009
vn 1.0000 0.0008 -0.0001
vn -1.0000 -0.0043 0.0005
vn -0.0110 0.1358 0.9907
vn -0.0326 0.1323 0.9907
vn -0.0534 0.1254 0.9907
vn -0.0728 0.1152 0.9907
vn -0.0719 0.1154 0.9907
vn -0.0734 0.1144 0.9907
vn 0.4232 -0.8962 0.1332
vn 0.4232 -0.8962 0.1331
vn 0.4522 -0.8820 0.1326
vn -0.0507 0.1261 0.9907
vn -0.0524 0.1254 0.9907
vn -0.0541 0.1247 0.9907
vn -0.0558 0.1239 0.9907
vn -0.0574 0.1232 0.9907
vn -0.0591 0.1224 0.9907
vn -0.0607 0.1216 0.9907
vn -0.0473 0.1274 0.9907
vn -0.0490 0.1268 0.9907
vn 0.9879 0.1532 0.0227
vn -0.0299 0.1326 0.9907
vn -0.0316 0.1322 0.9907
vn -0.0334 0.1317 0.9907
vn -0.0352 0.1313 0.9907
vn -0.0369 0.1308 0.9907
vn -0.0387 0.1303 0.9907
vn -0.0404 0.1298 0.9907
vn -0.0245 0.1337 0.9907
vn -0.0263 0.1333 0.9907
vn -0.0281 0.1330 0.9907
vn 0.6094 0.7893 -0.0752
vn -0.0082 0.1357 0.9907
vn -0.0100 0.1355 0.9907
vn -0.0118 0.1354 0.9907
vn -0.0137 0.1352 0.9907
vn -0.0155 0.1350 0.9907
vn -0.0064 0.1358 0.9907
vn 0.4802 -0.8672 0.1319
vn 0.3640 0.9257 -0.1032
vn 0.7962 -0.5949 0.1105
vn 0.7595 -0.6403 0.1148
vn 0.7595 -0.6403 0.1147
vn 0.8809 0.4727 -0.0229
vn 0.2701 -0.9535 0.1340
vn -0.0977 0.9866 -0.1308
vn -0.0978 0.9866 -0.1308
vn -0.1471 -0.9819 0.1197
vn -0.8807 0.4636 -0.0973
vn -0.8769 0.4705 -0.0980
vn -0.8770 0.4705 -0.0979
vn -0.5196 -0.8500 0.0868
vn 0.6259 0.7765 -0.0729
vn 0.6259 0.7765 -0.0728
vn -0.5627 0.8166 -0.1289
vn 0.7826 0.6209 -0.0462
vn 0.8564 -0.5062 0.1017
vn 0.8565 -0.5060 0.1017
vn -0.6720 0.7304 -0.1226
vn -0.6720 0.7303 -0.1225
vn -0.9900 0.1285 -0.0590
vn -0.9900 0.1285 -0.0589
vn 0.3135 -0.9401 0.1341
vn 0.4028 -0.9055 0.1335
vn -0.1577 0.9786 -0.1324
vn 0.6055 -0.7857 0.1268
vn 0.6047 -0.7863 0.1268
vn 0.6827 -0.7205 0.1217
vn -0.2342 -0.9655 0.1139
vn 0.0059 0.9919 -0.1271
vn 0.1496 0.9815 -0.1196
vn 0.1496 0.9815 -0.1195
vn 0.5210 -0.8435 0.1306
vn 0.8723 0.4883 -0.0253
vn 0.7511 0.6581 -0.0523
vn -0.1242 0.9835 -0.1316
vn -0.8000 -0.5985 0.0425
vn -0.7998 -0.5988 0.0426
vn -0.7999 -0.5987 0.0426
vn -0.6018 0.7884 -0.1270
vn -0.6019 0.7884 -0.1270
vn 0.9614 -0.2646 0.0752
vn -0.8226 0.5584 -0.1069
vn -0.8226 0.5585 -0.1069
vn -0.2330 -0.9658 0.1140
vn -0.0353 0.9911 -0.1287
vn -0.0350 0.9911 -0.1287
vn -0.0352 0.9911 -0.1287
vn 0.6755 -0.7272 0.1223
vn -0.8787 0.4674 -0.0976
vn -0.9241 0.3720 -0.0874
vn -0.9048 -0.4256 0.0158
vn -0.9048 -0.4256 0.0159
vn -0.8030 -0.5945 0.0419
vn -0.1039 -0.9870 0.1223
vn -0.2412 0.9612 -0.1337
vn -0.6419 -0.7636 0.0705
vn 0.7959 -0.5953 0.1105
vn -0.4622 -0.8818 0.0934
vn 0.0577 0.9905 -0.1247
vn 0.0577 0.9905 -0.1246
vn 0.4441 -0.8861 0.1328
vn 0.9576 0.2881 0.0040
vn 0.7436 -0.6584 0.1163
vn 0.7436 -0.6584 0.1164
vn 0.7410 0.6693 -0.0542
vn 0.6520 0.7551 -0.0690
vn 0.9064 -0.4123 0.0917
vn 0.9064 -0.4123 0.0918
vn 0.9037 0.4279 -0.0162
vn -0.9983 -0.0439 -0.0372
vn -0.9983 -0.0439 -0.0371
vn 0.8085 -0.5783 0.1089
vn 0.8613 -0.4979 0.1008
vn 0.3324 0.9372 -0.1060
vn -0.5853 0.8007 -0.1279
vn -0.5853 0.8007 -0.1278
vn 0.1324 -0.9824 0.1318
vn 0.1325 -0.9824 0.1318
vn 0.8044 0.5926 -0.0416
vn -0.9306 -0.3659 0.0071
vn 0.5934 0.8012 -0.0774
vn 0.5933 0.8012 -0.0775
vn 0.5933 0.8012 -0.0774
vn -0.0957 -0.9878 0.1227
vn -0.5370 0.8335 -0.1300
vn -0.1691 0.9766 -0.1327
vn -0.1644 0.9774 -0.1326
vn 0.1017 0.9873 -0.1224
vn -0.9990 -0.0173 -0.0406
vn -0.4909 -0.8665 0.0902
vn -0.9411 0.3280 -0.0824
vn -0.9411 0.3279 -0.0824
vn -0.4601 0.8780 -0.1324
vn -0.4596 0.8782 -0.1325
vn -0.4242 0.8957 -0.1332
vn 0.3006 -0.9443 0.1341
vn 0.4233 -0.8961 0.1332
vn 0.2956 -0.9458 0.1341
vn -0.7369 -0.6738 0.0549
vn -0.3892 0.9114 -0.1337
vn -0.4947 0.8591 -0.1315
vn 0.1672 -0.9770 0.1326
vn -0.9497 0.3028 -0.0796
vn 0.9883 -0.1404 0.0604
vn -0.9021 0.4215 -0.0928
vn -0.0335 -0.9915 0.1258
vn 0.1078 -0.9855 0.1311
vn -0.0363 -0.9914 0.1257
vn 0.1034 0.9871 -0.1223
vn 0.3906 -0.9108 0.1337
vn 0.3907 -0.9108 0.1336
vn -0.8863 -0.4627 0.0214
vn -0.1199 -0.9853 0.1214
vn -0.2696 0.9536 -0.1340
vn -0.2696 0.9536 -0.1339
vn 0.9443 -0.3188 0.0814
vn -0.3137 -0.9434 0.1077
vn -0.3137 -0.9434 0.1076
vn 0.9983 -0.0350 0.0473
vn -0.8300 0.5477 -0.1059
vn -0.8294 0.5485 -0.1060
vn 0.0593 -0.9898 0.1296
vn 0.0577 -0.9899 0.1295
vn 0.1675 -0.9769 0.1326
vn 0.2690 -0.9538 0.1340
vn 0.5997 -0.7900 0.1271
vn 0.5998 -0.7900 0.1271
vn -0.4842 0.8650 -0.1318
vn -0.0513 -0.9908 0.1250
vn -0.8859 0.4538 -0.0962
vn 0.1849 -0.9737 0.1330
vn 0.1849 -0.9737 0.1329
vn -0.4717 -0.8769 0.0924
vn -0.4717 -0.8769 0.0923
vn -0.9860 0.1665 -0.0008
vn 0.0209 0.1343 0.9907
vn 0.0191 0.1346 0.9907
vn 0.0218 0.1342 0.9907
vn 0.0225 0.1340 0.9907
vn 0.9863 -0.1649 0.0006
vn 0.0213 0.1342 0.9907
vn 0.9880 -0.1545 -0.0008
vn 0.0227 0.1340 0.9907
vn -0.9869 0.1612 -0.0001
vn -0.9881 0.1539 0.0009
vn 0.9860 -0.1669 0.0008
vn 0.9872 -0.1596 -0.0001
vn -0.9877 0.1561 0.0005
vn -0.9466 0.3225 -0.0008
vn 0.0422 0.1292 0.9907
vn 0.0404 0.1298 0.9907
vn 0.0387 0.1303 0.9907
vn 0.0430 0.1289 0.9907
vn 0.0437 0.1287 0.9907
vn 0.9471 -0.3210 0.0007
vn 0.0425 0.1291 0.9907
vn 0.9504 -0.3110 -0.0008
vn 0.0439 0.1286 0.9907
vn -0.9483 0.3174 -0.0002
vn -0.9506 0.3104 0.0009
vn 0.9464 -0.3229 0.0009
vn 0.9488 -0.3159 -0.0001
vn -0.9499 0.3126 0.0006
vn -0.8826 0.4701 -0.0009
vn 0.0624 0.1208 0.9907
vn 0.0507 0.1261 0.9907
vn 0.0490 0.1268 0.9907
vn 0.0473 0.1274 0.9907
vn 0.0456 0.1280 0.9907
vn 0.0607 0.1216 0.9907
vn 0.0591 0.1224 0.9907
vn 0.0574 0.1232 0.9907
vn 0.0632 0.1203 0.9907
vn 0.0638 0.1200 0.9907
vn 0.8833 -0.4687 0.0005
vn 0.0627 0.1206 0.9907
vn 0.8882 -0.4594 -0.0008
vn 0.0640 0.1199 0.9907
vn 0.0623 0.1208 0.9907
vn -0.8851 0.4654 -0.0001
vn -0.8885 0.4589 0.0010
vn 0.8824 -0.4706 0.0008
vn 0.8858 -0.4640 -0.0000
vn -0.8875 0.4609 0.0005
vn -0.7958 0.6056 -0.0009
vn 0.0809 0.1092 0.9907
vn 0.0672 0.1182 0.9907
vn 0.0656 0.1191 0.9907
vn 0.0794 0.1103 0.9907
vn 0.0780 0.1113 0.9907
vn 0.0817 0.1087 0.9907
vn 0.0822 0.1082 0.9907
vn 0.7967 -0.6044 0.0006
vn 0.0812 0.1090 0.9907
vn 0.8030 -0.5960 -0.0008
vn 0.0824 0.1081 0.9907
vn -0.7989 0.6014 -0.0002
vn -0.8034 0.5955 0.0010
vn 0.7955 -0.6060 0.0009
vn 0.7999 -0.6001 -0.0001
vn -0.8020 0.5973 0.0006
vn 0.0728 0.1152 0.9907
vn 0.0534 0.1254 0.9907
vn 0.0326 0.1323 0.9907
vn 0.0110 0.1358 0.9907
vn 0.0137 0.1352 0.9907
vn 0.0118 0.1354 0.9907
vn 0.0100 0.1355 0.9907
vn 0.0082 0.1357 0.9907
vn 0.0064 0.1358 0.9907
vn 0.0046 0.1358 0.9907
vn 0.0027 0.1359 0.9907
vn 0.0173 0.1348 0.9907
vn 0.0155 0.1356 0.9906
vn 0.0155 0.1350 0.9907
vn 0.6946 0.7088 -0.1230
vn 0.0352 0.1313 0.9907
vn 0.0334 0.1317 0.9907
vn 0.0316 0.1322 0.9907
vn 0.0299 0.1326 0.9907
vn 0.0281 0.1330 0.9907
vn 0.0263 0.1333 0.9907
vn 0.0245 0.1337 0.9907
vn 0.0369 0.1308 0.9907
vn -0.3614 0.9269 -0.1016
vn 0.0558 0.1240 0.9907
vn 0.0558 0.1239 0.9907
vn 0.0541 0.1247 0.9907
vn 0.0541 0.1246 0.9907
vn 0.0524 0.1254 0.9907
vn -0.7127 0.6992 -0.0561
vn 0.0749 0.1134 0.9907
vn 0.0734 0.1144 0.9907
vn 0.0719 0.1154 0.9907
vn 0.0703 0.1163 0.9907
vn 0.0688 0.1172 0.9907
vn 0.0765 0.1124 0.9907
vn -0.6488 -0.7504 0.1261
vn -0.5240 0.8476 -0.0839
vn 0.7240 -0.6877 0.0542
vn 0.8900 0.4452 -0.0983
vn 0.9275 0.3629 -0.0895
vn 0.7242 -0.6875 0.0541
vn 0.3031 0.9434 -0.1347
vn -0.3103 0.9447 -0.1063
vn 0.8692 0.4837 -0.1023
vn 0.3224 0.9370 -0.1347
vn -0.9984 0.0381 0.0416
vn -0.4836 0.8708 -0.0887
vn -0.9919 0.1231 0.0304
vn 0.9914 0.1161 -0.0610
vn 0.9342 -0.3569 0.0022
vn -0.9700 0.2425 0.0142
vn -0.7225 0.6892 -0.0545
vn 0.9364 0.3399 -0.0871
vn -0.9532 0.3022 0.0058
vn 0.5710 -0.8173 0.0779
vn 0.2533 0.9580 -0.1342
vn -0.7926 -0.5992 0.1133
vn -0.9381 0.3462 -0.0006
vn -0.5258 -0.8404 0.1318
vn 0.6982 0.7053 -0.1225
vn -0.4218 -0.8967 0.1342
vn 0.5675 -0.8197 0.0783
vn -0.7861 0.6167 -0.0422
vn 0.9228 0.3745 -0.0908
vn 0.5213 -0.8492 0.0842
vn 0.5276 -0.8454 0.0834
vn -0.0587 0.9906 -0.1239
vn -0.7395 0.6712 -0.0513
vn -0.9213 -0.3779 0.0912
vn 0.3528 -0.9301 0.1025
vn -0.1612 0.9799 -0.1177
vn -0.2275 -0.9645 0.1339
vn -0.4075 -0.9033 0.1344
vn 0.2327 -0.9660 0.1126
vn -0.3150 0.9432 -0.1059
vn -0.7134 -0.6902 0.1213
vn 0.3303 -0.9381 0.1045
vn 0.0583 -0.9906 0.1238
vn 0.9800 -0.1979 -0.0203
vn -0.2411 -0.9612 0.1340
vn -0.9702 -0.2306 0.0746
vn -0.0594 -0.9898 0.1293
vn 0.0635 0.9896 -0.1294
vn -0.5931 -0.7947 0.1291
vn -0.3412 -0.9303 0.1347
vn -0.0924 0.9882 -0.1219
vn 0.9552 -0.2958 -0.0066
vn -0.2671 0.9574 -0.1099
vn 0.5909 0.7963 -0.1292
vn 0.5381 -0.8389 0.0822
vn -0.3473 0.9321 -0.1029
vn 0.2048 0.9697 -0.1334
vn -0.9516 -0.2962 0.0821
vn -0.5069 0.8577 -0.0860
vn -0.5633 -0.8159 0.1305
vn -0.6328 0.7712 -0.0691
vn -0.5908 -0.7964 0.1293
vn -0.7428 0.6676 -0.0507
vn 0.7194 -0.6924 0.0550
vn -0.2732 -0.9525 0.1344
vn 0.9461 -0.3239 -0.0027
vn 0.6210 0.7733 -0.1278
vn -0.0161 0.9919 -0.1260
vn 0.9646 -0.2635 -0.0112
vn -0.8971 -0.4311 0.0967
vn -0.2079 0.9714 -0.1145
vn 0.9916 -0.1259 -0.0300
vn 0.7390 0.6631 -0.1192
vn -0.9947 -0.0856 0.0573
vn 0.8733 -0.4866 0.0215
vn -0.6883 0.7254 -0.0008
vn 0.0974 0.0948 0.9907
vn 0.0853 0.1059 0.9907
vn 0.0838 0.1070 0.9907
vn 0.0961 0.0961 0.9907
vn 0.0948 0.0974 0.9907
vn 0.0935 0.0987 0.9907
vn 0.0980 0.0941 0.9907
vn 0.0985 0.0937 0.9907
vn 0.6895 -0.7243 0.0006
vn 0.0976 0.0946 0.9907
vn 0.6970 -0.7171 -0.0008
vn 0.0987 0.0935 0.9907
vn 0.0980 0.0942 0.9907
vn -0.6921 0.7218 -0.0001
vn -0.6975 0.7166 0.0009
vn 0.6880 -0.7258 0.0009
vn 0.6933 -0.7206 -0.0001
vn -0.6958 0.7182 0.0006
vn -0.5630 0.8264 -0.0008
vn 0.1113 0.0780 0.9907
vn 0.1011 0.0908 0.9907
vn 0.0999 0.0922 0.9907
vn 0.1103 0.0794 0.9907
vn 0.1092 0.0809 0.9907
vn 0.1119 0.0772 0.9907
vn 0.1122 0.0767 0.9907
vn 0.5643 -0.8255 0.0006
vn 0.1115 0.0777 0.9907
vn 0.5730 -0.8196 -0.0008
vn 0.1124 0.0764 0.9907
vn -0.5674 0.8235 -0.0001
vn -0.5735 0.8192 0.0009
vn 0.5626 -0.8267 0.0009
vn 0.5687 -0.8225 -0.0001
vn -0.5716 0.8205 0.0006
vn -0.4232 0.9061 -0.0008
vn 0.1224 0.0591 0.9907
vn 0.1134 0.0749 0.9907
vn 0.1216 0.0607 0.9907
vn 0.1228 0.0583 0.9907
vn 0.1231 0.0577 0.9907
vn 0.4246 -0.9054 0.0006
vn 0.1226 0.0588 0.9907
vn 0.4341 -0.9009 -0.0008
vn 0.1232 0.0574 0.9907
vn -0.4279 0.9038 -0.0001
vn -0.4346 0.9006 0.0009
vn 0.4227 -0.9063 0.0009
vn 0.4294 -0.9031 -0.0001
vn -0.4326 0.9016 0.0006
vn -0.2723 0.9622 -0.0008
vn 0.1303 0.0387 0.9907
vn 0.1254 0.0524 0.9907
vn 0.1247 0.0541 0.9907
vn 0.1239 0.0558 0.9907
vn 0.1298 0.0404 0.9907
vn 0.1306 0.0378 0.9907
vn 0.1307 0.0372 0.9907
vn 0.2739 -0.9618 0.0006
vn 0.1304 0.0383 0.9907
vn 0.2839 -0.9588 -0.0008
vn 0.1308 0.0369 0.9907
vn 0.1305 0.0378 0.9907
vn -0.2774 0.9607 -0.0001
vn -0.2845 0.9587 0.0009
vn 0.2719 -0.9623 0.0009
vn 0.2790 -0.9603 -0.0001
vn -0.2824 0.9593 0.0005
vn 0.1274 0.0483 0.9907
vn 0.1180 0.0681 0.9907
vn 0.1056 0.0862 0.9907
vn 0.0904 0.1020 0.9907
vn 0.0922 0.0999 0.9907
vn 0.0921 0.0999 0.9907
vn 0.0908 0.1011 0.9907
vn 0.0894 0.1023 0.9907
vn 0.0881 0.1035 0.9907
vn 0.0867 0.1047 0.9907
vn -0.5057 -0.8543 0.1205
vn -0.7043 -0.6976 0.1315
vn -0.7056 -0.6963 0.1315
vn 0.1070 0.0838 0.9907
vn 0.1059 0.0852 0.9907
vn 0.1059 0.0853 0.9907
vn 0.1047 0.0867 0.9907
vn 0.1035 0.0881 0.9907
vn 0.1023 0.0895 0.9907
vn 0.1081 0.0824 0.9907
vn 0.2881 0.9520 -0.1031
vn 0.2878 0.9521 -0.1030
vn 0.1191 0.0656 0.9907
vn 0.1182 0.0672 0.9907
vn 0.1172 0.0687 0.9907
vn 0.1163 0.0703 0.9907
vn 0.1154 0.0719 0.9907
vn 0.1144 0.0734 0.9907
vn 0.1124 0.0765 0.9907
vn 0.1208 0.0624 0.9907
vn 0.1199 0.0640 0.9907
vn 0.4947 -0.8690 0.0081
vn 0.1280 0.0456 0.9907
vn 0.1274 0.0473 0.9907
vn 0.1268 0.0490 0.9907
vn 0.1261 0.0507 0.9907
vn 0.1292 0.0421 0.9907
vn 0.1293 0.0422 0.9907
vn 0.1286 0.0439 0.9907
vn -0.7818 -0.6091 0.1336
vn -0.7818 -0.6090 0.1337
vn -0.9420 0.3252 0.0829
vn 0.8210 -0.5687 -0.0511
vn 0.8210 -0.5687 -0.0512
vn 0.4875 -0.8731 0.0092
vn -0.5040 -0.8553 0.1204
vn -0.3815 -0.9177 0.1111
vn 0.8674 0.4792 -0.1339
vn 0.8674 0.4792 -0.1338
vn 0.6452 0.7531 -0.1288
vn -0.9937 0.0102 0.1120
vn -0.9937 0.0102 0.1119
vn -0.2562 -0.9614 0.1001
vn -0.3191 -0.9418 0.1058
vn -0.3198 -0.9415 0.1059
vn 0.6122 0.7804 -0.1271
vn -0.6492 0.7604 0.0175
vn -0.8839 -0.4483 0.1335
vn -0.8839 -0.4483 0.1333
vn -0.8839 -0.4483 0.1334
vn -0.7754 -0.6172 0.1336
vn 0.9930 -0.0440 -0.1094
vn 0.9930 -0.0441 -0.1094
vn 0.9929 -0.0474 -0.1091
vn 0.7278 0.6729 -0.1323
vn 0.7278 0.6729 -0.1324
vn -0.2202 -0.9706 0.0967
vn 0.0001 -0.9973 0.0737
vn 0.9891 -0.1040 -0.1046
vn 0.9891 -0.1040 -0.1045
vn 0.9931 -0.0407 -0.1097
vn 0.8456 -0.5308 -0.0568
vn 0.8456 -0.5308 -0.0567
vn 0.0017 -0.9973 0.0735
vn 0.2220 -0.9739 0.0468
vn 0.8450 -0.5317 -0.0566
vn 0.7220 -0.6912 -0.0308
vn 0.4572 -0.8892 0.0138
vn 0.9915 0.0580 -0.1168
vn 0.9914 0.0583 -0.1168
vn 0.9932 0.0214 -0.1143
vn 0.3961 -0.9179 0.0229
vn 0.0390 -0.9968 0.0692
vn 0.0945 -0.9936 0.0627
vn 0.0958 -0.9934 0.0626
vn 0.5235 0.8433 -0.1217
vn 0.9771 0.1733 -0.1236
vn 0.9769 0.1741 -0.1236
vn 0.9883 0.0948 -0.1191
vn 0.1661 0.9819 -0.0914
vn 0.2333 -0.9714 0.0453
vn 0.2351 -0.9709 0.0451
vn 0.1513 -0.9869 0.0558
vn -0.9833 0.1519 0.1003
vn -0.9833 0.1519 0.1002
vn 0.9595 0.2513 -0.1275
vn 0.9595 0.2514 -0.1273
vn 0.9595 0.2513 -0.1274
vn 0.6910 0.7109 -0.1309
vn 0.3816 -0.9240 0.0250
vn 0.3824 -0.9237 0.0249
vn -0.8410 0.5382 0.0557
vn -0.8410 0.5382 0.0556
vn 0.7076 0.6942 -0.1316
vn 0.7076 0.6942 -0.1317
vn 0.9933 0.0197 -0.1142
vn 0.9871 -0.1227 -0.1029
vn 0.9932 0.0220 -0.1143
vn 0.5197 -0.8544 0.0042
vn 0.5200 -0.8542 0.0041
vn -0.2548 0.9661 -0.0425
vn 0.4354 -0.9001 0.0171
vn 0.9787 0.1641 -0.1233
vn 0.5893 -0.8079 -0.0072
vn -0.9646 0.2473 0.0912
vn -0.9769 0.1906 0.0967
vn 0.8948 0.4262 -0.1331
vn 0.8925 0.4309 -0.1332
vn 0.7397 0.6598 -0.1327
vn -0.7919 0.6090 0.0448
vn -0.8977 0.4350 0.0697
vn -0.8996 0.4311 0.0702
vn -0.2263 -0.9692 0.0973
vn -0.9724 -0.1970 0.1249
vn -0.9803 -0.1546 0.1227
vn 0.9882 0.0963 -0.1193
vn -0.9922 0.0630 0.1079
vn -0.9925 0.0568 0.1084
vn -0.6993 -0.7026 0.1313
vn -0.6996 -0.7024 0.1313
vn -0.6994 -0.7026 0.1313
vn -0.9916 -0.0566 0.1166
vn -0.9915 -0.0571 0.1166
vn -0.9865 -0.1114 0.1202
vn -0.9169 0.3919 0.0751
vn -0.9170 0.3918 0.0751
vn -0.9170 0.3919 0.0751
vn -0.9887 -0.0915 0.1190
vn -0.9888 -0.0904 0.1189
vn -0.9853 -0.1206 0.1207
vn 0.5511 -0.8344 -0.0009
vn 0.5512 -0.8344 -0.0009
vn -0.9930 0.0441 0.1094
vn -0.9930 0.0438 0.1095
vn -0.9936 -0.0020 0.1128
vn -0.6912 -0.7107 0.1309
vn -0.6913 -0.7107 0.1309
vn -0.9913 -0.0612 0.1169
vn -0.9912 -0.0612 0.1171
vn 0.2471 -0.9680 0.0435
vn -0.9908 0.0842 0.1062
vn -0.9908 0.0843 0.1062
vn -0.9903 0.0898 0.1058
vn -0.6319 -0.7644 0.1282
vn -0.6618 -0.7384 0.1296
vn -0.6623 -0.7379 0.1296
vn 0.6683 0.7325 -0.1299
vn 0.6683 0.7324 -0.1300
vn 0.9241 -0.3742 -0.0772
vn 0.9353 -0.3445 -0.0807
vn -0.9912 0.0787 0.1067
vn -0.8504 0.5229 0.0579
vn 0.9356 -0.3438 -0.0808
vn 0.9802 -0.1717 -0.0986
vn -0.8792 -0.4574 0.1336
vn 0.3169 0.9426 -0.1056
vn 0.1603 0.9829 -0.0908
vn 0.3187 0.9420 -0.1057
vn 0.9936 -0.0212 -0.1111
vn 0.9936 -0.0212 -0.1112
vn -0.4609 -0.8797 0.1173
vn 0.4670 0.8764 -0.1177
vn -0.3483 0.9369 -0.0297
vn 0.6479 0.7507 -0.1290
vn -0.3978 0.9172 -0.0226
vn 0.6920 0.7099 -0.1310
vn 0.5358 0.8354 -0.1225
vn 0.6934 0.7085 -0.1310
vn -0.3201 -0.9415 0.1059
vn -0.7086 0.7051 0.0283
vn 0.9835 -0.1502 -0.1005
vn 0.7748 0.6180 -0.1335
vn -0.7488 -0.6493 0.1329
vn -0.7488 -0.6493 0.1330
vn 0.6646 0.7359 -0.1298
vn 0.6645 0.7359 -0.1297
vn 0.8758 0.4638 -0.1336
vn 0.8758 0.4638 -0.1335
vn 0.5480 -0.8365 -0.0004
vn 0.5318 -0.8469 0.0022
vn 0.5481 -0.8364 -0.0004
vn -0.8977 -0.4200 0.1329
vn -0.8955 -0.4247 0.1330
vn -0.9787 -0.1643 0.1232
vn -0.7152 0.6983 0.0296
vn -0.7152 0.6983 0.0295
vn 0.4632 0.8784 -0.1175
vn 0.5641 -0.8257 -0.0030
vn -0.8305 0.5545 0.0533
vn -0.9726 0.2125 0.0947
vn -0.9736 0.2075 0.0952
vn -0.9879 0.1151 0.1036
vn -0.9871 0.1227 0.1029
vn -0.9871 0.1229 0.1029
vn -0.5732 0.8194 0.0045
vn -0.9862 0.1306 0.1022
vn -0.0112 0.9973 -0.0724
vn -0.5941 -0.7944 0.1261
vn -0.9279 -0.3490 0.1310
vn -0.9275 -0.3500 0.1312
vn -0.9277 -0.3495 0.1311
vn -0.1145 0.9934 -0.0008
vn 0.1348 0.0173 0.9907
vn 0.1349 0.0164 0.9907
vn 0.1350 0.0157 0.9907
vn 0.1160 -0.9932 0.0006
vn 0.1349 0.0170 0.9907
vn 0.1264 -0.9920 -0.0008
vn 0.1350 0.0155 0.9907
vn -0.1197 0.9928 -0.0001
vn -0.1271 0.9919 0.0009
vn 0.1140 -0.9935 0.0009
vn 0.1213 -0.9926 -0.0001
vn -0.1248 0.9922 0.0006
vn 0.0464 0.9989 -0.0008
vn 0.1358 -0.0046 0.9907
vn 0.1355 0.0100 0.9907
vn 0.1354 0.0118 0.9907
vn 0.1352 0.0137 0.9907
vn 0.1359 -0.0027 0.9907
vn 0.1359 -0.0009 0.9907
vn 0.1358 -0.0055 0.9907
vn 0.1358 -0.0061 0.9907
vn -0.0448 -0.9990 0.0006
vn 0.1358 -0.0049 0.9907
vn -0.0343 -0.9994 -0.0008
vn 0.1357 -0.0064 0.9907
vn 0.1359 -0.0046 0.9907
vn 0.0411 0.9992 -0.0001
vn 0.0337 0.9994 0.0009
vn -0.0468 -0.9989 0.0009
vn -0.0394 -0.9992 -0.0001
vn 0.0359 0.9994 0.0006
vn 0.2060 0.9785 -0.0009
vn 0.1333 -0.0263 0.9907
vn 0.1354 -0.0118 0.9907
vn 0.1355 -0.0100 0.9907
vn 0.1357 -0.0082 0.9907
vn 0.1337 -0.0245 0.9907
vn 0.1340 -0.0227 0.9907
vn 0.1343 -0.0209 0.9907
vn 0.1332 -0.0272 0.9907
vn 0.1330 -0.0279 0.9907
vn -0.2045 -0.9789 0.0006
vn 0.1333 -0.0266 0.9907
vn -0.1942 -0.9810 -0.0008
vn 0.1329 -0.0281 0.9907
vn 0.2008 0.9796 -0.0001
vn 0.1936 0.9811 0.0009
vn -0.2065 -0.9785 0.0009
vn -0.1992 -0.9800 -0.0001
vn 0.1958 0.9806 0.0006
vn 0.3603 0.9328 -0.0008
vn 0.1274 -0.0473 0.9907
vn 0.1280 -0.0456 0.9907
vn 0.1271 -0.0482 0.9907
vn 0.1268 -0.0488 0.9907
vn -0.3588 -0.9334 0.0006
vn 0.1273 -0.0477 0.9907
vn -0.3490 -0.9371 -0.0008
vn 0.1268 -0.0490 0.9907
vn 0.3554 0.9347 -0.0001
vn 0.3484 0.9373 0.0009
vn -0.3608 -0.9327 0.0009
vn -0.3538 -0.9353 -0.0002
vn 0.3506 0.9365 0.0006
vn 0.1309 -0.0379 0.9907
vn 0.1353 -0.0164 0.9907
vn 0.1362 0.0055 0.9907
vn 0.1335 0.0273 0.9907
vn 0.1337 0.0245 0.9907
vn 0.1333 0.0263 0.9907
vn 0.1330 0.0281 0.9907
vn 0.1326 0.0299 0.9907
vn 0.1322 0.0316 0.9907
vn 0.1317 0.0334 0.9907
vn 0.1318 0.0334 0.9907
vn 0.1313 0.0352 0.9907
vn 0.1346 0.0191 0.9907
vn 0.1343 0.0209 0.9907
vn 0.1340 0.0227 0.9907
vn -0.3372 -0.9404 0.0442
vn -0.3372 -0.9404 0.0441
vn 0.1359 0.0027 0.9907
vn 0.1356 0.0027 0.9908
vn 0.1358 0.0046 0.9907
vn 0.1358 0.0064 0.9907
vn 0.1357 0.0082 0.9907
vn 0.1359 0.0009 0.9907
vn -0.2284 0.9730 0.0328
vn 0.1346 -0.0191 0.9907
vn 0.1348 -0.0173 0.9907
vn 0.1350 -0.0155 0.9907
vn 0.1352 -0.0137 0.9907
vn 0.1358 -0.0064 0.9907
vn -0.5910 0.8025 0.0818
vn -0.5904 0.8029 0.0817
vn -0.6716 0.7351 0.0926
vn 0.1298 -0.0404 0.9907
vn 0.1303 -0.0387 0.9907
vn 0.1308 -0.0369 0.9907
vn 0.1308 -0.0370 0.9907
vn 0.1313 -0.0352 0.9907
vn 0.1317 -0.0334 0.9907
vn 0.1322 -0.0316 0.9907
vn 0.1326 -0.0299 0.9907
vn 0.1330 -0.0281 0.9907
vn 0.1286 -0.0439 0.9907
vn 0.1292 -0.0422 0.9907
vn 0.5504 -0.8314 -0.0763
vn -0.9711 0.1984 0.1324
vn -0.8640 0.4894 0.1184
vn -0.8629 0.4913 0.1182
vn 0.5387 0.8394 -0.0717
vn 0.5387 0.8394 -0.0716
vn 0.6439 -0.7600 -0.0889
vn 0.6438 -0.7600 -0.0889
vn -0.0989 0.9950 0.0152
vn 0.1357 -0.9905 -0.0202
vn 0.8089 0.5777 -0.1090
vn 0.8366 0.5361 -0.1128
vn 0.8376 0.5345 -0.1129
vn 0.9655 0.2249 -0.1309
vn 0.9656 0.2249 -0.1309
vn 0.9655 0.2249 -0.1310
vn 0.8631 0.4915 -0.1165
vn 0.6194 0.7807 -0.0828
vn 0.8927 0.4343 -0.1207
vn 0.6187 0.7813 -0.0827
vn 0.8417 0.5279 -0.1135
vn 0.8524 0.5101 -0.1150
vn 0.8528 0.5094 -0.1151
vn 0.4298 0.9011 -0.0568
vn 0.4298 0.9011 -0.0569
vn -0.9907 0.0179 0.1347
vn -0.9907 0.0179 0.1348
vn 0.7097 -0.6976 -0.0978
vn 0.9909 -0.0039 -0.1348
vn -0.8316 0.5435 0.1140
vn -0.8316 0.5435 0.1141
vn 0.7591 -0.6426 -0.1043
vn 0.7573 -0.6447 -0.1041
vn 0.8026 -0.5863 -0.1102
vn -0.0016 -1.0000 -0.0016
vn -0.1423 -0.9897 0.0176
vn -0.0013 -1.0000 -0.0016
vn -0.5364 0.8407 0.0744
vn -0.7391 0.6659 0.1017
vn -0.7399 0.6649 0.1018
vn 0.8471 -0.5187 -0.1161
vn 0.9067 -0.4032 -0.1240
vn 0.9076 -0.4011 -0.1241
vn 0.2554 -0.9662 -0.0365
vn 0.2558 -0.9660 -0.0365
vn -0.4347 0.8985 0.0607
vn -0.5358 0.8411 0.0743
vn 0.9271 -0.3527 -0.1267
vn 0.4053 -0.9124 -0.0567
vn 0.4055 -0.9123 -0.0568
vn 0.3150 0.9482 -0.0411
vn 0.5616 0.8240 -0.0748
vn 0.3146 0.9483 -0.0410
vn 0.1568 -0.9874 -0.0231
vn 0.4420 -0.8949 -0.0617
vn 0.4419 -0.8949 -0.0617
vn -0.3947 0.9171 0.0553
vn 0.8784 0.4630 -0.1186
vn -0.9287 0.3486 0.1269
vn -0.3969 0.9162 0.0556
vn 0.1129 0.9935 -0.0136
vn -0.9909 0.0040 0.1347
vn -0.9298 0.3454 0.1271
vn 0.9607 -0.2446 -0.1311
vn 0.9607 -0.2446 -0.1310
vn -0.1703 0.9851 0.0250
vn -0.2752 0.9606 0.0392
vn 0.8422 -0.5266 -0.1155
vn 0.8422 -0.5267 -0.1154
vn -0.1700 0.9851 0.0249
vn -0.0631 0.9980 0.0104
vn -0.0930 0.9956 0.0144
vn 0.9849 0.1103 -0.1338
vn 0.9849 0.1103 -0.1337
vn -0.8626 -0.4923 0.1164
vn -0.8626 -0.4923 0.1165
vn -0.7299 0.6762 0.1005
vn -0.9677 0.2146 0.1320
vn 0.4898 -0.8692 -0.0681
vn 0.4903 -0.8689 -0.0682
vn 0.4360 -0.8979 -0.0609
vn -0.5084 -0.8585 0.0676
vn -0.3683 -0.9284 0.0484
vn -0.9388 0.3197 0.1283
vn -0.9613 0.2422 0.1312
vn -0.9381 0.3218 0.1282
vn 0.6696 -0.7369 -0.0924
vn 0.6711 -0.7355 -0.0926
vn -0.7499 -0.6538 0.1008
vn -0.5088 -0.8582 0.0676
vn -0.9197 0.3721 0.1257
vn 0.7806 -0.6158 -0.1072
vn -0.7505 -0.6531 0.1009
vn -0.8447 -0.5230 0.1139
vn -0.8952 0.4286 0.1225
vn -0.8940 0.4310 0.1223
vn -0.8659 0.4859 0.1186
vn -0.9903 -0.0358 0.1346
vn -0.9902 -0.0377 0.1346
vn -0.9816 -0.1371 0.1333
vn -0.9116 -0.3922 0.1233
vn -0.8806 -0.4586 0.1189
vn -0.8804 -0.4590 0.1189
vn -0.6672 0.7391 0.0920
vn -0.8157 0.5676 0.1119
vn -0.6638 0.7423 0.0916
vn -0.9888 0.0641 0.1346
vn -0.6526 0.7523 0.0901
vn -0.6526 0.7524 0.0901
vn -0.5580 0.8262 0.0773
vn -0.5581 0.8262 0.0773
vn -0.5595 -0.8254 0.0746
vn -0.4548 -0.8885 0.0603
vn -0.5596 -0.8254 0.0746
vn -0.2812 -0.9589 0.0365
vn -0.0491 -0.9988 0.0049
vn -0.2811 -0.9590 0.0365
vn 0.9427 0.3082 -0.1276
vn 0.9473 0.2937 -0.1283
vn 0.9474 0.2931 -0.1283
vn -0.4539 -0.8890 0.0602
vn -0.2365 -0.9712 0.0305
vn -0.4972 -0.8651 0.0661
vn 0.9517 0.2786 -0.1289
vn -0.2360 -0.9713 0.0304
vn -0.1272 -0.9918 0.0155
vn 0.9882 0.0741 -0.1342
vn 0.9882 0.0742 -0.1342
vn 0.9754 0.1763 -0.1323
vn 0.9746 0.1807 -0.1322
vn 0.9880 0.0767 -0.1342
vn -0.1937 0.9807 0.0281
vn -0.2924 0.9554 0.0415
vn 0.6470 -0.7572 -0.0893
vn 0.6952 -0.7124 -0.0958
vn 0.6467 -0.7575 -0.0893
vn 0.9887 0.0670 -0.1343
vn 0.9886 0.0674 -0.1343
vn 0.9892 0.0577 -0.1344
vn -0.2929 0.9553 0.0415
vn -0.5501 0.8316 0.0763
vn 0.5457 -0.8346 -0.0757
vn 0.5452 -0.8349 -0.0757
vn -0.6939 0.7137 0.0956
vn 0.4932 -0.8672 -0.0686
vn 0.9491 -0.2871 -0.1296
vn 0.9496 -0.2855 -0.1297
vn 0.9157 -0.3818 -0.1252
vn -0.0650 -0.9979 0.0071
vn 0.9732 -0.1878 -0.1327
vn 0.8141 -0.5699 -0.1117
vn 0.8141 -0.5699 -0.1118
vn -0.9886 -0.0683 0.1343
vn -0.9886 -0.0683 0.1344
vn 0.2120 0.9769 -0.0271
vn 0.3014 0.9527 -0.0394
vn 0.3019 0.9525 -0.0394
vn -0.0843 -0.9964 0.0096
vn 0.0545 -0.9985 -0.0091
vn -0.0844 -0.9964 0.0097
vn -0.5768 -0.8132 0.0770
vn -0.5768 -0.8133 0.0770
vn 0.3887 0.9200 -0.0512
vn -0.2216 -0.9747 0.0284
vn 0.1594 -0.9869 -0.0234
vn -0.7487 -0.6552 0.1006
vn -0.7487 -0.6552 0.1007
vn -0.7623 -0.6390 0.1025
vn 0.8404 -0.5296 -0.1152
vn -0.9717 -0.1959 0.1318
vn -0.9717 -0.1959 0.1319
vn -0.7817 0.6143 0.1074
vn -0.8801 0.4593 0.1205
vn -0.7777 0.6195 0.1069
vn -0.0516 0.9986 0.0088
vn -0.4039 -0.9132 0.0533
vn -0.7643 -0.6366 0.1028
vn -0.7723 -0.6268 0.1039
vn -0.6515 0.7533 0.0899
vn 0.8749 0.4697 -0.1181
vn -0.9680 -0.2139 0.1313
vn -0.9680 -0.2140 0.1313
vn -0.2722 0.9615 0.0387
vn -0.5258 0.8475 0.0730
vn -0.2703 0.9620 0.0385
vn 0.7040 0.7039 -0.0944
vn 0.9880 -0.0761 -0.1344
vn 0.7005 0.7075 -0.0939
vn -0.8720 0.4748 0.1194
vn -0.8720 0.4747 0.1195
vn -0.8720 0.4747 0.1194
vn -0.1474 0.9888 0.0218
vn -0.0700 0.9975 0.0113
vn -0.0691 -0.9976 0.0076
vn -0.0691 -0.9976 0.0077
vn -0.6085 -0.7894 0.0814
vn 0.0347 -0.9994 -0.0065
vn 0.2521 -0.9670 -0.0360
vn -0.7954 -0.5965 0.1071
vn -0.6900 -0.7179 0.0925
vn -0.7965 -0.5950 0.1072
vn -0.8910 -0.4377 0.1204
vn -0.8910 -0.4378 0.1204
vn -0.9657 -0.2244 0.1309
vn -0.7296 -0.6768 0.0980
vn -0.7296 -0.6768 0.0983
vn -0.7296 -0.6768 0.0981
vn -0.8280 -0.5495 0.1116
vn -0.9909 -0.0014 0.1348
vn -0.9653 -0.2262 0.1308
vn -0.1469 0.9889 0.0218
vn -0.8737 -0.4720 0.1180
vn -0.8528 -0.5095 0.1151
vn -0.8736 -0.4721 0.1179
vn 0.3799 0.9237 -0.0501
vn -0.0537 0.9985 0.0091
vn -0.9205 0.3698 0.1259
vn -0.9206 0.3698 0.1258
vn -0.9205 0.3698 0.1258
vn -0.8724 -0.4744 0.1178
vn 0.3791 0.9240 -0.0499
vn 0.7381 0.6674 -0.0992
vn -0.9822 -0.1325 0.1333
vn -0.8097 -0.5766 0.1091
vn -0.8496 -0.5148 0.1146
vn -0.8091 -0.5775 0.1090
vn 0.9909 0.0029 -0.1347
vn 0.9909 0.0028 -0.1347
vn 0.3648 0.9299 -0.0479
vn 0.3647 0.9299 -0.0479
vn -0.7921 -0.6010 0.1066
vn 0.3422 -0.9384 -0.0482
vn 0.0502 -0.9987 -0.0086
vn 0.3435 -0.9379 -0.0484
vn 0.3846 -0.9215 -0.0539
vn 0.3846 -0.9215 -0.0540
vn -0.9560 -0.2632 0.1296
vn -0.8129 -0.5720 0.1095
vn -0.9595 -0.2499 0.1301
vn 0.7451 -0.6591 -0.1025
vn 0.7461 -0.6578 -0.1027
vn 0.9237 -0.3617 -0.1263
vn 0.9237 -0.3617 -0.1262
vn -0.8550 0.5053 0.1172
vn -0.8446 0.5228 0.1157
vn 0.9197 -0.3720 -0.1257
vn 0.9202 -0.3708 -0.1258
vn 0.7327 0.6734 -0.0984
vn 0.7327 0.6734 -0.0983
vn 0.7327 0.6734 -0.0985
vn -0.5152 0.8541 0.0716
vn 0.9629 -0.2359 -0.1313
vn 0.3476 0.9365 -0.0457
vn 0.3476 0.9365 -0.0456
vn 0.3510 0.9352 -0.0461
vn 0.3511 0.9352 -0.0461
vn 0.3511 0.9352 -0.0460
vn -0.7448 -0.6597 0.1001
vn 0.8765 -0.4663 -0.1200
vn -0.8665 -0.4852 0.1170
vn -0.4673 0.8817 0.0651
vn -0.4309 0.9004 0.0602
vn 0.9714 0.1976 -0.1317
vn 0.9714 0.1976 -0.1318
vn 0.9066 -0.4034 -0.1240
vn -0.4675 0.8816 0.0651
vn 0.7351 0.6708 -0.0988
vn 0.5053 0.8629 -0.0008
vn 0.1182 -0.0672 0.9907
vn 0.1247 -0.0541 0.9907
vn 0.1254 -0.0524 0.9907
vn 0.1261 -0.0507 0.9907
vn 0.1191 -0.0656 0.9907
vn 0.1199 -0.0640 0.9907
vn 0.1208 -0.0624 0.9907
vn 0.1177 -0.0680 0.9907
vn 0.1174 -0.0685 0.9907
vn -0.5039 -0.8638 0.0006
vn 0.1180 -0.0675 0.9907
vn -0.4948 -0.8690 -0.0009
vn 0.1173 -0.0688 0.9907
vn 0.5007 0.8656 -0.0001
vn 0.4943 0.8693 0.0009
vn -0.5057 -0.8627 0.0009
vn -0.4993 -0.8664 -0.0001
vn 0.4962 0.8682 0.0005
vn 0.6372 0.7707 -0.0008
vn 0.1059 -0.0852 0.9907
vn 0.1172 -0.0687 0.9907
vn 0.1053 -0.0860 0.9907
vn 0.1049 -0.0865 0.9907
vn -0.6360 -0.7717 0.0006
vn 0.1056 -0.0855 0.9907
vn -0.6278 -0.7784 -0.0008
vn 0.1047 -0.0867 0.9907
vn 0.1058 -0.0853 0.9907
vn 0.6331 0.7741 -0.0001
vn 0.6273 0.7788 0.0009
vn -0.6375 -0.7704 0.0008
vn -0.6318 -0.7751 -0.0001
vn 0.6291 0.7773 0.0006
vn 0.7526 0.6585 -0.0008
vn 0.0908 -0.1011 0.9907
vn 0.1035 -0.0881 0.9907
vn 0.0922 -0.0999 0.9907
vn 0.0901 -0.1017 0.9907
vn 0.0896 -0.1022 0.9907
vn -0.7515 -0.6597 0.0006
vn 0.0905 -0.1014 0.9907
vn -0.7446 -0.6676 -0.0008
vn 0.0894 -0.1023 0.9907
vn 0.7491 0.6625 -0.0001
vn 0.7441 0.6680 0.0009
vn -0.7529 -0.6582 0.0009
vn -0.7480 -0.6637 -0.0001
vn 0.7456 0.6663 0.0006
vn 0.8484 0.5293 -0.0009
vn 0.0734 -0.1144 0.9907
vn 0.0852 -0.1059 0.9907
vn 0.0867 -0.1047 0.9907
vn 0.0881 -0.1035 0.9907
vn 0.0749 -0.1134 0.9907
vn 0.0765 -0.1124 0.9907
vn 0.0780 -0.1113 0.9907
vn 0.0726 -0.1149 0.9907
vn 0.0721 -0.1152 0.9907
vn -0.8476 -0.5306 0.0006
vn 0.0731 -0.1146 0.9907
vn -0.8420 -0.5395 -0.0008
vn 0.0719 -0.1153 0.9907
vn 0.0735 -0.1144 0.9907
vn 0.0727 -0.1149 0.9907
vn 0.8456 0.5338 -0.0001
vn 0.8417 0.5400 0.0009
vn -0.8487 -0.5289 0.0009
vn -0.8448 -0.5352 -0.0001
vn 0.8429 0.5381 0.0006
vn 0.0819 -0.1089 0.9907
vn 0.0983 -0.0944 0.9907
vn 0.1122 -0.0774 0.9907
vn 0.1231 -0.0584 0.9907
vn 0.1216 -0.0607 0.9907
vn 0.1224 -0.0591 0.9907
vn 0.1232 -0.0574 0.9907
vn 0.1239 -0.0558 0.9907
vn -0.9767 -0.1964 0.0866
vn -0.9905 -0.0984 0.0963
vn -0.9905 -0.0980 0.0964
vn 0.1103 -0.0794 0.9907
vn 0.1113 -0.0780 0.9907
vn 0.1124 -0.0765 0.9907
vn 0.1134 -0.0749 0.9907
vn 0.1144 -0.0734 0.9907
vn 0.1154 -0.0719 0.9907
vn 0.1163 -0.0703 0.9907
vn 0.1070 -0.0838 0.9907
vn 0.1081 -0.0824 0.9907
vn 0.1092 -0.0809 0.9907
vn 0.8992 -0.4177 -0.1302
vn 0.9750 -0.1877 -0.1188
vn 0.9756 -0.1846 -0.1186
vn 0.0961 -0.0961 0.9907
vn 0.0974 -0.0948 0.9907
vn 0.0986 -0.0935 0.9907
vn 0.0987 -0.0935 0.9907
vn 0.0999 -0.0922 0.9907
vn 0.1011 -0.0908 0.9907
vn 0.1023 -0.0894 0.9907
vn 0.0935 -0.0987 0.9907
vn 0.0948 -0.0974 0.9907
vn -0.9923 0.0579 0.1097
vn -0.9923 0.0582 0.1097
vn 0.0794 -0.1103 0.9907
vn 0.0809 -0.1092 0.9907
vn 0.0824 -0.1081 0.9907
vn 0.0838 -0.1070 0.9907
vn 0.8168 -0.5613 -0.1336
vn 0.8168 -0.5613 -0.1335
vn 0.9942 -0.0158 -0.1063
vn -0.5701 0.8115 0.1285
vn 0.9943 -0.0129 -0.1061
vn 0.9924 0.0732 -0.0987
vn -0.8022 0.5819 0.1337
vn -0.6962 0.7055 0.1329
vn -0.6953 0.7064 0.1329
vn 0.9379 0.3396 -0.0705
vn 0.9801 0.1778 -0.0886
vn 0.9805 0.1750 -0.0889
vn 0.5063 0.8621 0.0191
vn 0.5064 0.8621 0.0191
vn 0.9066 0.4175 -0.0606
vn 0.9375 0.3409 -0.0703
vn -0.7575 0.6390 0.1338
vn -0.7574 0.6390 0.1339
vn 0.4166 0.9085 0.0325
vn 0.8991 0.4339 -0.0585
vn 0.9065 0.4178 -0.0606
vn -0.6015 -0.7989 -0.0037
vn 0.7260 0.6874 -0.0189
vn 0.6837 0.7297 -0.0108
vn 0.7264 0.6871 -0.0189
vn 0.8046 -0.5785 -0.1337
vn 0.8047 -0.5785 -0.1337
vn 0.6651 -0.7350 -0.1321
vn 0.6648 -0.7353 -0.1321
vn 0.6650 -0.7351 -0.1321
vn 0.7660 0.6423 -0.0268
vn -0.1228 0.9878 0.0962
vn -0.1229 0.9877 0.0962
vn 0.5794 -0.8048 -0.1289
vn 0.6466 -0.7514 -0.1315
vn 0.5790 -0.8051 -0.1289
vn 0.9662 -0.2274 -0.1212
vn -0.7822 -0.6223 0.0302
vn -0.7077 -0.7064 0.0153
vn -0.7827 -0.6217 0.0303
vn 0.5281 -0.8397 -0.1265
vn -0.3390 0.9338 0.1145
vn -0.8977 -0.4367 0.0581
vn -0.8985 -0.4351 0.0583
vn 0.2342 -0.9664 -0.1061
vn 0.3857 -0.9151 -0.1178
vn 0.2343 -0.9664 -0.1061
vn -0.7417 -0.6704 0.0219
vn -0.9569 -0.2800 0.0775
vn -0.9572 -0.2787 0.0776
vn 0.9831 0.1594 -0.0904
vn 0.9530 0.2933 -0.0760
vn 0.9831 0.1589 -0.0905
vn -0.7163 0.6849 0.1333
vn -0.9887 -0.1161 0.0946
vn -0.9890 -0.1131 0.0949
vn 0.9944 0.0216 -0.1033
vn -0.8905 -0.4515 0.0561
vn -0.8905 -0.4515 0.0560
vn -0.9945 -0.0074 0.1044
vn 0.9804 -0.1585 -0.1169
vn 0.9915 -0.0690 -0.1106
vn -0.0659 -0.9949 -0.0768
vn -0.9652 0.2316 0.1214
vn -0.9911 0.0733 0.1109
vn -0.9644 0.2348 0.1216
vn 0.2104 -0.9721 -0.1041
vn 0.0776 -0.9928 -0.0918
vn 0.2116 -0.9718 -0.1042
vn 0.7263 -0.6743 -0.1335
vn 0.7262 -0.6744 -0.1335
vn -0.9409 0.3143 0.1258
vn 0.4603 -0.8792 -0.1226
vn 0.4615 -0.8786 -0.1227
vn -0.6331 -0.7741 0.0017
vn -0.6331 -0.7741 0.0016
vn -0.8374 0.5301 0.1331
vn -0.8944 0.4279 0.1305
vn -0.8374 0.5302 0.1331
vn 0.5733 -0.8092 -0.1287
vn 0.8365 -0.5316 -0.1331
vn 0.8364 -0.5316 -0.1331
vn 0.8365 -0.5315 -0.1331
vn -0.0319 0.9957 0.0872
vn -0.0320 0.9957 0.0872
vn 0.9944 -0.0058 -0.1055
vn -0.6920 -0.7218 0.0123
vn -0.7256 -0.6879 0.0187
vn 0.8195 -0.5573 -0.1335
vn 0.7146 -0.6867 -0.1333
vn 0.6602 0.7511 -0.0065
vn 0.6602 0.7511 -0.0066
vn -0.7320 0.6680 0.1336
vn -0.1969 0.9750 0.1029
vn -0.6998 -0.7142 0.0138
vn -0.9894 -0.1092 0.0953
vn -0.9800 -0.1782 0.0885
vn -0.9895 -0.1084 0.0954
vn -0.9941 -0.0387 0.1017
vn -0.9525 0.2783 0.1240
vn -0.9914 0.0703 0.1106
vn -0.9520 0.2797 0.1241
vn 0.6577 -0.7416 -0.1319
vn 0.6578 -0.7416 -0.1319
vn -0.9169 0.3778 0.1286
vn -0.3932 -0.9188 -0.0358
vn -0.3932 -0.9188 -0.0359
vn -0.7980 0.5876 0.1338
vn -0.8870 0.4428 0.1310
vn -0.7971 0.5889 0.1338
vn 0.9144 -0.3837 -0.1289
vn -0.7339 0.6660 0.1336
vn 0.7278 0.6856 -0.0191
vn 0.7278 0.6855 -0.0191
vn -0.6108 0.7810 0.1303
vn -0.6087 0.7826 0.1302
vn -0.4682 0.8750 0.1231
vn 0.9802 -0.1599 -0.1170
vn -0.3828 0.9163 0.1176
vn -0.4256 0.8968 0.1205
vn 0.8198 -0.5568 -0.1335
vn 0.8198 -0.5568 -0.1336
vn 0.8199 -0.5568 -0.1335
vn -0.9550 0.2695 0.1236
vn -0.9550 0.2696 0.1236
vn 0.6312 0.7756 -0.0014
vn 0.6312 0.7756 -0.0013
vn -0.8917 0.4333 0.1307
vn -0.8917 0.4334 0.1307
vn -0.5093 -0.8604 -0.0187
vn -0.5093 -0.8604 -0.0186
vn -0.1840 -0.9809 -0.0632
vn -0.1840 -0.9809 -0.0631
vn -0.1839 -0.9809 -0.0631
vn -0.8112 0.5693 0.1336
vn 0.7980 0.6017 -0.0336
vn -0.9927 -0.0696 0.0990
vn 0.9601 -0.2513 -0.1226
vn -0.7700 0.6239 0.1339
vn 0.4344 -0.8925 -0.1210
vn 0.5135 -0.8488 -0.1257
vn 0.5148 -0.8481 -0.1258
vn -0.9660 -0.2453 0.0814
vn 0.5897 -0.7972 -0.1294
vn -0.8317 0.5390 0.1332
vn -0.6589 0.7406 0.1320
vn -0.6557 0.7434 0.1319
vn 0.6662 -0.7340 -0.1322
vn 0.7351 -0.6647 -0.1336
vn -0.4368 0.8913 0.1212
vn -0.4368 0.8914 0.1212
vn 0.7974 -0.5884 -0.1338
vn 0.7965 -0.5896 -0.1338
vn 0.8513 -0.5076 -0.1327
vn 0.6837 0.7297 -0.0107
vn 0.9012 -0.4134 -0.1300
vn 0.9678 -0.2208 -0.1208
vn 0.9681 -0.2195 -0.1207
vn 0.9859 -0.1222 -0.1144
vn 0.9777 0.1908 -0.0872
vn 0.9945 0.0138 -0.1039
vn 0.9945 0.0123 -0.1040
vn -0.2292 0.9676 0.1057
vn -0.2293 0.9676 0.1057
vn 0.9687 0.2339 -0.0826
vn 0.9777 0.1913 -0.0872
vn 0.1615 0.9847 0.0659
vn -0.0336 0.9956 0.0874
vn -0.0356 0.9955 0.0876
vn 0.8992 -0.4176 -0.1302
vn -0.8139 -0.5799 0.0372
vn -0.8884 -0.4557 0.0555
vn -0.8884 -0.4557 0.0554
vn -0.7218 -0.6918 0.0180
vn -0.9944 0.0064 0.1056
vn -0.9944 0.0064 0.1055
vn 0.8921 -0.4326 -0.1307
vn -0.4379 0.8908 0.1213
vn -0.6085 0.7828 0.1302
vn -0.7978 -0.6020 0.0336
vn -0.4359 0.8918 0.1211
vn -0.2474 0.9630 0.1072
vn -0.1249 0.9875 0.0964
vn -0.0304 0.9957 0.0871
vn -0.1392 0.9854 0.0977
vn -0.1402 0.9853 0.0978
vn 0.9939 -0.0256 -0.1072
vn -0.9868 0.1150 0.1139
vn -0.9868 0.1149 0.1139
vn 0.0656 -0.1191 0.9907
vn 0.0525 -0.1254 0.9907
vn -0.9695 -0.2451 -0.0009
vn 0.9693 0.2457 0.0010
vn -0.9707 -0.2401 -0.0001
vn 0.9699 0.2435 0.0006
vn -0.9971 -0.0759 0.0006
vn 0.0100 -0.1355 0.9907
vn 0.9962 0.0870 0.0009
vn 0.0431 -0.1293 0.9907
vn 0.0639 -0.1199 0.9907
vn 0.0404 -0.1298 0.9907
vn 0.0263 -0.1333 0.9907
vn 0.1853 -0.9737 -0.1326
vn -0.7735 -0.6326 -0.0401
vn 0.5193 -0.8441 -0.1334
vn -0.0776 -0.9896 -0.1210
vn 0.2950 0.9497 0.1048
vn 0.5810 0.8106 0.0725
vn 0.6953 0.7166 0.0547
vn -0.3099 0.9412 0.1349
vn 0.4015 0.9110 0.0944
vn -0.1575 0.9787 0.1318
vn -0.0118 -0.1354 0.9907
vn -0.9723 0.2335 -0.0009
vn -0.0317 -0.1322 0.9907
vn 0.9707 -0.2401 -0.0001
vn -0.9693 0.2457 0.0008
vn 0.9720 -0.2351 0.0005
vn 0.9176 -0.3976 -0.0008
vn -0.9223 0.3865 -0.0009
vn 0.9217 -0.3880 0.0006
vn -0.8484 0.5294 -0.0008
vn -0.0734 -0.1143 0.9907
vn 0.8447 -0.5352 -0.0001
vn -0.8416 0.5400 0.0009
vn -0.8456 0.5338 -0.0000
vn 0.8475 -0.5308 0.0006
vn -0.0208 -0.1342 0.9907
vn 0.6698 -0.7376 -0.0852
vn -0.8357 -0.5414 -0.0918
vn -0.9786 0.2057 0.0066
vn -0.7942 -0.5995 -0.0989
vn 0.1659 0.9767 0.1363
vn -0.7966 0.6010 0.0643
vn 0.9433 -0.3312 -0.0241
vn -0.3185 -0.9383 -0.1345
vn -0.3186 -0.9383 -0.1344
vn -0.9961 0.0873 -0.0103
vn 0.9697 -0.2442 -0.0116
vn -0.0431 -0.1293 0.9907
vn -0.0467 -0.1277 0.9907
vn -0.0495 -0.1266 0.9907
vn -0.0497 -0.1265 0.9907
vn -0.0505 -0.1262 0.9907
vn -0.6746 0.7352 0.0666
vn 0.5443 0.8285 0.1318
vn 0.8568 0.5051 0.1033
vn 0.8569 0.5051 0.1032
vn -0.9110 -0.4020 -0.0921
vn -0.0656 -0.1191 0.9907
vn -0.0640 -0.1200 0.9907
vn -0.0643 -0.1214 0.9905
vn -0.0623 -0.1208 0.9907
vn 0.9606 0.2617 0.0932
vn 0.3663 0.9206 0.1356
vn -0.4823 -0.8654 -0.1362
vn -0.4823 -0.8653 -0.1362
vn 0.9976 0.0195 0.0662
vn 0.4792 -0.8744 -0.0759
vn 0.0225 -0.9926 -0.1194
vn 0.0212 -0.9926 -0.1195
vn 0.6048 0.7850 0.1343
vn -0.2608 -0.9562 -0.1332
vn 0.8676 0.4840 0.1144
vn 0.8675 0.4840 0.1144
vn -0.4167 -0.8988 -0.1361
vn -0.0852 -0.1059 0.9907
vn 0.7480 -0.6637 -0.0001
vn 0.6277 -0.7785 -0.0009
vn -0.1174 -0.0685 0.9907
vn 0.3489 -0.9372 -0.0009
vn -0.1190 -0.0656 0.9907
vn -0.3504 0.9366 0.0006
vn -0.3602 0.9329 -0.0009
vn 0.3586 -0.9335 0.0006
vn -0.0999 -0.0921 0.9907
vn -0.1000 -0.0922 0.9907
vn -0.0996 -0.0925 0.9907
vn -0.0993 -0.0928 0.9907
vn -0.0980 -0.0942 0.9907
vn -0.0986 -0.0935 0.9907
vn -0.0980 -0.0953 0.9906
vn 0.6501 0.7483 0.1322
vn 0.3491 0.9297 0.1179
vn -0.9249 0.3755 -0.0603
vn -0.4538 -0.8824 -0.1243
vn 0.0961 0.9906 0.0977
vn -0.4749 -0.8711 -0.1254
vn -0.6725 -0.7281 -0.1326
vn -0.7295 -0.6708 -0.1334
vn -0.8886 -0.4401 -0.1291
vn -0.9234 -0.3626 -0.1257
vn -0.9845 0.1525 -0.0862
vn 0.6261 0.7685 0.1316
vn 0.6444 0.7532 0.1321
vn 0.7965 0.5898 0.1329
vn -0.9942 0.0483 -0.0964
vn 0.6008 0.7887 0.1308
vn -0.7231 0.6907 -0.0120
vn 0.7468 0.6515 0.1335
vn 0.0926 0.9909 0.0973
vn -0.9101 -0.3942 -0.1273
vn 0.2023 -0.9771 -0.0662
vn 0.8473 -0.5296 0.0389
vn 0.2415 0.9641 0.1100
vn 0.1940 -0.9810 -0.0008
vn -0.1330 -0.0277 0.9907
vn -0.0462 0.9989 -0.0009
vn -0.1358 -0.0045 0.9907
vn 0.0394 -0.9992 -0.0002
vn 0.1250 0.9922 0.0006
vn -0.1214 -0.9926 -0.0000
vn -0.1140 -0.9935 0.0010
vn 0.1197 0.9928 -0.0000
vn -0.1162 -0.9932 0.0006
vn -0.2790 -0.9603 -0.0001
vn -0.2719 -0.9623 0.0010
vn 0.2774 0.9607 -0.0000
vn -0.1335 0.0272 0.9907
vn -0.1313 -0.0351 0.9907
vn -0.1308 -0.0370 0.9907
vn -0.1352 -0.0136 0.9907
vn -0.1352 -0.0137 0.9907
vn -0.1351 -0.0155 0.9907
vn -0.1357 0.0064 0.9907
vn -0.1357 0.0043 0.9907
vn -0.1326 0.0298 0.9907
vn -0.1329 0.0281 0.9907
vn -0.1334 0.0263 0.9907
vn -0.1318 0.0334 0.9907
vn 0.3011 0.9525 0.0462
vn -0.7450 -0.6588 -0.1047
vn 0.1944 0.9804 0.0318
vn -0.0194 0.9998 0.0029
vn -0.7679 0.6326 -0.1008
vn -0.9861 -0.0973 -0.1346
vn -0.9861 -0.0973 -0.1345
vn 0.9706 -0.2021 0.1307
vn -0.9241 -0.3604 -0.1275
vn 0.9294 0.3460 0.1281
vn 0.9295 0.3459 0.1279
vn -0.3467 -0.9361 -0.0589
vn -0.5649 -0.8211 -0.0813
vn -0.1843 -0.9824 -0.0304
vn 0.7708 0.6279 0.1081
vn -0.9600 0.2483 -0.1291
vn 0.2833 -0.9584 0.0333
vn -0.6850 0.7231 -0.0891
vn -0.5793 -0.8109 -0.0831
vn 0.9840 0.1167 0.1343
vn -0.1846 0.9826 -0.0197
vn -0.9860 -0.0992 -0.1344
vn -0.9859 -0.0992 -0.1345
vn 0.4414 0.8949 0.0649
vn 0.7256 0.6805 0.1023
vn -0.3595 0.9321 -0.0437
vn 0.1875 -0.9821 0.0201
vn 0.9725 -0.1925 0.1311
vn 0.9760 -0.1734 0.1317
vn 0.8693 0.4793 0.1206
vn 0.4198 -0.9061 0.0521
vn -0.2353 -0.9712 -0.0372
vn -0.9500 -0.2835 -0.1307
vn 0.8180 -0.5649 0.1081
vn -0.4342 -0.9008 -0.0008
vn -0.1231 0.0577 0.9907
vn 0.4233 0.9060 -0.0009
vn 0.4346 0.9006 0.0009
vn 0.4280 0.9038 -0.0001
vn -0.5731 -0.8195 -0.0009
vn -0.1118 0.0772 0.9907
vn 0.5718 0.8204 0.0006
vn 0.5632 0.8264 -0.0008
vn -0.5645 -0.8254 0.0005
vn -0.6971 -0.7169 -0.0008
vn -0.0980 0.0941 0.9907
vn -0.0976 0.0946 0.9907
vn 0.6960 0.7181 0.0006
vn -0.6880 -0.7257 0.0009
vn -0.8031 -0.5958 -0.0009
vn 0.7959 0.6055 -0.0009
vn -0.0817 0.1087 0.9907
vn -0.1268 0.0491 0.9907
vn -0.1267 0.0491 0.9907
vn -0.1173 0.0687 0.9907
vn -0.1191 0.0656 0.9907
vn -0.1059 0.0852 0.9907
vn -0.1024 0.0894 0.9907
vn -0.0880 0.1035 0.9907
vn -0.0908 0.1012 0.9907
vn -0.9329 0.3356 -0.1302
vn -0.9319 -0.3545 -0.0769
vn -0.5132 0.8494 -0.1230
vn 0.9421 -0.3095 0.1292
vn 0.9741 -0.1891 0.1236
vn -0.7730 -0.6333 -0.0375
vn 0.0535 -0.9951 0.0828
vn 0.8119 -0.5680 0.1347
vn -0.9762 0.1786 -0.1230
vn 0.8013 0.5967 0.0436
vn -0.2582 0.9606 -0.1030
vn 0.8106 -0.5699 0.1347
vn 0.6619 -0.7381 0.1311
vn -0.3934 0.9122 -0.1144
vn -0.5944 0.7939 -0.1278
vn 0.5301 -0.8388 0.1240
vn -0.8591 0.4938 -0.1342
vn -0.0548 0.9950 -0.0830
vn -0.0656 0.1191 0.9907
vn -0.9505 -0.3109 -0.0009
vn -0.0436 0.1287 0.9907
vn -0.9880 -0.1544 -0.0008
vn -1.0000 0.0061 -0.0009
vn 1.0000 -0.0045 0.0006
vn 1.0000 0.0059 -0.0008
vn -1.0000 -0.0066 0.0009
vn 1.0000 -0.0066 0.0008
vn -1.0000 -0.0043 0.0006
vn -0.0719 0.1153 0.9907
vn -0.0718 0.1153 0.9907
vn -0.0718 0.1154 0.9907
vn -0.0735 0.1144 0.9907
vn 0.4517 -0.8823 0.1326
vn -0.0507 0.1263 0.9907
vn -0.0508 0.1261 0.9907
vn -0.0474 0.1274 0.9907
vn -0.0491 0.1268 0.9907
vn -0.0317 0.1322 0.9907
vn -0.0405 0.1295 0.9908
vn -0.0263 0.1334 0.9907
vn -0.0138 0.1351 0.9907
vn -0.0064 0.1357 0.9907
vn 0.2701 -0.9535 0.1339
vn -0.0979 0.9866 -0.1308
vn -0.1470 -0.9819 0.1197
vn -0.8769 0.4706 -0.0979
vn -0.8769 0.4705 -0.0979
vn -0.5626 0.8166 -0.1289
vn 0.8566 -0.5058 0.1016
vn -0.6720 0.7303 -0.1226
vn -0.1578 0.9786 -0.1324
vn 0.6826 -0.7205 0.1218
vn 0.6827 -0.7205 0.1218
vn -0.8000 -0.5985 0.0426
vn -0.8782 0.4682 -0.0977
vn -0.1039 -0.9870 0.1222
vn 0.7959 -0.5953 0.1106
vn 0.7410 0.6693 -0.0541
vn 0.8618 -0.4971 0.1007
vn -0.5852 0.8007 -0.1279
vn -0.5369 0.8336 -0.1299
vn -0.5369 0.8335 -0.1299
vn 0.1018 0.9873 -0.1224
vn -0.9411 0.3279 -0.0825
vn -0.4242 0.8957 -0.1331
vn 0.1101 -0.9852 0.1312
vn -0.1203 -0.9853 0.1213
vn -0.8288 0.5495 -0.1061
vn -0.8300 0.5477 -0.1058
vn 0.1674 -0.9769 0.1325
vn 0.1675 -0.9769 0.1325
vn 0.5997 -0.7900 0.1272
vn -0.9861 0.1664 -0.0008
vn 0.0225 0.1341 0.9907
vn 0.0212 0.1342 0.9907
vn -0.9881 0.1539 0.0010
vn 0.9860 -0.1669 0.0009
vn 0.9872 -0.1596 -0.0002
vn -0.9877 0.1561 0.0006
vn 0.9471 -0.3210 0.0005
vn 0.0439 0.1287 0.9907
vn 0.0421 0.1292 0.9907
vn -0.9483 0.3175 -0.0001
vn -0.8826 0.4701 -0.0008
vn 0.0632 0.1204 0.9907
vn 0.8833 -0.4687 0.0006
vn -0.8885 0.4589 0.0009
vn 0.8824 -0.4705 0.0010
vn 0.8858 -0.4640 -0.0001
vn 0.0656 0.1190 0.9907
vn 0.0822 0.1083 0.9907
vn 0.0816 0.1087 0.9907
vn -0.7989 0.6014 -0.0000
vn -0.8034 0.5955 0.0009
vn 0.0099 0.1355 0.9907
vn 0.0132 0.1354 0.9907
vn 0.0119 0.1354 0.9907
vn 0.0045 0.1358 0.9907
vn 0.6946 0.7088 -0.1229
vn 0.0317 0.1322 0.9907
vn 0.0298 0.1324 0.9908
vn 0.0263 0.1334 0.9907
vn -0.3614 0.9268 -0.1016
vn -0.7127 0.6993 -0.0562
vn -0.7127 0.6992 -0.0562
vn 0.0687 0.1172 0.9907
vn -0.6489 -0.7504 0.1261
vn 0.8900 0.4452 -0.0982
vn 0.9275 0.3629 -0.0896
vn 0.7242 -0.6875 0.0542
vn -0.3104 0.9447 -0.1063
vn 0.8692 0.4837 -0.1022
vn 0.3226 0.9369 -0.1346
vn 0.3224 0.9370 -0.1348
vn -0.4836 0.8708 -0.0888
vn 0.9914 0.1161 -0.0611
vn 0.9342 -0.3569 0.0021
vn -0.9700 0.2425 0.0141
vn -0.7225 0.6892 -0.0544
vn 0.9364 0.3399 -0.0870
vn -0.9532 0.3022 0.0057
vn 0.5710 -0.8172 0.0779
vn 0.2533 0.9580 -0.1343
vn -0.7925 -0.5991 0.1135
vn -0.9382 0.3462 -0.0006
vn -0.5258 -0.8403 0.1318
vn -0.5258 -0.8403 0.1319
vn 0.6982 0.7053 -0.1226
vn 0.5674 -0.8197 0.0783
vn -0.7860 0.6167 -0.0422
vn 0.9228 0.3745 -0.0909
vn 0.5276 -0.8454 0.0835
vn 0.5277 -0.8453 0.0835
vn 0.3528 -0.9301 0.1024
vn -0.1612 0.9799 -0.1178
vn -0.4075 -0.9033 0.1343
vn 0.2327 -0.9660 0.1127
vn -0.3149 0.9432 -0.1059
vn -0.7134 -0.6901 0.1214
vn -0.7134 -0.6902 0.1214
vn 0.0583 -0.9906 0.1239
vn -0.2411 -0.9612 0.1341
vn -0.9702 -0.2306 0.0747
vn -0.5931 -0.7947 0.1292
vn -0.3412 -0.9303 0.1348
vn -0.3411 -0.9303 0.1347
vn -0.0924 0.9882 -0.1220
vn 0.5909 0.7963 -0.1293
vn -0.3473 0.9321 -0.1030
vn 0.2048 0.9697 -0.1335
vn -0.9516 -0.2962 0.0822
vn -0.5633 -0.8159 0.1304
vn 0.7195 -0.6923 0.0549
vn 0.7195 -0.6923 0.0550
vn -0.2730 -0.9526 0.1345
vn -0.2732 -0.9525 0.1345
vn 0.9461 -0.3238 -0.0027
vn 0.6210 0.7733 -0.1277
vn -0.0163 0.9919 -0.1260
vn -0.8971 -0.4311 0.0968
vn -0.2079 0.9714 -0.1144
vn 0.9916 -0.1259 -0.0301
vn 0.7390 0.6631 -0.1191
vn -0.9947 -0.0856 0.0572
vn 0.0852 0.1059 0.9907
vn 0.6894 -0.7243 0.0006
vn -0.5630 0.8264 -0.0009
vn 0.5643 -0.8256 0.0006
vn -0.2723 0.9622 -0.0009
vn 0.1304 0.0384 0.9907
vn -0.2824 0.9593 0.0006
vn 0.1180 0.0682 0.9907
vn 0.0907 0.1023 0.9906
vn 0.1023 0.0894 0.9907
vn 0.1081 0.0823 0.9907
vn 0.2876 0.9522 -0.1030
vn 0.2880 0.9521 -0.1030
vn 0.1173 0.0687 0.9907
vn 0.1208 0.0623 0.9907
vn 0.4946 -0.8691 0.0081
vn 0.1271 0.0494 0.9907
vn 0.1265 0.0491 0.9907
vn 0.1292 0.0422 0.9907
vn 0.8674 0.4792 -0.1337
vn -0.8839 -0.4482 0.1334
vn -0.8839 -0.4483 0.1336
vn -0.7754 -0.6172 0.1335
vn 0.2220 -0.9739 0.0467
vn 0.5235 0.8433 -0.1216
vn 0.6911 0.7109 -0.1309
vn 0.7076 0.6942 -0.1315
vn 0.7397 0.6598 -0.1325
vn 0.7397 0.6598 -0.1326
vn -0.9804 -0.1542 0.1227
vn 0.9882 0.0964 -0.1193
vn 0.9882 0.0963 -0.1192
vn -0.6998 -0.7021 0.1313
vn -0.9169 0.3919 0.0750
vn -0.9912 -0.0612 0.1170
vn 0.6683 0.7325 -0.1300
vn -0.8504 0.5229 0.0578
vn 0.9810 -0.1670 -0.0990
vn -0.8792 -0.4574 0.1335
vn 0.5349 0.8360 -0.1225
vn 0.9835 -0.1502 -0.1004
vn 0.7747 0.6180 -0.1336
vn 0.7748 0.6180 -0.1336
vn 0.6645 0.7359 -0.1298
vn 0.8758 0.4638 -0.1338
vn -0.5941 -0.7944 0.1260
vn -0.9279 -0.3490 0.1312
vn 0.1348 0.0169 0.9907
vn 0.1264 -0.9920 -0.0009
vn 0.1214 -0.9926 -0.0001
vn -0.0469 -0.9989 0.0009
vn 0.2060 0.9785 -0.0008
vn -0.1942 -0.9810 -0.0009
vn 0.1334 -0.0263 0.9907
vn 0.1936 0.9811 0.0010
vn 0.1958 0.9806 0.0005
vn 0.3603 0.9328 -0.0009
vn -0.3490 -0.9371 -0.0009
vn 0.1268 -0.0491 0.9907
vn -0.3538 -0.9353 -0.0001
vn 0.1361 0.0055 0.9907
vn 0.1335 0.0272 0.9907
vn 0.1345 0.0191 0.9907
vn 0.1358 0.0045 0.9907
vn 0.1357 0.0064 0.9907
vn -0.2283 0.9730 0.0328
vn 0.1297 -0.0404 0.9907
vn 0.1318 -0.0334 0.9907
vn 0.1326 -0.0298 0.9907
vn 0.5387 0.8395 -0.0718
vn -0.0989 0.9950 0.0153
vn 0.8933 0.4329 -0.1208
vn 0.9909 -0.0039 -0.1347
vn 0.8454 -0.5214 -0.1159
vn 0.5616 0.8240 -0.0749
vn -0.9909 0.0040 0.1348
vn 0.9607 -0.2445 -0.1311
vn 0.8422 -0.5267 -0.1155
vn 0.8422 -0.5266 -0.1154
vn -0.0931 0.9956 0.0145
vn -0.7298 0.6762 0.1004
vn -0.7299 0.6762 0.1004
vn -0.9616 0.2411 0.1312
vn 0.4361 -0.8978 -0.0609
vn -0.8178 0.5644 0.1122
vn -0.9816 -0.1371 0.1331
vn -0.9816 -0.1371 0.1332
vn -0.0492 -0.9988 0.0049
vn -0.4972 -0.8651 0.0660
vn 0.9892 0.0577 -0.1345
vn -0.5515 0.8306 0.0765
vn 0.4934 -0.8671 -0.0686
vn 0.2120 0.9769 -0.0270
vn -0.7488 -0.6552 0.1006
vn -0.5293 0.8453 0.0735
vn 0.8749 0.4697 -0.1182
vn 0.9880 -0.0761 -0.1345
vn -0.6879 -0.7199 0.0923
vn 0.0348 -0.9994 -0.0065
vn -0.8519 -0.5109 0.1150
vn -0.1469 0.9889 0.0217
vn -0.8505 -0.5133 0.1148
vn 0.7380 0.6674 -0.0991
vn 0.3648 0.9299 -0.0480
vn -0.8122 -0.5730 0.1094
vn 0.3477 0.9365 -0.0456
vn -0.7448 -0.6597 0.1002
vn 0.8765 -0.4662 -0.1200
vn 0.8765 -0.4662 -0.1201
vn 0.5053 0.8629 -0.0009
vn -0.5039 -0.8637 0.0006
vn -0.4948 -0.8690 -0.0007
vn 0.1173 -0.0687 0.9907
vn 0.1181 -0.0672 0.9907
vn 0.4943 0.8693 0.0010
vn -0.4993 -0.8664 -0.0002
vn 0.4963 0.8682 0.0006
vn -0.6359 -0.7717 0.0006
vn -0.6278 -0.7784 -0.0009
vn 0.1046 -0.0867 0.9907
vn -0.6375 -0.7704 0.0009
vn 0.7526 0.6585 -0.0009
vn 0.0895 -0.1023 0.9907
vn 0.0909 -0.1011 0.9907
vn 0.7456 0.6664 0.0006
vn -0.8420 -0.5395 -0.0009
vn 0.0718 -0.1154 0.9907
vn -0.8447 -0.5352 -0.0001
vn 0.0819 -0.1090 0.9907
vn 0.1121 -0.0774 0.9907
vn 0.1240 -0.0558 0.9907
vn 0.1102 -0.0794 0.9907
vn 0.1103 -0.0795 0.9907
vn 0.1069 -0.0839 0.9907
vn 0.8963 -0.4239 -0.1304
vn 0.0999 -0.0921 0.9907
vn 0.0823 -0.1082 0.9907
vn -0.7574 0.6391 0.1339
vn -0.7575 0.6390 0.1339
vn -0.6015 -0.7988 -0.0038
vn 0.6468 -0.7512 -0.1315
vn 0.3870 -0.9145 -0.1179
vn -0.7163 0.6850 0.1333
vn -0.7163 0.6849 0.1334
vn 0.9915 -0.0683 -0.1105
vn -0.9914 0.0705 0.1107
vn 0.7262 -0.6743 -0.1335
vn -0.8968 0.4229 0.1303
vn 0.8366 -0.5314 -0.1331
vn 0.7145 -0.6868 -0.1333
vn -0.1970 0.9750 0.1029
vn -0.6998 -0.7142 0.0137
vn -0.9915 0.0689 0.1105
vn -0.8875 0.4418 0.1309
vn 0.9144 -0.3838 -0.1289
vn -0.4263 0.8965 0.1205
vn 0.9802 -0.1599 -0.1169
vn -0.8917 0.4333 0.1306
vn 0.9602 -0.2511 -0.1225
vn 0.9601 -0.2512 -0.1226
vn 0.9601 -0.2512 -0.1225
vn -0.9660 -0.2453 0.0815
vn 0.9006 -0.4148 -0.1301
vn 0.8992 -0.4177 -0.1301
vn -0.8138 -0.5800 0.0371
vn 0.8921 -0.4325 -0.1307
vn -0.1249 0.9875 0.0963
vt 0.001567 0.035250
vt 0.096591 0.963739
vt 0.001567 0.963739
vt 0.415285 0.499566
vt 0.118954 0.458798
vt 0.117420 0.479728
vt 0.409222 0.727431
vt 0.111561 0.773365
vt 0.409980 0.765425
vt 0.411243 0.803404
vt 0.112956 0.815313
vt 0.114909 0.857239
vt 0.413012 0.841364
vt 0.415285 0.879297
vt 0.117420 0.899135
vt 0.118954 0.920065
vt 0.416673 0.898246
vt 0.114909 0.521624
vt 0.413012 0.537499
vt 0.411243 0.575459
vt 0.112956 0.563550
vt 0.111561 0.605498
vt 0.409980 0.613438
vt 0.384863 0.981858
vt 0.112595 0.985173
vt 0.112616 0.980388
vt 0.384822 0.990897
vt 0.112591 0.985388
vt 0.384841 0.986708
vt 0.001567 0.035251
vt 0.096591 0.963739
vt 0.096591 0.035251
vt 0.384884 0.977114
vt 0.112615 0.980173
vt 0.112635 0.975435
vt 0.001567 0.035250
vt 0.096591 0.035249
vt 0.000000 0.000000
vt 0.872236 0.277492
vt 0.882107 0.569395
vt 0.871205 0.569403
vt 0.869884 0.277492
vt 0.859433 0.569395
vt 0.859433 0.277483
vt 0.001567 0.035262
vt 0.096591 0.963738
vt 0.001567 0.963739
vt 0.001567 0.035249
vt 0.096591 0.963739
vt 0.001567 0.963739
vt 0.001567 0.035251
vt 0.096591 0.035251
vt 0.001567 0.035261
vt 0.096591 0.963739
vt 0.096591 0.035261
vt 0.001567 0.035253
vt 0.096591 0.963739
vt 0.719329 0.499566
vt 0.422998 0.458798
vt 0.421464 0.479728
vt 0.715288 0.803404
vt 0.415605 0.773365
vt 0.417000 0.815313
vt 0.418954 0.857239
vt 0.717056 0.841364
vt 0.421464 0.899135
vt 0.719329 0.879297
vt 0.422998 0.920065
vt 0.720718 0.898246
vt 0.717056 0.537499
vt 0.418954 0.521624
vt 0.417000 0.563550
vt 0.715288 0.575459
vt 0.415605 0.605498
vt 0.714024 0.613438
vt 0.001567 0.963738
vt 0.096591 0.035252
vt 0.096591 0.035250
vt 0.414398 0.053277
vt 0.710729 0.012509
vt 0.712263 0.033439
vt 0.416671 0.395075
vt 0.716727 0.369024
vt 0.714773 0.410950
vt 0.712263 0.452846
vt 0.414398 0.433008
vt 0.416671 0.091210
vt 0.714773 0.075335
vt 0.384844 0.986190
vt 0.001567 0.963739
vt 0.001567 0.963739
vt 0.875041 0.400487
vt 0.872350 0.437261
vt 0.862645 0.433975
vt 0.874337 0.391936
vt 0.863703 0.420974
vt 0.863703 0.378833
vt 0.869987 0.419107
vt 0.869987 0.443366
vt 0.847714 0.434297
vt 0.879166 0.415322
vt 0.862728 0.426413
vt 0.860159 0.414071
vt 0.847862 0.497139
vt 0.842360 0.509991
vt 0.822939 0.497179
vt 0.110723 0.647461
vt 0.319241 0.650235
vt 0.319057 0.647505
vt 0.409222 0.651432
vt 0.322733 0.650281
vt 0.344745 0.666901
vt 0.110444 0.689431
vt 0.305657 0.689431
vt 0.253892 0.691968
vt 0.253396 0.704636
vt 0.261116 0.695046
vt 0.291890 0.704255
vt 0.290089 0.695586
vt 0.285710 0.699340
vt 0.305657 0.689431
vt 0.231756 0.690918
vt 0.414768 0.647461
vt 0.576840 0.649617
vt 0.574814 0.646179
vt 0.713013 0.689431
vt 0.713266 0.651432
vt 0.613102 0.650099
vt 0.587526 0.689431
vt 0.588160 0.687532
vt 0.586982 0.666820
vt 0.578645 0.705878
vt 0.587526 0.689431
vt 0.540097 0.728306
vt 0.713266 0.727431
vt 0.595083 0.711585
vt 0.587731 0.721260
vt 0.714024 0.765425
vt 0.577113 0.750636
vt 0.559816 0.197735
vt 0.718122 0.159209
vt 0.563112 0.203245
vt 0.531460 0.165618
vt 0.544830 0.194488
vt 0.522488 0.193284
vt 0.718959 0.201172
vt 0.589303 0.243142
vt 0.576187 0.225098
vt 0.558977 0.221359
vt 0.537255 0.243142
vt 0.521905 0.215164
vt 0.420461 0.205143
vt 0.500718 0.204075
vt 0.493973 0.207418
vt 0.637809 0.282965
vt 0.620032 0.272655
vt 0.719238 0.243142
vt 0.420461 0.281142
vt 0.527292 0.243142
vt 0.547156 0.282828
vt 0.572949 0.244933
vt 0.588694 0.265172
vt 0.556838 0.278836
vt 0.547156 0.282828
vt 0.548675 0.285861
vt 0.526593 0.303897
vt 0.718122 0.327076
vt 0.550317 0.322611
vt 0.588926 0.303114
vt 0.418440 0.357115
vt 0.576535 0.355426
vt 0.710729 0.473776
vt 0.413009 0.451957
vt 0.716727 0.117261
vt 0.542654 0.124210
vt 0.545333 0.119385
vt 0.418440 0.129170
vt 0.503683 0.125766
vt 0.499291 0.126439
vt 0.542654 0.124210
vt 0.542871 0.163872
vt 0.096142 0.393924
vt 0.002172 0.361457
vt 0.002172 0.393977
vt 0.096142 0.154197
vt 0.002172 0.154197
vt 0.002172 0.166316
vt 0.002172 0.102734
vt 0.096142 0.127584
vt 0.002172 0.127615
vt 0.002172 0.403912
vt 0.002172 0.219341
vt 0.096142 0.198645
vt 0.002172 0.198645
vt 0.096142 0.435923
vt 0.002172 0.435976
vt 0.002172 0.449834
vt 0.096142 0.219341
vt 0.002172 0.255741
vt 0.096142 0.464787
vt 0.002172 0.464840
vt 0.002172 0.506934
vt 0.096142 0.261820
vt 0.002172 0.261820
vt 0.002172 0.265430
vt 0.096142 0.620596
vt 0.002172 0.560638
vt 0.002172 0.620649
vt 0.096142 0.286162
vt 0.002172 0.286162
vt 0.002172 0.322729
vt 0.096142 0.868832
vt 0.002172 0.893828
vt 0.002172 0.868863
vt 0.096142 0.346678
vt 0.002172 0.329626
vt 0.002172 0.346678
vt 0.096142 0.835001
vt 0.002172 0.835032
vt 0.096142 0.520170
vt 0.002172 0.520170
vt 0.002172 0.516597
vt 0.002172 0.832286
vt 0.096142 0.435495
vt 0.002172 0.463117
vt 0.002172 0.435495
vt 0.096142 0.798851
vt 0.002172 0.798881
vt 0.002172 0.772147
vt 0.002172 0.433857
vt 0.096142 0.716825
vt 0.002172 0.758824
vt 0.002172 0.716856
vt 0.096142 0.417452
vt 0.002172 0.428619
vt 0.002172 0.417452
vt 0.002172 0.714851
vt 0.096142 0.401416
vt 0.002172 0.401416
vt 0.096142 0.647121
vt 0.002172 0.687542
vt 0.002172 0.647153
vt 0.096142 0.384463
vt 0.002172 0.384463
vt 0.002172 0.641291
vt 0.002172 0.370569
vt 0.096142 0.585655
vt 0.002172 0.585688
vt 0.002172 0.578408
vt 0.096142 0.336833
vt 0.002172 0.336833
vt 0.002172 0.312373
vt 0.096142 0.554219
vt 0.002172 0.554251
vt 0.002172 0.520815
vt 0.096142 0.251096
vt 0.002172 0.305937
vt 0.002172 0.251096
vt 0.002172 0.470820
vt 0.096142 0.514098
vt 0.002172 0.514129
vt 0.002172 0.245830
vt 0.096142 0.470789
vt 0.002172 0.462348
vt 0.002172 0.192098
vt 0.096142 0.219476
vt 0.002172 0.219476
vt 0.096142 0.428716
vt 0.002172 0.428747
vt 0.002172 0.399312
vt 0.096142 0.192098
vt 0.002172 0.189455
vt 0.096142 0.164448
vt 0.002172 0.193437
vt 0.002172 0.164448
vt 0.002172 0.368053
vt 0.096142 0.397582
vt 0.002172 0.397612
vt 0.002172 0.164552
vt 0.096142 0.179750
vt 0.002172 0.179750
vt 0.096142 0.102702
vt 0.002172 0.131948
vt 0.002172 0.102702
vt 0.002172 0.342809
vt 0.096142 0.368022
vt 0.002172 0.148778
vt 0.096142 0.164552
vt 0.002172 0.147766
vt 0.002172 0.315688
vt 0.096142 0.342778
vt 0.002172 0.137030
vt 0.096142 0.148778
vt 0.096142 0.198545
vt 0.002172 0.214791
vt 0.002172 0.198545
vt 0.096142 0.315658
vt 0.002172 0.312924
vt 0.002172 0.102702
vt 0.096142 0.137030
vt 0.002172 0.127397
vt 0.002172 0.102701
vt 0.002172 0.245438
vt 0.096142 0.284607
vt 0.002172 0.284638
vt 0.096142 0.169558
vt 0.002172 0.102756
vt 0.002172 0.169613
vt 0.096142 0.147740
vt 0.002172 0.147740
vt 0.002172 0.137320
vt 0.002172 0.192088
vt 0.096142 0.245407
vt 0.002172 0.202039
vt 0.002172 0.175240
vt 0.096142 0.192057
vt 0.096142 0.263469
vt 0.002172 0.225899
vt 0.002172 0.263523
vt 0.096142 0.102702
vt 0.002172 0.102702
vt 0.002172 0.120080
vt 0.096142 0.175209
vt 0.002172 0.159422
vt 0.002172 0.267999
vt 0.002172 0.326559
vt 0.096142 0.136681
vt 0.002172 0.136682
vt 0.096142 0.147795
vt 0.002172 0.147827
vt 0.001567 0.963740
vt 0.096591 0.035262
vt 0.110354 0.053277
vt 0.406685 0.012509
vt 0.408218 0.033439
vt 0.114395 0.357115
vt 0.414077 0.327076
vt 0.412683 0.369024
vt 0.410729 0.410950
vt 0.112626 0.395075
vt 0.408218 0.452846
vt 0.110354 0.433008
vt 0.410729 0.075335
vt 0.112627 0.091210
vt 0.114395 0.129170
vt 0.412683 0.117261
vt 0.115658 0.167149
vt 0.414077 0.159209
vt 0.406685 0.473776
vt 0.108965 0.451957
vt 0.859591 0.462945
vt 0.855651 0.455883
vt 0.858969 0.447347
vt 0.549420 0.649252
vt 0.646816 0.650548
vt 0.649225 0.648346
vt 0.538228 0.689431
vt 0.544913 0.649192
vt 0.613593 0.657850
vt 0.646817 0.650548
vt 0.549420 0.649252
vt 0.648998 0.681225
vt 0.635015 0.670476
vt 0.623621 0.669083
vt 0.603424 0.728892
vt 0.593753 0.719992
vt 0.534912 0.709397
vt 0.606622 0.720718
vt 0.616615 0.726366
vt 0.648756 0.716477
vt 0.648564 0.744326
vt 0.608227 0.733312
vt 0.002678 0.793360
vt 0.095027 0.768203
vt 0.002752 0.768207
vt 0.095650 0.494916
vt 0.002780 0.525998
vt 0.002780 0.494917
vt 0.095650 0.308434
vt 0.002780 0.339513
vt 0.002780 0.308431
vt 0.095027 0.216806
vt 0.002678 0.216803
vt 0.002700 0.222904
vt 0.095650 0.463835
vt 0.002780 0.463836
vt 0.002780 0.277350
vt 0.002749 0.291168
vt 0.095027 0.246235
vt 0.002733 0.246233
vt 0.095650 0.432756
vt 0.002780 0.432755
vt 0.002780 0.246268
vt 0.095650 0.277353
vt 0.002814 0.334924
vt 0.095027 0.291170
vt 0.095650 0.401676
vt 0.002780 0.401675
vt 0.095650 0.246271
vt 0.002780 0.228734
vt 0.095650 0.228738
vt 0.095027 0.155346
vt 0.002823 0.155342
vt 0.002700 0.212628
vt 0.095027 0.334926
vt 0.002782 0.436728
vt 0.095650 0.370595
vt 0.002780 0.370593
vt 0.002844 0.675432
vt 0.095027 0.563668
vt 0.002890 0.563672
vt 0.002780 0.588160
vt 0.095650 0.619241
vt 0.002780 0.619243
vt 0.095027 0.445517
vt 0.002787 0.449588
vt 0.002929 0.525838
vt 0.095027 0.793356
vt 0.002835 0.823334
vt 0.095027 0.675428
vt 0.002817 0.700001
vt 0.002780 0.557079
vt 0.095650 0.588158
vt 0.095650 0.622777
vt 0.002780 0.622780
vt 0.002780 0.712203
vt 0.095650 0.525997
vt 0.095650 0.339515
vt 0.904119 0.572148
vt 0.893820 0.573427
vt 0.891512 0.482271
vt 0.795716 0.288586
vt 0.805045 0.283794
vt 0.859314 0.389341
vt 0.636837 0.182689
vt 0.649951 0.202090
vt 0.530101 0.164212
vt 0.551793 0.203396
vt 0.604100 0.162243
vt 0.564660 0.202986
vt 0.542663 0.163878
vt 0.566325 0.213505
vt 0.606114 0.232302
vt 0.566032 0.243142
vt 0.639261 0.218783
vt 0.653458 0.207279
vt 0.420714 0.243142
vt 0.551793 0.203396
vt 0.619489 0.243142
vt 0.718959 0.285113
vt 0.611553 0.283684
vt 0.555140 0.243142
vt 0.496633 0.282156
vt 0.482774 0.269438
vt 0.606114 0.256831
vt 0.600427 0.283536
vt 0.565637 0.283073
vt 0.498849 0.284189
vt 0.554994 0.282932
vt 0.554986 0.284901
vt 0.610642 0.293278
vt 0.565637 0.283073
vt 0.599826 0.286360
vt 0.565599 0.286870
vt 0.482348 0.281966
vt 0.481889 0.295462
vt 0.615554 0.364985
vt 0.612766 0.324273
vt 0.602600 0.324002
vt 0.605149 0.364570
vt 0.609170 0.405326
vt 0.634802 0.404169
vt 0.605149 0.364570
vt 0.594062 0.404522
vt 0.594062 0.404522
vt 0.592863 0.406062
vt 0.510928 0.075803
vt 0.550392 0.083282
vt 0.607392 0.121626
vt 0.551503 0.084030
vt 0.568489 0.111702
vt 0.569296 0.123147
vt 0.520842 0.125081
vt 0.474427 0.096230
vt 0.620684 0.148826
vt 0.616788 0.127946
vt 0.419703 0.167149
vt 0.508707 0.125566
vt 0.530101 0.164212
vt 0.520843 0.125081
vt 0.569296 0.123147
vt 0.570154 0.135317
vt 0.095891 0.159235
vt 0.003307 0.121694
vt 0.003307 0.159235
vt 0.003389 0.282610
vt 0.003389 0.351723
vt 0.095972 0.281236
vt 0.003542 0.571430
vt 0.095360 0.629036
vt 0.003542 0.629036
vt 0.095891 0.345800
vt 0.003307 0.325785
vt 0.003307 0.345800
vt 0.003389 0.385135
vt 0.095972 0.363341
vt 0.003389 0.363341
vt 0.003542 0.569410
vt 0.003542 0.528583
vt 0.095360 0.571430
vt 0.095891 0.300617
vt 0.003307 0.300617
vt 0.003307 0.314662
vt 0.095972 0.385135
vt 0.003389 0.399222
vt 0.003542 0.440925
vt 0.003542 0.395601
vt 0.095360 0.369402
vt 0.095891 0.269639
vt 0.003307 0.269639
vt 0.003307 0.272601
vt 0.003389 0.423801
vt 0.095972 0.406451
vt 0.003389 0.406451
vt 0.095360 0.345800
vt 0.003542 0.369402
vt 0.003542 0.345800
vt 0.095972 0.423802
vt 0.003389 0.447829
vt 0.003542 0.327003
vt 0.003389 0.473005
vt 0.095972 0.454256
vt 0.003389 0.454256
vt 0.095360 0.302882
vt 0.003542 0.302883
vt 0.003542 0.291783
vt 0.003389 0.491488
vt 0.095972 0.473005
vt 0.003542 0.247587
vt 0.003542 0.201914
vt 0.095360 0.279452
vt 0.095972 0.491488
vt 0.003389 0.505383
vt 0.003542 0.115680
vt 0.095360 0.155875
vt 0.003542 0.155874
vt 0.095972 0.680071
vt 0.003389 0.680071
vt 0.003389 0.706398
vt 0.095972 0.514732
vt 0.003389 0.514731
vt 0.003389 0.548551
vt 0.095972 0.115680
vt 0.003389 0.115680
vt 0.003389 0.156687
vt 0.095972 0.723146
vt 0.003389 0.723147
vt 0.003389 0.725150
vt 0.003389 0.590315
vt 0.003389 0.632186
vt 0.095972 0.654486
vt 0.095972 0.222066
vt 0.003389 0.186930
vt 0.003389 0.222066
vt 0.003389 0.770622
vt 0.003389 0.812328
vt 0.095972 0.746168
vt 0.003389 0.654486
vt 0.003389 0.234583
vt 0.095360 0.678140
vt 0.003542 0.800194
vt 0.003542 0.678140
vt 0.095891 0.234517
vt 0.003307 0.234517
vt 0.095972 0.265114
vt 0.003389 0.246355
vt 0.003389 0.265114
vt 0.003542 0.664284
vt 0.003307 0.189647
vt 0.003389 0.280192
vt 0.095360 0.651422
vt 0.003542 0.651422
vt 0.003542 0.632122
vt 0.839216 0.453393
vt 0.828149 0.465358
vt 0.900941 0.456845
vt 0.881853 0.426391
vt 0.857319 0.457504
vt 0.880417 0.442068
vt 0.414915 0.201172
vt 0.259570 0.203238
vt 0.264532 0.194199
vt 0.116417 0.205143
vt 0.247616 0.203397
vt 0.213887 0.221738
vt 0.259570 0.203238
vt 0.415194 0.243142
vt 0.252576 0.234370
vt 0.116417 0.281142
vt 0.116669 0.243142
vt 0.244219 0.243142
vt 0.257611 0.283021
vt 0.256461 0.294079
vt 0.003188 0.230893
vt 0.092677 0.192657
vt 0.092677 0.230893
vt 0.003044 0.187302
vt 0.092871 0.214094
vt 0.092868 0.147550
vt 0.003336 0.514215
vt 0.092686 0.468675
vt 0.092682 0.545588
vt 0.003054 0.192657
vt 0.092673 0.158540
vt 0.003256 0.251802
vt 0.003140 0.214094
vt 0.003175 0.468675
vt 0.092682 0.418270
vt 0.002951 0.158541
vt 0.092677 0.119502
vt 0.003411 0.369308
vt 0.092871 0.251803
vt 0.002808 0.766528
vt 0.092682 0.697685
vt 0.092686 0.903801
vt 0.003112 0.418270
vt 0.092686 0.367309
vt 0.002866 0.660817
vt 0.092682 0.659941
vt 0.003108 0.319347
vt 0.002956 0.367309
vt 0.002987 0.616711
vt 0.002871 0.659941
vt 0.003242 0.273855
vt 0.092682 0.319347
vt 0.003081 0.585119
vt 0.092682 0.616711
vt 0.092677 0.273855
vt 0.003287 0.256241
vt 0.003140 0.462827
vt 0.092866 0.545588
vt 0.092873 0.369308
vt 0.003220 0.545589
vt 0.092682 0.585119
vt 0.868478 0.419490
vt 0.842960 0.420162
vt 0.857415 0.435796
vt 0.096591 0.035249
vt 0.877120 0.442132
vt 0.877278 0.417892
vt 0.857826 0.429042
vt 0.872094 0.440028
vt 0.873749 0.416733
vt 0.852464 0.426710
vt 0.115658 0.319136
vt 0.853981 0.414613
vt 0.852149 0.421339
vt 0.881720 0.432766
vt 0.918312 0.420365
vt 0.921705 0.414517
vt 0.919121 0.412495
vt 0.885421 0.434060
vt 0.869143 0.419940
vt 0.858461 0.435684
vt 0.908840 0.476445
vt 0.899760 0.474144
vt 0.884957 0.484473
vt 0.256090 0.649395
vt 0.264961 0.633648
vt 0.278890 0.656440
vt 0.251764 0.657073
vt 0.273600 0.688829
vt 0.222415 0.729916
vt 0.239373 0.712366
vt 0.327133 0.696069
vt 0.273849 0.696579
vt 0.276072 0.729203
vt 0.276072 0.729203
vt 0.280917 0.729866
vt 0.190564 0.771263
vt 0.178451 0.758078
vt 0.200078 0.771010
vt 0.200010 0.781545
vt 0.583533 0.610018
vt 0.601831 0.610453
vt 0.607838 0.622651
vt 0.606775 0.635928
vt 0.575494 0.652427
vt 0.501493 0.673125
vt 0.504727 0.689431
vt 0.494220 0.666205
vt 0.491673 0.653668
vt 0.601155 0.649940
vt 0.628788 0.689431
vt 0.636553 0.698592
vt 0.612018 0.707113
vt 0.504727 0.689431
vt 0.548395 0.690070
vt 0.571444 0.689671
vt 0.500985 0.706868
vt 0.489113 0.704396
vt 0.414768 0.731402
vt 0.566101 0.740777
vt 0.553276 0.729560
vt 0.601831 0.610453
vt 0.587233 0.243142
vt 0.559954 0.236146
vt 0.496999 0.282160
vt 0.473556 0.281849
vt 0.502156 0.261162
vt 0.526698 0.281520
vt 0.528088 0.282574
vt 0.525443 0.282539
vt 0.662862 0.280490
vt 0.473556 0.281849
vt 0.488788 0.286083
vt 0.478297 0.283904
vt 0.419703 0.319136
vt 0.498840 0.304116
vt 0.240725 0.224716
vt 0.254974 0.243142
vt 0.255623 0.243982
vt 0.260479 0.262820
vt 0.246872 0.247994
vt 0.414915 0.285113
vt 0.246188 0.277342
vt 0.002248 0.349480
vt 0.096157 0.366872
vt 0.002248 0.366872
vt 0.002248 0.556746
vt 0.096157 0.566961
vt 0.096157 0.556746
vt 0.002248 0.540475
vt 0.002248 0.533110
vt 0.096157 0.509209
vt 0.002248 0.509208
vt 0.002248 0.131289
vt 0.002248 0.166021
vt 0.096157 0.166021
vt 0.096157 0.489982
vt 0.002248 0.489983
vt 0.002248 0.820197
vt 0.096157 0.900431
vt 0.096157 0.820197
vt 0.002248 0.488167
vt 0.096157 0.474210
vt 0.002248 0.776965
vt 0.096157 0.774924
vt 0.002248 0.457454
vt 0.096157 0.457453
vt 0.002248 0.772723
vt 0.096157 0.754980
vt 0.002248 0.439804
vt 0.096157 0.439804
vt 0.002248 0.743141
vt 0.096157 0.694601
vt 0.002248 0.423095
vt 0.096157 0.423095
vt 0.002248 0.694601
vt 0.096157 0.586612
vt 0.002248 0.586612
vt 0.002248 0.406745
vt 0.096157 0.406745
vt 0.002248 0.557666
vt 0.096157 0.557666
vt 0.002248 0.393988
vt 0.096157 0.393987
vt 0.096157 0.511275
vt 0.002248 0.511275
vt 0.002248 0.377968
vt 0.096157 0.377969
vt 0.002248 0.482851
vt 0.096157 0.482850
vt 0.002248 0.365180
vt 0.096157 0.365180
vt 0.096157 0.369991
vt 0.002248 0.369992
vt 0.002248 0.405536
vt 0.002248 0.353248
vt 0.096157 0.353247
vt 0.002248 0.347761
vt 0.096157 0.290502
vt 0.002248 0.351551
vt 0.096157 0.344861
vt 0.002248 0.267534
vt 0.096157 0.267534
vt 0.002248 0.333988
vt 0.096157 0.333987
vt 0.096157 0.229699
vt 0.002248 0.229699
vt 0.002248 0.241184
vt 0.002248 0.320741
vt 0.096157 0.320740
vt 0.002248 0.216175
vt 0.096157 0.216175
vt 0.002248 0.307967
vt 0.096157 0.307967
vt 0.002248 0.525384
vt 0.096157 0.510980
vt 0.096157 0.525384
vt 0.002248 0.209653
vt 0.096157 0.204497
vt 0.002248 0.297650
vt 0.096157 0.297649
vt 0.002248 0.495973
vt 0.096157 0.495386
vt 0.002248 0.204498
vt 0.096157 0.193791
vt 0.002248 0.193791
vt 0.002248 0.291244
vt 0.096157 0.291243
vt 0.002248 0.495387
vt 0.096157 0.476211
vt 0.096157 0.177249
vt 0.002248 0.177249
vt 0.002248 0.285897
vt 0.096157 0.278790
vt 0.002248 0.460904
vt 0.002248 0.476211
vt 0.002248 0.270601
vt 0.096157 0.270601
vt 0.002248 0.261996
vt 0.096157 0.261996
vt 0.002248 0.567418
vt 0.096157 0.587734
vt 0.096157 0.507109
vt 0.002248 0.251738
vt 0.096157 0.251737
vt 0.002248 0.633508
vt 0.002248 0.587752
vt 0.002248 0.221394
vt 0.096157 0.182405
vt 0.002248 0.182405
vt 0.002248 0.246105
vt 0.096157 0.246105
vt 0.002248 0.700763
vt 0.096157 0.633491
vt 0.002248 0.149557
vt 0.096157 0.154946
vt 0.096157 0.123851
vt 0.002248 0.238880
vt 0.096157 0.238879
vt 0.096157 0.740717
vt 0.096157 0.700746
vt 0.002248 0.154946
vt 0.002248 0.231578
vt 0.096157 0.231578
vt 0.002248 0.157235
vt 0.096157 0.182021
vt 0.096157 0.125396
vt 0.002248 0.141688
vt 0.095999 0.125396
vt 0.095999 0.153836
vt 0.002248 0.223430
vt 0.096157 0.223429
vt 0.002248 0.182038
vt 0.096157 0.212588
vt 0.002248 0.155176
vt 0.095999 0.184567
vt 0.096157 0.216268
vt 0.002248 0.216268
vt 0.002248 0.212605
vt 0.096157 0.291218
vt 0.002248 0.208246
vt 0.002248 0.184567
vt 0.096157 0.206507
vt 0.002248 0.206506
vt 0.002248 0.291235
vt 0.002248 0.292577
vt 0.096157 0.195447
vt 0.002248 0.195448
vt 0.002248 0.374452
vt 0.096157 0.422879
vt 0.096157 0.343638
vt 0.096157 0.184387
vt 0.002248 0.184387
vt 0.002248 0.422896
vt 0.096157 0.444709
vt 0.096157 0.179612
vt 0.002248 0.179612
vt 0.002248 0.467322
vt 0.096157 0.484924
vt 0.002248 0.172049
vt 0.096157 0.172049
vt 0.002248 0.498231
vt 0.002248 0.156731
vt 0.096157 0.156730
vt 0.002248 0.183948
vt 0.095999 0.156200
vt 0.095999 0.188561
vt 0.002248 0.139144
vt 0.096157 0.139142
vt 0.095999 0.223557
vt 0.002248 0.223557
vt 0.002248 0.217385
vt 0.002248 0.133739
vt 0.096157 0.125396
vt 0.002248 0.122548
vt 0.095999 0.122547
vt 0.002248 0.125988
vt 0.096157 0.125396
vt 0.096157 0.141179
vt 0.002248 0.223581
vt 0.095999 0.189311
vt 0.002248 0.189335
vt 0.096157 0.157991
vt 0.002248 0.141179
vt 0.002248 0.131752
vt 0.002248 0.155407
vt 0.095999 0.155382
vt 0.002248 0.157991
vt 0.096157 0.172620
vt 0.002248 0.172619
vt 0.002248 0.178214
vt 0.002248 0.177118
vt 0.096157 0.184644
vt 0.002248 0.448978
vt 0.096157 0.460904
vt 0.002248 0.184644
vt 0.096157 0.199312
vt 0.002248 0.199312
vt 0.002248 0.434584
vt 0.096157 0.448978
vt 0.096157 0.216050
vt 0.002248 0.417855
vt 0.096157 0.434584
vt 0.002248 0.216049
vt 0.096157 0.236620
vt 0.002248 0.236621
vt 0.096157 0.398733
vt 0.096157 0.417856
vt 0.002248 0.243796
vt 0.096157 0.255040
vt 0.002248 0.388409
vt 0.096157 0.380500
vt 0.002248 0.255040
vt 0.096157 0.261541
vt 0.002248 0.261541
vt 0.002248 0.380500
vt 0.096157 0.279216
vt 0.002248 0.279216
vt 0.002248 0.541533
vt 0.096157 0.541533
vt 0.096157 0.294457
vt 0.002248 0.294458
vt 0.002248 0.548665
vt 0.096157 0.553032
vt 0.096157 0.307217
vt 0.002248 0.307217
vt 0.002248 0.553032
vt 0.096157 0.567749
vt 0.002248 0.567748
vt 0.096157 0.320985
vt 0.002248 0.320985
vt 0.002248 0.604740
vt 0.096157 0.604740
vt 0.096157 0.335027
vt 0.002248 0.335027
vt 0.002248 0.594017
vt 0.096157 0.580131
vt 0.002248 0.580131
vt 0.096157 0.349480
vt 0.002248 0.345826
vt 0.002248 0.566962
vt 0.829746 0.381000
vt 0.829678 0.391688
vt 0.819865 0.380525
vt 0.911792 0.409233
vt 0.917522 0.405554
vt 0.912894 0.431960
vt 0.839654 0.412605
vt 0.863097 0.417562
vt 0.840400 0.420355
vt 0.839518 0.407704
vt 0.857967 0.410216
vt 0.839871 0.411737
vt 0.856307 0.441241
vt 0.852898 0.433583
vt 0.859906 0.432470
vt 0.897526 0.443702
vt 0.893599 0.432410
vt 0.937815 0.411088
vt 0.162292 0.615383
vt 0.158282 0.608553
vt 0.232100 0.623191
vt 0.208440 0.632757
vt 0.175159 0.669944
vt 0.174282 0.658759
vt 0.180949 0.664416
vt 0.185489 0.676000
vt 0.225429 0.687815
vt 0.241683 0.702682
vt 0.201635 0.696353
vt 0.110723 0.731402
vt 0.408969 0.689431
vt 0.269410 0.697904
vt 0.283338 0.702036
vt 0.356055 0.738476
vt 0.308690 0.728769
vt 0.264785 0.755550
vt 0.277901 0.767842
vt 0.294081 0.728963
vt 0.264636 0.790053
vt 0.185874 0.607475
vt 0.208305 0.595474
vt 0.096290 0.329745
vt 0.001707 0.329670
vt 0.001707 0.312660
vt 0.547500 0.645778
vt 0.555976 0.646223
vt 0.588609 0.661375
vt 0.593211 0.661301
vt 0.571389 0.652699
vt 0.574152 0.682547
vt 0.574887 0.676448
vt 0.540575 0.659209
vt 0.500523 0.679112
vt 0.527271 0.655482
vt 0.588395 0.671895
vt 0.580665 0.670807
vt 0.588374 0.672961
vt 0.580528 0.720680
vt 0.096290 0.756481
vt 0.001707 0.760988
vt 0.001707 0.756490
vt 0.635996 0.202276
vt 0.639302 0.199051
vt 0.493561 0.211885
vt 0.556448 0.206742
vt 0.635996 0.202275
vt 0.594100 0.243142
vt 0.543564 0.217841
vt 0.545893 0.225527
vt 0.541667 0.226725
vt 0.518216 0.232551
vt 0.524020 0.232168
vt 0.543006 0.243142
vt 0.490828 0.243235
vt 0.565428 0.271109
vt 0.001707 0.178764
vt 0.096290 0.166984
vt 0.001707 0.166902
vt 0.190198 0.183842
vt 0.226143 0.203683
vt 0.217715 0.190078
vt 0.212176 0.164581
vt 0.231692 0.215177
vt 0.238729 0.243142
vt 0.195760 0.241954
vt 0.270897 0.218584
vt 0.263872 0.237873
vt 0.195857 0.243142
vt 0.238584 0.245844
vt 0.196460 0.250498
vt 0.262802 0.243142
vt 0.382014 0.256836
vt 0.153482 0.243142
vt 0.208384 0.282366
vt 0.256796 0.277147
vt 0.255954 0.282999
vt 0.224812 0.256451
vt 0.315508 0.324453
vt 0.317740 0.323580
vt 0.262767 0.294264
vt 0.262193 0.283081
vt 0.296925 0.283543
vt 0.255954 0.282999
vt 0.254092 0.295947
vt 0.212612 0.285386
vt 0.315508 0.324453
vt 0.221126 0.361376
vt 0.213911 0.361088
vt 0.237785 0.322385
vt 0.213911 0.361088
vt 0.211382 0.365188
vt 0.356946 0.119486
vt 0.334834 0.094518
vt 0.335559 0.120340
vt 0.276001 0.120050
vt 0.329758 0.104002
vt 0.220438 0.125441
vt 0.219696 0.124966
vt 0.222757 0.124843
vt 0.208018 0.125432
vt 0.207844 0.154281
vt 0.381319 0.147003
vt 0.001707 0.194640
vt 0.096290 0.187109
vt 0.001707 0.187104
vt 0.001707 0.204275
vt 0.096290 0.194644
vt 0.096290 0.159402
vt 0.001707 0.159331
vt 0.096290 0.772081
vt 0.001707 0.772089
vt 0.001707 0.770882
vt 0.096290 0.351996
vt 0.001707 0.351920
vt 0.001707 0.215058
vt 0.096290 0.204279
vt 0.096290 0.148476
vt 0.001707 0.148395
vt 0.001707 0.791012
vt 0.001707 0.392508
vt 0.001707 0.225471
vt 0.096290 0.215062
vt 0.096290 0.140325
vt 0.001707 0.140243
vt 0.096290 0.794831
vt 0.001707 0.794839
vt 0.001707 0.794307
vt 0.096290 0.457449
vt 0.001707 0.457373
vt 0.001707 0.440021
vt 0.096290 0.225475
vt 0.001707 0.238693
vt 0.001707 0.808416
vt 0.001707 0.472982
vt 0.001707 0.253030
vt 0.001707 0.358104
vt 0.096290 0.247594
vt 0.096290 0.825385
vt 0.001707 0.825394
vt 0.096290 0.473057
vt 0.001707 0.499428
vt 0.096290 0.373264
vt 0.001707 0.378979
vt 0.001707 0.451453
vt 0.096290 0.562768
vt 0.001707 0.524104
vt 0.001707 0.562768
vt 0.001707 0.188902
vt 0.001707 0.158776
vt 0.096290 0.191212
vt 0.096290 0.499503
vt 0.001707 0.517402
vt 0.096290 0.501055
vt 0.001707 0.501051
vt 0.001707 0.545439
vt 0.096290 0.524104
vt 0.001707 0.512535
vt 0.096290 0.198543
vt 0.001707 0.198552
vt 0.001707 0.192928
vt 0.096290 0.517476
vt 0.001707 0.539228
vt 0.001707 0.570211
vt 0.001707 0.562764
vt 0.096290 0.512536
vt 0.001707 0.504085
vt 0.096290 0.203231
vt 0.001707 0.203240
vt 0.096290 0.567855
vt 0.001707 0.567781
vt 0.001707 0.575497
vt 0.096290 0.570216
vt 0.096290 0.497355
vt 0.001707 0.497355
vt 0.001707 0.499333
vt 0.096290 0.215127
vt 0.001707 0.215136
vt 0.096290 0.588896
vt 0.001707 0.588821
vt 0.001707 0.582700
vt 0.096290 0.575502
vt 0.001707 0.489841
vt 0.096290 0.223117
vt 0.001707 0.223126
vt 0.096290 0.605226
vt 0.001707 0.605152
vt 0.001707 0.589599
vt 0.096290 0.582705
vt 0.096290 0.489841
vt 0.001707 0.482234
vt 0.001707 0.228644
vt 0.096290 0.622469
vt 0.001707 0.622394
vt 0.001707 0.611931
vt 0.001707 0.597241
vt 0.096290 0.589602
vt 0.096290 0.482233
vt 0.001707 0.474434
vt 0.096290 0.228635
vt 0.001707 0.236850
vt 0.001707 0.636301
vt 0.001707 0.604564
vt 0.096290 0.597246
vt 0.096290 0.474433
vt 0.001707 0.463810
vt 0.096290 0.245318
vt 0.001707 0.245327
vt 0.001707 0.239488
vt 0.096290 0.636375
vt 0.001707 0.650192
vt 0.001707 0.610537
vt 0.096290 0.604569
vt 0.096290 0.463810
vt 0.001707 0.455706
vt 0.001707 0.279488
vt 0.001707 0.259191
vt 0.096290 0.281629
vt 0.096290 0.665100
vt 0.001707 0.665025
vt 0.001707 0.663215
vt 0.096290 0.610540
vt 0.001707 0.619322
vt 0.096290 0.455706
vt 0.001707 0.446328
vt 0.001707 0.682617
vt 0.096290 0.182341
vt 0.001707 0.143427
vt 0.001707 0.182337
vt 0.096290 0.440056
vt 0.001707 0.440056
vt 0.096290 0.682692
vt 0.001707 0.695128
vt 0.096290 0.431816
vt 0.001707 0.431816
vt 0.096290 0.695205
vt 0.001707 0.706421
vt 0.096290 0.422472
vt 0.001707 0.422473
vt 0.096290 0.706496
vt 0.001707 0.716230
vt 0.096290 0.414517
vt 0.001707 0.414517
vt 0.096290 0.716305
vt 0.001707 0.745246
vt 0.096290 0.403047
vt 0.001707 0.403046
vt 0.096290 0.782709
vt 0.001707 0.782631
vt 0.001707 0.751130
vt 0.096290 0.332623
vt 0.001707 0.331563
vt 0.001707 0.286310
vt 0.096290 0.394849
vt 0.001707 0.394849
vt 0.096290 0.799772
vt 0.001707 0.799728
vt 0.096290 0.373990
vt 0.001707 0.373998
vt 0.001707 0.356963
vt 0.096290 0.384284
vt 0.001707 0.384284
vt 0.096290 0.811038
vt 0.001707 0.810959
vt 0.096290 0.429791
vt 0.001707 0.429799
vt 0.001707 0.413816
vt 0.096290 0.371757
vt 0.001707 0.371757
vt 0.001707 0.379663
vt 0.096290 0.829279
vt 0.001707 0.829201
vt 0.096290 0.447966
vt 0.001707 0.447975
vt 0.001707 0.434798
vt 0.096290 0.336590
vt 0.001707 0.336590
vt 0.001707 0.358668
vt 0.001707 0.658240
vt 0.096290 0.646837
vt 0.001707 0.646757
vt 0.096290 0.455129
vt 0.001707 0.455138
vt 0.001707 0.452738
vt 0.001707 0.308609
vt 0.096290 0.635545
vt 0.001707 0.635465
vt 0.096290 0.460133
vt 0.001707 0.460142
vt 0.096290 0.308609
vt 0.001707 0.297206
vt 0.096290 0.625026
vt 0.001707 0.624945
vt 0.096290 0.464334
vt 0.001707 0.464343
vt 0.096290 0.297206
vt 0.001707 0.288696
vt 0.001707 0.610308
vt 0.001707 0.476487
vt 0.096290 0.288696
vt 0.001707 0.279611
vt 0.096290 0.610388
vt 0.001707 0.604664
vt 0.096290 0.489253
vt 0.001707 0.489262
vt 0.001707 0.487091
vt 0.096290 0.269125
vt 0.001707 0.269125
vt 0.001707 0.276776
vt 0.096290 0.604745
vt 0.001707 0.594360
vt 0.096290 0.494345
vt 0.001707 0.494354
vt 0.001707 0.259584
vt 0.096290 0.580146
vt 0.001707 0.580066
vt 0.096290 0.498684
vt 0.001707 0.498693
vt 0.096290 0.259584
vt 0.001707 0.249074
vt 0.096290 0.560305
vt 0.001707 0.560224
vt 0.096290 0.503713
vt 0.001707 0.503722
vt 0.096290 0.237851
vt 0.001707 0.237852
vt 0.096290 0.528488
vt 0.001707 0.528408
vt 0.096290 0.509055
vt 0.001707 0.509064
vt 0.001707 0.506222
vt 0.096290 0.228120
vt 0.001707 0.228119
vt 0.001707 0.235583
vt 0.096290 0.513209
vt 0.001707 0.513130
vt 0.001707 0.520139
vt 0.096290 0.513920
vt 0.001707 0.513929
vt 0.096290 0.220533
vt 0.001707 0.220533
vt 0.096290 0.500026
vt 0.001707 0.499946
vt 0.096290 0.518956
vt 0.001707 0.518965
vt 0.096290 0.211567
vt 0.001707 0.211567
vt 0.096290 0.484620
vt 0.001707 0.484540
vt 0.096290 0.520841
vt 0.001707 0.520850
vt 0.096290 0.204061
vt 0.001707 0.204061
vt 0.096290 0.467869
vt 0.001707 0.467790
vt 0.096290 0.546542
vt 0.001707 0.546552
vt 0.001707 0.540097
vt 0.001707 0.179019
vt 0.001707 0.202082
vt 0.001707 0.424980
vt 0.096290 0.571591
vt 0.001707 0.571601
vt 0.096290 0.155928
vt 0.001707 0.187920
vt 0.001707 0.184067
vt 0.096290 0.408739
vt 0.001707 0.408660
vt 0.001707 0.415028
vt 0.096290 0.594857
vt 0.001707 0.594866
vt 0.001707 0.579337
vt 0.096290 0.225922
vt 0.001707 0.242544
vt 0.001707 0.225922
vt 0.096290 0.392108
vt 0.001707 0.392029
vt 0.096290 0.602691
vt 0.001707 0.602700
vt 0.096290 0.313206
vt 0.001707 0.313206
vt 0.096290 0.369164
vt 0.001707 0.369085
vt 0.096290 0.610402
vt 0.001707 0.610411
vt 0.001707 0.140324
vt 0.001707 0.155928
vt 0.096290 0.351174
vt 0.001707 0.351094
vt 0.096290 0.641701
vt 0.001707 0.641711
vt 0.001707 0.626822
vt 0.096290 0.337655
vt 0.001707 0.337576
vt 0.001707 0.670008
vt 0.096290 0.329633
vt 0.001707 0.329554
vt 0.096290 0.694612
vt 0.001707 0.694621
vt 0.001707 0.693551
vt 0.096290 0.250894
vt 0.001707 0.250812
vt 0.001707 0.302903
vt 0.096290 0.701175
vt 0.001707 0.701185
vt 0.001707 0.695014
vt 0.001707 0.150832
vt 0.001707 0.140248
vt 0.001707 0.239274
vt 0.096290 0.717586
vt 0.001707 0.717595
vt 0.001707 0.704723
vt 0.096290 0.166461
vt 0.001707 0.166384
vt 0.096290 0.167295
vt 0.001707 0.140328
vt 0.001707 0.167295
vt 0.096290 0.239355
vt 0.001707 0.225927
vt 0.096290 0.725317
vt 0.001707 0.725325
vt 0.001707 0.722642
vt 0.096290 0.182436
vt 0.001707 0.182359
vt 0.096290 0.255444
vt 0.001707 0.255447
vt 0.096290 0.226008
vt 0.001707 0.213479
vt 0.001707 0.733162
vt 0.096290 0.201417
vt 0.001707 0.201339
vt 0.001707 0.285454
vt 0.096290 0.213560
vt 0.001707 0.202572
vt 0.096290 0.733153
vt 0.001707 0.742335
vt 0.001707 0.216519
vt 0.096290 0.285454
vt 0.001707 0.339309
vt 0.096290 0.202652
vt 0.001707 0.195451
vt 0.096290 0.749573
vt 0.001707 0.749582
vt 0.001707 0.748677
vt 0.096290 0.268592
vt 0.001707 0.268515
vt 0.096290 0.178845
vt 0.096290 0.287034
vt 0.001707 0.286956
vt 0.849768 0.361798
vt 0.880365 0.424814
vt 0.825905 0.384044
vt 0.793798 0.502464
vt 0.806636 0.389875
vt 0.802855 0.498969
vt 0.819921 0.385294
vt 0.843825 0.405102
vt 0.876734 0.455830
vt 0.852922 0.442571
vt 0.864157 0.429377
vt 0.875026 0.405529
vt 0.842388 0.393592
vt 0.885559 0.390791
vt 0.915476 0.361033
vt 0.917506 0.375911
vt 0.912496 0.368913
vt 0.277979 0.609926
vt 0.287715 0.645580
vt 0.257837 0.649418
vt 0.200740 0.689431
vt 0.189262 0.668506
vt 0.278577 0.649694
vt 0.208010 0.689431
vt 0.203926 0.695239
vt 0.256803 0.529180
vt 0.261133 0.523592
vt 0.260770 0.546912
vt 0.266993 0.569700
vt 0.302850 0.571131
vt 0.261394 0.529425
vt 0.323130 0.571941
vt 0.259386 0.569396
vt 0.241565 0.548852
vt 0.259387 0.569396
vt 0.270651 0.609731
vt 0.341055 0.608110
vt 0.096496 0.352715
vt 0.002098 0.352732
vt 0.002098 0.340700
vt 0.590278 0.653270
vt 0.521854 0.680424
vt 0.589203 0.689431
vt 0.589162 0.669426
vt 0.535873 0.711568
vt 0.514072 0.695388
vt 0.529235 0.701983
vt 0.516804 0.690136
vt 0.600594 0.689431
vt 0.600281 0.697532
vt 0.603290 0.728894
vt 0.603626 0.732400
vt 0.002098 0.668729
vt 0.002098 0.624676
vt 0.096496 0.689807
vt 0.613574 0.202574
vt 0.610963 0.191968
vt 0.545457 0.163803
vt 0.540806 0.194067
vt 0.556020 0.163522
vt 0.575021 0.163017
vt 0.581479 0.168539
vt 0.623563 0.243142
vt 0.613574 0.202574
vt 0.538508 0.203572
vt 0.532958 0.226525
vt 0.611737 0.243142
vt 0.549599 0.203425
vt 0.602964 0.202715
vt 0.517269 0.279220
vt 0.526235 0.253752
vt 0.540260 0.245066
vt 0.611737 0.243142
vt 0.615161 0.258920
vt 0.571434 0.283151
vt 0.620740 0.265258
vt 0.635433 0.264659
vt 0.527147 0.282561
vt 0.542908 0.282771
vt 0.525007 0.288680
vt 0.516087 0.282414
vt 0.485126 0.303890
vt 0.476216 0.320639
vt 0.474383 0.324085
vt 0.556093 0.123674
vt 0.555961 0.120427
vt 0.586013 0.162724
vt 0.584469 0.160914
vt 0.540838 0.124283
vt 0.540109 0.124469
vt 0.561024 0.151048
vt 0.556020 0.163522
vt 0.557310 0.154485
vt 0.002098 0.197621
vt 0.096496 0.248799
vt 0.002098 0.248799
vt 0.262500 0.177058
vt 0.253493 0.243142
vt 0.277626 0.211998
vt 0.209162 0.243142
vt 0.218401 0.203786
vt 0.253494 0.243142
vt 0.240208 0.282789
vt 0.209162 0.243142
vt 0.208887 0.244314
vt 0.221550 0.319279
vt 0.096496 0.284542
vt 0.002098 0.284559
vt 0.002098 0.232303
vt 0.096496 0.152563
vt 0.002098 0.152563
vt 0.002098 0.689807
vt 0.096496 0.702954
vt 0.002098 0.702954
vt 0.096496 0.405886
vt 0.002098 0.405904
vt 0.002098 0.393895
vt 0.002098 0.147091
vt 0.096496 0.736566
vt 0.002098 0.736566
vt 0.002098 0.729129
vt 0.096496 0.412544
vt 0.002098 0.412562
vt 0.096496 0.098861
vt 0.002098 0.129141
vt 0.002098 0.098860
vt 0.096496 0.753494
vt 0.002098 0.753493
vt 0.002098 0.742709
vt 0.096496 0.447949
vt 0.002098 0.447967
vt 0.002098 0.436789
vt 0.096496 0.849507
vt 0.002098 0.849506
vt 0.002098 0.826366
vt 0.002098 0.489612
vt 0.002098 0.871536
vt 0.002098 0.556448
vt 0.002098 0.502029
vt 0.096496 0.489595
vt 0.002098 0.096194
vt 0.096496 0.133343
vt 0.002098 0.133343
vt 0.096496 0.223758
vt 0.002098 0.223775
vt 0.002098 0.198975
vt 0.002098 0.150381
vt 0.096496 0.098876
vt 0.002098 0.098876
vt 0.002098 0.104009
vt 0.096496 0.245540
vt 0.002098 0.245540
vt 0.002098 0.194453
vt 0.096496 0.165416
vt 0.002098 0.128968
vt 0.002098 0.165416
vt 0.002098 0.314253
vt 0.002098 0.270389
vt 0.002098 0.183190
vt 0.096496 0.435625
vt 0.002098 0.435626
vt 0.002098 0.363673
vt 0.096496 0.223189
vt 0.002098 0.187671
vt 0.002098 0.223190
vt 0.096496 0.458092
vt 0.002098 0.458093
vt 0.002098 0.450625
vt 0.096496 0.142671
vt 0.002098 0.098849
vt 0.002098 0.142671
vt 0.002098 0.237566
vt 0.096496 0.813858
vt 0.002098 0.874106
vt 0.096496 0.874106
vt 0.096496 0.260083
vt 0.002098 0.260083
vt 0.002098 0.291147
vt 0.096496 0.688422
vt 0.002098 0.688422
vt 0.002098 0.779624
vt 0.096496 0.304011
vt 0.002098 0.304011
vt 0.002098 0.344289
vt 0.096496 0.098861
vt 0.002098 0.098861
vt 0.002098 0.105937
vt 0.096496 0.593599
vt 0.002098 0.593599
vt 0.002098 0.683716
vt 0.096496 0.379341
vt 0.002098 0.346047
vt 0.002098 0.379341
vt 0.096496 0.169230
vt 0.002098 0.169231
vt 0.002098 0.185517
vt 0.096496 0.557127
vt 0.002098 0.557127
vt 0.002098 0.572874
vt 0.096496 0.397495
vt 0.002098 0.397495
vt 0.002098 0.271452
vt 0.096496 0.244820
vt 0.002098 0.244819
vt 0.096496 0.498967
vt 0.002098 0.498967
vt 0.002098 0.398485
vt 0.096496 0.286938
vt 0.002098 0.286939
vt 0.002098 0.388788
vt 0.096496 0.419017
vt 0.002098 0.419017
vt 0.002098 0.423291
vt 0.096496 0.425628
vt 0.002098 0.425628
vt 0.002098 0.284763
vt 0.002098 0.377216
vt 0.096496 0.282011
vt 0.002098 0.489912
vt 0.096496 0.443247
vt 0.002098 0.443247
vt 0.002098 0.458092
vt 0.002098 0.194973
vt 0.096496 0.489912
vt 0.002098 0.493041
vt 0.002098 0.507072
vt 0.002098 0.557980
vt 0.002098 0.612942
vt 0.096496 0.543611
vt 0.002098 0.533632
vt 0.096496 0.520143
vt 0.002098 0.532036
vt 0.002098 0.646592
vt 0.096496 0.630884
vt 0.002098 0.630884
vt 0.002098 0.691048
vt 0.096496 0.554028
vt 0.002098 0.554028
vt 0.002098 0.665938
vt 0.096496 0.646592
vt 0.096496 0.691047
vt 0.002098 0.731238
vt 0.096496 0.490166
vt 0.002098 0.490166
vt 0.002098 0.465060
vt 0.096496 0.665938
vt 0.002098 0.734942
vt 0.096496 0.810892
vt 0.002098 0.733710
vt 0.002098 0.810892
vt 0.002098 0.512568
vt 0.096496 0.840285
vt 0.002098 0.840285
vt 0.002098 0.865763
vt 0.002098 0.843868
vt 0.096496 0.591804
vt 0.002098 0.591803
vt 0.002098 0.567305
vt 0.866538 0.418737
vt 0.797535 0.356440
vt 0.874366 0.377697
vt 0.814429 0.373463
vt 0.806633 0.379824
vt 0.797530 0.355767
vt 0.772537 0.434705
vt 0.795885 0.302154
vt 0.802070 0.328281
vt 0.840621 0.445310
vt 0.835959 0.455367
vt 0.837071 0.400970
vt 0.257744 0.689431
vt 0.257333 0.676510
vt 0.296421 0.692782
vt 0.262072 0.689431
vt 0.260258 0.696851
vt 0.305058 0.697832
vt 0.250417 0.702128
vt 0.001701 0.151388
vt 0.001701 0.180757
vt 0.096107 0.196983
vt 0.427820 0.636457
vt 0.441973 0.607683
vt 0.696580 0.645701
vt 0.668214 0.620212
vt 0.615269 0.658411
vt 0.585057 0.689431
vt 0.694271 0.655523
vt 0.685942 0.672738
vt 0.617097 0.666441
vt 0.677967 0.689431
vt 0.664379 0.662624
vt 0.682546 0.727840
vt 0.581827 0.722390
vt 0.691575 0.727720
vt 0.687652 0.689431
vt 0.684415 0.766212
vt 0.683092 0.732422
vt 0.691575 0.727720
vt 0.693330 0.744848
vt 0.684415 0.766212
vt 0.685916 0.804577
vt 0.695591 0.804191
vt 0.694134 0.765954
vt 0.680434 0.843314
vt 0.695591 0.804191
vt 0.696634 0.831583
vt 0.708104 0.854489
vt 0.552362 0.535631
vt 0.572462 0.569756
vt 0.589547 0.570439
vt 0.568016 0.557687
vt 0.610952 0.571293
vt 0.668180 0.606126
vt 0.564845 0.569452
vt 0.546304 0.608976
vt 0.551753 0.602990
vt 0.576123 0.579695
vt 0.579561 0.602555
vt 0.589547 0.570439
vt 0.096107 0.905986
vt 0.001701 0.921237
vt 0.001701 0.905986
vt 0.490551 0.165264
vt 0.506356 0.204000
vt 0.517258 0.167521
vt 0.519709 0.203822
vt 0.508644 0.172866
vt 0.585992 0.191070
vt 0.609890 0.162089
vt 0.597555 0.184523
vt 0.624105 0.161711
vt 0.608162 0.202646
vt 0.620488 0.243142
vt 0.609228 0.215745
vt 0.581922 0.202995
vt 0.599201 0.219628
vt 0.524551 0.243142
vt 0.506355 0.204000
vt 0.513550 0.221633
vt 0.632530 0.283963
vt 0.630680 0.267940
vt 0.617823 0.273026
vt 0.618975 0.283783
vt 0.523229 0.282509
vt 0.511482 0.282353
vt 0.512818 0.243142
vt 0.637261 0.324924
vt 0.632530 0.283963
vt 0.618975 0.283783
vt 0.521908 0.321855
vt 0.523229 0.282509
vt 0.510146 0.321542
vt 0.511481 0.282353
vt 0.613228 0.364892
vt 0.638589 0.336416
vt 0.510147 0.321542
vt 0.498828 0.360325
vt 0.603932 0.358625
vt 0.596900 0.364240
vt 0.521908 0.321855
vt 0.515465 0.360989
vt 0.550093 0.373222
vt 0.481155 0.398509
vt 0.498828 0.360325
vt 0.452500 0.394765
vt 0.588823 0.404243
vt 0.611413 0.366930
vt 0.454590 0.397094
vt 0.475204 0.420065
vt 0.672890 0.071990
vt 0.642909 0.048999
vt 0.669768 0.077731
vt 0.646756 0.120054
vt 0.493529 0.111176
vt 0.646756 0.120054
vt 0.624105 0.161711
vt 0.632693 0.120616
vt 0.609891 0.162089
vt 0.534238 0.164102
vt 0.490426 0.126296
vt 0.473846 0.142722
vt 0.096107 0.396821
vt 0.001701 0.406741
vt 0.001701 0.396809
vt 0.256996 0.163389
vt 0.232582 0.203597
vt 0.219303 0.203774
vt 0.244617 0.163718
vt 0.232582 0.203597
vt 0.208570 0.243142
vt 0.194422 0.243142
vt 0.219302 0.203774
vt 0.211258 0.282404
vt 0.194422 0.243142
vt 0.185298 0.257578
vt 0.177304 0.258549
vt 0.246216 0.322610
vt 0.211258 0.282404
vt 0.182828 0.304527
vt 0.182176 0.282514
vt 0.174897 0.340716
vt 0.181097 0.324113
vt 0.253762 0.134236
vt 0.001701 0.210184
vt 0.001701 0.239726
vt 0.096107 0.252621
vt 0.096107 0.448287
vt 0.001701 0.448275
vt 0.001701 0.415038
vt 0.001701 0.873688
vt 0.096107 0.110703
vt 0.001701 0.110687
vt 0.001701 0.121262
vt 0.001701 0.481188
vt 0.001701 0.810967
vt 0.001701 0.780854
vt 0.096107 0.764335
vt 0.096107 0.496305
vt 0.001701 0.496294
vt 0.001701 0.484208
vt 0.001701 0.749718
vt 0.001701 0.717608
vt 0.096107 0.709394
vt 0.001701 0.508008
vt 0.096107 0.139526
vt 0.001701 0.139537
vt 0.001701 0.148789
vt 0.096107 0.695665
vt 0.001701 0.709394
vt 0.001701 0.695665
vt 0.001701 0.408880
vt 0.096107 0.437880
vt 0.001701 0.437880
vt 0.096107 0.521420
vt 0.001701 0.521408
vt 0.001701 0.517423
vt 0.096107 0.179659
vt 0.001701 0.151738
vt 0.001701 0.179670
vt 0.001701 0.677752
vt 0.096107 0.408881
vt 0.001701 0.403865
vt 0.001701 0.366892
vt 0.096107 0.595240
vt 0.001701 0.595227
vt 0.001701 0.576019
vt 0.001701 0.185529
vt 0.096107 0.665809
vt 0.001701 0.677196
vt 0.001701 0.665809
vt 0.096107 0.303565
vt 0.001701 0.303565
vt 0.001701 0.295783
vt 0.096107 0.613242
vt 0.001701 0.613230
vt 0.001701 0.605100
vt 0.001701 0.197637
vt 0.096107 0.188860
vt 0.001701 0.188872
vt 0.001701 0.654062
vt 0.096107 0.285696
vt 0.001701 0.285696
vt 0.001701 0.262961
vt 0.096107 0.630985
vt 0.001701 0.630973
vt 0.096107 0.208332
vt 0.001701 0.208343
vt 0.096107 0.636949
vt 0.001701 0.636949
vt 0.001701 0.609625
vt 0.096107 0.242382
vt 0.001701 0.242382
vt 0.001701 0.230002
vt 0.096107 0.652202
vt 0.001701 0.652190
vt 0.001701 0.652016
vt 0.096107 0.217448
vt 0.001701 0.217460
vt 0.096107 0.554631
vt 0.001701 0.564830
vt 0.001701 0.554631
vt 0.096107 0.189473
vt 0.001701 0.189473
vt 0.001701 0.160204
vt 0.096107 0.665991
vt 0.001701 0.665979
vt 0.001701 0.218421
vt 0.001701 0.534981
vt 0.001701 0.498656
vt 0.096107 0.158110
vt 0.001701 0.136740
vt 0.096107 0.136740
vt 0.096107 0.740221
vt 0.001701 0.740209
vt 0.001701 0.271737
vt 0.096107 0.229657
vt 0.001701 0.229669
vt 0.096107 0.464063
vt 0.001701 0.464063
vt 0.001701 0.462008
vt 0.001701 0.120682
vt 0.096107 0.755423
vt 0.001701 0.755411
vt 0.001701 0.116517
vt 0.096107 0.110687
vt 0.001701 0.110699
vt 0.096107 0.630031
vt 0.001701 0.630031
vt 0.001701 0.616074
vt 0.096107 0.606834
vt 0.001701 0.582208
vt 0.001701 0.606820
vt 0.096107 0.116505
vt 0.001701 0.117527
vt 0.096107 0.559313
vt 0.001701 0.585041
vt 0.001701 0.559313
vt 0.096107 0.570609
vt 0.001701 0.570595
vt 0.001701 0.127712
vt 0.001701 0.354676
vt 0.096107 0.381376
vt 0.001701 0.381376
vt 0.001701 0.546221
vt 0.001701 0.501468
vt 0.001701 0.339976
vt 0.096107 0.354676
vt 0.096107 0.515011
vt 0.001701 0.539314
vt 0.001701 0.515011
vt 0.096107 0.486259
vt 0.001701 0.486244
vt 0.001701 0.492457
vt 0.096107 0.339976
vt 0.001701 0.336485
vt 0.001701 0.300397
vt 0.001701 0.507354
vt 0.001701 0.475881
vt 0.001701 0.471998
vt 0.001701 0.110687
vt 0.096107 0.136271
vt 0.001701 0.136257
vt 0.001701 0.227517
vt 0.001701 0.186629
vt 0.096107 0.173917
vt 0.096107 0.467577
vt 0.001701 0.467577
vt 0.001701 0.443285
vt 0.096107 0.447644
vt 0.001701 0.447628
vt 0.001701 0.449261
vt 0.096107 0.155697
vt 0.001701 0.155684
vt 0.001701 0.145251
vt 0.001701 0.110687
vt 0.001701 0.173917
vt 0.096107 0.408666
vt 0.001701 0.424171
vt 0.001701 0.408666
vt 0.001701 0.435021
vt 0.096107 0.231717
vt 0.001701 0.231705
vt 0.001701 0.205750
vt 0.096107 0.547784
vt 0.001701 0.561383
vt 0.001701 0.547784
vt 0.001701 0.405637
vt 0.096107 0.435036
vt 0.001701 0.419188
vt 0.096107 0.275244
vt 0.001701 0.275233
vt 0.001701 0.264937
vt 0.001701 0.545297
vt 0.001701 0.341243
vt 0.096107 0.349024
vt 0.001701 0.349024
vt 0.096107 0.315129
vt 0.001701 0.315115
vt 0.001701 0.366539
vt 0.001701 0.289090
vt 0.096107 0.515802
vt 0.001701 0.532698
vt 0.001701 0.515802
vt 0.096107 0.341243
vt 0.001701 0.316011
vt 0.096107 0.304317
vt 0.001701 0.304303
vt 0.001701 0.310438
vt 0.096107 0.325512
vt 0.001701 0.325500
vt 0.001701 0.515411
vt 0.001701 0.254839
vt 0.001701 0.224622
vt 0.096107 0.199039
vt 0.096107 0.275045
vt 0.001701 0.275030
vt 0.096107 0.363911
vt 0.001701 0.363900
vt 0.001701 0.348944
vt 0.096107 0.490857
vt 0.001701 0.497039
vt 0.001701 0.490858
vt 0.001701 0.192983
vt 0.001701 0.153958
vt 0.096107 0.153843
vt 0.096107 0.267300
vt 0.001701 0.267286
vt 0.001701 0.270701
vt 0.096107 0.378064
vt 0.001701 0.378053
vt 0.001701 0.442025
vt 0.001701 0.405673
vt 0.096107 0.395302
vt 0.001701 0.136781
vt 0.001701 0.153843
vt 0.001701 0.252607
vt 0.001701 0.395302
vt 0.096107 0.136781
vt 0.001701 0.113090
vt 0.829305 0.357876
vt 0.846869 0.436805
vt 0.837083 0.435401
vt 0.818979 0.451587
vt 0.851949 0.437185
vt 0.865373 0.447131
vt 0.824985 0.378163
vt 0.827210 0.439806
vt 0.829605 0.368738
vt 0.821003 0.332469
vt 0.839510 0.366607
vt 0.874952 0.399974
vt 0.882077 0.409553
vt 0.844557 0.437732
vt 0.209313 0.648772
vt 0.204369 0.638131
vt 0.195851 0.607741
vt 0.214710 0.633270
vt 0.227153 0.689431
vt 0.223290 0.678862
vt 0.222103 0.648942
vt 0.235298 0.676920
vt 0.239542 0.729688
vt 0.237426 0.717535
vt 0.239374 0.689431
vt 0.248138 0.716336
vt 0.243650 0.769850
vt 0.243351 0.751558
vt 0.249976 0.729550
vt 0.253755 0.756703
vt 0.254018 0.769574
vt 0.254715 0.803635
vt 0.259506 0.809462
vt 0.207036 0.811557
vt 0.203279 0.802680
vt 0.214688 0.847947
vt 0.212291 0.830760
vt 0.259506 0.809462
vt 0.269585 0.821723
vt 0.245616 0.868450
vt 0.255199 0.849768
vt 0.126381 0.553531
vt 0.195851 0.607741
vt 0.307713 0.610675
vt 0.148813 0.570670
vt 0.179186 0.602252
vt 0.228825 0.576180
vt 0.340887 0.572650
vt 0.181814 0.567484
vt 0.096094 0.820511
vt 0.001771 0.820417
vt 0.001771 0.810546
vt 0.543547 0.649174
vt 0.547127 0.608998
vt 0.558418 0.609298
vt 0.556533 0.618783
vt 0.577402 0.639512
vt 0.539959 0.689431
vt 0.543547 0.649174
vt 0.563962 0.649446
vt 0.535890 0.729791
vt 0.536904 0.715028
vt 0.528831 0.702024
vt 0.549698 0.693930
vt 0.560193 0.710065
vt 0.575095 0.694195
vt 0.571745 0.739408
vt 0.575556 0.729263
vt 0.546724 0.729647
vt 0.553464 0.768127
vt 0.569553 0.729343
vt 0.524509 0.770467
vt 0.506288 0.783481
vt 0.520019 0.797036
vt 0.559481 0.769537
vt 0.557981 0.809685
vt 0.549124 0.850307
vt 0.547722 0.844946
vt 0.557981 0.809685
vt 0.556478 0.849915
vt 0.555547 0.874854
vt 0.577937 0.578258
vt 0.537202 0.586661
vt 0.096094 0.208293
vt 0.001771 0.208218
vt 0.001771 0.189875
vt 0.576945 0.203061
vt 0.570421 0.203148
vt 0.576241 0.200843
vt 0.585006 0.202954
vt 0.580805 0.187867
vt 0.596195 0.243142
vt 0.585006 0.202954
vt 0.540040 0.203552
vt 0.539171 0.203886
vt 0.576945 0.203061
vt 0.589679 0.243142
vt 0.582349 0.243142
vt 0.606964 0.281822
vt 0.582350 0.243142
vt 0.589679 0.243142
vt 0.594117 0.257112
vt 0.096094 0.113901
vt 0.001771 0.113901
vt 0.001771 0.120731
vt 0.222191 0.203736
vt 0.230767 0.176256
vt 0.248296 0.172641
vt 0.212847 0.203860
vt 0.219175 0.164395
vt 0.212847 0.203860
vt 0.202224 0.236444
vt 0.222190 0.203736
vt 0.212817 0.243142
vt 0.221412 0.282539
vt 0.212817 0.243142
vt 0.203838 0.243142
vt 0.213299 0.282431
vt 0.213299 0.282431
vt 0.233921 0.322282
vt 0.205557 0.354973
vt 0.217914 0.147947
vt 0.001771 0.223650
vt 0.001771 0.269539
vt 0.096094 0.272078
vt 0.001771 0.229272
vt 0.096094 0.840303
vt 0.001771 0.840211
vt 0.001771 0.833578
vt 0.096094 0.139884
vt 0.001771 0.139884
vt 0.001771 0.187725
vt 0.096094 0.265887
vt 0.001771 0.265814
vt 0.001771 0.253705
vt 0.096094 0.860109
vt 0.001771 0.860018
vt 0.096094 0.319468
vt 0.001771 0.319397
vt 0.001771 0.303250
vt 0.001771 0.336098
vt 0.096094 0.336169
vt 0.001771 0.352463
vt 0.096094 0.454755
vt 0.001771 0.443116
vt 0.001771 0.399102
vt 0.001771 0.235395
vt 0.096094 0.271161
vt 0.001771 0.271268
vt 0.001771 0.472169
vt 0.001771 0.454681
vt 0.096094 0.312630
vt 0.001771 0.312736
vt 0.096094 0.426052
vt 0.001771 0.426178
vt 0.001771 0.398567
vt 0.096094 0.472243
vt 0.001771 0.498526
vt 0.096094 0.353222
vt 0.001771 0.353329
vt 0.001771 0.363926
vt 0.096094 0.383332
vt 0.001771 0.383455
vt 0.096094 0.498600
vt 0.001771 0.520613
vt 0.001771 0.384203
vt 0.096094 0.710086
vt 0.001771 0.710196
vt 0.001771 0.692879
vt 0.096094 0.363803
vt 0.001771 0.332516
vt 0.001771 0.113946
vt 0.096094 0.144819
vt 0.001771 0.144862
vt 0.096094 0.384096
vt 0.001771 0.408742
vt 0.096094 0.767369
vt 0.001771 0.767486
vt 0.001771 0.744581
vt 0.096094 0.293656
vt 0.001771 0.287616
vt 0.001771 0.243616
vt 0.096094 0.165327
vt 0.001771 0.165370
vt 0.001771 0.154818
vt 0.096094 0.439429
vt 0.001771 0.439534
vt 0.096094 0.154488
vt 0.001771 0.154392
vt 0.001771 0.147119
vt 0.096094 0.207787
vt 0.001771 0.207911
vt 0.001771 0.197498
vt 0.096094 0.197425
vt 0.001771 0.197467
vt 0.096094 0.490982
vt 0.001771 0.491085
vt 0.001771 0.456452
vt 0.001771 0.173322
vt 0.001771 0.114029
vt 0.096094 0.164638
vt 0.001771 0.164764
vt 0.096094 0.225304
vt 0.001771 0.225345
vt 0.001771 0.215703
vt 0.096094 0.543642
vt 0.001771 0.543744
vt 0.001771 0.509992
vt 0.096094 0.173416
vt 0.001771 0.191606
vt 0.096094 0.348091
vt 0.001771 0.348089
vt 0.001771 0.309871
vt 0.096094 0.268820
vt 0.001771 0.268861
vt 0.001771 0.263872
vt 0.096094 0.588871
vt 0.001771 0.588973
vt 0.001771 0.558101
vt 0.096094 0.205685
vt 0.001771 0.205594
vt 0.001771 0.195077
vt 0.001771 0.265341
vt 0.001771 0.221244
vt 0.096094 0.213720
vt 0.096094 0.289823
vt 0.001771 0.289864
vt 0.096094 0.633333
vt 0.001771 0.633437
vt 0.001771 0.603528
vt 0.001771 0.250607
vt 0.001771 0.213727
vt 0.001771 0.176329
vt 0.096094 0.304603
vt 0.001771 0.304644
vt 0.096094 0.684540
vt 0.001771 0.684647
vt 0.001771 0.647483
vt 0.096094 0.311630
vt 0.001771 0.311542
vt 0.001771 0.291584
vt 0.096094 0.149663
vt 0.001771 0.149666
vt 0.001771 0.131902
vt 0.096094 0.360780
vt 0.001771 0.360823
vt 0.001771 0.319269
vt 0.096094 0.349304
vt 0.001771 0.349217
vt 0.001771 0.335759
vt 0.001771 0.372708
vt 0.096094 0.394228
vt 0.001771 0.394141
vt 0.001771 0.381864
vt 0.096094 0.436159
vt 0.001771 0.436200
vt 0.001771 0.418513
vt 0.001771 0.458218
vt 0.096094 0.483898
vt 0.001771 0.483940
vt 0.096094 0.443231
vt 0.001771 0.443144
vt 0.001771 0.430341
vt 0.096094 0.499723
vt 0.001771 0.499765
vt 0.096094 0.491063
vt 0.001771 0.490974
vt 0.001771 0.484120
vt 0.096094 0.524629
vt 0.001771 0.524670
vt 0.001771 0.512845
vt 0.001771 0.538787
vt 0.096094 0.559494
vt 0.001771 0.559536
vt 0.096094 0.569683
vt 0.001771 0.569590
vt 0.001771 0.549574
vt 0.096094 0.113901
vt 0.001771 0.113902
vt 0.001771 0.114918
vt 0.001771 0.604042
vt 0.001771 0.560205
vt 0.096094 0.632047
vt 0.001771 0.631955
vt 0.001771 0.625659
vt 0.096094 0.162579
vt 0.001771 0.179667
vt 0.001771 0.225186
vt 0.096094 0.147713
vt 0.001771 0.147634
vt 0.001771 0.141587
vt 0.096094 0.684207
vt 0.001771 0.684116
vt 0.096094 0.268998
vt 0.001771 0.268998
vt 0.001771 0.324938
vt 0.001771 0.179912
vt 0.001771 0.799408
vt 0.096094 0.206721
vt 0.096094 0.235289
vt 0.001771 0.114008
vt 0.001771 0.206827
vt 0.096094 0.880062
vt 0.001771 0.879971
vt 0.832785 0.462155
vt 0.832784 0.443434
vt 0.845517 0.452269
vt 0.826536 0.370833
vt 0.820858 0.484881
vt 0.806878 0.405779
vt 0.853839 0.444125
vt 0.847854 0.416800
vt 0.858708 0.414717
vt 0.886850 0.551640
vt 0.873304 0.554532
vt 0.883956 0.541206
vt 0.802897 0.403872
vt 0.793767 0.393741
vt 0.813500 0.385053
vt 0.864357 0.363229
vt 0.857652 0.369973
vt 0.849129 0.362152
vt 0.311273 0.629303
vt 0.179981 0.646315
vt 0.177021 0.648343
vt 0.310253 0.650115
vt 0.174808 0.673978
vt 0.150592 0.684208
vt 0.310340 0.689431
vt 0.373925 0.666694
vt 0.234527 0.727344
vt 0.269643 0.714638
vt 0.321796 0.689431
vt 0.291900 0.723677
vt 0.233905 0.770110
vt 0.234492 0.729756
vt 0.286599 0.729062
vt 0.246525 0.769774
vt 0.233720 0.782783
vt 0.246525 0.769774
vt 0.001730 0.510069
vt 0.096156 0.470392
vt 0.001730 0.470323
vt 0.535098 0.608677
vt 0.539728 0.649123
vt 0.623997 0.620100
vt 0.629524 0.645927
vt 0.548824 0.635496
vt 0.550394 0.649265
vt 0.613787 0.629017
vt 0.550394 0.649265
vt 0.551649 0.660268
vt 0.577819 0.662476
vt 0.525890 0.673111
vt 0.516670 0.689431
vt 0.526721 0.689431
vt 0.628654 0.684320
vt 0.509008 0.730148
vt 0.507916 0.704927
vt 0.526721 0.689431
vt 0.526458 0.769363
vt 0.501796 0.771072
vt 0.500510 0.771106
vt 0.501795 0.771072
vt 0.499854 0.772101
vt 0.601667 0.572724
vt 0.606124 0.610567
vt 0.591645 0.593360
vt 0.547325 0.609003
vt 0.096156 0.139774
vt 0.001730 0.139774
vt 0.001730 0.163403
vt 0.579264 0.203030
vt 0.577809 0.162942
vt 0.503832 0.164911
vt 0.513835 0.188054
vt 0.567279 0.203190
vt 0.533301 0.203642
vt 0.529838 0.197278
vt 0.580720 0.243142
vt 0.579264 0.203030
vt 0.522797 0.203781
vt 0.535702 0.226428
vt 0.568068 0.217846
vt 0.558281 0.226995
vt 0.582178 0.283293
vt 0.580720 0.243142
vt 0.556782 0.256586
vt 0.547385 0.243142
vt 0.583637 0.323498
vt 0.582177 0.283293
vt 0.571732 0.283155
vt 0.573474 0.323227
vt 0.585099 0.363769
vt 0.583637 0.323498
vt 0.573474 0.323227
vt 0.575221 0.363375
vt 0.563469 0.396053
vt 0.551239 0.099582
vt 0.577810 0.162942
vt 0.576356 0.122865
vt 0.491450 0.130529
vt 0.499717 0.155389
vt 0.511482 0.156684
vt 0.503090 0.125790
vt 0.562987 0.123399
vt 0.001730 0.693092
vt 0.096156 0.710889
vt 0.001730 0.710825
vt 0.191749 0.192012
vt 0.242089 0.203471
vt 0.200159 0.204029
vt 0.216969 0.228048
vt 0.373685 0.233476
vt 0.361005 0.224728
vt 0.265350 0.243142
vt 0.345015 0.261647
vt 0.361057 0.243337
vt 0.318134 0.297219
vt 0.310531 0.283724
vt 0.237474 0.124256
vt 0.236559 0.124052
vt 0.236449 0.124296
vt 0.218471 0.164414
vt 0.236449 0.124297
vt 0.327223 0.137473
vt 0.096156 0.412603
vt 0.001730 0.412535
vt 0.001730 0.463717
vt 0.096156 0.750434
vt 0.001730 0.750369
vt 0.096156 0.116595
vt 0.001730 0.116595
vt 0.096156 0.623217
vt 0.001730 0.673967
vt 0.001730 0.623238
vt 0.096156 0.510139
vt 0.001730 0.525728
vt 0.096156 0.804099
vt 0.001730 0.783963
vt 0.001730 0.804040
vt 0.001730 0.420568
vt 0.096156 0.382282
vt 0.001730 0.382257
vt 0.096156 0.673947
vt 0.001730 0.708264
vt 0.001730 0.575865
vt 0.096156 0.550419
vt 0.001730 0.550348
vt 0.096156 0.784023
vt 0.001730 0.767572
vt 0.096156 0.531595
vt 0.001730 0.531571
vt 0.001730 0.774616
vt 0.001730 0.714520
vt 0.096156 0.708244
vt 0.001730 0.590862
vt 0.096156 0.575937
vt 0.096156 0.725272
vt 0.001730 0.725212
vt 0.001730 0.737875
vt 0.001730 0.578476
vt 0.096156 0.856824
vt 0.001730 0.877002
vt 0.001730 0.856843
vt 0.096156 0.555037
vt 0.001730 0.574049
vt 0.001730 0.554935
vt 0.001730 0.683916
vt 0.001730 0.654443
vt 0.001730 0.753146
vt 0.096156 0.620002
vt 0.096156 0.876983
vt 0.001730 0.893533
vt 0.096156 0.468690
vt 0.001730 0.468590
vt 0.096156 0.683975
vt 0.001730 0.512400
vt 0.096156 0.837384
vt 0.001730 0.790769
vt 0.001730 0.837361
vt 0.096156 0.173144
vt 0.001730 0.173124
vt 0.001730 0.162221
vt 0.001730 0.450423
vt 0.096156 0.489630
vt 0.001730 0.489569
vt 0.096156 0.447864
vt 0.001730 0.447814
vt 0.001730 0.405750
vt 0.096156 0.240183
vt 0.001730 0.240162
vt 0.001730 0.227070
vt 0.096156 0.432091
vt 0.001730 0.431991
vt 0.096156 0.465318
vt 0.001730 0.465258
vt 0.001730 0.465720
vt 0.096156 0.380802
vt 0.001730 0.380750
vt 0.001730 0.357444
vt 0.096156 0.293208
vt 0.001730 0.293187
vt 0.001730 0.288333
vt 0.001730 0.428222
vt 0.001730 0.366960
vt 0.096156 0.440946
vt 0.001730 0.440887
vt 0.096156 0.336960
vt 0.001730 0.336909
vt 0.001730 0.264677
vt 0.096156 0.319092
vt 0.001730 0.319070
vt 0.096156 0.321327
vt 0.001730 0.352468
vt 0.001730 0.321230
vt 0.096156 0.419999
vt 0.001730 0.419939
vt 0.001730 0.182774
vt 0.096156 0.219948
vt 0.001730 0.219897
vt 0.001730 0.370412
vt 0.001730 0.293022
vt 0.096156 0.400244
vt 0.001730 0.400183
vt 0.096156 0.182826
vt 0.001730 0.138663
vt 0.096156 0.414121
vt 0.001730 0.414100
vt 0.001730 0.405885
vt 0.096156 0.266336
vt 0.001730 0.266239
vt 0.001730 0.228250
vt 0.096156 0.360217
vt 0.001730 0.360156
vt 0.096156 0.154265
vt 0.001730 0.116594
vt 0.001730 0.154242
vt 0.001730 0.453524
vt 0.096156 0.188680
vt 0.001730 0.188582
vt 0.001730 0.162228
vt 0.096156 0.336275
vt 0.001730 0.336216
vt 0.001730 0.176486
vt 0.001730 0.242599
vt 0.096156 0.243029
vt 0.096156 0.507094
vt 0.001730 0.507073
vt 0.001730 0.469133
vt 0.096156 0.160533
vt 0.001730 0.160434
vt 0.001730 0.157127
vt 0.096156 0.241420
vt 0.001730 0.241360
vt 0.001730 0.309748
vt 0.001730 0.243003
vt 0.001730 0.244413
vt 0.096156 0.573558
vt 0.001730 0.573537
vt 0.001730 0.534312
vt 0.096156 0.269111
vt 0.001730 0.269110
vt 0.001730 0.252447
vt 0.001730 0.144055
vt 0.001730 0.229993
vt 0.001730 0.352069
vt 0.096156 0.628927
vt 0.001730 0.628907
vt 0.001730 0.604224
vt 0.001730 0.192841
vt 0.096156 0.231594
vt 0.001730 0.231594
vt 0.096156 0.200053
vt 0.001730 0.196361
vt 0.001730 0.135657
vt 0.001730 0.256183
vt 0.001730 0.199988
vt 0.001730 0.668235
vt 0.096156 0.192841
vt 0.001730 0.187321
vt 0.096156 0.256247
vt 0.001730 0.294234
vt 0.001730 0.736101
vt 0.001730 0.675741
vt 0.096156 0.668256
vt 0.096156 0.459959
vt 0.001730 0.491665
vt 0.001730 0.459959
vt 0.096156 0.362531
vt 0.001730 0.362466
vt 0.001730 0.329018
vt 0.096156 0.816238
vt 0.001730 0.851102
vt 0.001730 0.816216
vt 0.001730 0.457713
vt 0.096156 0.116694
vt 0.001730 0.137314
vt 0.001730 0.116595
vt 0.001730 0.381484
vt 0.001730 0.116616
vt 0.096156 0.171175
vt 0.001730 0.171196
vt 0.096156 0.400599
vt 0.001730 0.427652
vt 0.001730 0.400600
vt 0.001730 0.142114
vt 0.096156 0.116665
vt 0.001730 0.116595
vt 0.096156 0.406990
vt 0.001730 0.406924
vt 0.096156 0.205090
vt 0.001730 0.205111
vt 0.001730 0.395094
vt 0.096156 0.142183
vt 0.001730 0.179605
vt 0.096156 0.441099
vt 0.001730 0.441033
vt 0.001730 0.423876
vt 0.001730 0.402451
vt 0.001730 0.341991
vt 0.096156 0.308633
vt 0.001730 0.369134
vt 0.001730 0.308633
vt 0.096156 0.212631
vt 0.001730 0.212563
vt 0.001730 0.244916
vt 0.096156 0.610755
vt 0.001730 0.610690
vt 0.001730 0.597828
vt 0.001730 0.293941
vt 0.096156 0.262980
vt 0.001730 0.262912
vt 0.096156 0.643446
vt 0.001730 0.643381
vt 0.001730 0.397070
vt 0.096156 0.294010
vt 0.096156 0.675030
vt 0.001730 0.674965
vt 0.001730 0.648778
vt 0.096156 0.693156
vt 0.096156 0.163879
vt 0.001730 0.163879
vt 0.001730 0.164172
vt 0.873478 0.446631
vt 0.866097 0.440679
vt 0.872347 0.430570
vt 0.883882 0.415097
vt 0.900139 0.429516
vt 0.892410 0.436803
vt 0.830059 0.486731
vt 0.842442 0.485131
vt 0.840424 0.492894
vt 0.856502 0.436575
vt 0.847656 0.440143
vt 0.849730 0.423800
vt 0.832183 0.335755
vt 0.829893 0.318805
vt 0.838436 0.327598
vt 0.915606 0.419387
vt 0.858892 0.480415
vt 0.877304 0.435747
vt 0.263727 0.628713
vt 0.263794 0.632952
vt 0.237858 0.649152
vt 0.204988 0.689431
vt 0.237858 0.649152
vt 0.250177 0.649316
vt 0.216797 0.689431
vt 0.263246 0.729373
vt 0.203050 0.691805
vt 0.216797 0.689431
vt 0.263196 0.696909
vt 0.263246 0.729373
vt 0.295400 0.768473
vt 0.306272 0.768184
vt 0.282661 0.729115
vt 0.295704 0.808017
vt 0.326865 0.802261
vt 0.308582 0.807503
vt 0.308582 0.807503
vt 0.281935 0.848344
vt 0.252192 0.849928
vt 0.251398 0.849412
vt 0.281935 0.848344
vt 0.278068 0.866757
vt 0.215166 0.519242
vt 0.232909 0.520342
vt 0.252296 0.569113
vt 0.252305 0.554596
vt 0.235272 0.538902
vt 0.259292 0.552374
vt 0.252296 0.569113
vt 0.252269 0.609242
vt 0.259153 0.609425
vt 0.259251 0.569390
vt 0.096134 0.480322
vt 0.001847 0.487356
vt 0.001847 0.480485
vt 0.648221 0.617495
vt 0.590163 0.649794
vt 0.590480 0.649628
vt 0.624171 0.611048
vt 0.619652 0.646816
vt 0.615754 0.650134
vt 0.632005 0.650351
vt 0.681147 0.685136
vt 0.663387 0.689431
vt 0.663360 0.689043
vt 0.647206 0.689431
vt 0.630568 0.672976
vt 0.640713 0.664165
vt 0.632483 0.652883
vt 0.548131 0.660283
vt 0.590163 0.649794
vt 0.474297 0.652090
vt 0.495471 0.689431
vt 0.542107 0.679210
vt 0.495332 0.679890
vt 0.485044 0.689431
vt 0.504692 0.730206
vt 0.495471 0.689431
vt 0.532452 0.709683
vt 0.544806 0.700932
vt 0.664283 0.702100
vt 0.580273 0.707960
vt 0.522039 0.729975
vt 0.514949 0.733859
vt 0.520923 0.733886
vt 0.519327 0.756940
vt 0.506977 0.757324
vt 0.624172 0.611048
vt 0.624112 0.609320
vt 0.001847 0.527074
vt 0.096134 0.535173
vt 0.001847 0.535024
vt 0.576108 0.203072
vt 0.570954 0.194546
vt 0.603454 0.233038
vt 0.619024 0.243142
vt 0.568685 0.203171
vt 0.564897 0.217571
vt 0.621357 0.244657
vt 0.509718 0.256936
vt 0.535990 0.265545
vt 0.561790 0.283022
vt 0.561790 0.283022
vt 0.574935 0.299447
vt 0.096134 0.284278
vt 0.001847 0.284278
vt 0.001847 0.292800
vt 0.274016 0.203046
vt 0.332067 0.164174
vt 0.306322 0.184816
vt 0.270063 0.206033
vt 0.243994 0.228272
vt 0.250906 0.243142
vt 0.248676 0.238985
vt 0.281514 0.209260
vt 0.267692 0.283155
vt 0.258027 0.256415
vt 0.220729 0.252106
vt 0.199497 0.274086
vt 0.258118 0.282027
vt 0.258350 0.283030
vt 0.222698 0.274004
vt 0.274302 0.315195
vt 0.268790 0.286194
vt 0.146878 0.314614
vt 0.173028 0.296832
vt 0.264687 0.310361
vt 0.265991 0.323136
vt 0.196011 0.316434
vt 0.266962 0.363206
vt 0.180091 0.359738
vt 0.183120 0.351092
vt 0.276542 0.363589
vt 0.277074 0.347168
vt 0.289423 0.349230
vt 0.124185 0.323726
vt 0.180090 0.359738
vt 0.266962 0.363206
vt 0.251252 0.392851
vt 0.282935 0.404145
vt 0.283294 0.405416
vt 0.279597 0.403967
vt 0.275876 0.092139
vt 0.330262 0.161439
vt 0.323767 0.151599
vt 0.280824 0.122525
vt 0.316964 0.161793
vt 0.096134 0.551542
vt 0.001847 0.551712
vt 0.001847 0.528549
vt 0.001847 0.306665
vt 0.096134 0.298174
vt 0.001847 0.298175
vt 0.096134 0.564700
vt 0.001847 0.564548
vt 0.001847 0.552285
vt 0.001847 0.468106
vt 0.001847 0.315276
vt 0.096134 0.306665
vt 0.001847 0.583210
vt 0.096134 0.464503
vt 0.001847 0.430018
vt 0.096134 0.429858
vt 0.096134 0.098991
vt 0.001847 0.098990
vt 0.001847 0.111689
vt 0.001847 0.403026
vt 0.096134 0.129058
vt 0.001847 0.114396
vt 0.001847 0.129058
vt 0.001847 0.346945
vt 0.096134 0.393292
vt 0.001847 0.393452
vt 0.096134 0.141963
vt 0.001847 0.141963
vt 0.001847 0.413897
vt 0.096134 0.426643
vt 0.001847 0.426667
vt 0.096134 0.346785
vt 0.001847 0.341991
vt 0.096134 0.149206
vt 0.001847 0.149206
vt 0.096134 0.413873
vt 0.001847 0.394703
vt 0.096134 0.326017
vt 0.001847 0.326177
vt 0.001847 0.296324
vt 0.096134 0.171310
vt 0.001847 0.171310
vt 0.001847 0.363080
vt 0.096134 0.388129
vt 0.001847 0.388152
vt 0.096134 0.292770
vt 0.001847 0.261936
vt 0.096134 0.261774
vt 0.096134 0.192441
vt 0.001847 0.192441
vt 0.001847 0.345149
vt 0.096134 0.363057
vt 0.001847 0.253319
vt 0.096134 0.208259
vt 0.001847 0.208259
vt 0.096134 0.338111
vt 0.001847 0.338134
vt 0.001847 0.219634
vt 0.096134 0.242076
vt 0.001847 0.242240
vt 0.096134 0.223757
vt 0.001847 0.223757
vt 0.001847 0.331698
vt 0.001847 0.210660
vt 0.096134 0.219469
vt 0.001847 0.326848
vt 0.096134 0.331675
vt 0.001847 0.197518
vt 0.096134 0.210495
vt 0.001847 0.316258
vt 0.096134 0.326826
vt 0.096134 0.197353
vt 0.001847 0.180269
vt 0.001847 0.299107
vt 0.096134 0.316236
vt 0.096134 0.163224
vt 0.001847 0.163394
vt 0.001847 0.136673
vt 0.096134 0.299084
vt 0.001847 0.249218
vt 0.096134 0.135111
vt 0.001847 0.135286
vt 0.001847 0.131118
vt 0.096134 0.232230
vt 0.001847 0.232252
vt 0.001847 0.231843
vt 0.096134 0.120713
vt 0.001847 0.099064
vt 0.001847 0.120786
vt 0.096134 0.218487
vt 0.001847 0.218509
vt 0.001847 0.199754
vt 0.001847 0.136710
vt 0.096134 0.310445
vt 0.001847 0.310445
vt 0.001847 0.290957
vt 0.001847 0.179689
vt 0.096134 0.193372
vt 0.001847 0.193395
vt 0.096134 0.165115
vt 0.001847 0.139503
vt 0.001847 0.165186
vt 0.096134 0.336190
vt 0.001847 0.336189
vt 0.001847 0.163832
vt 0.096134 0.179666
vt 0.001847 0.178851
vt 0.096134 0.364057
vt 0.001847 0.364057
vt 0.001847 0.353596
vt 0.096134 0.163809
vt 0.001847 0.140840
vt 0.096134 0.192261
vt 0.001847 0.192330
vt 0.001847 0.221783
vt 0.096134 0.389052
vt 0.001847 0.389052
vt 0.001847 0.373419
vt 0.001847 0.113078
vt 0.096134 0.139598
vt 0.001847 0.139621
vt 0.096134 0.252962
vt 0.001847 0.222863
vt 0.001847 0.253031
vt 0.096134 0.420173
vt 0.001847 0.420173
vt 0.001847 0.415939
vt 0.001847 0.099014
vt 0.096134 0.113054
vt 0.096134 0.263412
vt 0.001847 0.263480
vt 0.001847 0.432335
vt 0.096134 0.112766
vt 0.001847 0.099014
vt 0.001847 0.112789
vt 0.001847 0.296254
vt 0.096134 0.296185
vt 0.096134 0.432336
vt 0.001847 0.451416
vt 0.001847 0.122987
vt 0.001847 0.306764
vt 0.096134 0.451416
vt 0.001847 0.478269
vt 0.096134 0.126495
vt 0.001847 0.126518
vt 0.001847 0.128333
vt 0.096134 0.348768
vt 0.001847 0.348838
vt 0.001847 0.354201
vt 0.096134 0.098990
vt 0.001847 0.128018
vt 0.096134 0.162505
vt 0.001847 0.140549
vt 0.001847 0.162527
vt 0.096134 0.387557
vt 0.001847 0.387629
vt 0.001847 0.397240
vt 0.096134 0.128018
vt 0.001847 0.154593
vt 0.096134 0.186257
vt 0.001847 0.186279
vt 0.096134 0.183186
vt 0.001847 0.183186
vt 0.001847 0.161099
vt 0.001847 0.186655
vt 0.096134 0.206117
vt 0.001847 0.206117
vt 0.001847 0.200964
vt 0.096134 0.234073
vt 0.001847 0.214810
vt 0.001847 0.234096
vt 0.096134 0.230064
vt 0.001847 0.230064
vt 0.096134 0.242467
vt 0.001847 0.242490
vt 0.001847 0.620011
vt 0.096134 0.613969
vt 0.001847 0.613832
vt 0.096134 0.255354
vt 0.001847 0.255354
vt 0.096134 0.292425
vt 0.001847 0.292447
vt 0.096134 0.603166
vt 0.001847 0.603030
vt 0.001847 0.611280
vt 0.096134 0.288037
vt 0.001847 0.288037
vt 0.001847 0.305241
vt 0.001847 0.592207
vt 0.001847 0.321525
vt 0.096134 0.305218
vt 0.096134 0.570544
vt 0.001847 0.570410
vt 0.096134 0.345635
vt 0.001847 0.345658
vt 0.001847 0.510509
vt 0.001847 0.552544
vt 0.096134 0.493836
vt 0.096134 0.450233
vt 0.001847 0.424680
vt 0.001847 0.450305
vt 0.001847 0.361155
vt 0.001847 0.493709
vt 0.096134 0.487889
vt 0.001847 0.487762
vt 0.001847 0.451956
vt 0.096134 0.361132
vt 0.001847 0.382750
vt 0.096134 0.483438
vt 0.001847 0.483312
vt 0.096134 0.491250
vt 0.001847 0.471955
vt 0.001847 0.491321
vt 0.096134 0.459902
vt 0.001847 0.440881
vt 0.001847 0.459925
vt 0.001847 0.406165
vt 0.001847 0.460959
vt 0.096134 0.405949
vt 0.096134 0.510867
vt 0.001847 0.510937
vt 0.096134 0.439617
vt 0.001847 0.439640
vt 0.001847 0.405825
vt 0.096134 0.373545
vt 0.001847 0.373420
vt 0.001847 0.522470
vt 0.096134 0.187009
vt 0.001847 0.180737
vt 0.001847 0.187009
vt 0.001847 0.355703
vt 0.096134 0.569745
vt 0.001847 0.536613
vt 0.001847 0.569814
vt 0.001847 0.191328
vt 0.001847 0.237942
vt 0.096134 0.239159
vt 0.001847 0.268262
vt 0.001847 0.316192
vt 0.096134 0.355828
vt 0.001847 0.593507
vt 0.001847 0.248068
vt 0.001847 0.239159
vt 0.001847 0.226458
vt 0.096134 0.211465
vt 0.001847 0.211333
vt 0.096134 0.638467
vt 0.001847 0.606453
vt 0.001847 0.638535
vt 0.001847 0.297185
vt 0.096134 0.248068
vt 0.001847 0.152652
vt 0.001847 0.203851
vt 0.096134 0.147146
vt 0.001847 0.651685
vt 0.001847 0.112913
vt 0.001847 0.147009
vt 0.096134 0.132513
vt 0.001847 0.132373
vt 0.096134 0.709404
vt 0.001847 0.673500
vt 0.001847 0.709472
vt 0.096134 0.126404
vt 0.001847 0.119546
vt 0.001847 0.126405
vt 0.096134 0.099127
vt 0.001847 0.098990
vt 0.001847 0.099984
vt 0.001847 0.714674
vt 0.096134 0.136414
vt 0.001847 0.136414
vt 0.096134 0.099142
vt 0.001847 0.120900
vt 0.096134 0.772464
vt 0.001847 0.740282
vt 0.001847 0.772534
vt 0.096134 0.152309
vt 0.001847 0.152309
vt 0.096134 0.190995
vt 0.001847 0.190851
vt 0.001847 0.167349
vt 0.096134 0.778258
vt 0.001847 0.778328
vt 0.096134 0.168913
vt 0.001847 0.168912
vt 0.096134 0.253453
vt 0.001847 0.253314
vt 0.001847 0.216164
vt 0.001847 0.779711
vt 0.001847 0.835739
vt 0.001847 0.176466
vt 0.096134 0.345272
vt 0.001847 0.345134
vt 0.001847 0.270634
vt 0.001847 0.866409
vt 0.096134 0.853844
vt 0.001847 0.853917
vt 0.001847 0.241037
vt 0.096134 0.426987
vt 0.001847 0.426847
vt 0.001847 0.402938
vt 0.096134 0.893994
vt 0.001847 0.894068
vt 0.001847 0.263139
vt 0.096134 0.241037
vt 0.096134 0.507752
vt 0.001847 0.492362
vt 0.001847 0.450228
vt 0.096134 0.565415
vt 0.096134 0.263139
vt 0.001847 0.507604
vt 0.835181 0.469767
vt 0.863855 0.455090
vt 0.863855 0.488725
vt 0.856847 0.441275
vt 0.857257 0.416301
vt 0.867932 0.424477
vt 0.832548 0.395978
vt 0.837423 0.430360
vt 0.825919 0.427009
vt 0.837109 0.507670
vt 0.850913 0.491533
vt 0.854708 0.501405
vt 0.836919 0.435509
vt 0.832055 0.469806
vt 0.830064 0.453169
vt 0.874679 0.477781
vt 0.884602 0.476516
vt 0.884427 0.486476
vt 0.823814 0.483860
vt 0.807963 0.485102
vt 0.817717 0.473625
vt 0.298868 0.617754
vt 0.283206 0.634758
vt 0.322764 0.650281
vt 0.324065 0.646350
vt 0.278684 0.649695
vt 0.309816 0.689431
vt 0.322764 0.650281
vt 0.258549 0.689431
vt 0.270982 0.649593
vt 0.329769 0.650375
vt 0.316954 0.689431
vt 0.316954 0.689431
vt 0.304028 0.728831
vt 0.266655 0.689431
vt 0.257973 0.729443
vt 0.296754 0.728927
vt 0.221382 0.729930
vt 0.222777 0.718547
vt 0.306606 0.764165
vt 0.296754 0.728927
vt 0.257973 0.729443
vt 0.292768 0.740980
vt 0.001914 0.237296
vt 0.095932 0.263142
vt 0.001914 0.263195
vt 0.523890 0.648158
vt 0.532560 0.635805
vt 0.553483 0.609167
vt 0.560842 0.623141
vt 0.414489 0.689431
vt 0.533380 0.689431
vt 0.517469 0.665902
vt 0.531589 0.649015
vt 0.530447 0.650344
vt 0.526404 0.663268
vt 0.533380 0.689431
vt 0.551821 0.729579
vt 0.601391 0.709334
vt 0.576185 0.704898
vt 0.594882 0.715003
vt 0.551947 0.747652
vt 0.634870 0.728474
vt 0.646747 0.767215
vt 0.653067 0.805888
vt 0.648403 0.783466
vt 0.638824 0.781406
vt 0.646747 0.767215
vt 0.656341 0.779320
vt 0.614619 0.846819
vt 0.610185 0.846154
vt 0.670903 0.811615
vt 0.671566 0.834605
vt 0.666313 0.844066
vt 0.660930 0.853763
vt 0.538140 0.526484
vt 0.558490 0.527305
vt 0.529082 0.560609
vt 0.535071 0.539648
vt 0.558322 0.529046
vt 0.557546 0.537138
vt 0.543439 0.608899
vt 0.530444 0.590777
vt 0.516797 0.579928
vt 0.537047 0.568342
vt 0.551978 0.606309
vt 0.095932 0.238630
vt 0.001914 0.280123
vt 0.095932 0.280347
vt 0.574791 0.163023
vt 0.572589 0.167191
vt 0.592980 0.202848
vt 0.590774 0.189773
vt 0.594219 0.243142
vt 0.595054 0.215135
vt 0.585477 0.202948
vt 0.587048 0.283358
vt 0.593913 0.253431
vt 0.586223 0.243142
vt 0.579629 0.275214
vt 0.573877 0.312572
vt 0.586584 0.285380
vt 0.553616 0.322699
vt 0.553616 0.322699
vt 0.539741 0.336205
vt 0.503182 0.346189
vt 0.529779 0.361560
vt 0.533408 0.350882
vt 0.543806 0.344160
vt 0.513305 0.360903
vt 0.524482 0.377149
vt 0.608597 0.093581
vt 0.604968 0.121723
vt 0.582241 0.162824
vt 0.574791 0.163023
vt 0.596432 0.122063
vt 0.095932 0.292051
vt 0.001914 0.292104
vt 0.285184 0.175548
vt 0.252613 0.243142
vt 0.381826 0.227341
vt 0.196873 0.282213
vt 0.230456 0.262027
vt 0.249715 0.254578
vt 0.179508 0.257631
vt 0.252613 0.243142
vt 0.193499 0.282168
vt 0.195695 0.286018
vt 0.095932 0.212657
vt 0.001914 0.212431
vt 0.001914 0.228503
vt 0.001914 0.318880
vt 0.095932 0.237242
vt 0.001914 0.211542
vt 0.095932 0.319103
vt 0.001914 0.321101
vt 0.001914 0.159429
vt 0.095932 0.207370
vt 0.001914 0.207424
vt 0.001914 0.393523
vt 0.095932 0.357784
vt 0.001914 0.357560
vt 0.001914 0.126165
vt 0.095932 0.159373
vt 0.001914 0.432818
vt 0.095932 0.393747
vt 0.095932 0.126109
vt 0.001914 0.112007
vt 0.001914 0.511277
vt 0.095932 0.469733
vt 0.001914 0.469734
vt 0.001914 0.446165
vt 0.095932 0.433043
vt 0.095932 0.563705
vt 0.001914 0.599108
vt 0.001914 0.563640
vt 0.095932 0.598014
vt 0.001914 0.598014
vt 0.095932 0.446390
vt 0.001914 0.470525
vt 0.001914 0.561013
vt 0.095932 0.620745
vt 0.001914 0.620745
vt 0.095932 0.452594
vt 0.001914 0.452357
vt 0.001914 0.444637
vt 0.095932 0.502197
vt 0.001914 0.540099
vt 0.001914 0.502133
vt 0.095932 0.640763
vt 0.001914 0.640764
vt 0.095932 0.363608
vt 0.001914 0.395448
vt 0.001914 0.363372
vt 0.001914 0.488337
vt 0.001914 0.675575
vt 0.095932 0.337091
vt 0.001914 0.336854
vt 0.095932 0.461803
vt 0.001914 0.482383
vt 0.001914 0.461741
vt 0.001914 0.714472
vt 0.095932 0.675575
vt 0.095932 0.301555
vt 0.001914 0.301319
vt 0.095932 0.431442
vt 0.001914 0.431380
vt 0.001914 0.809514
vt 0.001914 0.881068
vt 0.095932 0.893682
vt 0.095932 0.264282
vt 0.001914 0.264047
vt 0.001914 0.392543
vt 0.001914 0.181999
vt 0.095932 0.108906
vt 0.001914 0.108906
vt 0.001914 0.262378
vt 0.095932 0.367764
vt 0.001914 0.388666
vt 0.001914 0.367703
vt 0.095932 0.220558
vt 0.001914 0.220558
vt 0.095932 0.196697
vt 0.001914 0.228337
vt 0.001914 0.196462
vt 0.095932 0.328761
vt 0.001914 0.328701
vt 0.001914 0.263512
vt 0.001914 0.336160
vt 0.001914 0.163948
vt 0.095932 0.302478
vt 0.001914 0.302418
vt 0.001914 0.444791
vt 0.095932 0.400340
vt 0.001914 0.400340
vt 0.095932 0.142319
vt 0.001914 0.162241
vt 0.001914 0.142082
vt 0.001914 0.301027
vt 0.095932 0.444791
vt 0.001914 0.464752
vt 0.095932 0.109145
vt 0.001914 0.108906
vt 0.095932 0.269616
vt 0.001914 0.269556
vt 0.001914 0.220090
vt 0.095932 0.526693
vt 0.001914 0.526694
vt 0.001914 0.590533
vt 0.095932 0.172787
vt 0.001914 0.172560
vt 0.095932 0.163094
vt 0.001914 0.163034
vt 0.001914 0.140380
vt 0.001914 0.432187
vt 0.001914 0.504598
vt 0.095932 0.353197
vt 0.001914 0.279232
vt 0.001914 0.353197
vt 0.001914 0.179795
vt 0.001914 0.252065
vt 0.095932 0.279232
vt 0.095932 0.108906
vt 0.001914 0.109047
vt 0.001914 0.143389
vt 0.095932 0.214874
vt 0.001914 0.174491
vt 0.001914 0.215011
vt 0.095932 0.243546
vt 0.001914 0.243681
vt 0.001914 0.277402
vt 0.095932 0.327381
vt 0.001914 0.286010
vt 0.001914 0.327513
vt 0.095932 0.459212
vt 0.001914 0.410643
vt 0.001914 0.459319
vt 0.001914 0.357628
vt 0.095932 0.410538
vt 0.001914 0.344156
vt 0.095932 0.422100
vt 0.001914 0.372586
vt 0.001914 0.422231
vt 0.095932 0.294527
vt 0.001914 0.294628
vt 0.001914 0.334514
vt 0.001914 0.429740
vt 0.095932 0.277464
vt 0.001914 0.277566
vt 0.095932 0.490317
vt 0.001914 0.490449
vt 0.001914 0.500236
vt 0.095932 0.221359
vt 0.001914 0.221459
vt 0.001914 0.250997
vt 0.095932 0.566365
vt 0.001914 0.542641
vt 0.001914 0.566499
vt 0.095932 0.149832
vt 0.001914 0.149931
vt 0.001914 0.180287
vt 0.001914 0.574708
vt 0.001914 0.655383
vt 0.001914 0.109005
vt 0.095932 0.709387
vt 0.001914 0.684161
vt 0.001914 0.709529
vt 0.095932 0.543397
vt 0.001914 0.484585
vt 0.001914 0.543327
vt 0.001914 0.162662
vt 0.095932 0.109033
vt 0.001914 0.108906
vt 0.095932 0.406149
vt 0.001914 0.406079
vt 0.001914 0.447049
vt 0.001914 0.207754
vt 0.095932 0.162786
vt 0.095932 0.345441
vt 0.001914 0.345369
vt 0.001914 0.372268
vt 0.095932 0.207878
vt 0.001914 0.221605
vt 0.095932 0.313561
vt 0.001914 0.313489
vt 0.095932 0.306335
vt 0.001914 0.353548
vt 0.095932 0.353667
vt 0.095932 0.276550
vt 0.001914 0.276476
vt 0.001914 0.292712
vt 0.001914 0.376640
vt 0.095932 0.236499
vt 0.001914 0.236425
vt 0.095932 0.398459
vt 0.001914 0.398341
vt 0.001914 0.447138
vt 0.095932 0.198342
vt 0.001914 0.198266
vt 0.001914 0.217579
vt 0.095932 0.465181
vt 0.001914 0.465063
vt 0.001914 0.518537
vt 0.095932 0.108981
vt 0.001914 0.108906
vt 0.001914 0.116715
vt 0.095932 0.522267
vt 0.001914 0.574420
vt 0.095932 0.574539
vt 0.001914 0.597083
vt 0.001914 0.651074
vt 0.095932 0.616270
vt 0.001914 0.616149
vt 0.095932 0.674378
vt 0.001914 0.674430
vt 0.001914 0.631722
vt 0.001914 0.672637
vt 0.095932 0.651196
vt 0.001914 0.578629
vt 0.095932 0.625004
vt 0.001914 0.625056
vt 0.095932 0.672759
vt 0.001914 0.692278
vt 0.001914 0.541617
vt 0.095932 0.578576
vt 0.095932 0.496820
vt 0.001914 0.496872
vt 0.001914 0.475258
vt 0.095932 0.206095
vt 0.001914 0.206128
vt 0.001914 0.175269
vt 0.001914 0.396692
vt 0.095932 0.420224
vt 0.001914 0.420276
vt 0.001914 0.252178
vt 0.095932 0.396640
vt 0.001914 0.393641
vt 0.095932 0.158030
vt 0.001914 0.158063
vt 0.001914 0.140429
vt 0.001914 0.325234
vt 0.095932 0.367416
vt 0.001914 0.367468
vt 0.095932 0.325181
vt 0.001914 0.297728
vt 0.416673 0.480617
vt 0.112570 0.990014
vt 0.384865 0.981404
vt 0.882107 0.277483
vt 0.870976 0.569404
vt 0.720718 0.480617
vt 0.413009 0.034328
vt 0.855825 0.388117
vt 0.883996 0.389045
vt 0.865880 0.398065
vt 0.884654 0.449232
vt 0.849417 0.449232
vt 0.874117 0.412420
vt 0.864485 0.465828
vt 0.872875 0.490044
vt 0.830849 0.472632
vt 0.851917 0.457007
vt 0.879721 0.429374
vt 0.861933 0.436625
vt 0.873040 0.393616
vt 0.875876 0.402434
vt 0.856848 0.401412
vt 0.830849 0.375026
vt 0.877692 0.368287
vt 0.853521 0.392253
vt 0.869075 0.389516
vt 0.859827 0.326882
vt 0.838261 0.301236
vt 0.871552 0.324549
vt 0.889093 0.305245
vt 0.869762 0.385146
vt 0.862739 0.351035
vt 0.876093 0.357526
vt 0.887101 0.445941
vt 0.878112 0.417322
vt 0.895517 0.425615
vt 0.884920 0.392357
vt 0.910031 0.488865
vt 0.898814 0.471452
vt 0.917101 0.471045
vt 0.905524 0.449427
vt 0.930337 0.487271
vt 0.946702 0.502708
vt 0.922028 0.510106
vt 0.889564 0.511947
vt 0.861444 0.478040
vt 0.812327 0.386194
vt 0.846253 0.378270
vt 0.840155 0.401441
vt 0.832197 0.404437
vt 0.850808 0.548139
vt 0.863260 0.564600
vt 0.812327 0.542660
vt 0.850986 0.483484
vt 0.844397 0.532645
vt 0.322733 0.650281
vt 0.329186 0.668855
vt 0.315890 0.689431
vt 0.320302 0.665909
vt 0.319241 0.650235
vt 0.246677 0.701540
vt 0.300853 0.703171
vt 0.302894 0.693868
vt 0.310906 0.697145
vt 0.311137 0.710416
vt 0.239067 0.711633
vt 0.279824 0.694660
vt 0.616367 0.646476
vt 0.613102 0.650099
vt 0.600694 0.663868
vt 0.600590 0.689431
vt 0.585197 0.696407
vt 0.542415 0.729704
vt 0.565301 0.721874
vt 0.571358 0.715351
vt 0.582208 0.727670
vt 0.578556 0.729223
vt 0.600548 0.699959
vt 0.600590 0.689431
vt 0.542415 0.729704
vt 0.578556 0.729223
vt 0.577414 0.729709
vt 0.544691 0.168601
vt 0.542871 0.163872
vt 0.500718 0.204075
vt 0.530938 0.164190
vt 0.549535 0.203426
vt 0.522208 0.203789
vt 0.563112 0.203245
vt 0.522208 0.203789
vt 0.549535 0.203426
vt 0.571887 0.243142
vt 0.515454 0.219491
vt 0.604871 0.260991
vt 0.590060 0.244185
vt 0.589303 0.243142
vt 0.635993 0.284009
vt 0.602306 0.278314
vt 0.537255 0.243142
vt 0.571888 0.243142
vt 0.526621 0.321981
vt 0.546540 0.311233
vt 0.548748 0.298656
vt 0.617412 0.294697
vt 0.635993 0.284009
vt 0.562022 0.343390
vt 0.550316 0.322611
vt 0.553085 0.330951
vt 0.526657 0.346554
vt 0.526620 0.321981
vt 0.503683 0.125766
vt 0.523826 0.144744
vt 0.530938 0.164190
vt 0.533765 0.140220
vt 0.096142 0.361404
vt 0.096142 0.102702
vt 0.096142 0.560585
vt 0.096142 0.329626
vt 0.096142 0.893797
vt 0.096142 0.463117
vt 0.096142 0.758793
vt 0.096142 0.428619
vt 0.096142 0.687510
vt 0.096142 0.305937
vt 0.096142 0.193437
vt 0.096142 0.131948
vt 0.096142 0.214791
vt 0.096142 0.102702
vt 0.096142 0.127397
vt 0.096142 0.225845
vt 0.108965 0.034328
vt 0.818817 0.427778
vt 0.821251 0.401659
vt 0.822389 0.424046
vt 0.829631 0.411016
vt 0.848781 0.412036
vt 0.839928 0.420157
vt 0.860210 0.426806
vt 0.848464 0.423475
vt 0.903877 0.408888
vt 0.907143 0.459212
vt 0.847042 0.472369
vt 0.849318 0.462499
vt 0.823142 0.472047
vt 0.831780 0.466388
vt 0.840935 0.466188
vt 0.858769 0.438190
vt 0.830772 0.420357
vt 0.814146 0.477905
vt 0.823244 0.463070
vt 0.816208 0.455783
vt 0.816627 0.456737
vt 0.855080 0.429808
vt 0.649210 0.650579
vt 0.545270 0.647043
vt 0.544913 0.649192
vt 0.637605 0.658968
vt 0.597494 0.674843
vt 0.603518 0.679227
vt 0.597844 0.689431
vt 0.649210 0.650579
vt 0.645009 0.676124
vt 0.612560 0.672155
vt 0.538228 0.689431
vt 0.628009 0.727760
vt 0.639070 0.724687
vt 0.648113 0.717615
vt 0.648675 0.728291
vt 0.597844 0.689431
vt 0.596476 0.700616
vt 0.599549 0.711676
vt 0.638076 0.735896
vt 0.603424 0.728892
vt 0.648675 0.728291
vt 0.002768 0.445517
vt 0.002885 0.845418
vt 0.095027 0.845412
vt 0.095027 0.712198
vt 0.095650 0.557077
vt 0.899053 0.419739
vt 0.896609 0.400672
vt 0.919308 0.419858
vt 0.922977 0.357488
vt 0.931137 0.372016
vt 0.946598 0.396844
vt 0.932193 0.407648
vt 0.898149 0.443893
vt 0.906789 0.438340
vt 0.890868 0.472739
vt 0.901264 0.479950
vt 0.774397 0.477352
vt 0.857146 0.471979
vt 0.920964 0.590038
vt 0.879597 0.590355
vt 0.859342 0.283040
vt 0.849679 0.270941
vt 0.913413 0.317370
vt 0.916480 0.338074
vt 0.897911 0.390019
vt 0.866451 0.299594
vt 0.900941 0.321659
vt 0.867220 0.322909
vt 0.860566 0.399761
vt 0.776228 0.451758
vt 0.791514 0.466877
vt 0.846767 0.469648
vt 0.849814 0.395569
vt 0.774397 0.280889
vt 0.811094 0.262121
vt 0.628010 0.168266
vt 0.625525 0.161673
vt 0.603826 0.202207
vt 0.602910 0.213060
vt 0.606114 0.243142
vt 0.649951 0.202090
vt 0.619489 0.243142
vt 0.626658 0.231654
vt 0.555263 0.209662
vt 0.555140 0.243142
vt 0.614665 0.250871
vt 0.482348 0.281966
vt 0.554993 0.282932
vt 0.566032 0.243142
vt 0.606114 0.243142
vt 0.496633 0.282156
vt 0.612765 0.324273
vt 0.611553 0.283684
vt 0.600427 0.283536
vt 0.600841 0.296002
vt 0.617039 0.386667
vt 0.615555 0.364985
vt 0.606643 0.388355
vt 0.609170 0.405326
vt 0.551057 0.084053
vt 0.508412 0.086324
vt 0.490414 0.087283
vt 0.551503 0.084030
vt 0.505617 0.098012
vt 0.551057 0.084053
vt 0.508412 0.086324
vt 0.560650 0.095185
vt 0.496339 0.103226
vt 0.508707 0.125566
vt 0.490414 0.087283
vt 0.607393 0.121626
vt 0.625525 0.161673
vt 0.604302 0.132769
vt 0.604100 0.162243
vt 0.542663 0.163878
vt 0.095891 0.121694
vt 0.003389 0.281236
vt 0.095891 0.325785
vt 0.003542 0.494230
vt 0.095360 0.494230
vt 0.003542 0.486880
vt 0.003542 0.279452
vt 0.095360 0.115680
vt 0.003389 0.558439
vt 0.095972 0.558439
vt 0.095972 0.186930
vt 0.003389 0.746168
vt 0.003389 0.841115
vt 0.095972 0.841115
vt 0.095972 0.246355
vt 0.095360 0.800194
vt 0.003307 0.230621
vt 0.855247 0.392621
vt 0.862916 0.373024
vt 0.848152 0.390025
vt 0.841732 0.371059
vt 0.869878 0.421204
vt 0.853223 0.408328
vt 0.878459 0.435302
vt 0.851857 0.426212
vt 0.887086 0.445278
vt 0.846853 0.441370
vt 0.914201 0.465358
vt 0.857319 0.383910
vt 0.247616 0.203397
vt 0.224229 0.225238
vt 0.244219 0.243142
vt 0.232571 0.229870
vt 0.240367 0.237190
vt 0.253114 0.223327
vt 0.255000 0.214695
vt 0.259452 0.203453
vt 0.252795 0.243142
vt 0.263897 0.264954
vt 0.253112 0.255875
vt 0.252795 0.243142
vt 0.300066 0.271071
vt 0.276932 0.283278
vt 0.267226 0.269816
vt 0.246895 0.247279
vt 0.249767 0.259674
vt 0.252058 0.272891
vt 0.258386 0.275567
vt 0.257611 0.283020
vt 0.276932 0.283278
vt 0.002620 0.147550
vt 0.002857 0.119503
vt 0.002871 0.903801
vt 0.002549 0.697685
vt 0.002619 0.545588
vt 0.905135 0.499580
vt 0.939127 0.479979
vt 0.919047 0.473254
vt 0.887338 0.428972
vt 0.800247 0.403366
vt 0.791784 0.390834
vt 0.797530 0.409608
vt 0.784467 0.417714
vt 0.906918 0.471950
vt 0.846672 0.367821
vt 0.847593 0.358246
vt 0.831254 0.377984
vt 0.847446 0.376909
vt 0.839345 0.384183
vt 0.841763 0.396090
vt 0.851345 0.382814
vt 0.837330 0.391890
vt 0.833830 0.410621
vt 0.832447 0.401954
vt 0.827686 0.422436
vt 0.826846 0.410211
vt 0.847889 0.440726
vt 0.836724 0.435748
vt 0.826235 0.448575
vt 0.825418 0.433123
vt 0.857429 0.447281
vt 0.832340 0.458424
vt 0.819477 0.418108
vt 0.808635 0.425781
vt 0.815573 0.433798
vt 0.866379 0.454220
vt 0.837959 0.470418
vt 0.882169 0.466349
vt 0.873656 0.459234
vt 0.864765 0.489645
vt 0.888733 0.472297
vt 0.874474 0.490230
vt 0.895461 0.477097
vt 0.883989 0.490868
vt 0.820630 0.440330
vt 0.854789 0.490477
vt 0.841329 0.482590
vt 0.842827 0.491910
vt 0.892595 0.492882
vt 0.902898 0.495185
vt 0.914163 0.499979
vt 0.917025 0.496502
vt 0.911461 0.485021
vt 0.898706 0.472280
vt 0.899477 0.464788
vt 0.908937 0.470998
vt 0.909186 0.459407
vt 0.899388 0.455612
vt 0.896232 0.435504
vt 0.896853 0.439897
vt 0.904840 0.434941
vt 0.898749 0.446788
vt 0.910545 0.449338
vt 0.918271 0.446228
vt 0.914375 0.438159
vt 0.926722 0.440636
vt 0.918761 0.435295
vt 0.934506 0.431974
vt 0.926294 0.427823
vt 0.941548 0.423613
vt 0.933731 0.418174
vt 0.907911 0.430172
vt 0.913610 0.434941
vt 0.909332 0.424383
vt 0.915761 0.427588
vt 0.914144 0.413396
vt 0.909139 0.413420
vt 0.909665 0.417286
vt 0.924321 0.410301
vt 0.786343 0.391973
vt 0.778470 0.373926
vt 0.765065 0.403134
vt 0.784397 0.397814
vt 0.883442 0.453635
vt 0.898788 0.449438
vt 0.862927 0.407656
vt 0.856711 0.416936
vt 0.858154 0.458738
vt 0.871705 0.456050
vt 0.939844 0.493192
vt 0.939904 0.465050
vt 0.934512 0.470656
vt 0.924268 0.475789
vt 0.916921 0.476801
vt 0.274736 0.649643
vt 0.335787 0.685125
vt 0.354534 0.669787
vt 0.353770 0.689431
vt 0.274736 0.649643
vt 0.256090 0.649395
vt 0.272724 0.689431
vt 0.272724 0.689431
vt 0.244767 0.718238
vt 0.253446 0.726105
vt 0.233508 0.729769
vt 0.254839 0.729485
vt 0.352790 0.714635
vt 0.353770 0.689431
vt 0.263218 0.749817
vt 0.254839 0.729485
vt 0.200124 0.763958
vt 0.200078 0.771010
vt 0.195739 0.757525
vt 0.222414 0.729916
vt 0.190564 0.771263
vt 0.571898 0.623391
vt 0.576431 0.619896
vt 0.580330 0.615621
vt 0.584083 0.615666
vt 0.597553 0.610643
vt 0.585058 0.623337
vt 0.597491 0.624576
vt 0.579684 0.633224
vt 0.575060 0.626540
vt 0.578687 0.649641
vt 0.582929 0.645940
vt 0.582411 0.639472
vt 0.498460 0.648574
vt 0.483457 0.625302
vt 0.490469 0.633027
vt 0.498113 0.635688
vt 0.587753 0.631675
vt 0.590902 0.639852
vt 0.595830 0.636599
vt 0.477647 0.615958
vt 0.489491 0.648455
vt 0.488154 0.645263
vt 0.476496 0.645243
vt 0.593831 0.642247
vt 0.602975 0.646877
vt 0.601155 0.649940
vt 0.608413 0.610628
vt 0.592322 0.668516
vt 0.585616 0.660937
vt 0.579109 0.655989
vt 0.578687 0.649641
vt 0.498460 0.648574
vt 0.598772 0.676795
vt 0.603587 0.689431
vt 0.498618 0.654408
vt 0.504110 0.688130
vt 0.603272 0.684141
vt 0.489490 0.648455
vt 0.493689 0.689431
vt 0.494859 0.677600
vt 0.598110 0.655068
vt 0.603864 0.665165
vt 0.611683 0.675874
vt 0.623712 0.686870
vt 0.602798 0.711256
vt 0.593704 0.717282
vt 0.584472 0.723489
vt 0.578127 0.729229
vt 0.628788 0.689431
vt 0.636741 0.693445
vt 0.622984 0.702054
vt 0.594219 0.691080
vt 0.603667 0.690774
vt 0.603587 0.689431
vt 0.509466 0.699420
vt 0.521567 0.693959
vt 0.535173 0.690733
vt 0.584122 0.690229
vt 0.561348 0.690164
vt 0.493643 0.689894
vt 0.553276 0.729560
vt 0.520936 0.712900
vt 0.546757 0.724619
vt 0.533323 0.717615
vt 0.510117 0.709296
vt 0.558270 0.733344
vt 0.578127 0.729229
vt 0.575981 0.731171
vt 0.608435 0.610161
vt 0.608412 0.610628
vt 0.543790 0.243142
vt 0.469809 0.280224
vt 0.462760 0.275505
vt 0.454794 0.265098
vt 0.452056 0.256633
vt 0.440063 0.281403
vt 0.543790 0.243142
vt 0.515837 0.273161
vt 0.663698 0.243741
vt 0.646567 0.258360
vt 0.587233 0.243142
vt 0.543683 0.282781
vt 0.561701 0.248802
vt 0.645644 0.265340
vt 0.539289 0.291069
vt 0.528088 0.282574
vt 0.543683 0.282781
vt 0.438028 0.285605
vt 0.237131 0.243142
vt 0.263475 0.259775
vt 0.277074 0.276763
vt 0.254974 0.243142
vt 0.235135 0.253373
vt 0.237131 0.243142
vt 0.096157 0.533110
vt 0.096157 0.125396
vt 0.002248 0.125397
vt 0.002248 0.900431
vt 0.002248 0.474211
vt 0.002248 0.774924
vt 0.002248 0.754980
vt 0.002248 0.290502
vt 0.002248 0.344862
vt 0.002248 0.510980
vt 0.002248 0.278790
vt 0.002248 0.507126
vt 0.096157 0.221395
vt 0.002248 0.123852
vt 0.002248 0.740735
vt 0.002248 0.125414
vt 0.002248 0.153836
vt 0.002248 0.125396
vt 0.095999 0.221395
vt 0.002248 0.343656
vt 0.002248 0.444727
vt 0.002248 0.484942
vt 0.002248 0.188561
vt 0.002248 0.156199
vt 0.002248 0.125397
vt 0.095999 0.121676
vt 0.002248 0.121700
vt 0.002248 0.398733
vt 0.096157 0.594017
vt 0.967290 0.347220
vt 0.985537 0.410326
vt 0.970391 0.404625
vt 0.954197 0.401797
vt 0.959181 0.353205
vt 0.907230 0.345171
vt 0.908751 0.337205
vt 0.854573 0.333496
vt 0.858035 0.327393
vt 0.835783 0.346737
vt 0.850754 0.315700
vt 0.851528 0.336022
vt 0.823930 0.357828
vt 0.838307 0.352038
vt 0.808963 0.364658
vt 0.829807 0.371893
vt 0.831485 0.407862
vt 0.825530 0.394642
vt 0.836101 0.416097
vt 0.839867 0.416488
vt 0.844459 0.343883
vt 0.765639 0.401819
vt 0.790306 0.416078
vt 0.787463 0.423592
vt 0.787106 0.459615
vt 0.740815 0.376265
vt 0.783644 0.444623
vt 0.784648 0.434835
vt 0.809066 0.440029
vt 0.824988 0.436589
vt 0.825012 0.445212
vt 0.832691 0.453881
vt 0.840573 0.452036
vt 0.849597 0.440009
vt 0.832668 0.361732
vt 0.860728 0.534214
vt 0.753974 0.526672
vt 0.817968 0.485233
vt 0.825987 0.487296
vt 0.941967 0.503561
vt 0.827816 0.470407
vt 0.863298 0.426509
vt 0.856397 0.432001
vt 0.869875 0.420999
vt 0.778371 0.446878
vt 0.847634 0.379396
vt 0.876823 0.415847
vt 0.886599 0.420338
vt 0.882437 0.416339
vt 0.886414 0.415907
vt 0.891853 0.415552
vt 0.894210 0.422381
vt 0.901849 0.425246
vt 0.897040 0.414972
vt 0.908395 0.428457
vt 0.907591 0.410899
vt 0.902531 0.413157
vt 0.914945 0.434929
vt 0.862951 0.410567
vt 0.857763 0.405909
vt 0.847839 0.440602
vt 0.840189 0.438430
vt 0.848247 0.432640
vt 0.833543 0.435612
vt 0.842689 0.429814
vt 0.827924 0.430007
vt 0.838113 0.424424
vt 0.825187 0.423701
vt 0.834934 0.419312
vt 0.823716 0.417432
vt 0.824347 0.408826
vt 0.833557 0.410742
vt 0.808621 0.394648
vt 0.833764 0.396555
vt 0.834134 0.387083
vt 0.833384 0.404541
vt 0.868616 0.436984
vt 0.863468 0.439525
vt 0.865782 0.430715
vt 0.876696 0.427694
vt 0.873753 0.432552
vt 0.871340 0.424907
vt 0.869567 0.398043
vt 0.864323 0.391033
vt 0.892152 0.382007
vt 0.872795 0.403563
vt 0.874954 0.413893
vt 0.874884 0.408207
vt 0.873760 0.419524
vt 0.775592 0.467098
vt 0.764191 0.473177
vt 0.769492 0.459998
vt 0.753235 0.447092
vt 0.735521 0.434119
vt 0.742472 0.431518
vt 0.754275 0.440364
vt 0.750336 0.428171
vt 0.791180 0.461518
vt 0.797871 0.467060
vt 0.784085 0.466322
vt 0.780312 0.455454
vt 0.786307 0.446128
vt 0.787014 0.454057
vt 0.789833 0.390619
vt 0.796088 0.379165
vt 0.805798 0.386810
vt 0.806387 0.395250
vt 0.818913 0.395838
vt 0.836776 0.407995
vt 0.851786 0.414883
vt 0.842140 0.421797
vt 0.863891 0.421086
vt 0.853320 0.427576
vt 0.777100 0.458273
vt 0.765980 0.449767
vt 0.916613 0.388868
vt 0.899813 0.390065
vt 0.922818 0.378569
vt 0.920077 0.364878
vt 0.954083 0.402460
vt 0.965555 0.401866
vt 0.968442 0.415944
vt 0.951932 0.419394
vt 0.976010 0.425373
vt 0.958202 0.425472
vt 0.984901 0.433085
vt 0.978011 0.440101
vt 0.992041 0.436713
vt 0.986012 0.438019
vt 0.973014 0.442921
vt 0.961913 0.434870
vt 0.965756 0.448203
vt 0.956134 0.456384
vt 0.959566 0.452224
vt 0.961888 0.444296
vt 0.769577 0.421770
vt 0.758336 0.423106
vt 0.777190 0.413065
vt 0.768904 0.415007
vt 0.785002 0.406858
vt 0.776812 0.407037
vt 0.795147 0.401111
vt 0.784055 0.399417
vt 0.831182 0.416101
vt 0.881711 0.439952
vt 0.869138 0.434734
vt 0.882349 0.428816
vt 0.891513 0.442878
vt 0.181685 0.609717
vt 0.185875 0.607475
vt 0.173235 0.648292
vt 0.173090 0.646837
vt 0.169780 0.633020
vt 0.166558 0.623443
vt 0.209744 0.620999
vt 0.194044 0.616071
vt 0.208979 0.616503
vt 0.203835 0.609957
vt 0.178022 0.615991
vt 0.178196 0.641687
vt 0.178441 0.648362
vt 0.213705 0.608216
vt 0.220180 0.614531
vt 0.222828 0.623283
vt 0.214359 0.626663
vt 0.173236 0.648292
vt 0.172501 0.689431
vt 0.174030 0.681120
vt 0.190860 0.688416
vt 0.233302 0.689431
vt 0.178441 0.648362
vt 0.178650 0.654019
vt 0.184697 0.695013
vt 0.171510 0.694817
vt 0.172501 0.689431
vt 0.294081 0.728963
vt 0.288116 0.716281
vt 0.276377 0.711692
vt 0.255884 0.705683
vt 0.224612 0.698294
vt 0.298965 0.709566
vt 0.308689 0.728769
vt 0.233302 0.689431
vt 0.238340 0.690466
vt 0.251490 0.693196
vt 0.293428 0.706204
vt 0.336979 0.765483
vt 0.346375 0.760191
vt 0.327695 0.766302
vt 0.352694 0.752364
vt 0.356101 0.744232
vt 0.358525 0.751728
vt 0.360988 0.760987
vt 0.363224 0.766669
vt 0.310412 0.763690
vt 0.264726 0.769290
vt 0.364221 0.777133
vt 0.351668 0.777544
vt 0.372578 0.778930
vt 0.339055 0.780268
vt 0.327195 0.789991
vt 0.318089 0.781783
vt 0.276116 0.780551
vt 0.363231 0.766685
vt 0.368460 0.773793
vt 0.264725 0.769290
vt 0.213705 0.608216
vt 0.564748 0.648497
vt 0.566296 0.649477
vt 0.534267 0.649050
vt 0.539816 0.646334
vt 0.588215 0.680750
vt 0.580614 0.689431
vt 0.592534 0.680853
vt 0.566296 0.649477
vt 0.575712 0.657041
vt 0.579372 0.663288
vt 0.580670 0.669208
vt 0.574299 0.670176
vt 0.565359 0.658597
vt 0.570689 0.662394
vt 0.558665 0.655056
vt 0.553642 0.654405
vt 0.547055 0.655343
vt 0.535602 0.663276
vt 0.531256 0.671456
vt 0.528944 0.677659
vt 0.571030 0.689431
vt 0.526574 0.685856
vt 0.525507 0.689431
vt 0.572121 0.688265
vt 0.521293 0.670216
vt 0.523624 0.661307
vt 0.515062 0.689431
vt 0.534266 0.649050
vt 0.532210 0.650057
vt 0.523682 0.695549
vt 0.515062 0.689431
vt 0.580614 0.689431
vt 0.571030 0.689431
vt 0.525507 0.689431
vt 0.568409 0.692235
vt 0.555534 0.701968
vt 0.563246 0.696697
vt 0.096290 0.760979
vt 0.627528 0.202388
vt 0.507542 0.222212
vt 0.500554 0.218788
vt 0.532718 0.212443
vt 0.495751 0.215052
vt 0.490836 0.243142
vt 0.523819 0.227439
vt 0.515696 0.225264
vt 0.533718 0.219843
vt 0.534487 0.227012
vt 0.627528 0.202388
vt 0.558175 0.214869
vt 0.528264 0.231705
vt 0.534255 0.232227
vt 0.490973 0.243142
vt 0.501422 0.237526
vt 0.496941 0.239306
vt 0.506822 0.235113
vt 0.512680 0.233173
vt 0.594101 0.243142
vt 0.490973 0.243142
vt 0.543006 0.243142
vt 0.203701 0.164807
vt 0.201498 0.170402
vt 0.207973 0.194145
vt 0.218409 0.203786
vt 0.222544 0.200413
vt 0.213603 0.181270
vt 0.211709 0.170165
vt 0.129822 0.226238
vt 0.153482 0.243142
vt 0.218409 0.203786
vt 0.165453 0.239504
vt 0.219897 0.205160
vt 0.239913 0.221002
vt 0.195857 0.243142
vt 0.243722 0.219654
vt 0.226143 0.203683
vt 0.262802 0.243142
vt 0.266759 0.227039
vt 0.238729 0.243142
vt 0.262193 0.283081
vt 0.260680 0.253598
vt 0.296925 0.283543
vt 0.355545 0.284323
vt 0.210236 0.282390
vt 0.202409 0.272520
vt 0.198895 0.262625
vt 0.242556 0.254146
vt 0.253927 0.258985
vt 0.355545 0.284323
vt 0.237785 0.322385
vt 0.208385 0.282366
vt 0.210236 0.282390
vt 0.221126 0.361376
vt 0.222757 0.124843
vt 0.219696 0.124966
vt 0.208065 0.117502
vt 0.208018 0.125432
vt 0.273819 0.111673
vt 0.261909 0.123280
vt 0.203701 0.164807
vt 0.347203 0.153134
vt 0.364109 0.148444
vt 0.356946 0.119486
vt 0.212175 0.164581
vt 0.212706 0.158236
vt 0.261909 0.123280
vt 0.214902 0.147557
vt 0.218116 0.136741
vt 0.219895 0.132910
vt 0.335558 0.120340
vt 0.096290 0.791004
vt 0.096290 0.392584
vt 0.001707 0.247591
vt 0.096290 0.808408
vt 0.001707 0.373260
vt 0.001707 0.145794
vt 0.096290 0.145785
vt 0.001707 0.191221
vt 0.096290 0.539303
vt 0.096290 0.504085
vt 0.096290 0.236842
vt 0.096290 0.650266
vt 0.001707 0.281638
vt 0.001707 0.619505
vt 0.096290 0.619539
vt 0.096290 0.446328
vt 0.096290 0.143373
vt 0.096290 0.745321
vt 0.001707 0.332632
vt 0.096290 0.658320
vt 0.096290 0.476478
vt 0.096290 0.279611
vt 0.096290 0.594440
vt 0.096290 0.249074
vt 0.001707 0.140325
vt 0.096290 0.425059
vt 0.096290 0.242544
vt 0.096290 0.669999
vt 0.096290 0.150909
vt 0.096290 0.742326
vt 0.096290 0.216596
vt 0.001707 0.375600
vt 0.096290 0.375600
vt 0.096290 0.195532
vt 0.892469 0.477114
vt 0.835432 0.446383
vt 0.859265 0.521428
vt 0.825905 0.493087
vt 0.832238 0.510295
vt 0.829195 0.353937
vt 0.913753 0.498611
vt 0.940761 0.483508
vt 0.920787 0.504870
vt 0.955655 0.483714
vt 0.876746 0.521090
vt 0.879084 0.509697
vt 0.800947 0.512559
vt 0.788595 0.518552
vt 0.794617 0.350089
vt 0.961906 0.472284
vt 0.977755 0.471525
vt 0.975804 0.490233
vt 0.938532 0.478133
vt 0.934542 0.462384
vt 0.897642 0.456048
vt 0.847612 0.423689
vt 0.870518 0.423192
vt 0.805146 0.372642
vt 0.788595 0.321175
vt 0.806103 0.340801
vt 0.902406 0.444577
vt 0.850948 0.455830
vt 0.874365 0.488444
vt 0.880310 0.506046
vt 0.847435 0.492615
vt 0.864402 0.483222
vt 0.893563 0.403762
vt 0.887422 0.410154
vt 0.811098 0.425853
vt 0.802211 0.390792
vt 0.850617 0.406116
vt 0.925223 0.345302
vt 0.930679 0.381639
vt 0.797579 0.385270
vt 0.790390 0.345302
vt 0.808517 0.370193
vt 0.810590 0.358394
vt 0.893454 0.521544
vt 0.915998 0.531082
vt 0.886278 0.549677
vt 0.883754 0.525247
vt 0.841986 0.451904
vt 0.830072 0.452814
vt 0.278577 0.649694
vt 0.279057 0.639832
vt 0.270651 0.609731
vt 0.210424 0.670838
vt 0.257837 0.649418
vt 0.216214 0.677767
vt 0.208010 0.689431
vt 0.261395 0.529425
vt 0.261853 0.539668
vt 0.253996 0.550097
vt 0.256803 0.529180
vt 0.339153 0.592025
vt 0.302850 0.571131
vt 0.266993 0.569700
vt 0.323130 0.571941
vt 0.363480 0.580829
vt 0.342589 0.582190
vt 0.002098 0.287153
vt 0.517088 0.671880
vt 0.584861 0.658754
vt 0.601737 0.659935
vt 0.600594 0.689431
vt 0.501649 0.667110
vt 0.511455 0.689431
vt 0.517170 0.689431
vt 0.572941 0.725469
vt 0.589206 0.690661
vt 0.549352 0.692069
vt 0.589203 0.689431
vt 0.517170 0.689431
vt 0.588951 0.729085
vt 0.549711 0.717541
vt 0.511455 0.689431
vt 0.530786 0.704223
vt 0.603290 0.728894
vt 0.588950 0.729085
vt 0.586012 0.162724
vt 0.600963 0.193490
vt 0.551600 0.194500
vt 0.602964 0.202715
vt 0.549599 0.203425
vt 0.528854 0.243142
vt 0.540692 0.243142
vt 0.516087 0.282414
vt 0.528855 0.243142
vt 0.542908 0.282771
vt 0.527147 0.282562
vt 0.540692 0.243142
vt 0.626824 0.256385
vt 0.623563 0.243142
vt 0.511395 0.295084
vt 0.476216 0.320639
vt 0.479743 0.320733
vt 0.496163 0.310466
vt 0.479743 0.320733
vt 0.540838 0.124283
vt 0.556709 0.138832
vt 0.556093 0.123674
vt 0.545500 0.137173
vt 0.545660 0.162483
vt 0.545457 0.163803
vt 0.575021 0.163017
vt 0.096496 0.197621
vt 0.219557 0.198860
vt 0.218400 0.203786
vt 0.279302 0.196138
vt 0.278579 0.202985
vt 0.278578 0.202985
vt 0.252234 0.244768
vt 0.208659 0.282369
vt 0.235694 0.297060
vt 0.240208 0.282789
vt 0.208524 0.305236
vt 0.208660 0.282369
vt 0.096496 0.129141
vt 0.096496 0.871536
vt 0.096496 0.577668
vt 0.002098 0.577685
vt 0.096496 0.096193
vt 0.002098 0.098878
vt 0.096496 0.150381
vt 0.096496 0.128968
vt 0.096496 0.353130
vt 0.002098 0.353130
vt 0.096496 0.187671
vt 0.096496 0.098849
vt 0.002098 0.813858
vt 0.096496 0.346047
vt 0.096496 0.271451
vt 0.096496 0.388787
vt 0.002098 0.282011
vt 0.002098 0.543611
vt 0.002098 0.520143
vt 0.096496 0.733710
vt 0.096496 0.512568
vt 0.002098 0.874079
vt 0.096496 0.874079
vt 0.002098 0.874094
vt 0.096496 0.874094
vt 0.824569 0.535967
vt 0.824833 0.553985
vt 0.816297 0.529763
vt 0.797535 0.532832
vt 0.877642 0.399313
vt 0.885309 0.422346
vt 0.877547 0.424260
vt 0.877853 0.341083
vt 0.873729 0.358187
vt 0.938409 0.270899
vt 0.922987 0.240753
vt 0.955437 0.259554
vt 0.906304 0.386588
vt 0.895646 0.379945
vt 0.911124 0.409189
vt 0.938907 0.457831
vt 0.901749 0.414292
vt 0.955437 0.524232
vt 0.926900 0.464479
vt 0.885099 0.387867
vt 0.886265 0.401552
vt 0.932580 0.557741
vt 0.941225 0.524129
vt 0.912522 0.576752
vt 0.906187 0.569125
vt 0.916716 0.610185
vt 0.873020 0.571766
vt 0.783193 0.335741
vt 0.783875 0.321030
vt 0.782606 0.365414
vt 0.768528 0.354596
vt 0.817690 0.427203
vt 0.924156 0.550521
vt 0.805280 0.627445
vt 0.779699 0.605437
vt 0.798951 0.601150
vt 0.808300 0.605586
vt 0.829540 0.551644
vt 0.841867 0.557733
vt 0.829037 0.423680
vt 0.811253 0.315687
vt 0.811590 0.331989
vt 0.831447 0.356465
vt 0.846506 0.345849
vt 0.850500 0.350653
vt 0.866192 0.345508
vt 0.927935 0.280857
vt 0.921954 0.267080
vt 0.934395 0.282603
vt 0.952684 0.275387
vt 0.827956 0.366295
vt 0.813165 0.348750
vt 0.784373 0.422092
vt 0.794872 0.435881
vt 0.783017 0.443962
vt 0.797435 0.450811
vt 0.899840 0.426786
vt 0.911974 0.422574
vt 0.900648 0.436275
vt 0.915813 0.446526
vt 0.868267 0.352193
vt 0.846197 0.429526
vt 0.850985 0.436152
vt 0.815275 0.458774
vt 0.817151 0.468901
vt 0.792265 0.486532
vt 0.819341 0.486687
vt 0.810558 0.491605
vt 0.928165 0.596348
vt 0.952684 0.601827
vt 0.921970 0.603681
vt 0.931528 0.627243
vt 0.859477 0.544374
vt 0.856922 0.528597
vt 0.783428 0.481816
vt 0.844254 0.403227
vt 0.858562 0.400970
vt 0.856756 0.416158
vt 0.842573 0.409239
vt 0.859460 0.433272
vt 0.860948 0.447038
vt 0.852004 0.441817
vt 0.849159 0.446691
vt 0.271265 0.677202
vt 0.263107 0.685200
vt 0.294539 0.689431
vt 0.288634 0.678923
vt 0.303803 0.676219
vt 0.302498 0.689431
vt 0.258371 0.688346
vt 0.302369 0.690741
vt 0.001701 0.196968
vt 0.096107 0.130364
vt 0.001701 0.130349
vt 0.651790 0.611782
vt 0.552951 0.609152
vt 0.654214 0.623807
vt 0.552730 0.609207
vt 0.542078 0.623674
vt 0.659133 0.650711
vt 0.445443 0.627420
vt 0.663806 0.635676
vt 0.448419 0.621371
vt 0.538401 0.617658
vt 0.546304 0.608976
vt 0.695289 0.651192
vt 0.668195 0.612219
vt 0.657965 0.654470
vt 0.659133 0.650711
vt 0.687652 0.689431
vt 0.695289 0.651192
vt 0.596987 0.689431
vt 0.676379 0.676112
vt 0.566258 0.703555
vt 0.577516 0.697175
vt 0.585057 0.689431
vt 0.677967 0.689431
vt 0.596987 0.689431
vt 0.584158 0.704098
vt 0.694134 0.765954
vt 0.686966 0.831393
vt 0.685916 0.804577
vt 0.701935 0.842169
vt 0.674803 0.853591
vt 0.680434 0.843314
vt 0.701935 0.842169
vt 0.610952 0.571293
vt 0.564846 0.569452
vt 0.552379 0.556259
vt 0.564489 0.567355
vt 0.668195 0.612219
vt 0.569801 0.598658
vt 0.552951 0.609152
vt 0.651790 0.611782
vt 0.650764 0.606693
vt 0.572462 0.569756
vt 0.096107 0.921237
vt 0.581922 0.202995
vt 0.534237 0.164102
vt 0.607341 0.192541
vt 0.525343 0.219584
vt 0.519709 0.203822
vt 0.585383 0.204893
vt 0.607401 0.243142
vt 0.512817 0.243142
vt 0.620488 0.243142
vt 0.524552 0.243142
vt 0.607402 0.243142
vt 0.623342 0.324554
vt 0.637261 0.324924
vt 0.509263 0.347486
vt 0.515464 0.360989
vt 0.520789 0.355166
vt 0.623342 0.324554
vt 0.624405 0.334473
vt 0.596900 0.364240
vt 0.583571 0.374882
vt 0.576770 0.403601
vt 0.472288 0.392978
vt 0.454590 0.397094
vt 0.588911 0.383322
vt 0.613228 0.364892
vt 0.481054 0.398620
vt 0.481155 0.398509
vt 0.576770 0.403601
vt 0.588769 0.417264
vt 0.588823 0.404243
vt 0.653506 0.078598
vt 0.669768 0.077731
vt 0.490941 0.125786
vt 0.490426 0.126296
vt 0.653506 0.078598
vt 0.654408 0.081118
vt 0.632693 0.120616
vt 0.497249 0.126023
vt 0.502669 0.147651
vt 0.497249 0.126023
vt 0.486509 0.155355
vt 0.490552 0.165264
vt 0.096107 0.406753
vt 0.195638 0.264438
vt 0.208570 0.243142
vt 0.182075 0.282016
vt 0.181383 0.320884
vt 0.182075 0.282016
vt 0.257084 0.335109
vt 0.246216 0.322610
vt 0.181383 0.320884
vt 0.251839 0.152290
vt 0.244617 0.163718
vt 0.256996 0.163389
vt 0.278494 0.158708
vt 0.259358 0.159499
vt 0.001701 0.860989
vt 0.096107 0.860989
vt 0.096107 0.481199
vt 0.001701 0.764335
vt 0.001701 0.841064
vt 0.096107 0.508019
vt 0.096107 0.151726
vt 0.096107 0.677196
vt 0.001701 0.330500
vt 0.096107 0.197625
vt 0.096107 0.564830
vt 0.001701 0.198353
vt 0.001701 0.158110
vt 0.096107 0.271726
vt 0.096107 0.110687
vt 0.096107 0.585041
vt 0.096107 0.582222
vt 0.096107 0.127699
vt 0.096107 0.539313
vt 0.096107 0.501483
vt 0.001701 0.245787
vt 0.096107 0.245787
vt 0.001701 0.264903
vt 0.096107 0.472013
vt 0.096107 0.110700
vt 0.096107 0.424171
vt 0.001701 0.176282
vt 0.096107 0.561382
vt 0.096107 0.419203
vt 0.001701 0.235247
vt 0.096107 0.532698
vt 0.096107 0.289102
vt 0.001701 0.303164
vt 0.096107 0.303164
vt 0.096107 0.497038
vt 0.001701 0.199039
vt 0.001701 0.285072
vt 0.001701 0.477755
vt 0.096107 0.110687
vt 0.828877 0.528960
vt 0.797585 0.502617
vt 0.815961 0.499158
vt 0.826849 0.494779
vt 0.797585 0.320711
vt 0.845537 0.312919
vt 0.820954 0.354781
vt 0.818979 0.349692
vt 0.857199 0.367883
vt 0.865048 0.400331
vt 0.850836 0.367727
vt 0.869869 0.423684
vt 0.865139 0.426827
vt 0.881411 0.433500
vt 0.861177 0.447538
vt 0.857362 0.287517
vt 0.870286 0.257922
vt 0.839784 0.312932
vt 0.804634 0.344233
vt 0.836984 0.420337
vt 0.848368 0.428743
vt 0.834921 0.443695
vt 0.825135 0.419845
vt 0.824302 0.444336
vt 0.835948 0.485348
vt 0.854692 0.504352
vt 0.829793 0.522365
vt 0.817758 0.541989
vt 0.830585 0.541986
vt 0.845315 0.567664
vt 0.829858 0.553230
vt 0.804634 0.552387
vt 0.814695 0.431957
vt 0.937706 0.355608
vt 0.995642 0.370104
vt 0.966527 0.374824
vt 0.890121 0.340425
vt 0.923837 0.362318
vt 0.946766 0.367474
vt 0.768184 0.276169
vt 0.786809 0.272616
vt 0.790743 0.292348
vt 0.749544 0.279721
vt 0.793393 0.306819
vt 0.800449 0.333277
vt 0.730474 0.278482
vt 0.858560 0.341860
vt 0.822864 0.324464
vt 0.761828 0.545761
vt 0.801906 0.561626
vt 0.791479 0.570031
vt 0.779755 0.583034
vt 0.769070 0.597676
vt 0.730474 0.601293
vt 0.731448 0.546447
vt 0.754064 0.537128
vt 0.778099 0.494386
vt 0.803187 0.459985
vt 0.790219 0.494781
vt 0.834456 0.430019
vt 0.812460 0.466374
vt 0.919554 0.378824
vt 0.922972 0.388930
vt 0.895326 0.354484
vt 0.182795 0.607393
vt 0.222103 0.648942
vt 0.209313 0.648772
vt 0.239374 0.689431
vt 0.249977 0.729550
vt 0.239542 0.729688
vt 0.254019 0.769574
vt 0.244262 0.807410
vt 0.243650 0.769850
vt 0.208277 0.814487
vt 0.207037 0.811557
vt 0.220243 0.851630
vt 0.255199 0.849768
vt 0.220243 0.851630
vt 0.346636 0.565665
vt 0.356017 0.573254
vt 0.140957 0.564668
vt 0.176217 0.566075
vt 0.340887 0.572650
vt 0.325624 0.591542
vt 0.292784 0.593109
vt 0.254804 0.591652
vt 0.360745 0.577079
vt 0.374867 0.588498
vt 0.391516 0.596071
vt 0.218079 0.585687
vt 0.356017 0.573254
vt 0.190483 0.579412
vt 0.186638 0.595271
vt 0.168807 0.573399
vt 0.140957 0.564668
vt 0.182795 0.607393
vt 0.334400 0.580532
vt 0.176217 0.566075
vt 0.096094 0.799500
vt 0.556856 0.654698
vt 0.550519 0.689431
vt 0.539753 0.691747
vt 0.539959 0.689431
vt 0.548180 0.716323
vt 0.546725 0.729647
vt 0.569554 0.729343
vt 0.575766 0.714368
vt 0.592144 0.710474
vt 0.579771 0.718042
vt 0.550519 0.689431
vt 0.559504 0.768924
vt 0.559481 0.769537
vt 0.542589 0.767504
vt 0.533540 0.764018
vt 0.535890 0.729791
vt 0.524509 0.770467
vt 0.529646 0.810816
vt 0.534876 0.818300
vt 0.529646 0.810816
vt 0.549124 0.850307
vt 0.561178 0.589610
vt 0.560196 0.600349
vt 0.558418 0.609298
vt 0.547127 0.608998
vt 0.548068 0.598441
vt 0.096094 0.179988
vt 0.540040 0.203552
vt 0.573318 0.243142
vt 0.554102 0.209611
vt 0.570421 0.203148
vt 0.596195 0.243142
vt 0.573318 0.243142
vt 0.237549 0.163906
vt 0.220421 0.180628
vt 0.203838 0.243142
vt 0.211613 0.237625
vt 0.220344 0.311685
vt 0.216879 0.321829
vt 0.228387 0.314508
vt 0.221412 0.282539
vt 0.251318 0.346721
vt 0.233921 0.322282
vt 0.216879 0.321829
vt 0.219175 0.164395
vt 0.237549 0.163906
vt 0.001771 0.272078
vt 0.096094 0.207656
vt 0.001771 0.207656
vt 0.096094 0.229345
vt 0.096094 0.352534
vt 0.001771 0.354999
vt 0.096094 0.520688
vt 0.001771 0.293777
vt 0.096094 0.113901
vt 0.096094 0.408635
vt 0.001771 0.113901
vt 0.096094 0.114001
vt 0.096094 0.113901
vt 0.096094 0.191698
vt 0.001771 0.298174
vt 0.096094 0.298171
vt 0.096094 0.250699
vt 0.096094 0.372666
vt 0.096094 0.458177
vt 0.096094 0.538878
vt 0.001771 0.162579
vt 0.096094 0.675149
vt 0.001771 0.675197
vt 0.001771 0.647969
vt 0.001771 0.113901
vt 0.096094 0.113983
vt 0.001771 0.381711
vt 0.096094 0.381711
vt 0.096094 0.113901
vt 0.915274 0.411865
vt 0.928539 0.427077
vt 0.903057 0.429745
vt 0.884241 0.357957
vt 0.790716 0.386942
vt 0.806320 0.345535
vt 0.829770 0.354697
vt 0.888199 0.344161
vt 0.803678 0.483945
vt 0.835524 0.512362
vt 0.790716 0.510238
vt 0.875457 0.307525
vt 0.866176 0.286557
vt 0.889366 0.303181
vt 0.899929 0.289875
vt 0.869532 0.406686
vt 0.869130 0.564955
vt 0.881130 0.584194
vt 0.859190 0.566072
vt 0.844640 0.584300
vt 0.866109 0.467379
vt 0.786424 0.286557
vt 0.820723 0.287887
vt 0.814572 0.304062
vt 0.818714 0.370730
vt 0.808321 0.336472
vt 0.819933 0.339106
vt 0.802887 0.310681
vt 0.836202 0.411579
vt 0.833660 0.381773
vt 0.874993 0.393482
vt 0.829288 0.370908
vt 0.881655 0.384176
vt 0.829633 0.359152
vt 0.893649 0.382260
vt 0.884520 0.390537
vt 0.861220 0.442540
vt 0.867012 0.418134
vt 0.872223 0.442263
vt 0.794365 0.441757
vt 0.834813 0.441608
vt 0.790193 0.451866
vt 0.859066 0.455071
vt 0.885410 0.458457
vt 0.877998 0.463553
vt 0.899550 0.492393
vt 0.890940 0.494627
vt 0.891139 0.543624
vt 0.899550 0.560457
vt 0.820680 0.359061
vt 0.821752 0.349092
vt 0.809156 0.371642
vt 0.781416 0.457334
vt 0.785151 0.418878
vt 0.796636 0.420842
vt 0.931823 0.511462
vt 0.924901 0.522976
vt 0.927383 0.503870
vt 0.917292 0.497646
vt 0.810660 0.360500
vt 0.795182 0.338669
vt 0.805564 0.346835
vt 0.795182 0.521798
vt 0.803652 0.438794
vt 0.824937 0.450242
vt 0.813856 0.376186
vt 0.817916 0.425789
vt 0.817869 0.353523
vt 0.828685 0.372185
vt 0.833150 0.359178
vt 0.837622 0.485608
vt 0.940671 0.504981
vt 0.937329 0.496928
vt 0.935410 0.475888
vt 0.940467 0.476644
vt 0.933764 0.454081
vt 0.818784 0.380170
vt 0.940454 0.449018
vt 0.840218 0.384687
vt 0.321751 0.640278
vt 0.333921 0.650430
vt 0.169672 0.648245
vt 0.176196 0.642923
vt 0.197354 0.625423
vt 0.310360 0.638711
vt 0.197719 0.633753
vt 0.327191 0.674931
vt 0.310146 0.661384
vt 0.327029 0.662289
vt 0.310252 0.650115
vt 0.177021 0.648343
vt 0.169673 0.648245
vt 0.154373 0.660728
vt 0.155019 0.671610
vt 0.162656 0.658182
vt 0.163646 0.670198
vt 0.348173 0.658740
vt 0.361093 0.663922
vt 0.347401 0.668682
vt 0.333366 0.676178
vt 0.333921 0.650430
vt 0.334157 0.650626
vt 0.292816 0.704512
vt 0.310340 0.689431
vt 0.234492 0.729756
vt 0.286599 0.729062
vt 0.233905 0.770110
vt 0.629424 0.650316
vt 0.619110 0.610913
vt 0.617915 0.650163
vt 0.617956 0.646505
vt 0.606124 0.610567
vt 0.547325 0.609003
vt 0.543866 0.610224
vt 0.617719 0.667415
vt 0.617914 0.650163
vt 0.540823 0.658691
vt 0.539728 0.649123
vt 0.552290 0.672890
vt 0.532602 0.679018
vt 0.629424 0.650316
vt 0.620640 0.677885
vt 0.516670 0.689431
vt 0.516149 0.708152
vt 0.516792 0.730045
vt 0.513431 0.764904
vt 0.516792 0.730045
vt 0.517524 0.754949
vt 0.510149 0.756484
vt 0.509009 0.730148
vt 0.500510 0.771106
vt 0.601545 0.582689
vt 0.611426 0.596469
vt 0.619110 0.610913
vt 0.526784 0.596940
vt 0.535098 0.608678
vt 0.534813 0.606189
vt 0.538394 0.600251
vt 0.592697 0.581718
vt 0.605552 0.609189
vt 0.522797 0.203781
vt 0.515066 0.164612
vt 0.565132 0.163280
vt 0.547385 0.243142
vt 0.547796 0.230273
vt 0.533301 0.203642
vt 0.571516 0.278171
vt 0.599493 0.391843
vt 0.585478 0.374194
vt 0.585099 0.363769
vt 0.575220 0.363375
vt 0.575788 0.376415
vt 0.503090 0.125790
vt 0.502244 0.122677
vt 0.506499 0.106010
vt 0.472476 0.108555
vt 0.487882 0.126397
vt 0.562987 0.123399
vt 0.562764 0.119247
vt 0.584946 0.099062
vt 0.576355 0.122865
vt 0.576012 0.113391
vt 0.503832 0.164911
vt 0.487882 0.126397
vt 0.565132 0.163280
vt 0.515066 0.164612
vt 0.218471 0.164414
vt 0.212422 0.177910
vt 0.223848 0.189617
vt 0.234086 0.163998
vt 0.241492 0.225355
vt 0.265350 0.243142
vt 0.361056 0.243142
vt 0.294328 0.243142
vt 0.242088 0.203471
vt 0.361306 0.243142
vt 0.303832 0.271834
vt 0.310531 0.283724
vt 0.314239 0.258263
vt 0.361056 0.243142
vt 0.294327 0.243142
vt 0.361306 0.243142
vt 0.328154 0.283959
vt 0.328154 0.283959
vt 0.307300 0.139823
vt 0.237474 0.124256
vt 0.234086 0.163998
vt 0.245658 0.135040
vt 0.315116 0.159881
vt 0.096156 0.420593
vt 0.096156 0.767632
vt 0.001730 0.834756
vt 0.096156 0.590934
vt 0.001730 0.619977
vt 0.096156 0.574152
vt 0.096156 0.790794
vt 0.096156 0.893514
vt 0.096156 0.512460
vt 0.001730 0.116595
vt 0.096156 0.116615
vt 0.096156 0.450523
vt 0.096156 0.352565
vt 0.096156 0.370434
vt 0.001730 0.116595
vt 0.096156 0.116646
vt 0.096156 0.116618
vt 0.096156 0.453545
vt 0.096156 0.137413
vt 0.096156 0.352096
vt 0.096156 0.116657
vt 0.001730 0.116595
vt 0.001730 0.116594
vt 0.096156 0.116660
vt 0.096156 0.116595
vt 0.096156 0.294299
vt 0.001730 0.796574
vt 0.096156 0.491665
vt 0.096156 0.851124
vt 0.096156 0.427652
vt 0.096156 0.381550
vt 0.096156 0.116595
vt 0.096156 0.369134
vt 0.001730 0.220809
vt 0.096156 0.597807
vt 0.001730 0.583563
vt 0.001730 0.523216
vt 0.001730 0.281451
vt 0.001730 0.462852
vt 0.096156 0.397138
vt 0.001730 0.191870
vt 0.096156 0.191870
vt 0.867029 0.306088
vt 0.856140 0.309244
vt 0.870025 0.288337
vt 0.874165 0.300225
vt 0.922556 0.346341
vt 0.919952 0.336451
vt 0.925968 0.334804
vt 0.936092 0.344977
vt 0.915950 0.369110
vt 0.897400 0.396616
vt 0.904621 0.374825
vt 0.886098 0.395765
vt 0.922426 0.351598
vt 0.865954 0.421451
vt 0.848729 0.448098
vt 0.833053 0.472631
vt 0.854702 0.468175
vt 0.884369 0.445080
vt 0.900042 0.470855
vt 0.889290 0.468980
vt 0.910664 0.496897
vt 0.900773 0.494199
vt 0.915611 0.514072
vt 0.908081 0.517727
vt 0.935540 0.518933
vt 0.931208 0.525828
vt 0.919288 0.526234
vt 0.812632 0.498869
vt 0.837792 0.512836
vt 0.924438 0.556770
vt 0.936092 0.579460
vt 0.914837 0.557441
vt 0.903800 0.573774
vt 0.789432 0.537258
vt 0.772101 0.533206
vt 0.791571 0.520412
vt 0.804973 0.545457
vt 0.832298 0.547636
vt 0.827685 0.580970
vt 0.818690 0.559522
vt 0.912529 0.540609
vt 0.875337 0.412159
vt 0.856706 0.390937
vt 0.869952 0.377523
vt 0.845460 0.371240
vt 0.898648 0.397533
vt 0.893241 0.375723
vt 0.913166 0.371675
vt 0.871922 0.422653
vt 0.869066 0.442844
vt 0.845460 0.454522
vt 0.862698 0.437303
vt 0.918167 0.439904
vt 0.891209 0.483978
vt 0.898368 0.480331
vt 0.913755 0.493160
vt 0.908878 0.475044
vt 0.916296 0.483782
vt 0.930482 0.487161
vt 0.919518 0.505784
vt 0.838813 0.479835
vt 0.826606 0.504200
vt 0.820368 0.493760
vt 0.879220 0.372347
vt 0.883532 0.360685
vt 0.895814 0.366755
vt 0.889840 0.356456
vt 0.890483 0.387316
vt 0.887247 0.412635
vt 0.895196 0.427943
vt 0.891266 0.434340
vt 0.876553 0.391089
vt 0.875427 0.410925
vt 0.861592 0.377826
vt 0.861725 0.391990
vt 0.851357 0.392408
vt 0.860705 0.405868
vt 0.880707 0.439962
vt 0.856932 0.359500
vt 0.862584 0.434298
vt 0.846863 0.342481
vt 0.859541 0.446482
vt 0.851415 0.458046
vt 0.846145 0.470766
vt 0.838803 0.462751
vt 0.852964 0.407670
vt 0.842139 0.415058
vt 0.844170 0.411219
vt 0.844507 0.420311
vt 0.905418 0.337171
vt 0.915158 0.344646
vt 0.903234 0.348553
vt 0.887633 0.349077
vt 0.874039 0.351325
vt 0.872373 0.337640
vt 0.861432 0.347707
vt 0.900168 0.326026
vt 0.896112 0.337931
vt 0.852844 0.339992
vt 0.850994 0.334192
vt 0.820368 0.339152
vt 0.847660 0.274292
vt 0.845501 0.269117
vt 0.861545 0.263693
vt 0.847945 0.286775
vt 0.840921 0.288425
vt 0.843083 0.282959
vt 0.829208 0.305139
vt 0.833705 0.285879
vt 0.836185 0.305445
vt 0.845108 0.380368
vt 0.844116 0.376453
vt 0.847540 0.372283
vt 0.855362 0.376172
vt 0.902627 0.420800
vt 0.890492 0.577616
vt 0.910331 0.576332
vt 0.890115 0.598910
vt 0.885803 0.586352
vt 0.843509 0.534956
vt 0.842259 0.547499
vt 0.829208 0.551745
vt 0.861564 0.439037
vt 0.259154 0.609425
vt 0.259115 0.625426
vt 0.250178 0.649316
vt 0.252255 0.631510
vt 0.252269 0.609242
vt 0.204988 0.689431
vt 0.216590 0.689680
vt 0.246345 0.697888
vt 0.282660 0.729115
vt 0.277241 0.738108
vt 0.307773 0.789165
vt 0.295400 0.768473
vt 0.312477 0.801534
vt 0.306272 0.768184
vt 0.271852 0.845276
vt 0.295704 0.808017
vt 0.252192 0.849928
vt 0.278998 0.852846
vt 0.232140 0.526177
vt 0.233796 0.527955
vt 0.223517 0.527408
vt 0.242842 0.538649
vt 0.223517 0.527408
vt 0.233797 0.527955
vt 0.239153 0.533704
vt 0.249456 0.534093
vt 0.259251 0.569390
vt 0.096134 0.487192
vt 0.626952 0.611122
vt 0.635153 0.616325
vt 0.637800 0.625909
vt 0.646779 0.649542
vt 0.647346 0.650555
vt 0.609084 0.636759
vt 0.624570 0.622675
vt 0.629758 0.638467
vt 0.621571 0.638961
vt 0.647346 0.650555
vt 0.658045 0.669660
vt 0.669230 0.679807
vt 0.676876 0.689431
vt 0.572532 0.673317
vt 0.582887 0.686109
vt 0.591835 0.664921
vt 0.596349 0.680054
vt 0.610547 0.675016
vt 0.651266 0.676823
vt 0.651568 0.669932
vt 0.609573 0.655395
vt 0.632005 0.650351
vt 0.615753 0.650134
vt 0.566397 0.662214
vt 0.461357 0.671086
vt 0.485044 0.689431
vt 0.476115 0.670903
vt 0.483982 0.664203
vt 0.495742 0.667396
vt 0.543316 0.666665
vt 0.495006 0.688370
vt 0.550556 0.689431
vt 0.554339 0.700827
vt 0.554581 0.694299
vt 0.550556 0.689431
vt 0.513297 0.730091
vt 0.524014 0.723057
vt 0.522039 0.729975
vt 0.599705 0.690574
vt 0.583845 0.694486
vt 0.583403 0.704563
vt 0.647206 0.689431
vt 0.663387 0.689431
vt 0.676877 0.689431
vt 0.534166 0.724764
vt 0.530569 0.729862
vt 0.574165 0.707447
vt 0.568816 0.703445
vt 0.553184 0.710323
vt 0.509077 0.739307
vt 0.504692 0.730206
vt 0.530569 0.729862
vt 0.520029 0.744797
vt 0.626953 0.611122
vt 0.096134 0.527224
vt 0.568685 0.203171
vt 0.584684 0.217262
vt 0.576108 0.203072
vt 0.563474 0.243142
vt 0.569068 0.278408
vt 0.567492 0.255653
vt 0.591468 0.253353
vt 0.619024 0.243142
vt 0.570387 0.283137
vt 0.557919 0.278185
vt 0.563474 0.243142
vt 0.563250 0.247169
vt 0.552975 0.252520
vt 0.535293 0.256712
vt 0.570387 0.283137
vt 0.316964 0.161793
vt 0.317856 0.162762
vt 0.316629 0.168145
vt 0.293478 0.188341
vt 0.330262 0.161439
vt 0.288010 0.202860
vt 0.229479 0.243142
vt 0.274016 0.203046
vt 0.288010 0.202860
vt 0.250906 0.243142
vt 0.190145 0.282123
vt 0.229479 0.243142
vt 0.217364 0.282485
vt 0.240142 0.248085
vt 0.246498 0.255745
vt 0.274966 0.323375
vt 0.134378 0.319634
vt 0.190145 0.282123
vt 0.194228 0.321226
vt 0.217364 0.282485
vt 0.258351 0.283030
vt 0.194228 0.321226
vt 0.267130 0.360551
vt 0.265991 0.323136
vt 0.267313 0.336086
vt 0.275820 0.333892
vt 0.274966 0.323375
vt 0.295315 0.343038
vt 0.155459 0.343167
vt 0.165794 0.359167
vt 0.134378 0.319634
vt 0.141174 0.331499
vt 0.266005 0.378345
vt 0.279597 0.403967
vt 0.171441 0.384422
vt 0.165793 0.359167
vt 0.166647 0.360489
vt 0.276022 0.379652
vt 0.276542 0.363589
vt 0.282935 0.404145
vt 0.257240 0.110767
vt 0.269099 0.109784
vt 0.280824 0.122525
vt 0.291905 0.122083
vt 0.277662 0.105235
vt 0.317235 0.152043
vt 0.291904 0.122083
vt 0.001847 0.464666
vt 0.096134 0.315276
vt 0.096134 0.583363
vt 0.096134 0.114396
vt 0.001847 0.292931
vt 0.096134 0.345126
vt 0.001847 0.099163
vt 0.096134 0.098990
vt 0.096134 0.098990
vt 0.096134 0.139431
vt 0.096134 0.222795
vt 0.096134 0.098991
vt 0.096134 0.098991
vt 0.096134 0.478270
vt 0.096134 0.140526
vt 0.096134 0.424606
vt 0.096134 0.154593
vt 0.096134 0.214788
vt 0.096134 0.620149
vt 0.096134 0.592343
vt 0.096134 0.321503
vt 0.096134 0.471884
vt 0.096134 0.440858
vt 0.001847 0.430273
vt 0.096134 0.536544
vt 0.096134 0.180737
vt 0.096134 0.226589
vt 0.096134 0.606385
vt 0.096134 0.297185
vt 0.096134 0.673431
vt 0.096134 0.119545
vt 0.096134 0.740213
vt 0.096134 0.121051
vt 0.096134 0.866336
vt 0.001847 0.348351
vt 0.001847 0.565588
vt 0.839355 0.359440
vt 0.816181 0.358269
vt 0.847217 0.326330
vt 0.847684 0.354214
vt 0.857779 0.369319
vt 0.846746 0.371448
vt 0.865405 0.397486
vt 0.854083 0.394233
vt 0.865703 0.451441
vt 0.858478 0.475535
vt 0.850854 0.466648
vt 0.847181 0.500592
vt 0.842232 0.489959
vt 0.843040 0.508960
vt 0.832233 0.505583
vt 0.855585 0.526903
vt 0.816181 0.521263
vt 0.878576 0.597303
vt 0.879635 0.615014
vt 0.870059 0.591057
vt 0.842886 0.607069
vt 0.850289 0.255917
vt 0.888115 0.281700
vt 0.861810 0.292256
vt 0.830336 0.322863
vt 0.842871 0.301895
vt 0.850991 0.309141
vt 0.851720 0.289682
vt 0.822630 0.351016
vt 0.838677 0.336067
vt 0.820172 0.387496
vt 0.832588 0.364452
vt 0.857518 0.497923
vt 0.841487 0.471005
vt 0.853418 0.475314
vt 0.879341 0.522819
vt 0.876418 0.503662
vt 0.888115 0.515562
vt 0.895761 0.549395
vt 0.899169 0.560935
vt 0.875025 0.566635
vt 0.872652 0.552098
vt 0.865499 0.519297
vt 0.848556 0.516471
vt 0.868302 0.551604
vt 0.873063 0.467965
vt 0.865045 0.486527
vt 0.863383 0.464382
vt 0.899169 0.328035
vt 0.879154 0.344454
vt 0.867742 0.319856
vt 0.850261 0.356484
vt 0.847204 0.336164
vt 0.840256 0.298947
vt 0.843003 0.437193
vt 0.829771 0.424431
vt 0.837106 0.420297
vt 0.817979 0.404700
vt 0.829274 0.405779
vt 0.866998 0.450172
vt 0.853138 0.432978
vt 0.879762 0.445781
vt 0.856279 0.527925
vt 0.847186 0.341419
vt 0.888275 0.341722
vt 0.859939 0.345792
vt 0.862774 0.395741
vt 0.851133 0.396188
vt 0.848402 0.432257
vt 0.826945 0.431089
vt 0.812757 0.499480
vt 0.811767 0.471484
vt 0.888276 0.508722
vt 0.827183 0.521935
vt 0.878113 0.476229
vt 0.881546 0.358786
vt 0.890777 0.350857
vt 0.915502 0.479960
vt 0.911529 0.496956
vt 0.826049 0.476250
vt 0.822050 0.348290
vt 0.870768 0.332768
vt 0.829957 0.354902
vt 0.800499 0.496956
vt 0.790532 0.474732
vt 0.332028 0.643489
vt 0.329769 0.650375
vt 0.270982 0.649593
vt 0.278333 0.626038
vt 0.278684 0.649695
vt 0.266655 0.689431
vt 0.309816 0.689431
vt 0.254856 0.728410
vt 0.247566 0.724629
vt 0.304205 0.752917
vt 0.292340 0.747478
vt 0.244885 0.732356
vt 0.221034 0.732771
vt 0.221382 0.729930
vt 0.320571 0.749853
vt 0.304028 0.728831
vt 0.299933 0.741313
vt 0.544736 0.610709
vt 0.543439 0.608899
vt 0.523618 0.648909
vt 0.549870 0.621596
vt 0.541387 0.637618
vt 0.531590 0.649015
vt 0.523618 0.648909
vt 0.544074 0.689431
vt 0.551731 0.716571
vt 0.570832 0.726505
vt 0.568282 0.729360
vt 0.624950 0.728606
vt 0.624819 0.711176
vt 0.635036 0.706921
vt 0.634870 0.728474
vt 0.544074 0.689431
vt 0.551020 0.699717
vt 0.625127 0.752246
vt 0.624950 0.728606
vt 0.568282 0.729360
vt 0.551821 0.729579
vt 0.632339 0.767598
vt 0.634688 0.752000
vt 0.632339 0.767598
vt 0.654949 0.797573
vt 0.663905 0.805456
vt 0.616799 0.818998
vt 0.654194 0.811309
vt 0.653067 0.805888
vt 0.666313 0.844066
vt 0.663905 0.805456
vt 0.614619 0.846819
vt 0.558323 0.529046
vt 0.537798 0.527953
vt 0.537798 0.527953
vt 0.525983 0.567901
vt 0.538500 0.538570
vt 0.537860 0.566122
vt 0.537047 0.568342
vt 0.524646 0.571047
vt 0.525983 0.567901
vt 0.531959 0.582228
vt 0.542615 0.592602
vt 0.553483 0.609167
vt 0.001914 0.238405
vt 0.578010 0.179771
vt 0.585477 0.202947
vt 0.581459 0.164240
vt 0.582241 0.162825
vt 0.592980 0.202848
vt 0.587201 0.208296
vt 0.586223 0.243142
vt 0.594220 0.243142
vt 0.586102 0.247452
vt 0.576514 0.283218
vt 0.566136 0.323032
vt 0.576514 0.283218
vt 0.570242 0.299333
vt 0.557158 0.319251
vt 0.526448 0.345917
vt 0.513305 0.360903
vt 0.559623 0.331832
vt 0.566136 0.323032
vt 0.529779 0.361560
vt 0.604152 0.107453
vt 0.596432 0.122063
vt 0.604968 0.121723
vt 0.634367 0.110571
vt 0.608816 0.114762
vt 0.296094 0.191164
vt 0.292030 0.202004
vt 0.291478 0.202814
vt 0.321520 0.179587
vt 0.300762 0.202690
vt 0.303677 0.193932
vt 0.291478 0.202814
vt 0.280954 0.218236
vt 0.268244 0.231407
vt 0.364310 0.243142
vt 0.267251 0.243142
vt 0.268319 0.242446
vt 0.284546 0.227214
vt 0.355383 0.227408
vt 0.298967 0.208085
vt 0.300762 0.202690
vt 0.373790 0.243142
vt 0.369309 0.251952
vt 0.373790 0.243142
vt 0.201011 0.268850
vt 0.208521 0.267320
vt 0.267251 0.243142
vt 0.364310 0.243142
vt 0.232379 0.252609
vt 0.212923 0.258758
vt 0.197758 0.260143
vt 0.193499 0.282168
vt 0.251846 0.243718
vt 0.196873 0.282213
vt 0.001914 0.108963
vt 0.095932 0.511277
vt 0.095932 0.599173
vt 0.001914 0.477463
vt 0.095932 0.477689
vt 0.095932 0.540163
vt 0.095932 0.395684
vt 0.095932 0.482446
vt 0.095932 0.714472
vt 0.001914 0.893682
vt 0.001914 0.737337
vt 0.095932 0.388727
vt 0.095932 0.181999
vt 0.095932 0.228572
vt 0.095932 0.162477
vt 0.001914 0.596251
vt 0.095932 0.596251
vt 0.095932 0.109133
vt 0.001914 0.108906
vt 0.095932 0.108967
vt 0.001914 0.360406
vt 0.001914 0.108907
vt 0.095932 0.174354
vt 0.095932 0.285876
vt 0.095932 0.372454
vt 0.095932 0.344052
vt 0.095932 0.542508
vt 0.095932 0.684021
vt 0.095932 0.484655
vt 0.001914 0.306215
vt 0.001914 0.303398
vt 0.001914 0.522149
vt 0.001914 0.720950
vt 0.095932 0.721075
vt 0.095932 0.541565
vt 0.095932 0.252146
vt 0.001914 0.108939
vt 0.095932 0.108906
s 0
usemtl emrysRing
f 31/1/1 43/2/1 32/3/1
f 7/4/2 28/5/2 18/6/2
f 2/7/3 14/8/3 3/9/3
f 4/10/4 14/8/4 15/11/4
f 4/10/5 16/12/5 5/13/5
f 6/14/6 16/12/6 17/15/6
f 6/14/7 26/16/7 23/17/7
f 7/4/8 19/18/8 8/19/8
f 9/20/9 19/18/9 20/21/9
f 9/20/10 21/22/10 10/23/10
f 33/24/11 36/25/11 34/26/11
f 31/27/12 38/28/12 37/29/12
f 37/30/13 56/31/13 55/32/13
f 29/33/14 40/34/14 30/35/14
f 29/36/15 48/31/15 47/37/15
f 41/38/16 44/38/16 43/38/16
f 47/38/2 46/38/2 45/38/2
f 49/39/11 52/40/11 51/41/11
f 55/42/11 54/43/11 53/44/11
f 35/45/17 54/46/17 36/47/17
f 25/48/18 46/49/18 28/50/18
f 24/51/19 44/31/19 42/52/19
f 33/53/20 52/54/20 50/55/20
f 39/56/21 51/57/21 40/3/21
f 87/1/22 99/2/22 88/3/22
f 63/58/23 84/59/23 74/60/23
f 60/61/24 70/62/24 71/63/24
f 60/61/25 72/64/25 61/65/25
f 61/65/26 73/66/26 62/67/26
f 62/67/16 82/68/16 79/69/16
f 64/70/27 74/60/27 75/71/27
f 64/70/28 76/72/28 65/73/28
f 65/73/29 77/74/29 66/75/29
f 89/24/30 92/25/30 90/26/30
f 87/27/31 94/28/31 93/29/31
f 93/30/32 112/31/32 111/32/32
f 85/33/33 96/34/33 86/35/33
f 85/36/34 104/31/34 103/37/34
f 97/38/35 100/38/35 99/38/35
f 103/38/36 102/38/36 101/38/36
f 105/39/30 108/40/30 107/41/30
f 111/42/30 110/43/30 109/44/30
f 91/45/37 110/46/37 92/47/37
f 81/48/38 102/49/38 84/50/38
f 83/76/39 98/52/39 80/51/39
f 89/53/40 108/54/40 106/55/40
f 96/3/41 105/77/41 107/57/41
f 144/3/42 153/78/42 155/2/42
f 119/79/43 140/80/43 130/81/43
f 117/82/44 127/83/44 128/84/44
f 117/82/45 129/85/45 118/86/45
f 120/87/46 130/81/46 131/88/46
f 147/89/47 146/26/47 145/24/47
f 143/27/48 150/28/48 149/29/48
f 149/30/49 168/31/49 167/32/49
f 141/33/50 152/34/50 142/35/50
f 142/90/51 159/37/51 141/36/51
f 153/38/52 156/38/52 155/38/52
f 159/38/53 158/38/53 157/38/53
f 161/39/47 164/40/47 163/41/47
f 167/42/47 166/43/47 165/44/47
f 147/45/54 166/46/54 148/47/54
f 137/48/55 158/49/55 140/50/55
f 139/76/56 154/52/56 136/51/56
f 146/91/57 162/55/57 145/53/57
f 152/3/58 161/77/58 163/57/58
f 178/92/59 179/93/59 182/94/59
f 174/95/59 172/96/59 175/97/59
f 171/98/59 170/99/59 169/100/59
f 189/101/60 196/102/60 197/103/60
f 228/104/61 229/105/61 202/106/61
f 22/107/62 234/108/62 232/109/62
f 11/110/63 233/111/63 235/112/63
f 22/107/63 13/113/63 239/114/63
f 246/115/64 241/116/64 252/117/64
f 243/118/64 250/119/64 244/120/64
f 239/121/64 13/113/64 247/122/64
f 78/123/65 257/124/65 256/125/65
f 57/126/66 67/127/66 254/128/66
f 262/129/66 261/130/66 258/131/66
f 264/132/67 262/133/67 269/134/67
f 58/135/67 263/136/67 271/137/67
f 70/62/68 59/138/68 275/139/68
f 284/140/69 133/141/69 285/142/69
f 278/143/69 283/144/69 281/145/69
f 134/146/70 294/147/70 292/148/70
f 289/149/70 291/150/70 288/151/70
f 123/152/70 280/153/70 135/154/70
f 304/155/71 303/156/71 125/157/71
f 114/158/71 290/159/71 297/160/71
f 296/161/71 302/162/71 300/163/71
f 297/164/72 307/165/72 305/166/72
f 126/167/72 311/168/72 312/169/72
f 127/83/73 116/170/73 315/171/73
f 118/86/35 138/172/35 80/173/35
f 132/174/74 319/175/74 318/176/74
f 121/177/75 317/178/75 321/179/75
f 319/180/76 133/141/76 277/181/76
s 1
f 205/182/77 287/183/77 135/184/77
f 178/185/78 248/186/78 238/187/78
f 315/188/79 231/189/80 316/190/81
f 205/182/82 135/184/82 280/191/83
f 235/192/84 179/193/84 236/194/84
f 206/195/85 281/196/86 282/197/87
f 180/198/88 235/192/88 233/199/88
f 207/200/89 288/201/89 291/202/89
f 181/203/90 232/204/91 234/205/90
f 209/206/92 300/207/93 298/208/92
f 182/209/94 237/210/94 239/211/94
f 210/212/95 298/213/96 302/214/97
f 176/215/98 249/216/98 250/217/98
f 211/218/99 302/214/97 296/219/100
f 184/220/101 269/221/101 270/222/101
f 211/218/99 296/219/100 293/223/102
f 186/224/103 275/225/104 274/226/103
f 212/227/105 289/228/106 286/229/107
f 186/224/108 274/226/109 268/230/109
f 214/231/110 283/232/111 278/233/112
f 188/234/113 267/235/114 271/236/115
f 214/231/110 278/233/112 279/237/116
f 189/238/117 271/236/115 263/239/118
f 216/240/119 320/241/119 321/242/119
f 190/243/120 263/239/118 265/244/121
f 216/240/122 321/242/123 317/245/122
f 190/243/120 265/244/121 260/246/124
f 217/247/125 318/248/126 319/249/125
f 191/250/127 259/251/127 254/252/127
f 218/253/128 322/254/128 277/255/128
f 193/256/129 255/257/129 256/258/129
f 284/259/130 219/260/131 276/261/132
f 193/256/133 256/258/133 257/262/133
f 220/263/134 284/259/130 285/264/135
f 261/265/136 194/266/137 258/267/137
f 221/268/138 292/269/139 294/270/140
f 195/271/141 261/265/136 262/272/142
f 169/273/143 247/274/143 253/275/143
f 301/276/144 222/277/145 295/278/146
f 264/279/147 196/280/148 266/281/149
f 170/282/150 246/283/150 247/284/150
f 303/285/151 223/286/152 301/276/144
f 272/287/153 197/288/154 264/279/147
f 169/273/155 253/275/155 245/289/155
f 304/290/156 224/291/157 303/285/151
f 273/292/158 198/293/159 272/287/153
f 172/294/160 252/295/161 241/296/160
f 225/297/162 304/290/162 299/298/162
f 269/299/163 199/300/163 273/292/164
f 173/282/165 251/301/165 252/302/165
f 312/303/166 226/304/167 308/305/168
f 201/306/169 315/307/170 314/308/169
f 175/309/171 243/310/171 244/311/171
f 306/312/172 227/313/173 312/303/166
f 201/306/174 314/308/174 310/314/175
f 243/310/176 172/294/176 241/296/176
f 309/315/177 228/316/178 306/312/179
f 203/317/180 305/318/180 307/319/180
f 176/320/181 250/321/181 242/322/181
f 229/323/182 309/315/177 311/324/183
f 297/325/184 290/326/185 203/317/184
f 248/186/186 177/327/186 240/328/186
f 316/190/81 230/329/187 313/330/188
s 0
f 353/1/189 365/2/189 354/3/189
f 329/58/190 350/59/190 340/60/190
f 326/61/191 336/62/191 337/63/191
f 326/61/192 338/64/192 327/65/192
f 328/67/193 338/64/193 339/66/193
f 328/67/194 348/68/194 345/69/194
f 329/58/195 341/71/195 330/70/195
f 331/73/196 341/71/196 342/72/196
f 331/73/197 343/74/197 332/75/197
f 357/89/198 356/26/198 355/24/198
f 353/27/199 360/28/199 359/29/199
f 360/331/200 377/32/200 359/30/200
f 351/33/201 362/34/201 352/35/201
f 352/90/202 369/37/202 351/36/202
f 363/38/203 366/38/203 365/38/203
f 369/38/190 368/38/190 367/38/190
f 371/39/198 374/40/198 373/41/198
f 377/42/198 376/43/198 375/44/198
f 357/45/204 376/46/204 358/47/204
f 347/48/205 368/49/205 350/50/205
f 349/76/206 364/52/206 346/51/206
f 356/91/207 372/55/207 355/53/207
f 362/3/208 371/77/208 373/57/208
f 413/3/209 422/78/209 424/2/209
f 387/79/210 409/80/210 400/81/210
f 414/24/211 417/25/211 415/26/211
f 412/27/212 419/28/212 418/29/212
f 418/30/213 437/31/213 436/32/213
f 410/33/214 421/34/214 411/35/214
f 411/90/215 428/37/215 410/36/215
f 422/38/216 425/38/216 424/38/216
f 428/38/210 427/38/210 426/38/210
f 430/39/211 433/40/211 432/41/211
f 436/42/211 435/43/211 434/44/211
f 417/47/217 434/332/217 435/46/217
f 406/48/218 427/49/218 409/50/218
f 405/51/219 425/31/219 423/52/219
f 415/91/220 431/55/220 414/53/220
f 421/3/221 430/77/221 432/57/221
f 472/3/222 481/78/222 483/2/222
f 446/333/223 468/334/223 459/335/223
f 441/336/224 453/337/224 454/338/224
f 441/336/225 455/339/225 442/340/225
f 442/340/226 456/341/226 443/342/226
f 446/333/227 460/343/227 447/344/227
f 448/345/228 460/343/228 461/346/228
f 449/347/229 461/346/229 462/348/229
f 473/24/230 476/25/230 474/26/230
f 471/27/231 478/28/231 477/29/231
f 477/30/232 496/31/232 495/32/232
f 469/33/233 480/34/233 470/35/233
f 470/90/234 487/37/234 469/36/234
f 481/38/235 484/38/235 483/38/235
f 487/38/236 486/38/236 485/38/236
f 489/39/230 492/40/230 491/41/230
f 495/42/230 494/43/230 493/44/230
f 475/45/237 494/46/237 476/47/237
f 465/48/238 486/49/238 468/50/238
f 464/51/239 484/31/239 482/52/239
f 474/91/240 490/55/240 473/53/240
f 480/3/241 489/77/241 491/57/241
f 384/86/242 407/172/242 346/173/242
f 443/342/216 466/349/216 405/350/216
f 500/351/198 519/352/198 520/353/198
f 527/354/243 524/355/243 523/356/243
f 344/123/244 538/357/244 526/358/244
f 533/359/244 524/360/244 527/361/244
f 534/362/244 530/363/244 529/364/244
f 546/365/245 549/366/245 550/367/245
f 548/368/245 547/369/245 540/370/245
f 551/371/246 552/372/246 336/62/246
f 551/373/247 502/374/247 553/375/247
s 1
f 518/376/248 547/377/249 548/378/250
f 512/379/251 531/380/252 529/381/253
s 0
f 498/382/254 523/383/254 524/384/254
s 1
f 519/385/255 548/378/250 542/386/256
f 530/387/257 512/379/251 529/381/253
s 0
f 533/388/258 504/389/258 532/390/258
s 1
f 520/391/259 542/386/256 541/392/260
f 528/393/261 513/394/262 530/387/257
s 0
f 536/395/263 505/396/263 533/388/263
s 1
f 521/397/264 541/392/260 535/398/265
f 514/399/266 534/400/267 497/401/268
s 0
f 497/402/269 534/403/269 522/404/269
f 506/405/270 536/395/270 527/406/270
s 1
f 511/407/271 535/398/265 537/408/272
s 0
f 549/409/273 499/410/273 550/411/273
s 1
f 543/412/274 508/413/275 539/414/276
s 0
f 507/415/277 526/416/277 538/417/277
f 503/418/278 551/373/278 544/419/278
f 500/420/279 549/409/279 546/421/279
s 1
f 545/422/280 515/423/281 543/412/274
f 539/414/276 509/424/282 540/425/283
s 0
f 502/374/284 552/426/284 553/375/284
s 1
f 517/427/285 545/422/280 547/377/249
f 510/428/286 537/408/272 531/380/252
f 579/429/287 386/430/287 385/431/287
f 559/432/287 562/433/287 563/434/287
f 593/435/288 403/141/289 594/436/290
f 391/152/291 586/437/292 591/438/293
f 588/439/289 592/440/288 587/441/294
f 597/442/295 600/443/295 603/444/296
f 606/445/295 599/446/295 393/157/296
f 379/447/296 391/152/291 591/448/293
f 601/449/297 392/450/298 612/451/298
f 602/452/296 610/453/299 607/454/300
f 608/455/300 615/456/301 614/457/298
f 617/458/302 613/459/298 618/460/303
f 394/167/304 622/461/302 392/450/298
f 614/462/298 621/463/302 619/464/302
f 380/158/298 611/465/298 616/466/302
f 394/167/304 626/467/305 624/468/304
f 382/170/306 623/469/307 625/470/308
f 396/84/309 627/471/309 631/472/309
f 625/473/308 628/474/309 382/170/306
s 0
f 383/82/310 628/475/310 632/476/310
s 1
f 634/477/311 400/81/311 638/478/311
f 401/88/312 647/479/313 636/480/314
f 645/481/315 646/482/316 644/483/317
f 389/177/316 388/87/312 639/484/318
f 651/485/319 649/486/319 402/174/316
f 390/487/289 643/488/320 586/489/292
f 644/490/317 646/491/316 648/492/319
f 582/493/321 598/494/321 597/495/322
f 636/496/323 647/497/324 569/498/323
f 618/499/325 556/500/325 617/501/325
f 583/502/326 600/503/327 598/504/326
f 651/505/328 570/506/329 649/507/329
f 613/508/330 602/509/331 557/510/331
f 585/511/332 608/512/333 604/513/334
f 571/514/335 651/505/328 589/515/336
f 586/516/337 643/517/338 559/518/337
f 580/519/339 621/520/339 615/521/339
f 593/522/340 572/523/341 590/524/342
f 560/525/343 640/526/343 639/527/343
f 573/528/344 593/522/340 594/529/345
f 560/525/346 639/527/346 633/530/346
f 606/531/347 574/532/348 599/533/348
f 561/534/349 634/535/349 635/536/349
f 605/537/350 575/538/347 606/531/347
f 644/539/351 587/540/352 562/541/352
f 576/542/350 605/537/350 601/543/353
f 595/544/354 563/545/355 592/546/355
f 399/547/356 631/548/356 627/549/356
f 577/550/357 609/551/358 612/552/359
f 564/553/360 595/554/360 588/555/360
f 398/556/361 632/557/362 628/558/361
f 624/559/363 626/560/364 579/561/364
f 566/562/365 650/563/366 648/564/365
f 625/565/367 623/566/367 386/567/367
f 399/547/368 629/568/369 631/548/368
f 566/562/370 648/564/370 646/569/371
f 554/570/372 620/571/373 616/572/372
f 621/520/374 581/573/374 619/574/374
f 568/575/375 645/576/376 642/577/377
f 554/570/378 616/572/378 611/578/379
f 582/493/380 597/495/380 603/579/380
f 568/575/375 642/577/377 637/580/381
f 555/581/382 607/582/382 610/583/382
s 0
f 658/584/383 659/585/383 661/586/383
f 444/587/383 457/588/383 445/589/383
f 463/590/384 668/591/384 666/592/384
f 450/593/385 667/594/385 669/595/385
f 668/596/385 452/597/385 678/598/385
f 439/599/386 438/600/386 675/601/386
f 439/599/387 682/602/387 689/603/387
f 674/604/388 657/605/388 656/606/388
f 682/607/389 445/608/389 457/609/389
f 676/610/390 665/611/390 664/612/390
f 677/613/391 658/614/391 657/605/391
f 688/615/392 445/608/392 684/616/392
f 681/617/393 652/618/393 665/611/393
f 670/619/394 659/620/394 658/614/394
f 686/621/395 444/622/395 688/615/395
f 667/623/396 660/624/396 659/625/396
f 687/626/397 653/627/397 652/618/397
f 668/628/398 661/629/398 660/624/398
f 679/630/399 653/627/399 683/631/399
f 672/632/400 661/629/400 673/633/400
f 680/634/401 654/635/401 679/630/401
f 671/636/402 662/637/402 672/632/402
f 655/638/403 680/634/403 675/639/403
f 685/640/404 457/641/404 458/642/404
f 678/643/405 663/644/405 671/636/405
f 721/3/406 730/78/406 732/2/406
f 696/4/407 717/5/407 707/6/407
f 693/10/408 705/12/408 694/13/408
f 695/14/409 705/12/409 706/15/409
f 695/14/235 715/16/235 712/17/235
f 697/19/410 707/6/410 708/18/410
f 698/20/411 708/18/411 709/21/411
f 698/20/412 710/22/412 699/23/412
f 722/24/413 725/25/413 723/26/413
f 720/27/414 727/28/414 726/29/414
f 726/30/415 745/31/415 744/32/415
f 718/33/416 729/34/416 719/35/416
f 718/36/417 737/31/417 736/37/417
f 730/38/418 733/38/418 732/38/418
f 736/38/407 735/38/407 734/38/407
f 738/39/413 741/40/413 740/41/413
f 744/42/413 743/43/413 742/44/413
f 725/47/419 742/332/419 743/46/419
f 714/48/420 735/49/420 717/50/420
f 713/51/421 733/31/421 731/52/421
f 723/91/422 739/55/422 722/53/422
f 728/56/423 740/57/423 729/3/423
s 1
f 1021/645/424 1023/646/424 1022/647/424
s 0
f 781/3/425 790/78/425 792/2/425
f 754/58/426 777/59/426 767/60/426
f 749/61/427 761/62/427 762/63/427
f 749/61/428 763/64/428 750/65/428
f 751/67/429 763/64/429 764/66/429
f 751/67/418 775/68/418 772/69/418
f 754/58/430 768/71/430 755/70/430
f 755/70/431 769/72/431 756/73/431
f 782/24/432 785/25/432 783/26/432
f 780/27/433 787/28/433 786/29/433
f 786/30/434 805/31/434 804/32/434
f 778/33/435 789/34/435 779/35/435
f 778/36/436 797/31/436 796/37/436
f 790/38/437 793/38/437 792/38/437
f 796/38/426 795/38/426 794/38/426
f 798/39/432 801/40/432 800/41/432
f 804/42/432 803/43/432 802/44/432
f 785/47/438 802/332/438 803/46/438
f 777/50/439 794/648/439 795/49/439
f 776/76/440 791/52/440 773/51/440
f 782/53/441 801/54/441 799/55/441
f 789/3/442 798/77/442 800/57/442
s 1
f 933/649/443 932/650/443 931/651/443
s 0
f 840/1/444 852/2/444 841/3/444
f 814/79/445 837/80/445 827/81/445
f 818/152/446 830/141/446 831/146/446
f 809/170/447 821/167/447 822/83/447
f 809/170/448 823/84/448 810/82/448
f 810/82/449 824/85/449 811/86/449
f 815/87/450 827/81/450 828/88/450
f 815/87/451 829/174/451 816/177/451
f 816/177/452 830/141/452 817/487/452
f 842/24/453 845/25/453 843/26/453
f 840/27/454 847/28/454 846/29/454
f 846/30/455 865/31/455 864/32/455
f 838/33/456 849/34/456 839/35/456
f 839/90/457 856/37/457 838/36/457
f 850/38/458 853/38/458 852/38/458
f 856/38/459 855/38/459 854/38/459
f 858/39/453 861/40/453 860/41/453
f 864/42/453 863/43/453 862/44/453
f 844/45/460 863/46/460 845/47/460
f 834/48/461 855/49/461 837/50/461
f 836/76/462 851/52/462 833/51/462
f 842/53/463 861/54/463 859/55/463
f 849/3/464 858/77/464 860/57/464
s 1
f 935/652/443 936/653/443 934/654/443
s 0
f 901/3/465 910/78/465 912/2/465
f 874/333/466 897/334/466 887/335/466
f 878/593/467 890/348/467 891/590/467
f 867/599/468 881/337/468 868/655/468
f 869/336/469 881/337/469 882/338/469
f 869/336/470 883/339/470 870/340/470
f 870/340/471 884/341/471 871/342/471
f 874/333/472 888/343/472 875/344/472
f 875/344/473 889/346/473 876/345/473
f 877/347/474 889/346/474 890/348/474
f 902/24/475 905/25/475 903/26/475
f 900/27/476 907/28/476 906/29/476
f 906/30/477 925/31/477 924/32/477
f 898/33/478 909/34/478 899/35/478
f 899/90/479 916/37/479 898/36/479
f 910/38/480 913/38/480 912/38/480
f 916/38/481 915/38/481 914/38/481
f 918/39/475 921/40/475 920/41/475
f 924/42/475 923/43/475 922/44/475
f 904/45/482 923/46/482 905/47/482
f 894/48/483 915/49/483 897/50/483
f 896/76/484 911/52/484 893/51/484
f 902/53/485 921/54/485 919/55/485
f 909/3/486 918/77/486 920/57/486
s 1
f 927/656/487 813/657/487 812/658/443
f 977/659/488 976/660/488 974/661/488
f 1019/662/424 1020/663/424 1018/664/424
f 1014/665/489 1013/666/489 1002/667/489
s 0
f 710/22/490 1026/668/490 1024/669/490
f 1028/670/491 1029/671/491 1033/672/491
s 1
f 702/113/492 1043/673/492 1041/674/492
f 1036/675/492 1035/676/492 1038/677/492
s 0
f 691/7/493 1038/678/493 1044/679/493
f 703/8/494 1045/680/494 1048/681/494
f 692/9/495 1046/682/495 1051/683/495
s 1
f 1059/684/496 1060/685/497 770/74/498
s 0
f 758/127/498 1056/686/498 1073/687/498
s 1
f 1088/688/499 1097/689/499 1101/690/500
s 0
f 1100/691/499 1090/692/499 771/123/499
f 758/127/499 1065/693/499 1093/694/499
f 1109/695/501 1105/696/501 747/135/501
s 1
f 1101/697/500 1110/698/501 1111/699/502
s 0
f 1125/700/501 1124/701/501 759/702/501
f 892/703/503 1120/704/503 761/62/503
f 769/72/504 770/74/504 1060/705/504
f 831/146/505 1132/706/505 1131/707/505
s 1
f 1143/708/506 1141/709/507 1138/710/508
f 1145/711/508 1144/712/508 1142/713/508
s 0
f 820/157/508 819/450/508 1149/714/508
s 1
f 1141/715/507 1155/716/509 1152/717/510
s 0
f 821/167/509 808/718/509 1153/719/509
f 811/86/511 835/172/511 773/173/511
f 1156/720/512 891/590/512 1158/721/512
s 1
f 1161/722/513 1160/723/513 1162/724/513
s 0
f 879/725/513 867/599/513 1164/726/513
f 871/342/458 895/349/458 833/350/458
s 1
f 832/727/514 942/728/515 892/729/515
f 1080/730/516 948/731/517 949/732/516
f 1075/733/518 1080/730/519 949/732/518
f 1089/734/520 951/735/521 1097/736/522
f 1139/737/523 1134/738/524 1000/739/524
f 1097/736/522 952/740/525 1102/741/526
f 1153/742/527 1001/743/528 1002/744/527
f 1101/745/529 952/740/525 953/746/529
f 1142/747/530 1002/744/531 1003/748/532
f 1115/749/533 953/746/534 954/750/535
f 1144/751/536 1003/748/537 1004/752/536
f 1113/753/538 954/750/535 955/754/539
f 1146/755/540 1004/752/541 1005/756/542
f 1110/757/543 955/754/539 956/758/544
f 1136/759/545 1006/760/545 1148/761/545
f 1112/762/546 956/758/544 957/763/547
f 1149/764/548 1006/760/548 1007/765/548
f 1111/766/549 957/763/547 958/767/550
f 1149/764/551 1008/768/552 1137/769/552
f 1117/770/553 958/767/550 959/771/554
f 1150/772/555 1008/768/555 1009/773/555
f 1107/774/556 959/771/554 960/775/557
f 1010/776/558 1131/777/558 1132/778/559
f 1108/779/560 960/775/557 961/780/560
f 1130/781/561 1010/776/561 1011/782/561
f 1091/783/562 961/780/562 962/784/563
f 1147/785/564 1011/782/564 1012/786/564
f 1096/787/565 962/784/563 963/788/566
f 1013/789/567 1155/790/567 1143/791/567
f 1085/792/568 963/788/566 964/793/569
f 1152/794/570 1013/789/571 1014/795/572
f 1084/796/573 964/793/569 965/797/574
f 1100/798/575 886/799/576 885/800/577
f 1141/801/578 1014/795/572 1015/802/579
f 1087/803/580 965/797/574 966/804/581
f 1099/805/582 873/806/583 886/799/576
f 1140/807/584 1016/808/585 1133/809/586
f 1088/810/587 966/804/581 967/811/587
f 1114/812/588 872/813/589 873/806/583
f 1133/809/586 1017/814/590 1135/815/591
f 1069/816/592 967/811/593 968/817/594
f 1125/818/595 872/813/596 1124/819/596
f 1135/815/591 1000/739/597 1134/738/597
f 1071/820/598 968/817/594 969/821/599
f 1076/822/600 969/821/599 970/823/601
f 1042/824/602 813/825/603 825/826/603
f 1055/827/604 970/823/601 971/828/605
f 1035/829/606 813/825/607 1039/830/607
f 1164/831/608 1018/832/608 1165/833/608
f 1064/834/609 971/828/605 972/835/609
f 1036/836/610 812/837/610 1035/829/610
f 1160/838/611 1020/839/611 1019/840/612
f 1058/841/613 972/835/614 973/842/615
f 1036/836/616 765/843/616 766/844/616
f 1165/833/617 1020/839/618 1163/845/618
f 1062/846/619 973/842/615 974/847/620
f 1031/848/621 753/849/621 765/850/621
f 1162/851/622 1021/852/622 1022/853/622
f 1059/854/623 974/847/620 975/855/623
f 1027/856/624 752/857/624 753/849/624
f 1158/858/625 1022/853/625 1023/859/626
f 1059/854/627 976/860/628 1057/861/628
f 1030/862/629 926/863/629 752/857/629
f 1157/864/630 1156/865/630 1023/859/630
f 1057/861/628 977/866/631 1054/867/632
f 926/863/633 1033/868/634 1032/869/634
f 1054/867/632 978/870/635 1052/871/636
f 1043/872/637 928/873/637 927/874/638
f 1052/871/636 979/875/639 1070/876/640
f 1050/877/641 929/878/642 928/873/641
f 1070/876/640 980/879/643 1067/880/644
f 1045/881/645 930/882/646 929/878/645
f 1072/883/647 980/879/643 981/884/648
f 1046/885/649 825/826/649 930/882/649
f 1053/886/650 981/884/648 982/887/651
f 1037/888/652 931/889/653 932/890/652
f 1061/891/654 982/887/651 983/892/654
f 933/893/655 1044/894/656 1038/895/655
f 1060/896/657 983/892/657 984/897/657
f 931/889/658 1044/898/659 933/899/659
f 1063/900/660 984/901/661 985/902/662
f 1028/903/663 934/904/663 1029/905/663
f 986/906/664 1056/907/665 985/902/662
f 1025/908/666 1024/909/666 936/910/666
f 1073/911/667 987/912/668 1066/913/669
f 1026/914/670 934/904/670 936/910/671
f 1065/915/672 987/912/668 988/916/672
f 1126/917/673 826/918/674 1125/818/595
f 1083/919/675 989/920/676 1086/921/677
f 1123/922/678 937/923/673 1126/917/673
f 990/924/679 1086/921/677 989/920/676
f 1127/925/680 938/926/678 1123/922/678
f 1095/927/681 991/928/682 1092/929/683
f 1127/925/680 940/930/684 939/931/680
f 1093/932/685 991/928/682 992/933/685
f 1120/934/686 941/935/687 940/930/684
f 1106/936/688 993/937/688 1109/938/688
f 1128/939/689 942/728/690 941/935/687
f 1109/938/691 994/940/692 1104/941/693
f 1090/942/694 885/800/577 943/943/695
f 1104/941/693 995/944/696 1105/945/697
f 1074/946/698 943/943/695 944/947/698
f 1105/945/697 996/948/699 1103/949/700
f 1077/950/701 945/951/701 1078/952/701
f 1103/949/700 997/953/702 1121/954/702
f 1082/955/703 945/951/704 946/956/705
f 1121/954/702 998/957/706 1119/958/707
f 1082/959/708 947/960/709 1081/961/710
f 999/962/711 832/727/514 1118/963/712
f 1081/961/710 948/731/517 1079/964/713
s 0
f 1200/1/714 1212/2/714 1201/3/714
f 1174/4/715 1197/5/715 1187/6/715
f 1169/10/716 1183/12/716 1170/13/716
f 1170/13/717 1184/15/717 1171/14/717
f 1171/14/480 1195/16/480 1192/17/480
f 1175/19/718 1187/6/718 1188/18/718
f 1176/20/719 1188/18/719 1189/21/719
f 1202/24/720 1205/25/720 1203/26/720
f 1200/27/721 1207/28/721 1206/29/721
f 1206/30/722 1225/31/722 1224/32/722
f 1198/33/723 1209/34/723 1199/35/723
f 1198/36/724 1217/31/724 1216/37/724
f 1210/38/725 1213/38/725 1212/38/725
f 1216/38/715 1215/38/715 1214/38/715
f 1218/39/720 1221/40/720 1220/41/720
f 1224/42/720 1223/43/720 1222/44/720
f 1205/47/726 1222/332/726 1223/46/726
f 1197/50/727 1214/648/727 1215/49/727
f 1193/51/728 1213/31/728 1211/52/728
f 1202/53/729 1221/54/729 1219/55/729
f 1208/56/730 1220/57/730 1209/3/730
f 1260/1/731 1272/2/731 1261/3/731
f 1234/58/732 1257/59/732 1247/60/732
f 1227/135/733 1241/62/733 1228/138/733
f 1229/61/734 1241/62/734 1242/63/734
f 1229/61/735 1243/64/735 1230/65/735
f 1231/67/736 1243/64/736 1244/66/736
f 1231/67/737 1255/68/737 1252/69/737
f 1234/58/738 1248/71/738 1235/70/738
f 1235/70/739 1249/72/739 1236/73/739
f 1236/73/740 1250/74/740 1237/75/740
f 1262/24/741 1265/25/741 1263/26/741
f 1260/27/742 1267/28/742 1266/29/742
f 1266/30/743 1285/31/743 1284/32/743
f 1258/33/744 1269/34/744 1259/35/744
f 1258/36/745 1277/31/745 1276/37/745
f 1270/38/746 1273/38/746 1272/38/746
f 1276/38/732 1275/38/732 1274/38/732
f 1278/39/741 1281/40/741 1280/41/741
f 1284/42/741 1283/43/741 1282/44/741
f 1265/47/747 1282/332/747 1283/46/747
f 1254/48/748 1275/49/748 1257/50/748
f 1253/51/749 1273/31/749 1271/52/749
f 1263/91/750 1279/55/750 1262/53/750
f 1269/3/751 1278/77/751 1280/57/751
f 1321/3/752 1330/78/752 1332/2/752
f 1294/79/753 1317/80/753 1307/81/753
f 1287/158/754 1301/167/754 1288/718/754
f 1288/718/755 1302/83/755 1289/170/755
f 1290/82/756 1302/83/756 1303/84/756
f 1290/82/757 1304/85/757 1291/86/757
f 1295/87/758 1307/81/758 1308/88/758
f 1295/87/759 1309/174/759 1296/177/759
f 1296/177/760 1310/141/760 1297/487/760
f 1324/89/761 1323/26/761 1322/24/761
f 1320/27/762 1327/28/762 1326/29/762
f 1326/30/763 1345/31/763 1344/32/763
f 1318/33/764 1329/34/764 1319/35/764
f 1318/36/765 1337/31/765 1336/37/765
f 1330/38/766 1333/38/766 1332/38/766
f 1336/38/753 1335/38/753 1334/38/753
f 1338/39/761 1341/40/761 1340/41/761
f 1344/42/761 1343/43/761 1342/44/761
f 1324/45/767 1343/46/767 1325/47/767
f 1314/48/768 1335/49/768 1317/50/768
f 1316/76/769 1331/52/769 1313/51/769
f 1323/91/770 1339/55/770 1322/53/770
f 1329/3/771 1338/77/771 1340/57/771
f 1381/3/772 1390/78/772 1392/2/772
f 1354/333/773 1377/334/773 1367/335/773
f 1350/340/774 1364/341/774 1351/342/774
f 1354/333/775 1368/343/775 1355/344/775
f 1382/24/776 1385/25/776 1383/26/776
f 1380/27/777 1387/28/777 1386/29/777
f 1386/30/778 1405/31/778 1404/32/778
f 1378/33/779 1389/34/779 1379/35/779
f 1379/90/780 1396/37/780 1378/36/780
f 1390/38/781 1393/38/781 1392/38/781
f 1396/38/773 1395/38/773 1394/38/773
f 1398/39/776 1401/40/776 1400/41/776
f 1404/42/782 1403/43/782 1402/44/782
f 1384/45/783 1403/46/783 1385/47/783
f 1374/48/784 1395/49/784 1377/50/784
f 1376/76/785 1391/52/785 1373/51/785
f 1383/91/786 1399/55/786 1382/53/786
f 1389/3/787 1398/77/787 1400/57/787
f 1520/965/788 1519/966/788 1539/967/788
f 1508/968/789 1509/969/789 1493/970/789
f 1491/971/789 1489/972/789 1490/973/789
f 1487/974/790 1485/975/790 1484/976/790
f 1479/977/790 1462/978/790 1461/979/790
f 1441/980/791 1232/981/791 1233/982/791
f 1574/983/792 1561/984/792 1191/107/792
f 1178/110/792 1556/985/792 1570/986/792
f 1584/987/793 1585/988/793 1191/107/793
f 1586/989/793 1583/990/793 1579/991/793
f 1591/992/794 1597/993/794 1179/994/794
f 1166/995/794 1596/996/794 1589/997/794
f 1605/998/795 1167/7/795 1600/999/795
f 1372/1000/795 1609/1001/795 1601/1002/795
f 1622/1003/796 1182/11/796 1169/10/796
f 1189/21/797 1560/1004/797 1623/1005/797
s 1
f 1246/1006/798 1372/1007/798 1312/1008/799
s 0
f 1250/74/800 1628/1009/800 1626/1010/800
f 1634/1011/801 1637/1012/801 1646/1013/801
f 1657/1014/801 1663/1015/801 1639/1016/801
f 1662/1017/801 1642/1018/801 1251/123/801
f 1630/1019/801 1632/1020/801 1656/1021/801
f 1239/702/802 1227/135/802 1668/1022/802
s 1
f 1541/1023/803 1670/1024/804 1669/1025/805
s 0
f 1311/146/806 1673/1026/806 1671/1027/806
f 1686/1028/807 1298/152/807 1685/1029/807
f 1673/1030/807 1300/157/807 1695/1031/807
f 1680/1032/807 1683/1033/807 1694/1034/807
f 1696/1035/807 1697/1036/807 1692/1037/807
f 1287/158/808 1699/1038/808 1700/1039/808
f 1291/86/809 1315/172/809 1253/173/809
s 1
f 1604/1040/810 1449/1041/811 1612/1042/812
s 0
f 1358/593/813 1357/347/813 1701/1043/813
f 1711/1044/813 1709/1045/813 1705/1046/813
f 1669/1047/814 1719/1048/814 1718/1049/814
f 1713/1050/814 1360/597/814 1721/1051/814
f 1717/1052/815 1730/1053/815 1725/1054/815
f 1723/1055/815 1360/597/815 1737/1056/815
f 1347/599/815 1716/1057/815 1731/1058/815
f 1734/1059/815 1735/1060/815 1726/1061/815
f 1361/337/816 1744/1062/816 1745/1063/816
f 1742/1064/817 1739/1065/817 1736/1066/817
f 1735/1067/817 1741/1068/817 1740/1069/817
f 1744/1070/818 1362/338/818 1747/1071/818
f 1746/1072/818 1348/655/818 1743/1073/818
f 1349/336/819 1746/1074/819 1748/1075/819
f 1351/342/766 1375/349/766 1313/350/766
f 1368/343/820 1755/1076/820 1757/1077/820
f 1758/1078/820 1759/1079/820 1756/1080/820
f 1763/1081/821 1749/1082/821 1752/1083/821
f 1356/345/822 1750/1084/822 1764/1085/822
f 1767/1086/822 1369/346/822 1370/348/822
s 1
f 1676/1087/823 1493/1088/824 1675/1089/825
f 1677/1090/826 1494/1091/827 1676/1087/823
f 1612/1042/812 1450/1092/828 1607/1093/829
f 1543/1094/830 1730/1095/830 1719/1096/830
f 1372/1007/831 1245/1097/831 1609/1098/831
f 1674/1099/832 1495/1100/833 1677/1090/826
f 1607/1093/829 1451/1101/834 1620/1102/835
f 1543/1094/836 1725/1103/836 1730/1095/836
f 1245/1097/837 1611/1104/837 1609/1098/837
f 1678/1105/838 1496/1106/839 1674/1099/832
f 1620/1102/835 1366/1107/840 1617/1108/841
f 1545/1109/842 1718/1110/842 1717/1111/842
f 1232/1112/843 1602/1113/843 1601/1114/843
f 1497/1115/844 1678/1105/838 1679/1116/845
f 1545/1109/846 1720/1117/847 1718/1110/846
f 1232/1112/848 1599/1118/849 1602/1113/848
f 1683/1119/850 1672/1120/851 1498/1121/852
f 1720/1117/847 1547/1122/853 1712/1123/853
f 1186/1124/854 1590/1125/855 1599/1118/849
f 1499/1126/856 1673/1127/857 1695/1128/856
f 1452/1129/858 1666/1130/858 1668/1131/858
f 1731/1132/859 1716/1133/860 1548/1134/859
f 1185/1135/861 1591/1136/862 1590/1125/855
f 1500/1137/863 1700/1138/863 1692/1139/864
f 1453/1140/865 1665/1141/866 1666/1130/865
f 1549/1142/867 1733/1143/868 1732/1144/869
f 1173/1145/870 1598/1146/871 1591/1136/862
f 1693/1147/872 1501/1129/873 1698/1148/873
f 1454/1149/874 1664/1150/875 1665/1141/866
f 1733/1143/868 1550/1151/876 1724/1152/876
f 1598/1146/871 1406/1153/877 1597/1154/877
f 1697/1155/878 1502/1156/879 1693/1147/872
f 1456/1157/880 1648/1158/881 1649/1159/882
f 1724/1152/883 1551/1160/884 1726/1161/885
f 1597/1154/877 1407/1162/886 1592/1163/887
f 1696/1164/888 1503/1165/878 1697/1155/878
f 1456/1157/880 1657/1166/889 1648/1158/881
f 1726/1161/885 1552/1167/890 1727/1168/890
f 1592/1163/887 1408/1169/891 1595/1170/891
f 1691/1171/892 1504/1172/893 1696/1164/888
f 1457/1173/894 1663/1174/895 1657/1166/889
f 1552/1167/896 1728/1175/897 1727/1168/896
f 1409/1176/898 1582/1177/899 1578/1178/900
f 1690/1179/901 1505/1180/902 1691/1171/892
f 1458/1181/903 1658/1182/904 1663/1174/895
f 1553/1183/905 1734/1184/906 1728/1175/897
f 1409/1176/898 1584/1185/907 1582/1177/899
f 1688/1186/908 1506/1187/909 1690/1179/901
f 1459/1188/910 1636/1189/911 1658/1182/904
f 1555/1190/912 1741/1191/912 1735/1192/912
f 1410/1193/913 1585/1194/914 1584/1185/907
f 1687/1195/915 1507/1196/916 1688/1186/908
f 1460/1197/917 1638/1198/883 1636/1189/911
f 1746/1199/918 1743/1200/919 1510/1201/918
f 1412/1202/920 1567/1203/921 1565/1204/922
f 1508/1205/923 1687/1195/915 1689/1206/924
f 1461/1207/925 1640/1208/926 1638/1198/883
f 1412/1202/920 1569/1209/927 1567/1203/921
f 1492/1210/928 1699/1211/929 1686/1212/928
f 1640/1208/926 1463/1213/930 1643/1214/931
f 1413/1215/932 1576/1216/933 1569/1209/927
f 1643/1214/931 1464/1217/934 1644/1218/803
f 1414/1219/935 1574/1220/936 1576/1216/933
f 1644/1218/803 1465/1221/937 1639/1222/938
f 1415/1223/939 1561/1224/940 1574/1220/936
f 1639/1222/938 1466/1225/941 1647/1226/942
f 1416/1227/943 1564/1228/943 1561/1224/943
f 1647/1226/942 1467/1229/944 1659/1230/945
f 1418/1231/946 1623/1232/946 1560/1233/947
f 1511/1234/948 1744/1235/948 1747/1236/949
f 1659/1230/945 1468/1237/950 1661/1238/951
f 1623/1232/952 1419/1239/953 1562/1240/954
f 1512/1241/955 1737/1242/955 1738/1243/956
f 1661/1238/951 1469/1244/957 1655/1245/957
f 1562/1240/954 1420/1246/958 1557/1247/959
f 1513/1248/960 1742/1249/960 1736/1250/961
f 1470/1251/962 1667/1252/963 1654/1253/962
f 1557/1247/959 1421/1254/964 1556/1255/964
f 1514/1256/965 1729/1257/966 1739/1258/967
f 1471/1259/968 1662/1260/968 1653/1261/969
f 1556/1262/970 1422/1263/971 1571/1264/972
f 1515/1265/973 1721/1266/974 1723/1267/975
f 1471/1259/976 1660/1268/976 1662/1260/976
f 1571/1264/972 1423/1269/977 1572/1270/978
f 1721/1266/974 1516/1271/979 1722/1272/980
f 1472/1273/981 1645/1274/982 1660/1268/981
f 1572/1270/978 1424/1275/983 1570/1276/983
f 1722/1272/980 1517/1277/984 1713/1278/984
f 1473/1279/985 1642/1280/986 1645/1274/982
f 1424/1275/987 1573/1281/988 1570/1276/987
f 1517/1277/989 1715/1282/990 1713/1278/989
f 1474/1283/991 1641/1284/992 1642/1280/986
f 1425/1285/993 1558/1286/994 1573/1281/988
f 1519/1287/995 1710/1288/996 1711/1289/997
f 1476/1290/998 1629/1291/999 1627/1292/1000
f 1426/1293/1001 1563/1294/1002 1558/1286/994
f 1710/1288/996 1520/1295/1003 1709/1296/1003
f 1476/1290/998 1628/1297/1004 1629/1291/999
f 1563/1294/1005 1428/1298/1005 1559/1299/1005
f 1709/1296/1003 1521/1300/1006 1706/1301/1007
f 1477/1302/1008 1626/1303/1009 1628/1297/1004
f 1559/1299/1010 1429/1304/1010 1575/1305/1010
f 1706/1301/1007 1522/1306/1011 1703/1307/1012
f 1626/1303/1009 1479/1308/1013 1625/1309/1014
f 1575/1305/1015 1430/1310/1016 1568/1311/1017
f 1523/1312/1018 1765/1313/1019 1705/1314/1020
f 1480/1315/1021 1646/1316/1022 1624/1317/1023
f 1431/1318/1024 1577/1319/1025 1566/1320/1026
f 1765/1313/1019 1524/1321/1027 1760/1322/1028
f 1646/1316/1022 1481/1323/1029 1633/1324/1030
f 1577/1319/1025 1432/1325/1031 1586/1326/1032
f 1760/1322/1028 1525/1327/1033 1761/1328/1034
f 1633/1324/1030 1482/1329/1035 1635/1330/1036
f 1586/1326/1032 1433/1331/1037 1583/1332/1038
f 1761/1328/1034 1526/1333/1039 1762/1334/1039
f 1635/1330/1036 1483/1335/1040 1631/1336/1041
f 1583/1332/1038 1434/1337/1042 1580/1338/1042
f 1527/1339/1043 1759/1340/1044 1751/1341/1045
f 1650/1342/1046 1632/1343/1047 1483/1335/1040
f 1434/1337/1048 1579/1344/1049 1580/1338/1048
f 1759/1340/1044 1528/1345/1050 1756/1346/1050
f 1484/1347/1051 1630/1348/1051 1656/1349/1052
f 1436/1350/1053 1594/1351/1053 1581/1352/1054
f 1529/1353/1055 1768/1354/1055 1758/1355/1055
f 1485/1356/1056 1637/1357/1056 1634/1358/1056
f 1594/1351/1053 1437/1359/1057 1593/1360/1058
f 1768/1354/1059 1530/1361/1060 1766/1362/1061
f 1637/1357/1062 1487/1363/1063 1651/1364/1063
f 1593/1360/1058 1438/1365/1064 1596/1366/1065
f 1766/1362/1061 1531/1367/1066 1767/1368/1066
f 1651/1369/1067 1484/1347/1067 1652/1370/1068
f 1596/1366/1065 1439/1371/1069 1589/1372/1070
f 1532/1373/1071 1757/1374/1071 1755/1375/1071
f 1589/1372/1070 1440/1376/1072 1588/1377/1073
f 1532/1373/831 1754/1378/1074 1757/1374/831
f 1588/1377/1073 1441/1379/1075 1587/1380/1075
f 1534/1381/1076 1763/1382/1076 1752/1383/1076
f 1442/1384/1077 1608/1385/1077 1600/1386/1077
f 1535/1387/1078 1753/1388/1079 1749/1389/1080
f 1366/1107/1081 1619/1390/1082 1617/1391/1081
f 1442/1384/1083 1610/1392/1084 1608/1385/1083
f 1536/1393/1085 1764/1394/1086 1750/1395/1087
f 1619/1390/1082 1353/1396/1088 1621/1397/1089
f 1489/1398/1090 1682/1399/1090 1681/1400/1090
f 1443/1401/1091 1613/1402/1092 1610/1392/1084
f 1537/1403/1093 1702/1404/1094 1704/1405/1095
f 1621/1397/1089 1352/1406/1096 1615/1407/1096
f 1490/1408/1097 1681/1400/1098 1685/1409/1097
f 1444/1410/1099 1603/1411/1100 1613/1402/1092
f 1537/1403/1093 1701/1412/1101 1702/1404/1094
f 1615/1407/1102 1306/1413/1102 1614/1414/1102
f 1684/1415/1103 1490/1408/1103 1685/1409/1104
f 1445/1416/1105 1606/1417/1106 1603/1411/1100
f 1538/1418/1107 1708/1419/1108 1701/1412/1107
f 1306/1413/1109 1616/1420/1110 1614/1414/1109
f 1491/1421/1111 1684/1415/1111 1680/1422/1111
f 1446/1423/1112 1605/1424/1113 1606/1417/1106
f 1540/1425/1114 1714/1426/1115 1707/1427/1116
f 1616/1420/1117 1293/1428/1117 1618/1429/1117
f 1675/1089/825 1492/1210/1118 1686/1212/1119
f 1605/1424/1120 1448/1430/1121 1604/1040/810
f 1540/1425/1114 1669/1025/805 1714/1426/1115
f 1618/1429/1122 1292/1431/1122 1622/1432/1122
s 0
f 1803/1/1123 1815/2/1123 1804/3/1123
f 1777/4/1124 1800/5/1124 1790/6/1124
f 1770/7/1125 1784/8/1125 1771/9/1125
f 1772/10/1126 1784/8/1126 1785/11/1126
f 1772/10/1127 1786/12/1127 1773/13/1127
f 1774/14/1128 1786/12/1128 1787/15/1128
f 1774/14/781 1798/16/781 1795/17/781
f 1805/24/1129 1808/25/1129 1806/26/1129
f 1803/27/1130 1810/28/1130 1809/29/1130
f 1809/30/1131 1828/31/1131 1827/32/1131
f 1801/33/1132 1812/34/1132 1802/35/1132
f 1801/36/1133 1820/31/1133 1819/37/1133
f 1813/38/1134 1816/38/1134 1815/38/1134
f 1819/38/1124 1818/38/1124 1817/38/1124
f 1821/39/1129 1824/40/1129 1823/41/1129
f 1827/42/1129 1826/43/1129 1825/44/1129
f 1807/45/1135 1826/46/1135 1808/47/1135
f 1800/50/1136 1817/648/1136 1818/49/1136
f 1799/76/1137 1814/52/1137 1796/51/1137
f 1805/53/1138 1824/54/1138 1822/55/1138
f 1812/3/1139 1821/77/1139 1823/57/1139
f 1863/1/1140 1875/2/1140 1864/3/1140
f 1837/58/1141 1860/59/1141 1850/60/1141
f 1841/127/1142 1853/74/1142 1854/123/1142
f 1832/61/1143 1844/62/1143 1845/63/1143
f 1832/61/1144 1846/64/1144 1833/65/1144
f 1834/67/1145 1846/64/1145 1847/66/1145
f 1834/67/1134 1858/68/1134 1855/69/1134
f 1838/70/1146 1850/60/1146 1851/71/1146
f 1838/70/1147 1852/72/1147 1839/73/1147
f 1839/73/1148 1853/74/1148 1840/75/1148
f 1865/24/1149 1868/25/1149 1866/26/1149
f 1863/27/1150 1870/28/1150 1869/29/1150
f 1869/30/1151 1888/31/1151 1887/32/1151
f 1861/33/1152 1872/34/1152 1862/35/1152
f 1861/36/1153 1880/31/1153 1879/37/1153
f 1873/38/1154 1876/38/1154 1875/38/1154
f 1879/38/1155 1878/38/1155 1877/38/1155
f 1881/39/1149 1884/40/1149 1883/41/1149
f 1887/42/1149 1886/43/1149 1885/44/1149
f 1868/47/1156 1885/332/1156 1886/46/1156
f 1857/48/1157 1878/49/1157 1860/50/1157
f 1856/51/1158 1876/31/1158 1874/52/1158
f 1865/53/1159 1884/54/1159 1882/55/1159
f 1872/3/1160 1881/77/1160 1883/57/1160
f 1924/3/1161 1933/78/1161 1935/2/1161
f 1897/79/1162 1920/80/1162 1910/81/1162
f 1893/82/1163 1905/83/1163 1906/84/1163
f 1893/82/1164 1907/85/1164 1894/86/1164
f 1898/87/1165 1910/81/1165 1911/88/1165
f 1927/89/1166 1926/26/1166 1925/24/1166
f 1923/27/1167 1930/28/1167 1929/29/1167
f 1929/30/1168 1948/31/1168 1947/32/1168
f 1921/33/1169 1932/34/1169 1922/35/1169
f 1922/90/1170 1939/37/1170 1921/36/1170
f 1933/38/1171 1936/38/1171 1935/38/1171
f 1939/38/1172 1938/38/1172 1937/38/1172
f 1941/39/1166 1944/40/1166 1943/41/1166
f 1947/42/1166 1946/43/1166 1945/44/1166
f 1927/45/1173 1946/46/1173 1928/47/1173
f 1917/48/1174 1938/49/1174 1920/50/1174
f 1919/76/1175 1934/52/1175 1916/51/1175
f 1925/53/1176 1944/54/1176 1942/55/1176
f 1932/3/1177 1941/77/1177 1943/57/1177
f 1984/3/1178 1993/78/1178 1995/2/1178
f 1957/333/1179 1980/334/1179 1970/335/1179
f 1952/336/1180 1964/337/1180 1965/338/1180
f 1952/336/1181 1966/339/1181 1953/340/1181
f 1953/340/1182 1967/341/1182 1954/342/1182
f 1958/344/1183 1970/335/1183 1971/343/1183
f 1958/344/1184 1972/346/1184 1959/345/1184
f 1959/345/1185 1973/348/1185 1960/347/1185
f 1985/24/1186 1988/25/1186 1986/26/1186
f 1983/27/1187 1990/28/1187 1989/29/1187
f 1989/30/1188 2008/31/1188 2007/32/1188
f 1981/33/1189 1992/34/1189 1982/35/1189
f 1982/90/1190 1999/37/1190 1981/36/1190
f 1993/38/1191 1996/38/1191 1995/38/1191
f 1999/38/1179 1998/38/1179 1997/38/1179
f 2001/39/1186 2004/40/1186 2003/41/1186
f 2007/42/1186 2006/43/1186 2005/44/1186
f 1987/45/1192 2006/46/1192 1988/47/1192
f 1977/48/1193 1998/49/1193 1980/50/1193
f 1976/51/1194 1996/31/1194 1994/52/1194
f 1986/91/1195 2002/55/1195 1985/53/1195
f 1992/3/1196 2001/77/1196 2003/57/1196
f 2050/1433/1197 2058/1434/1197 2052/1435/1197
f 2040/1436/1198 2042/1437/1198 2049/1438/1198
f 2042/1437/1198 2027/1439/1198 2028/1440/1198
f 2021/1441/1199 2023/1442/1199 2020/1443/1199
f 2017/1444/1199 2009/1445/1199 2010/1446/1199
f 1895/1447/1200 1909/1448/1200 1789/1449/1200
f 1780/23/1201 2059/1450/1201 2062/1451/1201
f 1793/22/1201 1794/107/1201 2064/1452/1201
f 1783/113/1202 2065/1453/1202 2068/1454/1202
f 1769/995/1202 1781/110/1202 2063/1455/1202
f 1770/7/1203 2066/1456/1203 2070/1457/1203
f 1790/6/1204 2073/1458/1204 2071/1459/1204
f 2074/1460/1205 2078/1461/1205 2077/1462/1205
f 2072/1463/1205 2076/1464/1205 1778/19/1205
f 1792/21/1205 2081/1465/1205 2080/1466/1205
f 2081/1467/1206 1793/22/1206 2060/1468/1206
f 2085/1469/1206 2059/1450/1206 1780/23/1206
s 1
f 2044/1470/1207 1975/1471/1208 1915/1472/1209
s 0
f 2090/1473/1210 1841/127/1210 1854/123/1210
f 2096/1474/1211 2093/1475/1211 2089/1476/1211
f 2108/1477/1212 2102/1478/1212 1842/702/1212
f 2102/1478/1212 2105/1479/1212 2101/1480/1212
f 1829/126/1213 2092/1481/1213 2099/1482/1213
f 1830/135/1214 2106/1483/1214 2111/1484/1214
s 1
f 2081/1485/1215 2060/1486/1216 1909/1487/1216
s 0
f 1914/146/1217 2122/1488/1217 2121/1489/1217
f 1900/487/1217 2115/1490/1217 2118/1491/1217
f 2116/1492/1217 2113/1493/1217 2114/1494/1217
f 1914/146/1218 2125/1495/1218 2122/1496/1218
f 1901/152/1218 2117/1497/1218 2123/1498/1218
f 2126/1499/1218 1915/1500/1218 2119/1501/1218
f 2129/1502/1219 1889/447/1219 2127/1503/1219
f 2087/1504/1219 2126/1505/1219 2134/1506/1219
f 2132/1507/1220 2133/1508/1220 2135/1509/1220
f 2130/1510/1221 2131/1511/1221 2139/1512/1221
f 1890/158/1221 2128/1513/1221 2137/1514/1221
f 2132/1507/1221 1902/450/1221 1904/167/1221
f 1891/718/1222 2140/1515/1222 2143/1516/1222
f 1894/86/1154 1918/172/1154 1856/173/1154
f 1912/174/1223 2146/1517/1223 2145/1518/1223
f 1912/174/1224 2112/1519/1224 2153/1520/1224
f 1899/177/1225 2144/1521/1225 2149/1522/1225
f 2152/1523/1226 2116/1524/1226 2151/1525/1226
s 1
f 2103/1526/1227 2020/1527/1227 2110/1528/1227
s 0
f 1960/347/1228 1973/348/1228 2154/1529/1228
f 1963/597/1229 2161/1530/1229 2159/1531/1229
f 2160/1532/1229 1961/593/1229 2155/1533/1229
f 2161/1534/1230 1962/725/1230 2165/1535/1230
f 1949/600/1231 2160/1536/1231 2162/1537/1231
f 1964/337/1232 1951/655/1232 2168/1538/1232
f 1954/342/1171 1978/349/1171 1916/350/1171
s 1
f 2043/1539/1233 2087/1540/1234 2130/1541/1235
f 2022/1542/1236 2103/1526/1237 2105/1543/1236
f 2079/1544/1238 1908/1545/1238 2080/1546/1238
f 2045/1547/1239 2151/1548/1239 2116/1549/1239
f 2022/1542/1240 2105/1543/1241 2104/1550/1240
f 1896/1551/1242 2071/1552/1242 2073/1553/1243
f 2151/1548/1244 2046/1554/1245 2152/1555/1246
f 2020/1556/1247 2108/1557/1248 2110/1558/1247
f 1895/1559/1249 2075/1560/1250 2072/1561/1251
f 2047/1562/1252 2114/1563/1253 2113/1564/1254
f 1849/1565/1255 2082/1566/1255 2076/1567/1256
f 2047/1562/1252 2120/1568/1257 2114/1563/1253
f 1849/1565/1258 2084/1569/1258 2082/1566/1258
f 2126/1570/1259 2119/1571/1259 2048/1572/1260
f 2084/1573/1261 1836/1574/1262 2085/1575/1262
f 2042/1576/1263 2139/1577/1263 2131/1578/1263
f 1836/1574/1264 2083/1579/1264 2085/1575/1265
f 2024/1580/1266 2143/1581/1266 2140/1582/1266
f 1789/1583/1267 2074/1584/1267 2077/1585/1267
f 2026/1586/1268 2137/1587/1268 2138/1588/1268
f 2059/1589/1269 2078/1590/1270 1789/1583/1269
f 2026/1586/1271 2138/1588/1271 2128/1591/1271
f 1776/1592/1272 2069/1593/1272 2063/1594/1272
f 2028/1595/1273 2129/1596/1274 2127/1597/1275
f 1969/1598/1276 2070/1599/1276 2066/1600/1276
f 2050/1601/1277 2168/1602/1277 2166/1603/1277
f 2028/1595/1273 2127/1597/1275 2124/1604/1278
f 2052/1605/1279 2168/1606/1279 2051/1607/1280
f 2029/1608/1281 2123/1609/1281 2117/1610/1282
f 2053/1611/1283 2163/1612/1283 2165/1613/1284
f 2030/1614/1285 2118/1615/1286 2115/1616/1287
f 1775/1617/1288 2111/1618/1289 2106/1619/1290
f 2054/1620/1291 2159/1621/1291 2161/1622/1292
f 2032/1623/1293 2150/1624/1294 2147/1625/1293
f 2009/1626/1295 2099/1627/1296 2092/1628/1295
f 2055/1629/1297 2158/1630/1297 2157/1631/1297
f 2033/1632/1298 2147/1625/1298 2149/1633/1299
f 2090/1634/1300 2010/1635/1300 2088/1636/1300
f 2158/1630/1301 2056/1637/1301 2154/1638/1301
f 2033/1632/1302 2149/1633/1303 2144/1639/1304
f 2012/1640/1305 2090/1634/1306 2091/1641/1305
f 2056/1637/1307 2156/1642/1307 2154/1638/1307
f 2034/1643/1308 2145/1644/1308 2146/1645/1308
f 2013/1646/1309 2091/1641/1309 2095/1647/1309
f 2160/1648/1310 2155/1649/1311 2058/1650/1311
f 2153/1651/1312 2035/1652/1313 2148/1653/1313
f 2094/1654/1314 2013/1646/1314 2095/1647/1314
f 2050/1601/1315 2166/1603/1315 2164/1655/1315
f 2036/1656/1316 2153/1651/1312 2112/1657/1317
f 2014/1598/1318 2094/1654/1318 2098/1658/1318
f 2122/1659/1319 2125/1660/1319 2037/1661/1320
f 2097/1662/1321 2015/1663/1322 2101/1664/1323
f 2135/1665/1324 2038/1666/1324 2136/1667/1324
f 2089/1668/1325 2016/1669/1325 2096/1670/1325
f 2133/1671/1326 2039/1672/1326 2135/1665/1326
f 2017/1673/1327 2089/1668/1327 2093/1674/1327
f 1968/1675/1328 2068/1676/1328 2065/1677/1329
f 2040/1678/1330 2133/1671/1330 2132/1679/1330
f 2019/1680/1331 2100/1681/1331 2109/1682/1331
f 1968/1675/1332 2067/1683/1332 2068/1676/1332
f 2041/1684/1333 2142/1685/1333 2141/1686/1333
f 2019/1680/1334 2109/1682/1335 2107/1687/1334
f 1955/1688/1336 2061/1689/1336 2064/1690/1337
s 0
f 2203/1/1338 2215/2/1338 2204/3/1338
f 2177/4/1339 2200/5/1339 2190/6/1339
f 2181/110/1340 2193/22/1340 2194/107/1340
f 2170/7/1341 2184/8/1341 2171/9/1341
f 2172/10/1342 2184/8/1342 2185/11/1342
f 2172/10/1343 2186/12/1343 2173/13/1343
f 2174/14/1344 2186/12/1344 2187/15/1344
f 2174/14/1191 2198/16/1191 2195/17/1191
f 2177/4/1345 2191/18/1345 2178/19/1345
f 2179/20/1346 2191/18/1346 2192/21/1346
f 2179/20/1347 2193/22/1347 2180/23/1347
f 2205/24/1348 2208/25/1348 2206/26/1348
f 2203/27/1349 2210/28/1349 2209/29/1349
f 2210/331/1350 2227/32/1350 2209/30/1350
f 2201/33/1351 2212/34/1351 2202/35/1351
f 2201/36/1352 2220/31/1352 2219/37/1352
f 2213/38/1353 2216/38/1353 2215/38/1353
f 2219/38/1339 2218/38/1339 2217/38/1339
f 2221/39/1348 2224/40/1348 2223/41/1348
f 2227/42/1348 2226/43/1348 2225/44/1348
f 2207/45/1354 2226/46/1354 2208/47/1354
f 2197/48/1355 2218/49/1355 2200/50/1355
f 2199/76/1356 2214/52/1356 2196/51/1356
f 2205/53/1357 2224/54/1357 2222/55/1357
f 2212/3/1358 2221/77/1358 2223/57/1358
f 2264/3/1359 2273/78/1359 2275/2/1359
f 2237/58/1360 2260/59/1360 2250/60/1360
f 2234/67/1361 2258/68/1361 2255/69/1361
f 2238/70/1362 2250/60/1362 2251/71/1362
f 2265/24/1363 2268/25/1363 2266/26/1363
f 2263/27/1364 2270/28/1364 2269/29/1364
f 2270/331/1365 2287/32/1365 2269/30/1365
f 2261/33/1366 2272/34/1366 2262/35/1366
f 2262/90/1367 2279/37/1367 2261/36/1367
f 2273/38/1368 2276/38/1368 2275/38/1368
f 2279/38/1360 2278/38/1360 2277/38/1360
f 2281/39/1363 2284/40/1363 2283/41/1363
f 2287/42/1363 2286/43/1363 2285/44/1363
f 2268/47/1369 2285/332/1369 2286/46/1369
f 2260/50/1370 2277/648/1370 2278/49/1370
f 2259/76/1371 2274/52/1371 2256/51/1371
f 2265/53/1372 2284/54/1372 2282/55/1372
f 2272/3/1373 2281/77/1373 2283/57/1373
f 2324/3/1374 2333/78/1374 2335/2/1374
f 2297/79/1375 2320/80/1375 2310/81/1375
f 2327/89/1376 2326/26/1376 2325/24/1376
f 2323/27/1377 2330/28/1377 2329/29/1377
f 2330/331/1378 2347/32/1378 2329/30/1378
f 2321/33/1379 2332/34/1379 2322/35/1379
f 2321/36/1380 2340/31/1380 2339/37/1380
f 2333/38/1381 2336/38/1381 2335/38/1381
f 2339/38/1375 2338/38/1375 2337/38/1375
f 2341/39/1376 2344/40/1376 2343/41/1376
f 2347/42/1376 2346/43/1376 2345/44/1376
f 2327/45/1382 2346/46/1382 2328/47/1382
f 2317/48/1383 2338/49/1383 2320/50/1383
f 2319/76/1384 2334/52/1384 2316/51/1384
f 2326/91/1385 2342/55/1385 2325/53/1385
f 2332/3/1386 2341/77/1386 2343/57/1386
f 2383/1/1387 2395/2/1387 2384/3/1387
f 2357/333/1388 2380/334/1388 2370/335/1388
f 2352/336/1389 2366/339/1389 2353/340/1389
f 2353/340/1390 2367/341/1390 2354/342/1390
f 2358/344/1391 2370/335/1391 2371/343/1391
f 2358/344/1392 2372/346/1392 2359/345/1392
f 2385/24/1393 2388/25/1393 2386/26/1393
f 2383/27/1394 2390/28/1394 2389/29/1394
f 2389/30/1395 2408/31/1395 2407/32/1395
f 2381/33/1396 2392/34/1396 2382/35/1396
f 2382/90/1397 2399/37/1397 2381/36/1397
f 2393/38/1398 2396/38/1398 2395/38/1398
f 2399/38/1388 2398/38/1388 2397/38/1388
f 2401/39/1393 2404/40/1393 2403/41/1393
f 2407/42/1393 2406/43/1393 2405/44/1393
f 2387/45/1399 2406/46/1399 2388/47/1399
f 2377/48/1400 2398/49/1400 2380/50/1400
f 2379/76/1401 2394/52/1401 2376/51/1401
f 2385/53/1402 2404/54/1402 2402/55/1402
f 2392/3/1403 2401/77/1403 2403/57/1403
f 2479/1691/1404 2480/1692/1404 2483/1693/1404
f 2458/1694/1405 2459/1695/1405 2472/1696/1405
f 2435/1697/1406 2434/1698/1406 2420/1699/1406
f 2356/1700/1407 2295/1701/1407 2249/1702/1407
f 2183/113/1408 2493/1703/1408 2494/1704/1408
f 2501/1705/1409 2490/1706/1409 2500/1707/1409
f 2170/7/1409 2498/1708/1409 2499/1709/1409
s 1
f 2504/1710/1410 2503/1711/1411 2440/1712/1412
s 0
f 2521/1713/1413 2515/1714/1413 2253/74/1413
f 2505/1715/1413 2240/75/1413 2507/1716/1413
f 2526/1717/1414 2254/123/1414 2531/1718/1414
f 2525/1719/1414 2523/1720/1414 2229/126/1414
f 2528/1721/1414 2530/1722/1414 2524/1723/1414
f 2242/702/1415 2537/1724/1415 2538/1725/1415
f 2536/1726/1415 2229/126/1415 2529/1727/1415
f 2244/62/1416 2540/1728/1416 2539/1729/1416
f 2230/135/1416 2536/1730/1416 2375/1731/1416
f 2540/1732/1417 2245/63/1417 2541/1733/1417
f 2504/1734/1417 2231/138/1417 2503/1735/1417
f 2245/63/1418 2246/64/1418 2544/1736/1418
f 2232/61/1418 2504/1737/1418 2315/1738/1418
f 2234/67/1419 2233/65/1419 2545/1739/1419
f 2547/1740/1420 2238/70/1420 2251/71/1420
f 2551/1741/1420 2549/1742/1420 2553/1743/1420
f 2239/73/1421 2548/1744/1421 2556/1745/1421
f 2550/1746/1421 2514/1747/1421 2560/1748/1421
f 2555/1749/1421 2559/1750/1421 2549/1751/1421
s 1
f 2465/1752/1422 2562/1753/1422 2561/1754/1422
s 0
f 2301/152/1423 2564/1755/1423 2570/1756/1423
f 2568/1757/1423 2569/1758/1423 2563/1759/1423
f 2572/1760/1423 2565/1761/1423 2573/1762/1423
f 2566/1763/1423 2314/146/1423 2575/1764/1423
f 2314/146/1424 2583/1765/1424 2578/1766/1424
f 2571/1767/1424 2582/1768/1424 2581/1769/1424
f 2289/447/1424 2570/1770/1424 2576/1771/1424
f 2302/450/1425 2587/1772/1425 2589/1773/1425
f 2588/1774/1425 2590/1775/1425 2586/1776/1425
f 2585/1777/1425 2289/447/1425 2580/1778/1425
f 2302/450/1426 2593/1779/1426 2587/1780/1426
f 2590/1781/1426 2592/1782/1426 2586/1783/1426
f 2591/1784/1426 2290/158/1426 2585/1785/1426
f 2305/83/1427 2603/1786/1427 2601/1787/1427
f 2591/1788/1427 2597/1789/1427 2291/718/1427
f 2602/1790/1427 2600/1791/1427 2592/1792/1427
f 2598/1793/1428 2604/1794/1428 2608/1795/1428
f 2292/170/1428 2597/1796/1428 2562/1797/1428
f 2306/84/1428 2609/1798/1428 2605/1799/1428
f 2294/86/1429 2607/1800/1429 2612/1801/1429
f 2294/86/1368 2318/172/1368 2256/173/1368
f 2310/81/1430 2617/1802/1430 2616/1803/1430
f 2618/1804/1431 2312/174/1431 2625/1805/1431
f 2619/1806/1431 2299/177/1431 2298/87/1431
f 2625/1807/1432 2313/141/1432 2566/1808/1432
f 2624/1809/1432 2565/1810/1432 2567/1811/1432
f 2299/177/1432 2621/1812/1432 2626/1813/1432
s 1
f 2413/1814/1433 2533/1815/1433 2535/1816/1433
s 0
f 2630/1817/1434 2374/590/1434 2632/1818/1434
f 2631/1819/1434 2360/347/1434 2629/1820/1434
f 2632/1821/1435 2363/597/1435 2634/1822/1435
f 2633/1823/1435 2361/593/1435 2631/1824/1435
f 2363/597/1436 2362/725/1436 2639/1825/1436
f 2633/1826/1436 2636/1827/1436 2635/1828/1436
f 2362/725/1437 2643/1829/1437 2639/1830/1437
f 2640/1831/1437 2350/599/1437 2641/1832/1437
f 2644/1833/1438 2351/655/1438 2646/1834/1438
f 2354/342/1381 2378/349/1381 2316/350/1381
f 2647/1835/1439 2359/345/1439 2372/346/1439
s 1
f 2536/1836/1440 2529/1837/1440 2439/1838/1440
f 2415/1839/1441 2526/1840/1441 2531/1841/1441
f 2465/1752/1442 2561/1754/1442 2597/1842/1442
f 2235/1843/1443 2545/1844/1444 2543/1845/1443
f 2415/1839/1445 2527/1846/1445 2526/1840/1445
f 2585/1847/1446 2580/1848/1446 2467/1849/1446
f 2417/1850/1447 2506/1851/1447 2518/1852/1448
f 2570/1853/1449 2564/1854/1449 2468/1855/1449
f 2417/1850/1450 2508/1856/1450 2506/1851/1450
f 2369/1857/1451 2497/1858/1451 2488/1859/1452
f 2469/1860/1453 2628/1861/1453 2626/1862/1453
f 2617/1863/1454 2442/1864/1455 2616/1865/1455
f 2419/1866/1456 2557/1867/1456 2516/1868/1456
f 2356/1869/1457 2501/1870/1457 2500/1871/1457
f 2469/1860/1458 2626/1862/1458 2621/1872/1459
f 2443/1873/1460 2618/1874/1461 2625/1875/1461
f 2420/1876/1462 2553/1877/1462 2549/1878/1463
f 2356/1869/1464 2500/1871/1464 2490/1879/1464
f 2471/1880/1465 2622/1881/1465 2619/1882/1465
f 2444/1883/1466 2574/1884/1466 2575/1885/1466
f 2421/1886/1467 2555/1887/1468 2551/1888/1469
f 2496/1889/1470 2355/1890/1470 2491/1891/1470
f 2471/1880/1471 2619/1882/1471 2623/1892/1471
f 2445/1893/1472 2578/1894/1472 2583/1895/1473
f 2555/1887/1468 2422/1896/1474 2559/1897/1474
f 2308/1898/1475 2496/1889/1475 2494/1899/1475
f 2472/1900/1476 2627/1901/1476 2567/1902/1476
f 2446/1903/1477 2589/1904/1477 2587/1905/1477
f 2423/1906/1478 2512/1907/1479 2513/1908/1480
f 2296/1909/1481 2494/1899/1482 2492/1910/1481
f 2474/1911/1483 2572/1912/1483 2573/1913/1483
f 2447/1914/1484 2601/1915/1484 2603/1916/1485
f 2512/1907/1486 2424/1917/1486 2511/1918/1486
f 2296/1909/1487 2492/1910/1488 2493/1919/1489
f 2565/1920/1490 2624/1921/1490 2474/1911/1490
f 2448/1922/1491 2611/1923/1492 2449/1924/1492
f 2511/1918/1493 2425/1925/1494 2520/1926/1494
f 2498/1927/1495 2295/1928/1495 2499/1929/1495
f 2475/1930/1496 2620/1931/1496 2615/1932/1496
f 2449/1924/1497 2611/1923/1497 2609/1933/1497
f 2520/1926/1498 2426/1934/1498 2521/1935/1498
f 2502/1936/1499 2249/1937/1499 2498/1938/1499
f 2450/1939/1500 2613/1940/1500 2610/1941/1500
f 2426/1942/1501 2515/1943/1502 2521/1944/1501
f 2248/1945/1503 2502/1936/1503 2489/1946/1503
f 2452/1947/1504 2604/1948/1504 2606/1949/1504
f 2515/1943/1505 2428/1950/1505 2519/1951/1506
f 2369/1857/1507 2495/1952/1507 2497/1858/1507
f 2650/1953/1508 2476/1954/1508 2647/1955/1508
f 2452/1947/1509 2606/1949/1509 2600/1956/1510
f 2428/1950/1511 2510/1957/1511 2519/1951/1511
f 2649/1958/1512 2477/1959/1513 2650/1953/1513
f 2454/1960/1514 2602/1961/1515 2596/1962/1514
f 2430/1963/1516 2560/1964/1516 2514/1965/1516
f 2478/1966/1517 2630/1967/1517 2632/1968/1518
f 2594/1969/1519 2590/1970/1520 2454/1960/1519
f 2430/1963/1521 2558/1971/1521 2560/1964/1521
f 2545/1972/1522 2189/1973/1522 2546/1974/1522
f 2639/1975/1523 2643/1976/1524 2480/1977/1525
f 2455/1978/1526 2588/1979/1526 2584/1980/1526
f 2432/1981/1527 2552/1982/1527 2550/1983/1527
f 2188/1984/1528 2542/1985/1529 2544/1986/1530
f 2644/1987/1531 2480/1977/1531 2645/1988/1531
f 2457/1989/1532 2582/1990/1532 2579/1991/1532
f 2432/1981/1533 2554/1992/1534 2552/1982/1533
f 2176/1993/1535 2539/1994/1536 2540/1995/1537
f 2482/1996/1538 2644/1997/1539 2646/1998/1540
f 2457/1989/1541 2579/1991/1541 2571/1999/1541
f 2433/2000/1542 2547/2001/1542 2554/1992/1542
f 2175/2002/1543 2522/2003/1543 2530/2004/1543
f 2482/1996/1538 2646/1998/1540 2642/2005/1544
f 2563/2006/1545 2458/2007/1545 2568/2008/1545
f 2435/2009/1546 2556/2010/1546 2548/2011/1546
f 2175/2002/1547 2524/2012/1547 2522/2003/1547
f 2484/2013/1548 2640/2014/1549 2641/2015/1550
f 2459/2016/1551 2563/2006/1551 2569/2017/1551
f 2436/2018/1552 2507/2019/1553 2509/2020/1552
f 2524/2012/1554 2410/2021/1554 2528/2022/1554
f 2484/2013/1548 2641/2015/1550 2638/2023/1555
f 2586/2024/1556 2592/2025/1557 2461/2026/1557
f 2507/2019/1558 2437/2027/1558 2505/2028/1558
f 2411/2029/1559 2534/2030/1559 2532/2031/1560
f 2486/2032/1561 2635/2033/1561 2636/2034/1561
f 2598/2035/1562 2608/2036/1563 2462/2037/1562
f 2438/2038/1564 2525/2039/1565 2517/2040/1566
f 2534/2030/1567 2412/2041/1567 2538/2042/1567
f 2631/2043/1568 2629/2044/1568 2487/2045/1569
f 2612/2046/1570 2462/2037/1570 2614/2047/1570
f 2525/2039/1565 2439/1838/1571 2523/2048/1571
f 2412/2041/1572 2535/1816/1572 2538/2042/1572
f 2476/1954/1573 2648/2049/1574 2647/1955/1573
f 2463/2050/1575 2612/2046/1575 2607/2051/1576
s 0
f 2685/1/1577 2697/2/1577 2686/3/1577
f 2659/4/1578 2682/5/1578 2672/6/1578
f 2656/14/1398 2680/16/1398 2677/17/1398
f 2660/19/1579 2672/6/1579 2673/18/1579
f 2687/24/1580 2690/25/1580 2688/26/1580
f 2685/27/1581 2692/28/1581 2691/29/1581
f 2691/30/1582 2710/31/1582 2709/32/1582
f 2683/33/1583 2694/34/1583 2684/35/1583
f 2684/90/1584 2701/37/1584 2683/36/1584
f 2695/38/1585 2698/38/1585 2697/38/1585
f 2701/38/1578 2700/38/1578 2699/38/1578
f 2703/39/1580 2706/40/1580 2705/41/1580
f 2709/42/1580 2708/43/1580 2707/44/1580
f 2689/45/1586 2708/46/1586 2690/47/1586
f 2682/50/1587 2699/648/1587 2700/49/1587
f 2681/76/1588 2696/52/1588 2678/51/1588
f 2688/91/1589 2704/55/1589 2687/53/1589
f 2694/3/1590 2703/77/1590 2705/57/1590
f 2745/1/1591 2757/2/1591 2746/3/1591
f 2719/58/1592 2742/59/1592 2732/60/1592
f 2716/67/1585 2740/68/1585 2737/69/1585
f 2720/70/1593 2732/60/1593 2733/71/1593
f 2720/70/1594 2734/72/1594 2721/73/1594
f 2747/24/1595 2750/25/1595 2748/26/1595
f 2745/27/1596 2752/28/1596 2751/29/1596
f 2752/331/1597 2769/32/1597 2751/30/1597
f 2743/33/1598 2754/34/1598 2744/35/1598
f 2744/90/1599 2761/37/1599 2743/36/1599
f 2755/38/1600 2758/38/1600 2757/38/1600
f 2761/38/1592 2760/38/1592 2759/38/1592
f 2763/39/1595 2766/40/1595 2765/41/1595
f 2769/42/1595 2768/43/1595 2767/44/1595
f 2749/45/1601 2768/46/1601 2750/47/1601
f 2739/48/1602 2760/49/1602 2742/50/1602
f 2741/76/1603 2756/52/1603 2738/51/1603
f 2747/53/1604 2766/54/1604 2764/55/1604
f 2754/3/1605 2763/77/1605 2765/57/1605
f 2806/3/1606 2815/78/1606 2817/2/1606
f 2779/79/1607 2802/80/1607 2792/81/1607
f 2772/158/1608 2786/167/1608 2773/718/1608
f 2773/718/1609 2787/83/1609 2774/170/1609
f 2775/82/1610 2787/83/1610 2788/84/1610
f 2775/82/1611 2789/85/1611 2776/86/1611
f 2780/87/1612 2792/81/1612 2793/88/1612
f 2781/177/1613 2793/88/1613 2794/174/1613
f 2781/177/1614 2795/141/1614 2782/487/1614
f 2809/89/1615 2808/26/1615 2807/24/1615
f 2805/27/1616 2812/28/1616 2811/29/1616
f 2811/30/1617 2830/31/1617 2829/32/1617
f 2803/33/1618 2814/34/1618 2804/35/1618
f 2804/90/1619 2821/37/1619 2803/36/1619
f 2815/38/1620 2818/38/1620 2817/38/1620
f 2821/38/1621 2820/38/1621 2819/38/1621
f 2823/39/1615 2826/40/1615 2825/41/1615
f 2829/42/1615 2828/43/1615 2827/44/1615
f 2809/45/1622 2828/46/1622 2810/47/1622
f 2799/48/1623 2820/49/1623 2802/50/1623
f 2801/76/1624 2816/52/1624 2798/51/1624
f 2807/53/1625 2826/54/1625 2824/55/1625
f 2814/3/1626 2823/77/1626 2825/57/1626
f 2866/3/1627 2875/78/1627 2877/2/1627
f 2839/333/1628 2862/334/1628 2852/335/1628
f 2834/336/1629 2848/339/1629 2835/340/1629
f 2835/340/1630 2849/341/1630 2836/342/1630
f 2839/333/1631 2853/343/1631 2840/344/1631
f 2840/344/1632 2854/346/1632 2841/345/1632
f 2867/24/1633 2870/25/1633 2868/26/1633
f 2865/27/1634 2872/28/1634 2871/29/1634
f 2871/30/1635 2890/31/1635 2889/32/1635
f 2863/33/1636 2874/34/1636 2864/35/1636
f 2864/90/1637 2881/37/1637 2863/36/1637
f 2875/38/1638 2878/38/1638 2877/38/1638
f 2881/38/1628 2880/38/1628 2879/38/1628
f 2883/39/1633 2886/40/1633 2885/41/1633
f 2889/42/1633 2888/43/1633 2887/44/1633
f 2869/45/1639 2888/46/1639 2870/47/1639
f 2859/48/1640 2880/49/1640 2862/50/1640
f 2861/76/1641 2876/52/1641 2858/51/1641
f 2867/53/1642 2886/54/1642 2884/55/1642
f 2874/3/1643 2883/77/1643 2885/57/1643
f 2948/2052/1644 2949/2053/1644 2944/2054/1644
f 2936/2055/1645 2938/2056/1645 2935/2057/1645
f 2940/2058/1645 2935/2057/1645 2938/2056/1645
f 2936/2055/1645 2940/2058/1645 2939/2059/1645
f 2917/2060/1646 2915/2061/1646 2932/2062/1646
f 2903/2063/1647 2717/2064/1647 2718/2065/1647
f 2676/107/1648 2953/2066/1648 2954/2067/1648
f 2662/23/1648 2951/2068/1648 2955/2069/1648
f 2665/113/1649 2957/2070/1649 2958/2071/1649
f 2663/110/1649 2956/2072/1649 2959/2073/1649
f 2664/994/1650 2964/2074/1650 2961/2075/1650
f 2651/995/1650 2960/2076/1650 2962/2077/1650
f 2666/8/1651 2968/2078/1651 2965/2079/1651
f 2652/7/1651 2963/2080/1651 2966/2081/1651
f 2967/2082/1652 2972/2083/1652 2970/2084/1652
f 2667/11/1652 2969/2085/1652 2973/2086/1652
f 2978/2087/1653 2979/2088/1653 2668/12/1653
f 2654/10/1653 2970/2089/1653 2974/2090/1653
f 2980/2091/1654 2656/14/1654 2976/2092/1654
f 2673/18/1655 2674/21/1655 2985/2093/1655
f 2951/2094/1656 2662/23/1656 2993/2095/1656
f 2997/2096/1657 2675/22/1657 2995/2097/1657
f 2992/2098/1657 2982/2099/1657 2991/2100/1657
f 2893/2101/1658 2797/2102/1658 2982/2103/1658
f 2735/74/1659 3006/2104/1659 3002/2105/1659
f 3001/2106/1659 3003/2107/1659 3005/2108/1659
f 2736/123/1660 3009/2109/1660 3006/2110/1660
f 2711/126/1660 2723/127/1660 3004/2111/1660
f 3023/2112/1661 3021/2113/1661 3014/2114/1661
f 3011/2115/1661 3019/2116/1661 3013/2117/1661
f 3024/2118/1662 2713/138/1662 3016/2119/1662
f 3022/2120/1662 3026/2121/1662 3015/2122/1662
f 2724/702/1662 2726/62/1662 3028/2123/1662
f 3034/2124/1663 2727/63/1663 3033/2125/1663
f 2714/61/1663 3027/2126/1663 3032/2127/1663
f 2728/64/1664 3037/2128/1664 3036/2129/1664
f 2715/65/1664 3032/2130/1664 3038/2131/1664
f 2729/66/1665 2716/67/1665 3039/2132/1665
f 3040/2133/1666 2734/72/1666 3044/2134/1666
f 2915/2135/1667 3033/2136/1667 3031/2137/1667
f 3045/2138/1668 3046/2139/1668 3047/2140/1668
f 2795/141/1669 3049/2141/1669 3048/2142/1669
f 2796/146/1670 3056/2143/1670 3049/2144/1670
f 2783/152/1671 3050/2145/1671 3051/2146/1671
f 3045/2147/1670 3055/2148/1670 3054/2149/1670
f 2784/450/1672 2772/158/1672 3058/2150/1672
f 3054/2151/1672 3055/2152/1672 3057/2153/1672
f 2776/86/1600 2800/172/1600 2738/173/1600
f 2939/2154/1673 3047/2155/1673 3046/2156/1673
f 3065/2157/1674 3062/2158/1674 3060/2159/1674
f 3064/2160/1674 2842/347/1674 3063/2161/1674
f 2843/593/1675 3064/2162/1675 3067/2163/1675
f 3065/2164/1675 2845/597/1675 3069/2165/1675
f 2845/597/1676 3071/2166/1676 3069/2167/1676
f 2832/599/1676 3066/2168/1676 3070/2169/1676
f 2833/655/1677 2832/599/1677 3070/2170/1677
f 2844/725/1677 2846/337/1677 3075/2171/1677
f 2847/338/1678 2834/336/1678 3076/2172/1678
f 2836/342/1620 2860/349/1620 2798/350/1620
f 3078/2173/1679 2842/347/1679 2841/345/1679
f 3055/2174/1680 3045/2175/1680 2939/2176/1680
f 2915/2135/1681 3034/2177/1681 3033/2136/1681
f 2894/2178/1682 2990/2179/1682 2981/2180/1682
f 2938/2181/1683 3052/2182/1683 3054/2183/1683
f 2917/2184/1684 3030/2185/1684 3028/2186/1684
f 2990/2179/1685 3080/2187/1685 2988/2188/1685
f 2918/2189/1686 3021/2190/1686 3023/2191/1686
f 2918/2189/1687 3014/2192/1687 3021/2190/1687
f 2919/2193/1688 3012/2194/1688 3014/2192/1688
f 2921/2195/1689 3002/2196/1689 3006/2197/1689
f 2987/2198/1690 2897/2199/1690 2989/2200/1690
f 2921/2195/1691 3044/2201/1691 3041/2202/1691
f 2989/2200/1692 2898/2203/1692 3000/2204/1692
f 2941/2205/1693 3078/2206/1693 3061/2207/1693
f 2922/2208/1694 3043/2209/1694 3044/2201/1694
f 3000/2204/1695 2899/2210/1695 2996/2211/1695
f 3062/2212/1696 2942/2213/1696 3060/2214/1696
f 2923/2215/1697 3040/2216/1697 3043/2209/1697
f 2899/2210/1698 2999/2217/1698 2996/2211/1698
f 2850/2218/1699 2974/2219/1699 2970/2220/1699
f 2943/2221/1700 3062/2212/1700 3065/2222/1700
f 3040/2223/1701 2925/2224/1701 3042/2225/1701
f 2900/2226/1702 2998/2227/1702 2999/2217/1702
f 2838/2228/1703 2980/2229/1703 2976/2230/1703
f 2944/2231/1704 3069/2232/1704 3071/2233/1704
f 2926/2234/1705 3003/2235/1705 3001/2236/1705
f 2998/2227/1706 2902/2237/1706 2994/2238/1706
f 2837/2239/1707 2978/2240/1707 2977/2241/1707
f 2945/2242/1708 3074/2243/1708 3075/2244/1708
f 3003/2235/1709 2927/2245/1709 3005/2246/1709
f 2903/2247/1710 2955/2248/1710 2951/2249/1710
f 2837/2239/1711 2979/2250/1711 2978/2240/1711
f 3076/2251/1712 2946/2252/1712 3077/2253/1712
f 2928/2254/1713 3007/2255/1713 3004/2256/1713
f 2904/2257/1714 2959/2258/1714 2956/2259/1714
f 2791/2260/1715 2975/2261/1715 2979/2250/1715
f 2947/2262/1716 3076/2263/1716 3072/2264/1716
f 2929/2265/1717 3011/2266/1717 3008/2267/1717
f 2905/2268/1718 2962/2269/1718 2960/2270/1718
f 2778/2271/1719 2973/2272/1719 2969/2273/1719
f 3070/2274/1720 3066/2275/1720 2949/2276/1720
f 3011/2266/1721 2930/2277/1721 3019/2278/1721
f 2906/2279/1722 2966/2280/1722 2963/2281/1722
f 2778/2271/1723 2971/2282/1723 2973/2272/1723
f 2949/2276/1724 3067/2283/1724 3064/2284/1724
f 3019/2278/1725 2931/2285/1725 3020/2286/1725
f 2851/2287/1726 2972/2288/1726 2967/2289/1726
f 2731/2290/1727 2965/2291/1727 2968/2292/1727
f 2950/2293/1728 3059/2294/1728 3063/2295/1728
f 2932/2296/1729 3029/2297/1729 3022/2298/1729
f 2730/2299/1730 2961/2300/1730 2964/2301/1730
f 2932/2296/1731 3026/2302/1731 3029/2297/1731
f 2718/2303/1732 2958/2304/1732 2957/2305/1732
f 2934/2306/1733 3017/2307/1733 3015/2308/1733
f 3013/2309/1734 2908/2310/1734 3010/2311/1734
f 2717/2312/1735 2954/2313/1735 2953/2314/1735
f 2934/2306/1736 3013/2309/1736 3017/2307/1736
f 3010/2311/1737 2909/2315/1737 3018/2316/1737
f 2671/2317/1738 2995/2318/1738 2952/2319/1738
f 2910/2320/1739 3024/2321/1739 3016/2322/1739
f 2671/2317/1740 2997/2323/1740 2995/2318/1740
f 3024/2321/1741 2911/2324/1741 3025/2325/1741
f 2658/2326/1742 2985/2327/1742 2984/2328/1742
f 2935/2329/1743 3051/2330/1743 3050/2331/1743
f 3032/2332/1744 3027/2333/1744 2911/2324/1744
f 2657/2334/1745 2991/2335/1745 2983/2336/1745
f 2936/2337/1746 3049/2338/1746 3056/2339/1746
f 2913/2340/1747 3036/2341/1747 3037/2342/1747
f 2991/2335/1748 2891/2343/1748 2992/2344/1748
f 2937/2345/1749 3058/2346/1749 3053/2347/1749
f 2913/2340/1750 3035/2348/1750 3036/2341/1750
f 2891/2343/1751 2857/2349/1751 2992/2344/1751
f 2987/2198/1752 2895/2350/1752 2896/2351/1752
f 2986/2352/1753 2895/2350/1753 2993/2353/1753
f 2988/2188/1754 3079/2354/1754 2986/2355/1754
f 3116/3/1755 3125/78/1755 3127/2/1755
f 3089/4/1756 3112/5/1756 3102/6/1756
f 3084/10/1757 3098/12/1757 3085/13/1757
f 3086/14/1758 3098/12/1758 3099/15/1758
f 3086/14/1638 3110/16/1638 3107/17/1638
f 3089/4/1759 3103/18/1759 3090/19/1759
f 3091/20/1760 3103/18/1760 3104/21/1760
f 3091/20/1761 3105/22/1761 3092/23/1761
f 3117/24/1762 3120/25/1762 3118/26/1762
f 3115/27/1763 3122/28/1763 3121/29/1763
f 3122/331/1764 3139/32/1764 3121/30/1764
f 3113/33/1765 3124/34/1765 3114/35/1765
f 3113/36/1766 3132/31/1766 3131/37/1766
f 3125/38/1767 3128/38/1767 3127/38/1767
f 3131/38/1756 3130/38/1756 3129/38/1756
f 3133/39/1768 3136/40/1768 3135/41/1768
f 3139/42/1768 3138/43/1768 3137/44/1768
f 3120/47/1769 3137/332/1769 3138/46/1769
f 3112/50/1770 3129/648/1770 3130/49/1770
f 3111/76/1771 3126/52/1771 3108/51/1771
f 3118/91/1772 3134/55/1772 3117/53/1772
f 3123/56/1773 3135/57/1773 3124/3/1773
f 3175/1/1774 3187/2/1774 3176/3/1774
f 3149/58/1775 3172/59/1775 3162/60/1775
f 3144/61/1776 3158/64/1776 3145/65/1776
f 3145/65/1777 3159/66/1777 3146/67/1777
f 3146/67/1767 3170/68/1767 3167/69/1767
f 3149/58/1778 3163/71/1778 3150/70/1778
f 3150/70/1779 3164/72/1779 3151/73/1779
f 3177/24/1780 3180/25/1780 3178/26/1780
f 3175/27/1781 3182/28/1781 3181/29/1781
f 3182/331/1782 3199/32/1782 3181/30/1782
f 3173/33/1783 3184/34/1783 3174/35/1783
f 3173/36/1784 3192/31/1784 3191/37/1784
f 3185/38/1785 3188/38/1785 3187/38/1785
f 3191/38/1775 3190/38/1775 3189/38/1775
f 3193/39/1780 3196/40/1780 3195/41/1780
f 3199/42/1780 3198/43/1780 3197/44/1780
f 3180/47/1786 3197/332/1786 3198/46/1786
f 3169/48/1787 3190/49/1787 3172/50/1787
f 3168/51/1788 3188/31/1788 3186/52/1788
f 3177/53/1789 3196/54/1789 3194/55/1789
f 3184/3/1790 3193/77/1790 3195/57/1790
f 3235/1/1791 3247/2/1791 3236/3/1791
f 3209/79/1792 3232/80/1792 3222/81/1792
f 3205/82/1793 3219/85/1793 3206/86/1793
f 3209/79/1794 3223/88/1794 3210/87/1794
f 3239/89/1795 3238/26/1795 3237/24/1795
f 3235/27/1796 3242/28/1796 3241/29/1796
f 3242/331/1797 3259/32/1797 3241/30/1797
f 3233/33/1798 3244/34/1798 3234/35/1798
f 3234/90/1799 3251/37/1799 3233/36/1799
f 3245/38/1800 3248/38/1800 3247/38/1800
f 3251/38/1792 3250/38/1792 3249/38/1792
f 3253/39/1795 3256/40/1795 3255/41/1795
f 3259/42/1795 3258/43/1795 3257/44/1795
f 3239/45/1801 3258/46/1801 3240/47/1801
f 3229/48/1802 3250/49/1802 3232/50/1802
f 3231/76/1803 3246/52/1803 3228/51/1803
f 3237/53/1804 3256/54/1804 3254/55/1804
f 3244/3/1805 3253/77/1805 3255/57/1805
f 3296/3/1806 3305/78/1806 3307/2/1806
f 3269/333/1807 3292/334/1807 3282/335/1807
f 3264/336/1808 3276/337/1808 3277/338/1808
f 3264/336/1809 3278/339/1809 3265/340/1809
f 3265/340/1810 3279/341/1810 3266/342/1810
f 3270/344/1811 3282/335/1811 3283/343/1811
f 3299/89/1812 3298/26/1812 3297/24/1812
f 3295/27/1813 3302/28/1813 3301/29/1813
f 3302/331/1814 3319/32/1814 3301/30/1814
f 3293/33/1815 3304/34/1815 3294/35/1815
f 3294/90/1816 3311/37/1816 3293/36/1816
f 3305/38/1817 3308/38/1817 3307/38/1817
f 3311/38/1807 3310/38/1807 3309/38/1807
f 3313/39/1818 3316/40/1818 3315/41/1818
f 3319/42/1812 3318/43/1812 3317/44/1812
f 3299/45/1819 3318/46/1819 3300/47/1819
f 3289/48/1820 3310/49/1820 3292/50/1820
f 3288/51/1821 3308/31/1821 3306/52/1821
f 3298/91/1822 3314/55/1822 3297/53/1822
f 3304/3/1823 3313/77/1823 3315/57/1823
f 3385/2356/1824 3384/2357/1824 3386/2358/1824
f 3390/2359/1824 3391/2360/1824 3395/2361/1824
f 3377/2362/1825 3367/2363/1825 3366/2364/1825
f 3332/2365/1826 3333/2366/1826 3334/2367/1826
f 3358/2368/1826 3227/2369/1826 3357/2370/1826
f 3322/2371/1827 3208/2372/1827 3323/2373/1827
f 3092/23/1828 3105/22/1828 3401/2374/1828
f 3405/2375/1829 3407/2376/1829 3403/2377/1829
f 3424/2378/1830 3422/2379/1830 3421/2380/1830
f 3414/2381/1830 3081/995/1830 3093/110/1830
f 3431/2382/1831 3433/2383/1831 3095/113/1831
f 3082/7/1831 3423/2384/1831 3432/2385/1831
f 3094/994/1832 3436/2386/1832 3430/2387/1832
f 3083/9/1832 3434/2388/1832 3435/2389/1832
f 3437/2390/1833 3084/10/1833 3435/2391/1833
s 1
f 3287/2392/1834 3340/2393/1835 3438/2394/1836
s 0
f 3441/2395/1837 3166/123/1837 3450/2396/1837
f 3287/2397/1837 3438/2398/1837 3152/75/1837
f 3449/2399/1837 3448/2400/1837 3439/2401/1837
f 3448/2402/1838 3454/2403/1838 3452/2404/1838
f 3460/2405/1839 3166/123/1839 3461/2406/1839
f 3457/2407/1839 3141/126/1839 3455/2408/1839
f 3154/702/1840 3463/2409/1840 3465/2410/1840
f 3142/135/1840 3141/126/1840 3457/2411/1840
f 3466/2412/1841 3467/2413/1841 3143/138/1841
f 3154/702/1841 3156/62/1841 3471/2414/1841
f 3144/61/1842 3467/2415/1842 3472/2416/1842
f 3151/73/1843 3164/72/1843 3473/2417/1843
f 3443/2418/1843 3481/2419/1843 3440/2420/1843
s 1
f 3386/2421/1844 3484/2422/1844 3482/2423/1845
s 0
f 3225/141/1846 3493/2424/1846 3487/2425/1846
f 3213/152/1846 3488/2426/1846 3485/2427/1846
f 3494/2428/1846 3491/2429/1846 3492/2430/1846
f 3226/146/1847 3500/2431/1847 3493/2432/1847
f 3201/447/1847 3490/2433/1847 3495/2434/1847
f 3494/2428/1847 3496/2435/1847 3499/2436/1847
f 3215/157/1848 3503/2437/1848 3500/2438/1848
f 3501/2439/1848 3202/158/1848 3497/2440/1848
f 3214/450/1849 3506/2441/1849 3503/2442/1849
f 3203/718/1849 3504/2443/1849 3505/2444/1849
f 3216/167/1850 3508/2445/1850 3506/2446/1850
f 3204/170/1850 3505/2447/1850 3507/2448/1850
f 3218/84/1851 3205/82/1851 3511/2449/1851
f 3206/86/1852 3230/172/1852 3168/173/1852
f 3210/87/1853 3223/88/1853 3515/2450/1853
f 3224/174/1854 3487/2451/1854 3521/2452/1854
f 3524/2453/1854 3525/2454/1854 3212/487/1854
f 3526/2455/1854 3518/2456/1854 3523/2457/1854
s 1
f 3425/2458/1855 3147/2459/1855 3424/2460/1855
s 0
f 3527/2461/1856 3273/593/1856 3272/347/1856
f 3285/348/1856 3286/590/1856 3533/2462/1856
f 3261/600/1857 3531/2463/1857 3534/2464/1857
f 3484/2465/1857 3538/2466/1857 3286/590/1857
f 3262/599/1858 3261/600/1858 3536/2467/1858
f 3274/725/1858 3543/2468/1858 3483/2469/1858
f 3545/2470/1859 3263/655/1859 3540/2471/1859
f 3266/342/1800 3290/349/1800 3228/350/1800
f 3283/343/1860 3548/2472/1860 3547/2473/1860
f 3546/2474/1861 3547/2473/1861 3548/2472/1861
f 3529/2475/1862 3271/345/1862 3546/2476/1862
f 3551/2477/1862 3284/346/1862 3285/348/1862
s 1
f 3339/2478/1863 3455/2479/1863 3445/2480/1864
f 3424/2460/1865 3101/2481/1865 3422/2482/1865
f 3484/2422/1866 3384/2483/1867 3538/2484/1867
f 3362/2485/1868 3515/2486/1868 3522/2487/1868
f 3227/2488/1869 3287/2392/1834 3444/2489/1870
f 3101/2490/1871 3426/2491/1872 3422/2492/1871
f 3550/2493/1873 3387/2494/1873 3551/2495/1873
f 3363/2496/1874 3520/2497/1875 3515/2486/1874
f 3474/2498/1876 3341/2499/1877 3477/2500/1878
f 3100/2501/1879 3428/2502/1879 3426/2491/1879
f 3389/2503/1880 3550/2493/1880 3549/2504/1880
f 3486/2505/1881 3523/2506/1882 3364/2507/1883
f 3473/2508/1884 3342/2509/1884 3474/2498/1884
f 3087/2510/1885 3406/2511/1886 3408/2512/1887
f 3389/2503/1888 3549/2504/1889 3530/2513/1888
f 3365/2514/1890 3499/2515/1891 3496/2516/1890
f 3344/2517/1892 3473/2518/1893 3475/2519/1892
f 3087/2510/1885 3409/2520/1894 3406/2511/1886
f 3533/2521/1895 3537/2522/1896 3390/2523/1896
f 3366/2524/1897 3498/2525/1898 3499/2515/1891
f 3345/2526/1899 3475/2519/1899 3478/2527/1899
f 3321/2528/1900 3401/2529/1900 3409/2520/1900
f 3392/2530/1901 3544/2531/1901 3543/2532/1901
f 3368/2533/1902 3492/2534/1903 3491/2535/1904
f 3480/2536/1905 3345/2526/1905 3478/2527/1905
f 3401/2529/1906 3323/2537/1907 3404/2538/1908
f 3392/2539/1909 3543/2540/1909 3542/2541/1909
f 3369/2542/1910 3526/2543/1911 3489/2544/1912
f 3347/2545/1913 3480/2536/1913 3479/2546/1913
f 3324/2547/1914 3420/2548/1915 3402/2549/1916
f 3393/2550/1917 3545/2551/1917 3540/2552/1918
f 3370/2553/1919 3517/2554/1920 3518/2555/1921
f 3347/2545/1922 3441/2556/1922 3450/2557/1922
f 3420/2548/1915 3325/2558/1923 3419/2559/1924
f 3394/2560/1925 3541/2561/1925 3536/2562/1926
f 3517/2554/1927 3371/2563/1928 3514/2564/1928
f 3349/2565/1929 3453/2566/1930 3460/2567/1931
f 3419/2559/1924 3326/2568/1932 3415/2569/1933
f 3534/2570/1934 3395/2571/1934 3535/2572/1934
f 3371/2563/1935 3513/2573/1935 3514/2564/1935
f 3349/2565/1929 3460/2567/1931 3461/2574/1936
f 3415/2569/1933 3327/2575/1937 3414/2576/1937
f 3396/2577/1938 3534/2570/1938 3531/2578/1938
f 3373/2579/1939 3524/2580/1939 3516/2581/1939
f 3350/2582/1940 3465/2583/1941 3463/2584/1942
f 3414/2576/1943 3328/2585/1944 3416/2586/1945
f 3398/2587/1946 3527/2588/1946 3528/2589/1946
f 3373/2579/1947 3525/2590/1948 3524/2580/1947
f 3351/2591/1949 3470/2592/1949 3471/2593/1949
f 3416/2586/1945 3329/2594/1950 3412/2595/1951
f 3529/2596/1952 3546/2597/1953 3399/2598/1954
f 3375/2599/1955 3485/2600/1956 3488/2601/1957
f 3352/2602/1958 3472/2603/1959 3467/2604/1960
f 3330/2605/1961 3432/2606/1962 3423/2607/1963
f 3399/2598/1964 3547/2608/1965 3548/2609/1964
f 3376/2610/1966 3495/2611/1967 3490/2612/1968
f 3353/2613/1969 3454/2614/1970 3448/2615/1969
f 3435/2616/1971 3434/2617/1972 3330/2605/1961
f 3387/2494/1973 3552/2618/1973 3551/2495/1973
f 3377/2619/1974 3501/2620/1975 3497/2621/1976
f 3442/2622/1977 3354/2623/1978 3449/2624/1979
f 3281/2625/1980 3430/2626/1980 3436/2627/1981
f 3281/2625/1982 3433/2628/1983 3431/2629/1982
f 3377/2619/1974 3502/2630/1984 3501/2620/1975
f 3355/2631/1985 3442/2622/1985 3440/2632/1985
f 3280/2633/1986 3429/2634/1987 3433/2628/1983
f 3505/2635/1988 3504/2636/1988 3378/2637/1988
f 3357/2638/1989 3481/2639/1990 3476/2640/1991
f 3267/2641/1992 3413/2642/1992 3421/2643/1993
f 3379/2644/1994 3511/2645/1994 3510/2646/1994
f 3357/2638/1989 3476/2640/1991 3443/2647/1995
f 3333/2648/1996 3468/2649/1996 3466/2650/1996
f 3267/2641/1997 3417/2651/1997 3413/2642/1997
f 3511/2652/1998 3381/2653/1998 3512/2654/1998
f 3359/2655/1999 3439/2656/2000 3446/2657/2001
f 3469/2658/2002 3333/2659/2002 3466/2660/2002
f 3417/2651/2003 3220/2661/2003 3418/2662/2003
f 3512/2654/2004 3382/2663/2004 3509/2664/2004
f 3359/2655/1999 3446/2657/2001 3447/2665/2005
f 3334/2666/2006 3469/2658/2007 3462/2667/2006
f 3208/2668/2008 3411/2669/2008 3403/2670/2009
f 3500/2671/2010 3503/2672/2011 3382/2663/2010
f 3361/2673/2012 3451/2674/2013 3452/2675/2014
f 3335/2676/2015 3464/2677/2016 3457/2678/2017
f 3411/2669/2018 3207/2679/2019 3410/2680/2019
f 3519/2681/2020 3362/2485/2020 3522/2487/2020
f 3353/2613/2021 3452/2675/2014 3454/2614/2021
f 3458/2682/2022 3336/2683/2023 3459/2684/2024
f 3410/2680/2025 3161/2685/2026 3405/2686/2027
f 3456/2687/2028 3337/2688/2028 3458/2682/2028
f 3160/2689/2029 3427/2690/2029 3407/2691/2029
f 3339/2478/2030 3456/2687/2030 3455/2479/2030
f 3427/2690/2031 3148/2692/2031 3425/2458/2031
f 3385/2693/2032 3483/2694/2033 3539/2695/2034
s 0
f 3587/1/2035 3599/2/2035 3588/3/2035
f 3561/4/2036 3584/5/2036 3574/6/2036
f 3558/14/1817 3582/16/1817 3579/17/1817
f 3589/24/2037 3592/25/2037 3590/26/2037
f 3587/27/2038 3594/28/2038 3593/29/2038
f 3593/30/2039 3612/31/2039 3611/32/2039
f 3585/33/2040 3596/34/2040 3586/35/2040
f 3585/36/2041 3604/31/2041 3603/37/2041
f 3597/38/2042 3600/38/2042 3599/38/2042
f 3603/38/2036 3602/38/2036 3601/38/2036
f 3605/39/2037 3608/40/2037 3607/41/2037
f 3611/42/2037 3610/43/2037 3609/44/2037
f 3591/45/2043 3610/46/2043 3592/47/2043
f 3584/50/2044 3601/648/2044 3602/49/2044
f 3583/76/2045 3598/52/2045 3580/51/2045
f 3589/53/2046 3608/54/2046 3606/55/2046
f 3595/56/2047 3607/57/2047 3596/3/2047
f 3647/1/2048 3659/2/2048 3648/3/2048
f 3621/58/2049 3644/59/2049 3634/60/2049
f 3616/61/2050 3628/62/2050 3629/63/2050
f 3616/61/2051 3630/64/2051 3617/65/2051
f 3618/67/2052 3630/64/2052 3631/66/2052
f 3618/67/2042 3642/68/2042 3639/69/2042
f 3622/70/2053 3634/60/2053 3635/71/2053
f 3622/70/2054 3636/72/2054 3623/73/2054
f 3649/24/2055 3652/25/2055 3650/26/2055
f 3647/27/2056 3654/28/2056 3653/29/2056
f 3653/30/2057 3672/31/2057 3671/32/2057
f 3645/33/2058 3656/34/2058 3646/35/2058
f 3646/90/2059 3663/37/2059 3645/36/2059
f 3657/38/2060 3660/38/2060 3659/38/2060
f 3663/38/2061 3662/38/2061 3661/38/2061
f 3665/39/2055 3668/40/2055 3667/41/2055
f 3671/42/2055 3670/43/2055 3669/44/2055
f 3651/45/2062 3670/46/2062 3652/47/2062
f 3641/48/2063 3662/49/2063 3644/50/2063
f 3640/51/2064 3660/31/2064 3658/52/2064
f 3649/53/2065 3668/54/2065 3666/55/2065
f 3656/3/2066 3665/77/2066 3667/57/2066
f 3708/3/2067 3717/78/2067 3719/2/2067
f 3681/79/2068 3704/80/2068 3694/81/2068
f 3675/718/2069 3689/83/2069 3676/170/2069
f 3677/82/2070 3689/83/2070 3690/84/2070
f 3677/82/2071 3691/85/2071 3678/86/2071
f 3682/87/2072 3694/81/2072 3695/88/2072
f 3682/87/2073 3696/174/2073 3683/177/2073
f 3683/177/2074 3697/141/2074 3684/487/2074
f 3711/89/2075 3710/26/2075 3709/24/2075
f 3707/27/2076 3714/28/2076 3713/29/2076
f 3713/30/2077 3732/31/2077 3731/32/2077
f 3705/33/2078 3716/34/2078 3706/35/2078
f 3706/90/2079 3723/37/2079 3705/36/2079
f 3717/38/2080 3720/38/2080 3719/38/2080
f 3723/38/2068 3722/38/2068 3721/38/2068
f 3725/39/2075 3728/40/2075 3727/41/2075
f 3731/42/2075 3730/43/2075 3729/44/2075
f 3711/45/2081 3730/46/2081 3712/47/2081
f 3701/48/2082 3722/49/2082 3704/50/2082
f 3703/76/2083 3718/52/2083 3700/51/2083
f 3710/91/2084 3726/55/2084 3709/53/2084
f 3716/3/2085 3725/77/2085 3727/57/2085
f 3768/3/2086 3777/78/2086 3779/2/2086
f 3741/333/2087 3764/334/2087 3754/335/2087
f 3742/344/2088 3754/335/2088 3755/343/2088
f 3769/24/2089 3772/25/2089 3770/26/2089
f 3767/27/2090 3774/28/2090 3773/29/2090
f 3773/30/2091 3792/31/2091 3791/32/2091
f 3765/33/2092 3776/34/2092 3766/35/2092
f 3766/90/2093 3783/37/2093 3765/36/2093
f 3777/38/2094 3780/38/2094 3779/38/2094
f 3783/38/2087 3782/38/2087 3781/38/2087
f 3785/39/2089 3788/40/2089 3787/41/2089
f 3791/42/2089 3790/43/2089 3789/44/2089
f 3772/47/2095 3789/332/2095 3790/46/2095
f 3761/48/2096 3782/49/2096 3764/50/2096
f 3763/76/2097 3778/52/2097 3760/51/2097
f 3769/53/2098 3788/54/2098 3786/55/2098
f 3776/3/2099 3785/77/2099 3787/57/2099
f 3912/2696/2100 3913/2697/2100 3896/2698/2100
f 3872/2699/2101 3871/2700/2101 3869/2701/2101
f 3803/2702/2102 3836/2703/2102 3833/2704/2102
f 3841/2705/2102 3805/2706/2102 3806/2707/2102
f 3812/2708/2102 3814/2709/2102 3815/2710/2102
f 3796/2711/2103 3795/2712/2103 3632/2713/2103
f 3564/23/2104 3917/2714/2104 3922/2715/2104
f 3577/22/2104 3578/107/2104 3924/2716/2104
f 3578/107/2105 3926/2717/2105 3924/2718/2105
f 3553/995/2105 3921/2719/2105 3925/2720/2105
f 3566/994/2106 3932/2721/2106 3930/2722/2106
f 3553/995/2106 3925/2723/2106 3927/2724/2106
f 3932/2725/2107 3568/8/2107 3935/2726/2107
f 3934/2727/2107 3554/7/2107 3931/2728/2107
f 3568/8/2108 3569/11/2108 3940/2729/2108
f 3938/2730/2108 3937/2731/2108 3556/10/2108
f 3557/13/2109 3937/2732/2109 3941/2733/2109
f 3570/12/2110 3942/2734/2110 3943/2735/2110
f 3558/14/2111 3941/2736/2111 3945/2737/2111
f 3574/6/2112 3950/2738/2112 3951/2739/2112
f 3959/2740/2113 3956/2741/2113 3953/2742/2113
f 3957/2743/2113 3563/20/2113 3562/19/2113
f 3959/2744/2114 3577/22/2114 3919/2745/2114
f 3918/2746/2114 3563/20/2114 3958/2747/2114
s 1
f 3699/2748/2115 3960/2749/2115 3759/2750/2116
s 0
f 3963/2751/2117 3625/127/2117 3624/75/2117
f 3974/2752/2118 3973/2753/2118 3966/2754/2118
f 3971/2755/2117 3972/2756/2117 3969/2757/2117
f 3613/126/2119 3625/127/2119 3990/2758/2119
f 3992/2759/2119 3991/2760/2119 3994/2761/2119
f 3982/2762/2119 3981/2763/2119 3983/2764/2119
f 3985/2765/2119 3974/2766/2119 3984/2767/2119
f 3998/2768/2119 4008/2769/2119 4001/2770/2119
f 3997/2771/2120 3626/702/2120 4026/2772/2120
f 3998/2773/2120 4025/2774/2120 4014/2775/2120
f 3614/135/2120 4009/2776/2120 4010/2777/2120
f 4020/2778/2121 4029/2779/2121 4027/2780/2121
f 3628/62/2121 4031/2781/2121 4030/2782/2121
f 3637/74/2122 3966/2783/2122 4033/2784/2122
s 1
f 3952/2785/2123 3800/2786/2123 3953/2787/2123
s 0
f 3697/141/2124 4036/2788/2124 4034/2789/2124
f 4040/2790/2125 3698/146/2125 4041/2791/2125
f 3685/152/2125 4035/2792/2125 4037/2793/2125
f 4049/2794/2126 3687/157/2126 3686/450/2126
f 4042/2795/2126 4044/2796/2126 4050/2797/2126
f 3675/718/2127 4050/2798/2127 4054/2799/2127
f 3678/86/2128 3702/172/2128 3640/173/2128
s 1
f 3848/2800/2129 3986/2801/2130 3972/2802/2131
s 0
f 4061/2803/2132 3745/593/2132 3744/347/2132
f 4058/2804/2132 3758/590/2132 4063/2805/2132
f 4065/2806/2133 4069/2807/2133 3745/593/2133
f 4066/2808/2133 4067/2809/2133 4064/2810/2133
f 3747/597/2134 4080/2811/2134 4071/2812/2134
f 4070/2813/2134 4075/2814/2134 3733/600/2134
f 4079/2815/2135 4078/2816/2135 4077/2817/2135
f 4089/2818/2136 4083/2819/2136 3746/725/2136
f 4082/2820/2136 3734/599/2136 4081/2821/2136
f 4088/2822/2136 4087/2823/2136 4086/2824/2136
f 4097/2825/2137 4101/2826/2137 4100/2827/2137
f 4099/2828/2137 4102/2829/2137 4103/2830/2137
f 3736/336/2137 3735/655/2137 4093/2831/2137
f 4101/2832/2138 4097/2833/2138 4109/2834/2138
f 3749/338/2138 3750/339/2138 4111/2835/2138
f 4112/2836/2139 3738/342/2139 4110/2837/2139
f 3738/342/2140 3762/349/2140 3700/350/2140
f 3742/344/2141 3755/343/2141 4113/2838/2141
f 3756/346/2142 4059/2839/2142 3759/2840/2142
f 3744/347/2142 4115/2841/2142 4057/2842/2142
s 1
f 3891/2843/2143 4117/2844/2143 4118/2845/2143
f 3975/2846/2144 3849/2847/2145 3971/2848/2146
f 3801/2849/2147 3950/2850/2148 3948/2851/2147
f 3699/2748/2149 3759/2750/2150 4059/2852/2149
f 3961/2853/2151 3850/2854/2151 3975/2846/2151
f 3801/2849/2152 3951/2855/2152 3950/2850/2152
f 3893/2856/2153 4063/2857/2154 3894/2858/2155
f 3851/2859/2156 3961/2860/2157 3969/2861/2158
f 3894/2858/2155 4063/2857/2154 4062/2862/2159
f 3853/2863/2160 3983/2864/2161 3981/2865/2162
f 4067/2866/2163 3895/2867/2164 4064/2868/2165
f 3854/2869/2166 3981/2865/2162 3980/2870/2167
f 4032/2871/2168 3802/2872/2169 4031/2873/2169
f 3896/2874/2170 4067/2866/2170 4066/2875/2170
f 3855/2876/2171 3980/2870/2171 3977/2877/2171
f 3803/2878/2172 4032/2871/2172 4021/2879/2173
f 3897/2880/2174 4071/2881/2175 4080/2882/2176
f 3856/2883/2177 3977/2877/2178 3982/2884/2179
f 4024/2885/2180 3804/2886/2181 4022/2887/2182
f 3898/2888/2183 4089/2889/2184 3899/2890/2185
f 3857/2891/2186 3982/2884/2179 3999/2892/2187
f 4011/2893/2188 3805/2894/2189 4024/2885/2180
f 3899/2890/2185 4089/2889/2184 4090/2895/2190
f 3858/2896/2191 3999/2892/2187 4000/2897/2192
f 3807/2898/2193 4011/2893/2194 4012/2899/2195
f 4104/2900/2196 3900/2901/2196 4095/2902/2196
f 3845/2903/2197 4000/2897/2192 3993/2904/2198
f 4010/2905/2199 3807/2898/2193 4012/2899/2195
f 4103/2906/2200 3901/2907/2200 4104/2900/2200
f 4013/2908/2201 3808/2909/2202 4010/2905/2199
f 4102/2910/2203 3902/2911/2203 4103/2906/2203
f 4016/2912/2204 3809/2913/2205 4013/2908/2201
f 3903/2914/2206 4102/2910/2206 4099/2915/2207
f 4015/2916/2208 3810/2917/2209 4016/2912/2209
f 3904/2918/2210 4107/2919/2210 4111/2920/2211
f 3811/2921/2212 4015/2916/2208 3994/2922/2213
f 3905/2923/2214 4112/2924/2214 4110/2925/2214
f 3812/2926/2215 3991/2927/2216 3992/2928/2215
f 3907/2929/2217 4109/2930/2218 4108/2931/2217
f 3813/2932/2219 4009/2933/2219 3989/2934/2219
f 3907/2929/2220 4108/2931/2220 4097/2935/2220
f 3860/2936/2221 4040/2937/2222 4041/2938/2223
f 3979/2939/2224 3814/2940/2225 3990/2941/2225
f 3909/2942/2226 4098/2943/2227 4094/2944/2228
f 4040/2937/2222 3861/2945/2229 4038/2946/2230
f 3978/2947/2231 3815/2948/2232 3979/2939/2224
f 3909/2942/2226 4094/2944/2228 4087/2949/2233
f 3862/2950/2234 4034/2951/2234 4036/2952/2234
f 3816/2953/2235 3978/2947/2231 3970/2954/2236
f 3910/2955/2237 4088/2956/2238 4078/2957/2239
f 3863/2958/2240 4037/2959/2241 4035/2960/2242
f 3962/2961/2243 3817/2962/2244 3968/2963/2245
f 3912/2964/2246 4079/2965/2247 4073/2966/2248
f 3864/2967/2249 4047/2968/2249 4039/2969/2249
f 3963/2970/2250 3818/2971/2251 3962/2961/2251
f 3913/2972/2252 4073/2966/2248 4072/2973/2253
f 3864/2967/2254 4046/2974/2255 4047/2968/2256
f 3820/2975/2257 3963/2976/2258 3964/2977/2259
f 3913/2972/2260 4077/2978/2261 3914/2979/2262
f 3865/2980/2263 4043/2981/2264 4046/2974/2255
f 3820/2975/2257 3964/2977/2259 3965/2982/2265
f 3914/2979/2262 4077/2978/2261 4076/2983/2266
f 3866/2984/2267 4042/2985/2268 4043/2981/2264
f 3821/2986/2269 4033/2987/2270 3966/2988/2269
f 3915/2989/2271 4086/2990/2272 4085/2991/2273
f 3867/2992/2274 4044/2993/2275 4042/2860/2274
f 3823/2994/2276 3967/2995/2277 3976/2996/2278
f 3916/2997/2279 4100/2998/2280 4101/2999/2281
f 3868/3000/2282 4051/3001/2283 4044/2993/2275
f 3824/3002/2284 3976/2996/2278 3973/3003/2285
f 3870/3004/2286 4054/3005/2286 4050/3006/2286
f 3824/3002/2284 3973/3003/2285 3974/3007/2287
f 3871/3008/2288 4052/3009/2289 4053/3010/2290
f 3826/3011/2291 3988/3012/2291 3985/3013/2291
f 4052/3009/2289 3872/3014/2292 4045/3015/2292
f 3827/3016/2293 3985/3013/2293 4002/3017/2294
f 3951/3018/2295 3752/3019/2295 3947/3020/2296
f 4045/3015/2297 3873/3021/2298 4048/3022/2299
f 3828/3023/2300 4002/3017/2301 4004/3024/2302
f 3740/3025/2303 3955/3026/2304 3949/3027/2303
f 4048/3022/2299 3859/3028/2305 4049/3029/2305
f 4005/3030/2306 3828/3023/2300 4004/3024/2302
f 3740/3025/2307 3954/3031/2307 3955/3026/2307
f 3984/3032/2308 3829/3033/2309 4005/3030/2309
f 3954/3031/2310 3693/3034/2310 3957/3035/2310
f 3831/3036/2311 3984/3032/2311 4006/3037/2311
f 3918/3038/2312 3958/3039/2312 3692/3040/2313
f 3875/3041/2314 4105/3042/2315 4106/3043/2316
f 4007/3044/2317 3831/3036/2317 4006/3037/2317
f 3920/3045/2318 3680/3046/2319 3917/3047/2320
f 3875/3041/2314 4106/3043/2316 4096/3048/2321
f 3832/3049/2322 4007/3044/2322 3997/3050/2322
f 3917/3047/2320 3679/3051/2323 3922/3052/2324
f 3877/3053/2325 4091/3054/2326 4092/3055/2327
f 3834/3056/2328 4028/3057/2329 4030/3058/2330
f 3925/3059/2331 3921/3060/2332 3633/3061/2333
f 3878/3062/2334 4092/3055/2327 4093/3063/2334
f 4031/2873/2335 3834/3064/2328 4030/3065/2330
f 3929/3066/2336 3632/3067/2337 3928/3068/2337
f 3878/3062/2338 4093/3063/2338 4084/3069/2338
f 3836/3070/2339 4027/3071/2339 4029/3072/2339
f 3632/3067/2340 3927/3073/2340 3928/3068/2340
f 3880/3074/2341 4082/3075/2342 4081/3076/2343
f 4019/3077/2344 3998/3078/2345 3837/3079/2346
f 3934/3080/2347 3931/3081/2348 3620/3082/2349
f 3880/3074/2341 4081/3076/2343 4074/3083/2350
f 4001/3084/2351 3837/3079/2346 3996/3085/2352
f 3938/3086/2353 3573/3087/2353 3939/3088/2353
f 3882/3089/2354 4075/3090/2355 4070/3091/2356
f 4008/3092/2357 3838/3093/2358 4001/3084/2358
f 3941/3094/2359 3937/3095/2360 3572/3096/2361
f 3882/3089/2354 4070/3091/2356 4068/3097/2362
f 3839/2992/2363 4008/2860/2357 3995/3098/2364
f 3946/3099/2365 3560/3100/2365 3945/3101/2365
f 3884/3102/2366 4069/3103/2367 4065/3104/2368
f 3841/3105/2369 4017/3106/2369 4018/3107/2370
f 3559/3108/2371 3943/3109/2372 3942/3110/2371
f 3884/3102/2366 4065/3104/2368 4061/3111/2373
f 3842/3112/2374 4018/3107/2375 4014/3113/2376
f 3559/3114/2377 3944/3115/2378 3943/3109/2377
f 3886/3116/2379 4060/3117/2380 4055/3118/2381
f 3843/3119/2382 4014/3113/2376 4025/3120/2383
f 3794/3121/2384 3936/3122/2384 3940/3123/2385
f 3887/3124/2386 4055/3118/2381 4056/3125/2387
f 3844/3126/2388 4025/3120/2383 4023/3127/2389
f 3795/3128/2390 3933/3129/2391 3935/3130/2392
f 4057/3131/2393 4115/3132/2393 3887/3124/2386
f 3844/3126/2388 4023/3127/2389 4020/3133/2394
f 3796/3134/2395 3930/3135/2395 3932/3136/2396
f 4114/3137/2397 3888/3138/2398 4116/3139/2399
f 4003/3140/2400 3845/2903/2400 3993/2904/2400
f 3797/3141/2401 3923/3142/2401 3924/3143/2401
f 3890/3144/2402 4114/3137/2402 4113/3145/2402
f 3987/3146/2403 3846/3147/2404 4003/3140/2404
f 3798/3148/2405 3959/3149/2405 3919/3150/2406
f 3890/3151/2407 4117/2844/2407 3891/2843/2407
f 3986/2801/2130 3847/3152/2408 3987/3146/2403
f 3798/3148/2409 3952/2785/2409 3956/3153/2409
s 0
f 4153/1/2410 4165/2/2410 4154/3/2410
f 4127/4/2411 4150/5/2411 4140/6/2411
f 4122/10/2412 4134/8/2412 4135/11/2412
f 4122/10/2413 4136/12/2413 4123/13/2413
f 4124/14/2414 4136/12/2414 4137/15/2414
f 4124/14/2094 4148/16/2094 4145/17/2094
f 4127/4/2415 4141/18/2415 4128/19/2415
f 4129/20/2416 4141/18/2416 4142/21/2416
f 4129/20/2417 4143/22/2417 4130/23/2417
f 4157/89/2418 4156/26/2418 4155/24/2418
f 4153/27/2419 4160/28/2419 4159/29/2419
f 4160/331/2420 4177/32/2420 4159/30/2420
f 4151/33/2421 4162/34/2421 4152/35/2421
f 4151/36/2422 4170/31/2422 4169/37/2422
f 4163/38/2423 4166/38/2423 4165/38/2423
f 4169/38/2411 4168/38/2411 4167/38/2411
f 4171/39/2418 4174/40/2418 4173/41/2418
f 4177/42/2418 4176/43/2418 4175/44/2418
f 4157/45/2424 4176/46/2424 4158/47/2424
f 4147/48/2425 4168/49/2425 4150/50/2425
f 4149/76/2426 4164/52/2426 4146/51/2426
f 4156/91/2427 4172/55/2427 4155/53/2427
f 4162/3/2428 4171/77/2428 4173/57/2428
f 4214/3/2429 4223/78/2429 4225/2/2429
f 4187/58/2430 4210/59/2430 4200/60/2430
f 4184/67/2431 4208/68/2431 4205/69/2431
f 4215/24/2432 4218/25/2432 4216/26/2432
f 4213/27/2433 4220/28/2433 4219/29/2433
f 4220/331/2434 4237/32/2434 4219/30/2434
f 4211/33/2435 4222/34/2435 4212/35/2435
f 4211/36/2436 4230/31/2436 4229/37/2436
f 4223/38/2437 4226/38/2437 4225/38/2437
f 4229/38/2438 4228/38/2438 4227/38/2438
f 4231/39/2432 4234/40/2432 4233/41/2432
f 4237/42/2432 4236/43/2432 4235/44/2432
f 4218/47/2439 4235/332/2439 4236/46/2439
f 4207/48/2440 4228/49/2440 4210/50/2440
f 4209/76/2441 4224/52/2441 4206/51/2441
f 4216/91/2442 4232/55/2442 4215/53/2442
f 4222/3/2443 4231/77/2443 4233/57/2443
f 4274/3/2444 4283/78/2444 4285/2/2444
f 4247/79/2445 4270/80/2445 4260/81/2445
f 4243/82/2446 4257/85/2446 4244/86/2446
f 4247/79/2447 4261/88/2447 4248/87/2447
f 4275/24/2448 4278/25/2448 4276/26/2448
f 4273/27/2449 4280/28/2449 4279/29/2449
f 4280/331/2450 4297/32/2450 4279/30/2450
f 4271/33/2451 4282/34/2451 4272/35/2451
f 4272/90/2452 4289/37/2452 4271/36/2452
f 4283/38/2453 4286/38/2453 4285/38/2453
f 4289/38/2445 4288/38/2445 4287/38/2445
f 4291/39/2448 4294/40/2448 4293/41/2448
f 4297/42/2448 4296/43/2448 4295/44/2448
f 4277/45/2454 4296/46/2454 4278/47/2454
f 4267/48/2455 4288/49/2455 4270/50/2455
f 4266/51/2456 4286/31/2456 4284/52/2456
f 4275/53/2457 4294/54/2457 4292/55/2457
f 4282/3/2458 4291/77/2458 4293/57/2458
f 4334/3/2459 4343/78/2459 4345/2/2459
f 4307/333/2460 4330/334/2460 4320/335/2460
f 4302/336/2461 4314/337/2461 4315/338/2461
f 4302/336/2462 4316/339/2462 4303/340/2462
f 4303/340/2463 4317/341/2463 4304/342/2463
f 4307/333/2464 4321/343/2464 4308/344/2464
f 4308/344/2465 4322/346/2465 4309/345/2465
f 4310/347/2466 4322/346/2466 4323/348/2466
f 4335/24/2467 4338/25/2467 4336/26/2467
f 4333/27/2468 4340/28/2468 4339/29/2468
f 4339/30/2469 4358/31/2469 4357/32/2469
f 4331/33/2470 4342/34/2470 4332/35/2470
f 4332/90/2471 4349/37/2471 4331/36/2471
f 4343/38/2472 4346/38/2472 4345/38/2472
f 4349/38/2473 4348/38/2473 4347/38/2473
f 4351/39/2467 4354/40/2467 4353/41/2467
f 4357/42/2474 4356/43/2474 4355/44/2474
f 4337/45/2475 4356/46/2475 4338/47/2475
f 4327/48/2476 4348/49/2476 4330/50/2476
f 4326/51/2477 4346/31/2477 4344/52/2477
f 4336/91/2478 4352/55/2478 4335/53/2478
f 4342/3/2479 4351/77/2479 4353/57/2479
f 4427/3154/2480 4426/3155/2480 4425/3156/2480
f 4442/3157/2480 4443/3158/2480 4432/3159/2480
f 4407/3160/2481 4408/3161/2481 4419/3162/2481
f 4393/3163/2482 4394/3164/2482 4265/3165/2482
f 4362/3166/2482 4361/3167/2482 4370/3168/2482
f 4139/3169/2483 4186/3170/2483 4318/3171/2483
f 4306/3172/2483 4305/3173/2483 4246/3174/2483
f 4130/23/2484 4143/22/2484 4448/3175/2484
f 4452/3176/2484 4454/3177/2484 4450/3178/2484
f 4455/3179/2485 4458/3180/2485 4454/3181/2485
f 4144/107/2485 4460/3182/2485 4456/3183/2485
f 4119/995/2485 4453/3184/2485 4457/3185/2485
f 4120/7/2486 4457/3186/2486 4466/3187/2486
f 4459/3188/2486 4462/3189/2486 4467/3190/2486
f 4132/994/2486 4461/3191/2486 4465/3192/2486
f 4134/8/2487 4121/9/2487 4475/3193/2487
f 4467/3194/2487 4462/3195/2487 4471/3196/2487
s 1
f 4325/3197/2488 4384/3198/2489 4476/3199/2490
s 0
f 4203/74/2491 4483/3200/2491 4485/3201/2491
f 4190/75/2491 4479/3202/2491 4477/3203/2491
f 4193/3204/2492 4488/3205/2492 4491/3206/2492
f 4482/3207/2492 4487/3208/2492 4490/3209/2492
f 4488/3210/2493 4192/702/2493 4503/3211/2493
f 4493/3212/2493 4495/3213/2493 4500/3214/2493
f 4508/3215/2494 4192/702/2494 4194/62/2494
f 4498/3216/2494 4507/3217/2494 4180/135/2494
f 4513/3218/2495 4509/3219/2495 4511/3220/2495
f 4181/138/2495 4507/3221/2495 4510/3222/2495
f 4196/64/2496 4521/3223/2496 4520/3224/2496
f 4518/3225/2496 4515/3226/2496 4182/61/2496
f 4184/67/2497 4519/3227/2497 4522/3228/2497
f 4200/60/2498 4525/3229/2498 4524/3230/2498
f 4532/3231/2499 4528/3232/2499 4201/71/2499
f 4188/70/2499 4523/3233/2499 4527/3234/2499
f 4481/3235/2500 4537/3236/2500 4535/3237/2500
f 4189/73/2500 4530/3238/2500 4536/3239/2500
s 1
f 4430/3240/2501 4538/3241/2502 4431/3242/2503
s 0
f 4250/487/2504 4543/3243/2504 4544/3244/2504
f 4264/146/2504 4546/3245/2504 4547/3246/2504
f 4253/157/2505 4551/3247/2505 4549/3248/2505
f 4239/447/2505 4251/152/2505 4545/3249/2505
f 4252/450/2506 4556/3250/2506 4553/3251/2506
f 4239/447/2507 4550/3252/2507 4555/3253/2507
f 4562/3254/2508 4558/3255/2508 4254/167/2508
f 4561/3256/2508 4241/718/2508 4240/158/2508
f 4561/3257/2509 4565/3258/2509 4563/3259/2509
f 4569/3260/2509 4570/3261/2509 4566/3262/2509
f 4243/82/2510 4568/3263/2510 4571/3264/2510
f 4244/86/2437 4268/172/2437 4206/173/2437
f 4572/3265/2511 4248/87/2511 4261/88/2511
f 4573/3266/2512 4263/141/2512 4541/3267/2512
f 4543/3268/2512 4249/177/2512 4574/3269/2512
s 1
f 4476/3199/2490 4383/3270/2513 4536/3271/2514
s 0
f 4310/347/2515 4323/348/2515 4578/3272/2515
f 4588/3273/2516 4299/600/2516 4311/593/2516
f 4324/590/2516 4313/597/2516 4592/3274/2516
f 4604/3275/2517 4599/3276/2517 4601/3277/2517
f 4594/3278/2517 4299/600/2517 4588/3279/2517
f 4301/655/2518 4603/3280/2518 4606/3281/2518
f 4304/342/2453 4328/349/2453 4266/350/2453
s 1
f 4429/3282/2519 4584/3283/2519 4580/3284/2520
f 4587/3285/2521 4431/3242/2503 4538/3241/2502
f 4265/3286/2522 4325/3197/2522 4530/3287/2522
f 4432/3288/2523 4587/3285/2521 4586/3289/2524
f 4529/3290/2525 4385/3291/2526 4531/3292/2527
f 4599/3293/2528 4433/3294/2529 4601/3295/2530
f 4527/3296/2531 4386/3297/2531 4529/3290/2532
f 4596/3298/2533 4434/3299/2534 4599/3293/2528
f 4387/3300/2535 4527/3296/2535 4523/3301/2536
f 4473/3302/2537 4319/3303/2537 4474/3304/2537
f 4595/3305/2538 4435/3306/2539 4596/3298/2533
f 4389/3307/2540 4524/3308/2540 4525/3309/2540
f 4306/3310/2541 4473/3302/2542 4469/3311/2543
f 4436/3312/2544 4595/3305/2544 4604/3313/2545
f 4389/3307/2546 4525/3309/2547 4526/3314/2548
f 4305/3315/2549 4469/3311/2543 4472/3316/2549
f 4437/3317/2550 4606/3318/2551 4603/3319/2550
f 4391/3320/2552 4528/3321/2553 4532/3322/2554
f 4259/3323/2555 4472/3316/2555 4475/3324/2555
f 4439/3325/2556 4594/3326/2557 4598/3327/2558
f 4391/3320/2552 4532/3322/2554 4533/3328/2559
f 4468/3329/2560 4259/3323/2560 4475/3324/2560
f 4440/3330/2561 4598/3327/2558 4597/3331/2562
f 4393/3332/2563 4534/3333/2564 4535/3334/2565
f 4470/3335/2566 4258/3336/2566 4468/3329/2566
f 4441/3337/2567 4597/3331/2562 4602/3338/2568
f 4394/3339/2569 4535/3334/2570 4537/3340/2571
f 4457/3341/2572 4453/3342/2572 4245/3343/2572
f 4442/3344/2573 4602/3338/2568 4600/3345/2574
f 4394/3339/2569 4537/3340/2571 4481/3346/2575
f 4448/3347/2576 4245/3348/2577 4451/3349/2577
f 4442/3344/2573 4600/3345/2574 4588/3350/2578
f 4396/3351/2579 4480/3352/2580 4478/3353/2579
f 4198/3354/2581 4448/3347/2581 4449/3355/2581
f 4444/3356/2582 4589/3357/2583 4585/3358/2584
f 4397/3359/2585 4478/3353/2586 4485/3360/2587
f 4456/3361/2588 4460/3362/2588 4198/3354/2589
f 4444/3356/2582 4585/3358/2584 4582/3363/2590
f 4398/3364/2591 4485/3360/2587 4483/3365/2592
f 4465/3366/2593 4186/3367/2593 4464/3368/2594
f 4446/3369/2595 4581/3370/2596 4579/3371/2597
f 4398/3364/2591 4483/3365/2592 4484/3372/2598
f 4185/3373/2599 4465/3366/2600 4461/3374/2601
f 4447/3375/2602 4579/3371/2603 4578/3376/2602
f 4399/3377/2604 4491/3378/2604 4488/3379/2604
f 4138/3380/2605 4471/3381/2605 4462/3382/2605
f 4428/3383/2606 4578/3376/2606 4583/3384/2606
f 4400/3385/2607 4499/3386/2607 4503/3387/2607
f 4458/3388/2608 4467/3389/2608 4138/3380/2608
f 4126/3390/2609 4452/3391/2610 4450/3392/2609
f 4459/3393/2611 4455/3394/2611 4125/3395/2611
f 4401/3396/2612 4571/3397/2612 4568/3398/2612
f 4403/3399/2613 4563/3400/2613 4564/3401/2613
f 4404/3402/2614 4564/3401/2615 4565/3403/2616
f 4404/3402/2614 4565/3403/2616 4561/3404/2617
f 4406/3405/2618 4560/3406/2619 4557/3407/2620
f 4359/3408/2621 4517/3409/2622 4520/3410/2621
f 4406/3405/2618 4557/3407/2620 4554/3411/2623
f 4360/3412/2624 4516/3413/2625 4517/3409/2624
f 4408/3414/2626 4555/3415/2627 4552/3416/2628
f 4362/3417/2629 4509/3418/2629 4513/3419/2629
f 4408/3414/2626 4552/3416/2628 4550/3420/2630
f 4509/3418/2631 4363/3421/2632 4511/3422/2632
f 4409/3423/2633 4548/3424/2634 4545/3425/2635
f 4364/3426/2636 4504/3427/2636 4506/3428/2636
f 4411/3429/2637 4540/3430/2638 4544/3431/2637
f 4365/3432/2639 4492/3433/2640 4497/3434/2641
f 4543/3435/2642 4574/3436/2643 4411/3429/2642
f 4492/3433/2644 4366/3396/2645 4493/3437/2645
f 4413/3438/2646 4575/3439/2646 4572/3440/2647
f 4366/3441/2648 4494/3442/2649 4493/3443/2648
f 4577/3444/2650 4413/3445/2651 4572/3446/2652
f 4368/3447/2653 4505/3448/2653 4498/3449/2653
f 4576/3450/2654 4414/3451/2654 4577/3444/2654
f 4369/3452/2655 4510/3453/2655 4507/3454/2655
f 4415/3455/2656 4576/3450/2656 4573/3456/2656
f 4510/3453/2657 4370/3457/2657 4512/3458/2657
f 4416/3459/2658 4547/3460/2659 4417/3461/2660
f 4371/3462/2661 4518/3463/2661 4514/3464/2661
f 4417/3461/2660 4547/3460/2659 4546/3465/2662
f 4518/3463/2663 4372/3466/2664 4515/3467/2665
f 4418/3468/2666 4549/3469/2548 4551/3470/2667
f 4373/3471/2668 4522/3472/2669 4519/3473/2669
f 4419/3474/2670 4553/3475/2671 4556/3476/2672
f 4359/3477/2673 4520/3478/2673 4521/3479/2673
f 4420/3480/2674 4562/3481/2675 4421/3482/2676
f 4421/3482/2676 4562/3481/2675 4559/3483/2677
f 4566/3484/2678 4422/3485/2679 4567/3486/2680
f 4374/3487/2681 4508/3488/2682 4501/3489/2682
f 4570/3490/2683 4423/3491/2684 4566/3484/2678
f 4500/3492/2685 4375/3493/2686 4502/3494/2687
f 4424/3495/2688 4570/3490/2688 4569/3496/2501
f 4495/3497/2689 4376/3498/2690 4500/3492/2691
f 4378/3499/2692 4495/3497/2689 4496/3500/2692
f 4378/3499/2693 4496/3500/2694 4489/3501/2693
f 4426/3502/2695 4592/3503/2695 4590/3504/2695
f 4487/3505/2696 4379/3506/2697 4490/3507/2697
f 4426/3502/2698 4593/3508/2698 4592/3503/2698
f 4380/3509/2699 4487/3505/2696 4482/3510/2700
f 4425/3511/2701 4605/3512/2701 4591/3513/2701
f 4477/3514/2702 4381/3515/2703 4486/3516/2704
f 4584/3283/2705 4428/3383/2705 4583/3384/2705
f 4382/3517/2706 4477/3514/2707 4479/3518/2706
s 0
f 31/1/1 41/78/1 43/2/1
f 7/4/2 25/3519/2 28/5/2
f 2/7/2708 12/994/2708 14/8/2708
f 4/10/4 3/9/4 14/8/4
f 4/10/5 15/11/5 16/12/5
f 6/14/6 5/13/6 16/12/6
f 6/14/7 17/15/7 26/16/7
f 7/4/8 18/6/8 19/18/8
f 9/20/9 8/19/9 19/18/9
f 9/20/10 20/21/10 21/22/10
f 33/24/11 35/89/11 36/25/11
f 31/27/12 32/3520/12 38/28/12
f 37/30/13 38/331/13 56/31/13
f 29/33/14 39/3521/14 40/34/14
f 29/36/15 30/90/15 48/31/15
f 41/38/2709 42/38/2709 44/38/2709
f 47/38/2 48/38/2 46/38/2
f 49/39/11 50/3522/11 52/40/11
f 55/42/11 56/3523/11 54/43/11
f 35/45/17 53/332/17 54/46/17
f 25/48/18 45/648/18 46/49/18
f 24/51/19 27/76/19 44/31/19
f 33/53/20 34/91/20 52/54/20
f 39/56/21 49/77/21 51/57/21
f 87/1/22 97/78/22 99/2/22
f 63/58/23 81/3524/23 84/59/23
f 60/61/24 59/138/24 70/62/24
f 60/61/25 71/63/25 72/64/25
f 61/65/26 72/64/26 73/66/26
f 62/67/16 73/66/16 82/68/16
f 64/70/27 63/58/27 74/60/27
f 64/70/28 75/71/28 76/72/28
f 65/73/29 76/72/29 77/74/29
f 89/24/30 91/89/30 92/25/30
f 87/27/31 88/3520/31 94/28/31
f 93/30/32 94/331/32 112/31/32
f 85/33/33 95/3521/33 96/34/33
f 85/36/2710 86/90/2710 104/31/2710
f 97/38/35 98/38/35 100/38/35
f 103/38/23 104/38/23 102/38/23
f 105/39/30 106/3522/30 108/40/30
f 111/42/30 112/3523/30 110/43/30
f 91/45/37 109/332/37 110/46/37
f 81/48/2711 101/648/2711 102/49/2711
f 83/76/39 100/31/39 98/52/39
f 89/53/2712 90/91/2712 108/54/2712
f 96/3/2713 95/56/2713 105/77/2713
f 144/3/42 143/1/42 153/78/42
f 119/79/43 137/3525/43 140/80/43
f 117/82/44 116/170/44 127/83/44
f 117/82/45 128/84/45 129/85/45
f 120/87/46 119/79/46 130/81/46
f 147/89/47 148/25/47 146/26/47
f 143/27/48 144/3520/48 150/28/48
f 149/30/2714 150/331/2714 168/31/2714
f 141/33/50 151/3521/50 152/34/50
f 142/90/51 160/31/51 159/37/51
f 153/38/2715 154/38/2715 156/38/2715
f 159/38/53 160/38/53 158/38/53
f 161/39/47 162/3522/47 164/40/47
f 167/42/47 168/3523/47 166/43/47
f 147/45/54 165/332/54 166/46/54
f 137/48/2716 157/648/2716 158/49/2716
f 139/76/56 156/31/56 154/52/56
f 146/91/57 164/54/57 162/55/57
f 152/3/58 151/56/58 161/77/58
f 176/3526/59 177/3527/59 183/3528/59
f 177/3527/59 178/92/59 183/3528/59
f 179/93/59 180/3529/59 181/3530/59
f 179/93/59 181/3530/59 182/94/59
f 182/94/59 183/3528/59 178/92/59
f 174/95/59 173/3531/59 172/96/59
f 191/3532/60 192/3533/60 193/3534/60
f 191/3532/2717 193/3534/2717 194/3535/2717
f 189/101/60 190/3536/60 196/102/60
f 190/3536/60 191/3532/60 195/3537/60
f 187/3538/60 188/3539/60 198/3540/60
f 188/3539/60 189/101/60 197/103/60
f 184/3541/60 185/3542/60 199/3543/60
f 185/3542/60 186/3544/60 199/3543/60
f 186/3544/2717 187/3538/2717 198/3540/2717
f 188/3539/60 197/103/60 198/3540/60
f 190/3536/60 195/3537/60 196/102/60
f 191/3532/60 194/3535/60 195/3537/60
f 198/3540/60 199/3543/60 186/3544/60
f 215/3545/61 216/3546/61 218/3547/61
f 216/3546/61 217/3548/61 218/3547/61
f 213/3549/61 214/3550/61 219/3551/61
f 214/3550/61 215/3545/61 218/3547/61
f 211/3552/61 212/3553/61 221/3554/61
f 212/3553/61 213/3549/61 220/3555/61
f 221/3554/61 212/3553/61 220/3555/61
f 209/3556/61 210/3557/61 223/3558/61
f 210/3557/61 211/3552/61 222/3559/61
f 210/3557/61 222/3559/61 223/3558/61
f 214/3550/61 218/3547/61 219/3551/61
f 213/3549/61 219/3551/61 220/3555/61
f 211/3552/61 221/3554/61 222/3559/61
f 224/3560/61 225/3561/61 226/3562/61
f 209/3556/61 223/3558/61 224/3560/61
f 209/3556/61 224/3560/61 226/3562/61
f 226/3562/61 227/3563/61 209/3556/61
f 227/3563/61 228/104/61 208/3564/61
f 209/3556/61 227/3563/61 208/3564/61
f 205/3565/61 206/3566/61 207/3567/61
f 204/3568/61 205/3565/61 207/3567/61
f 231/3569/61 200/3570/61 201/3571/61
f 201/3571/61 202/106/61 229/105/61
f 202/106/61 203/3572/61 228/104/61
f 203/3572/61 204/3568/61 208/3564/61
f 204/3568/61 207/3567/61 208/3564/61
f 230/3573/61 231/3569/61 201/3571/61
f 229/105/61 230/3573/61 201/3571/61
f 203/3572/61 208/3564/61 228/104/61
f 232/109/62 233/3574/62 10/23/62
f 233/3574/62 11/110/62 10/23/62
f 10/23/62 21/22/62 232/109/62
f 21/22/62 22/107/62 232/109/62
f 235/112/63 236/3575/63 238/3576/63
f 238/3576/63 1/995/63 235/112/63
f 1/995/63 11/110/63 235/112/63
f 239/114/63 237/3577/63 234/3578/63
f 234/3578/63 22/107/63 239/114/63
f 246/115/64 245/3579/64 241/116/64
f 243/118/64 242/3580/64 250/119/64
f 250/119/2718 249/3581/2718 239/121/2718
f 2/7/64 1/995/64 238/3576/64
f 238/3576/64 248/3582/64 240/3583/64
f 240/3583/64 242/3580/64 243/118/64
f 241/116/64 245/3579/64 253/3584/64
f 240/3583/64 243/118/64 253/3584/64
f 243/118/64 241/116/64 253/3584/64
f 2/7/64 238/3576/64 240/3583/64
f 251/3585/64 244/120/64 250/119/64
f 246/115/64 252/117/64 251/3585/64
f 246/115/64 251/3585/64 239/121/64
f 251/3585/64 250/119/64 239/121/64
f 12/994/64 2/7/64 253/3584/64
f 2/7/64 240/3583/64 253/3584/64
f 12/994/64 253/3584/64 247/122/64
f 247/122/64 246/115/64 239/121/64
f 13/113/64 12/994/64 247/122/64
f 255/3586/2719 254/3587/2719 67/127/2719
f 67/127/2719 66/75/2719 255/3586/2719
f 66/75/2719 77/74/2719 256/125/2719
f 255/3586/2719 66/75/2719 256/125/2719
f 77/74/2719 78/123/2719 256/125/2719
f 254/128/66 259/3588/66 260/3589/66
f 260/3589/66 57/126/66 254/128/66
f 258/131/66 257/124/66 262/129/66
f 257/124/66 78/123/66 69/3204/66
f 262/129/66 257/124/66 69/3204/66
f 264/132/67 266/3590/67 262/133/67
f 262/133/67 69/3204/67 269/134/67
f 69/3204/67 68/702/67 269/134/67
f 68/702/67 270/3591/67 269/134/67
f 269/134/67 273/3592/67 272/3593/67
f 272/3593/67 264/132/67 269/134/67
f 267/3594/67 268/3595/67 58/135/67
f 58/135/67 57/126/67 265/3596/67
f 57/126/67 260/3597/67 265/3596/67
f 271/137/67 267/3594/67 58/135/67
f 58/135/67 265/3596/67 263/136/67
f 275/139/68 270/3598/68 70/62/68
f 270/3598/68 68/702/68 70/62/68
f 59/138/68 58/135/68 275/139/68
f 58/135/68 268/3599/68 275/139/68
f 268/3599/68 274/3600/68 275/139/68
f 284/140/69 276/3601/69 133/141/69
f 276/3601/69 277/3602/69 133/141/69
f 133/141/69 134/146/69 285/142/69
f 281/145/69 280/3603/69 279/3604/69
f 280/3603/69 123/152/69 122/487/69
f 281/145/69 279/3604/69 278/143/69
f 122/487/69 279/3604/69 280/3603/69
f 286/3605/69 282/3606/69 283/144/69
f 282/3606/69 281/145/69 283/144/69
f 292/148/70 285/3607/70 134/146/70
f 134/146/70 125/157/70 294/147/70
f 288/151/70 282/3608/70 286/3609/70
f 289/149/70 293/3610/70 291/150/70
f 288/151/70 286/3609/70 289/149/70
f 287/3611/70 290/159/70 135/154/70
f 290/159/70 113/447/70 135/154/70
f 113/447/70 123/152/70 135/154/70
f 301/3612/71 295/3613/71 125/157/71
f 295/3613/71 294/3614/71 125/157/71
f 125/157/71 124/450/71 304/155/71
f 301/3612/71 125/157/71 303/156/71
f 124/450/71 299/3615/71 304/155/71
f 114/158/71 113/447/71 290/159/71
f 302/162/71 298/3616/71 300/163/71
f 300/163/71 291/3617/71 296/161/71
f 291/3617/71 293/3618/71 296/161/71
f 305/166/72 310/3619/72 115/718/72
f 115/718/72 114/158/72 305/166/72
f 114/158/72 297/164/72 305/166/72
f 309/3620/72 306/3621/72 312/169/72
f 308/3622/72 299/3623/72 126/167/72
f 299/3623/72 124/450/72 126/167/72
f 311/168/72 309/3620/72 312/169/72
f 312/169/72 308/3622/72 126/167/72
f 315/171/2720 316/3624/2720 311/3625/2720
f 316/3624/2720 313/3626/2720 311/3625/2720
f 311/3625/2720 126/167/2720 315/171/2720
f 116/170/2720 115/718/2720 314/3627/2720
f 115/718/2720 310/3628/2720 314/3627/2720
f 126/167/2720 127/83/2720 315/171/2720
f 116/170/2720 314/3627/2720 315/171/2720
f 118/86/35 129/85/35 138/172/35
f 318/176/74 317/3629/74 120/87/74
f 317/3629/74 121/177/74 120/87/74
f 120/87/74 131/88/74 318/176/74
f 131/88/74 132/174/74 318/176/74
f 321/179/76 320/3630/76 279/3631/76
f 279/3631/76 122/487/76 321/179/76
f 122/487/76 121/177/76 321/179/76
f 277/181/76 322/3632/76 319/180/76
f 319/180/76 132/174/76 133/141/76
s 1
f 205/182/77 204/3633/77 287/183/77
f 238/187/78 236/194/78 179/193/78
f 179/193/78 178/185/78 238/187/78
f 315/188/79 200/3634/79 231/189/80
f 280/191/83 281/196/83 206/195/83
f 206/195/83 205/182/82 280/191/83
f 235/192/84 180/198/84 179/193/84
f 282/197/87 288/201/2721 207/200/87
f 207/200/87 206/195/85 282/197/87
f 233/199/88 232/204/88 181/203/88
f 181/203/88 180/198/88 233/199/88
f 291/202/89 300/207/93 208/3635/2722
f 208/3635/2722 207/200/89 291/202/89
f 234/205/90 237/210/2723 182/209/2723
f 182/209/2723 181/203/90 234/205/90
f 209/206/92 208/3635/2722 300/207/93
f 249/216/2724 183/3636/94 239/211/94
f 183/3636/94 182/209/94 239/211/94
f 210/212/95 209/3637/96 298/213/96
f 176/215/98 183/3636/98 249/216/98
f 211/218/99 210/212/95 302/214/97
f 270/222/101 275/225/101 185/3638/101
f 185/3638/101 184/220/101 270/222/101
f 293/223/102 289/228/106 212/227/105
f 212/227/105 211/218/99 293/223/102
f 186/224/103 185/3638/104 275/225/104
f 286/229/107 283/232/111 213/3639/2725
f 213/3639/2725 212/227/105 286/229/107
f 268/230/109 267/235/114 187/3640/2726
f 187/3640/2726 186/224/108 268/230/109
f 214/231/110 213/3639/2725 283/232/111
f 188/234/113 187/3640/2726 267/235/114
f 279/237/116 320/241/116 215/3641/116
f 215/3641/116 214/231/110 279/237/116
f 189/238/117 188/234/113 271/236/115
f 216/240/119 215/3641/2727 320/241/119
f 190/243/120 189/238/117 263/239/118
f 317/245/122 318/248/122 217/247/122
f 217/247/122 216/240/122 317/245/122
f 260/246/124 259/251/2728 191/250/124
f 191/250/124 190/243/120 260/246/124
f 319/249/125 322/254/125 218/253/125
f 218/253/125 217/247/125 319/249/125
f 254/252/127 255/257/2729 192/3642/127
f 192/3642/127 191/250/127 254/252/127
f 276/261/132 219/260/131 277/255/128
f 219/260/131 218/253/128 277/255/128
f 193/256/129 192/3642/129 255/257/129
f 284/259/130 220/263/134 219/260/131
f 257/262/133 258/267/133 194/266/133
f 194/266/133 193/256/133 257/262/133
f 285/264/135 292/269/139 221/268/138
f 221/268/138 220/263/134 285/264/135
f 261/265/136 195/271/141 194/266/137
f 294/270/140 295/278/146 222/277/145
f 222/277/145 221/268/138 294/270/140
f 262/272/142 266/281/149 196/280/148
f 196/280/148 195/271/141 262/272/142
f 169/273/143 170/3643/143 247/274/143
f 301/276/144 223/286/152 222/277/145
f 264/279/147 197/288/154 196/280/148
f 170/282/150 171/3644/150 246/283/150
f 303/285/151 224/291/157 223/286/152
f 272/287/153 198/293/159 197/288/154
f 245/289/155 246/283/155 171/3644/155
f 171/3644/155 169/273/155 245/289/155
f 304/290/156 225/297/156 224/291/157
f 273/292/158 199/300/158 198/293/159
f 172/294/160 173/3645/161 252/295/161
f 299/298/162 308/305/168 226/304/167
f 226/304/167 225/297/162 299/298/162
f 269/299/163 184/3646/163 199/300/163
f 173/282/165 174/3647/165 251/301/165
f 312/303/166 227/313/173 226/304/167
f 201/306/169 200/3646/170 315/307/170
f 244/311/171 251/301/171 174/3647/171
f 174/3647/171 175/309/171 244/311/171
f 306/312/172 228/316/172 227/313/173
f 310/314/175 305/318/2730 202/3648/175
f 202/3648/175 201/306/174 310/314/175
f 243/310/176 175/309/176 172/294/176
f 309/315/177 229/323/182 228/316/178
f 203/317/180 202/3648/180 305/318/180
f 242/322/181 240/328/181 177/327/181
f 177/327/181 176/320/181 242/322/181
f 313/330/188 230/329/187 311/324/183
f 230/329/187 229/323/182 311/324/183
f 290/326/185 287/183/185 204/3633/185
f 204/3633/185 203/317/184 290/326/185
f 203/317/184 307/319/184 297/325/184
f 248/186/186 178/185/186 177/327/186
f 316/190/81 231/189/80 230/329/187
s 0
f 353/1/189 363/78/189 365/2/189
f 329/58/190 347/3524/190 350/59/190
f 326/61/191 325/138/191 336/62/191
f 326/61/192 337/63/192 338/64/192
f 328/67/193 327/65/193 338/64/193
f 328/67/2731 339/66/2731 348/68/2731
f 329/58/195 340/60/195 341/71/195
f 331/73/196 330/70/196 341/71/196
f 331/73/197 342/72/197 343/74/197
f 357/89/198 358/25/198 356/26/198
f 353/27/199 354/3520/199 360/28/199
f 360/331/200 378/31/200 377/32/200
f 351/33/201 361/3521/201 362/34/201
f 352/90/2732 370/31/2732 369/37/2732
f 363/38/242 364/38/242 366/38/242
f 369/38/2733 370/38/2733 368/38/2733
f 371/39/198 372/3522/198 374/40/198
f 377/42/198 378/3523/198 376/43/198
f 357/45/2734 375/332/2734 376/46/2734
f 347/48/205 367/648/205 368/49/205
f 349/76/2735 366/31/2735 364/52/2735
f 356/91/207 374/54/207 372/55/207
f 362/3/2736 361/56/2736 371/77/2736
f 413/3/2737 412/1/2737 422/78/2737
f 387/79/210 406/3525/210 409/80/210
f 414/24/211 416/89/211 417/25/211
f 412/27/212 413/3520/212 419/28/212
f 418/30/213 419/331/213 437/31/213
f 410/33/214 420/3521/214 421/34/214
f 411/90/2738 429/31/2738 428/37/2738
f 422/38/216 423/38/216 425/38/216
f 428/38/210 429/38/210 427/38/210
f 430/39/211 431/3522/211 433/40/211
f 436/42/211 437/3523/211 435/43/211
f 417/47/217 416/45/217 434/332/217
f 406/48/218 426/648/218 427/49/218
f 405/51/219 408/76/219 425/31/219
f 415/91/220 433/54/220 431/55/220
f 421/3/2739 420/56/2739 430/77/2739
f 472/3/222 471/1/222 481/78/222
f 446/333/223 465/3649/223 468/334/223
f 441/336/224 440/655/224 453/337/224
f 441/336/225 454/338/225 455/339/225
f 442/340/226 455/339/226 456/341/226
f 446/333/227 459/335/227 460/343/227
f 448/345/228 447/344/228 460/343/228
f 449/347/229 448/345/229 461/346/229
f 473/24/230 475/89/230 476/25/230
f 471/27/231 472/3520/231 478/28/231
f 477/30/232 478/331/232 496/31/232
f 469/33/233 479/3521/233 480/34/233
f 470/90/2740 488/31/2740 487/37/2740
f 481/38/2741 482/38/2741 484/38/2741
f 487/38/223 488/38/223 486/38/223
f 489/39/230 490/3522/230 492/40/230
f 495/42/230 496/3523/230 494/43/230
f 475/45/2742 493/332/2742 494/46/2742
f 465/48/238 485/648/238 486/49/238
f 464/51/2743 467/76/2743 484/31/2743
f 474/91/2744 492/54/2744 490/55/2744
f 480/3/2745 479/56/2745 489/77/2745
f 384/86/242 397/85/242 407/172/242
f 443/342/216 456/341/216 466/349/216
f 497/3650/198 498/3651/198 514/3652/198
f 498/3651/198 504/3653/198 514/3652/198
f 504/3653/198 505/3654/198 512/3655/198
f 505/3654/198 506/3656/198 510/3657/198
f 506/3656/198 507/3658/198 499/3659/198
f 500/351/198 501/3660/198 518/3661/198
f 501/3660/198 502/3662/198 516/3663/198
f 517/3664/198 501/3660/198 516/3663/198
f 506/3656/198 499/3659/198 521/3665/198
f 499/3659/198 500/351/198 520/353/198
f 513/3666/198 514/3652/198 504/3653/198
f 502/3662/198 503/3667/198 515/3668/198
f 503/3667/198 509/3669/198 508/3670/198
f 503/3667/198 508/3670/198 515/3668/198
f 512/3655/198 513/3666/198 504/3653/198
f 510/3657/198 512/3655/198 505/3654/198
f 502/3662/198 515/3668/198 516/3663/198
f 511/3671/198 510/3657/198 506/3656/198
f 501/3660/198 517/3664/198 518/3661/198
f 521/3665/198 511/3671/198 506/3656/198
f 520/353/198 521/3665/198 499/3659/198
f 500/351/198 518/3661/198 519/352/198
f 523/356/243 522/3672/243 333/127/243
f 333/127/243 332/75/243 523/356/243
f 332/75/243 343/74/243 525/3673/243
f 523/356/243 332/75/243 525/3673/243
f 343/74/243 344/123/243 525/3673/243
f 344/123/243 526/3674/243 525/3673/243
f 525/3673/243 527/354/243 523/356/243
f 344/123/244 335/3204/244 538/357/244
f 533/359/244 532/3675/244 524/360/244
f 527/361/244 536/3676/244 533/359/244
f 537/3677/244 535/3678/244 534/362/244
f 535/3678/244 323/126/244 534/362/244
f 323/126/244 333/127/244 534/362/244
f 333/127/244 522/3679/244 534/362/244
f 534/362/244 528/3680/244 530/363/244
f 529/364/244 531/3681/244 534/362/244
f 531/3681/244 537/3677/244 534/362/244
f 550/367/245 538/3682/245 335/3204/245
f 335/3204/245 334/702/245 550/367/245
f 334/702/245 546/365/245 550/367/245
f 547/369/245 545/3683/245 540/370/245
f 545/3683/245 543/3684/245 540/370/245
f 543/3684/2746 539/3685/2746 540/370/2746
f 540/370/245 544/3686/245 324/135/245
f 324/135/245 323/126/245 540/370/245
f 323/126/245 535/3687/245 540/370/245
f 535/3687/245 541/3688/245 540/370/245
f 541/3688/245 542/3689/245 540/370/245
f 542/3689/245 548/368/245 540/370/245
f 551/371/246 553/3690/246 552/372/246
f 552/372/246 546/3691/246 336/62/246
f 546/3691/246 334/702/246 336/62/246
f 336/62/246 325/138/246 551/371/246
f 325/138/246 324/135/246 551/371/246
f 324/135/246 544/3692/246 551/371/246
f 551/373/2747 503/418/2747 502/374/2747
s 1
f 518/376/248 517/427/285 547/377/249
f 512/379/251 510/428/286 531/380/252
s 0
f 524/384/2748 532/390/2748 504/389/2748
f 504/389/2748 498/382/2748 524/384/2748
s 1
f 519/385/255 518/376/248 548/378/250
f 530/387/257 513/394/262 512/379/251
s 0
f 533/388/2749 505/396/2749 504/389/2749
s 1
f 520/391/259 519/385/255 542/386/256
f 528/393/261 514/399/266 513/394/262
s 0
f 536/395/2750 506/405/2750 505/396/2750
s 1
f 521/397/264 520/391/259 541/392/260
f 514/399/266 528/393/261 534/400/267
s 0
f 522/404/2751 523/383/2751 498/382/2751
f 498/382/269 497/402/269 522/404/269
f 527/406/2752 525/3693/2752 507/415/2752
f 507/415/2752 506/405/2752 527/406/2752
s 1
f 511/407/271 521/397/264 535/398/265
s 0
f 549/409/2753 500/420/2753 499/410/2753
s 1
f 543/412/274 515/423/281 508/413/275
s 0
f 550/411/277 499/410/277 538/417/277
f 499/410/2754 507/415/2754 538/417/2754
f 507/415/2755 525/3693/2755 526/416/2755
f 544/419/269 540/3694/269 509/3695/269
f 509/3695/269 503/418/269 544/419/269
f 552/426/279 501/3696/279 546/421/279
f 501/3696/279 500/420/279 546/421/279
s 1
f 545/422/280 516/3697/2756 515/423/281
f 539/414/276 508/413/275 509/424/282
s 0
f 502/374/2757 501/3696/2757 552/426/2757
s 1
f 517/427/285 516/3697/2756 545/422/280
f 510/428/286 511/407/271 537/408/272
f 584/3698/287 583/3699/287 576/3700/287
f 583/3699/287 572/3701/287 573/3702/287
f 573/3702/287 574/3703/287 575/3704/287
f 583/3699/287 573/3702/287 575/3704/287
f 576/3700/287 583/3699/287 575/3704/287
f 585/3705/287 584/3698/287 577/3706/287
f 577/3706/287 584/3698/287 576/3700/287
f 580/3707/287 585/3705/287 578/3708/287
f 554/3709/287 581/3710/287 385/431/287
f 581/3710/287 580/3707/287 385/431/287
f 585/3705/287 577/3706/287 578/3708/287
f 385/431/287 580/3707/287 578/3708/287
f 579/429/287 399/3711/287 386/430/287
f 399/3711/287 398/3712/287 386/430/287
f 385/431/287 578/3708/287 579/429/287
f 568/3713/287 569/3714/2758 570/3715/287
f 571/3716/287 572/3701/287 564/3717/287
f 572/3701/287 583/3699/287 564/3717/287
f 567/3718/287 568/3713/287 570/3715/287
f 565/3719/287 566/3720/287 567/3718/287
f 565/3719/287 567/3718/287 570/3715/287
f 570/3715/287 571/3716/287 565/3719/287
f 564/3717/287 565/3719/287 571/3716/287
f 564/3717/287 583/3699/287 582/3721/287
f 563/434/287 564/3717/287 582/3721/287
f 554/3709/287 555/3722/287 556/3723/287
f 554/3709/287 556/3723/287 557/3724/287
f 563/434/287 582/3721/287 558/3725/287
f 582/3721/287 581/3710/287 557/3724/287
f 558/3725/287 582/3721/287 557/3724/287
f 560/3726/287 561/3727/287 559/432/287
f 561/3727/287 562/433/287 559/432/287
f 581/3710/287 554/3709/287 557/3724/287
f 558/3725/287 559/432/287 563/434/287
f 593/435/288 590/3728/288 403/141/289
f 590/3728/288 589/3729/2759 403/141/289
f 403/141/289 404/146/291 594/436/290
f 391/152/291 390/487/289 586/437/292
f 588/439/289 595/3730/288 592/440/288
f 598/3731/295 600/443/295 597/442/295
f 600/443/295 604/3732/296 603/444/296
f 599/446/295 594/3733/290 404/146/291
f 404/146/291 393/157/296 599/446/295
f 393/157/296 601/3734/297 605/3735/295
f 606/445/295 393/157/296 605/3735/295
f 596/3736/295 602/3737/296 591/448/293
f 602/3737/296 379/447/296 591/448/293
f 612/451/298 609/3738/300 601/449/297
f 601/449/297 393/157/296 392/450/298
f 607/454/300 611/3739/298 380/158/298
f 380/158/298 379/447/296 607/454/300
f 379/447/296 602/452/296 607/454/300
f 602/452/296 613/3740/298 610/453/299
f 614/457/298 603/3741/296 608/455/300
f 603/3741/296 604/3742/296 608/455/300
f 617/458/302 610/3743/299 613/459/298
f 624/3744/304 622/461/302 394/167/304
f 622/461/302 612/3745/298 392/450/298
f 614/462/298 615/3746/301 621/463/302
f 620/3747/302 623/469/307 616/466/302
f 623/469/307 381/718/304 616/466/302
f 381/718/304 380/158/298 616/466/302
f 394/167/304 395/83/306 626/467/305
f 382/170/306 381/718/304 623/469/307
f 631/472/309 629/3748/309 626/3749/305
f 626/3749/305 395/83/306 631/472/309
f 395/83/306 396/84/309 631/472/309
f 630/3750/309 628/474/309 625/473/308
f 628/474/309 383/82/309 382/170/306
s 0
f 632/476/310 627/3751/310 397/85/310
f 627/3751/310 396/84/310 397/85/310
f 397/85/310 384/86/310 632/476/310
f 384/86/310 383/82/310 632/476/310
s 1
f 638/478/311 637/3752/2760 635/3753/2761
f 634/477/311 633/3754/2762 387/79/311
f 633/3754/2762 388/87/312 387/79/311
f 638/478/311 635/3753/2761 634/477/311
f 401/88/312 636/3755/314 400/81/311
f 636/3755/314 638/478/311 400/81/311
f 387/79/311 400/81/311 634/477/311
f 401/88/312 402/174/316 647/479/313
f 644/483/317 641/3756/318 637/3757/2760
f 641/3756/318 635/3758/2761 637/3757/2760
f 637/3757/2760 642/3759/318 644/483/317
f 642/3759/318 645/481/315 644/483/317
f 640/3760/318 643/3761/320 639/484/318
f 643/3761/320 389/177/316 639/484/318
f 388/87/312 633/3762/2762 639/484/318
f 649/486/319 647/3763/313 402/174/316
f 402/174/316 403/141/289 589/3764/2759
f 589/3764/2759 651/485/319 402/174/316
f 390/487/289 389/177/316 643/488/320
f 650/3765/319 588/3766/289 648/492/319
f 588/3766/289 587/3767/294 648/492/319
f 587/3767/294 644/490/317 648/492/319
f 582/493/321 583/3768/321 598/494/321
f 647/497/324 649/507/323 570/506/323
f 570/506/323 569/498/323 647/497/324
f 569/498/323 638/3769/324 636/496/323
f 618/499/325 557/510/325 556/500/325
f 583/502/326 584/3770/327 600/503/327
f 651/505/328 571/514/335 570/506/329
f 602/509/331 596/3771/331 558/3772/331
f 558/3772/331 557/510/331 602/509/331
f 557/510/331 618/499/330 613/508/330
f 604/513/334 600/503/327 584/3770/327
f 584/3770/327 585/511/332 604/513/334
f 590/524/342 572/523/341 589/515/336
f 572/523/341 571/514/335 589/515/336
f 643/517/338 640/526/337 559/518/337
f 559/518/337 558/3772/337 586/516/337
f 558/3772/337 596/3771/337 591/3773/337
f 558/3772/337 591/3773/337 586/516/337
f 615/521/339 608/512/333 585/511/332
f 585/511/332 580/519/339 615/521/339
f 593/522/340 573/528/344 572/523/341
f 560/525/343 559/518/343 640/526/343
f 594/529/345 599/533/345 574/532/345
f 574/532/345 573/528/344 594/529/345
f 633/530/346 634/535/2763 561/534/2763
f 561/534/2763 560/525/346 633/530/346
f 606/531/347 575/538/347 574/532/348
f 641/3774/349 562/541/349 635/536/349
f 562/541/349 561/534/349 635/536/349
f 605/537/350 576/542/350 575/538/347
f 587/540/352 592/546/352 563/545/352
f 563/545/352 562/541/352 587/540/352
f 562/541/352 641/3774/352 644/539/351
f 609/551/358 577/550/357 601/543/353
f 577/550/357 576/542/350 601/543/353
f 595/544/354 564/3775/354 563/545/355
f 627/549/356 632/557/356 398/556/356
f 398/556/356 399/547/356 627/549/356
f 622/3776/359 578/3777/359 612/552/359
f 578/3777/359 577/550/357 612/552/359
f 588/555/360 650/563/360 565/3778/360
f 565/3778/360 564/553/360 588/555/360
f 628/558/361 630/3779/361 386/567/361
f 386/567/361 398/556/361 628/558/361
f 626/560/364 629/568/364 579/561/364
f 579/561/364 578/3777/364 624/559/363
f 578/3777/364 622/3776/364 624/559/363
f 566/562/365 565/3778/366 650/563/366
f 623/566/367 620/3780/367 385/3781/367
f 385/3781/367 386/567/367 623/566/367
f 386/567/367 630/3779/367 625/565/367
f 399/547/368 579/561/369 629/568/369
f 646/569/371 645/576/376 567/3782/2764
f 567/3782/2764 566/562/370 646/569/371
f 554/570/372 385/3783/373 620/571/373
f 621/520/374 580/519/374 581/573/374
f 568/575/375 567/3782/2764 645/576/376
f 611/578/379 607/582/379 555/581/379
f 555/581/379 554/570/378 611/578/379
f 619/574/380 581/573/380 614/3784/380
f 581/573/380 582/493/380 603/579/380
f 614/3784/380 581/573/380 603/579/380
f 637/580/381 638/3769/2765 569/498/2766
f 569/498/2766 568/575/375 637/580/381
f 610/583/382 617/501/2767 556/500/382
f 556/500/382 555/581/382 610/583/382
s 0
f 665/3785/383 652/3786/383 654/3787/383
f 652/3786/383 653/3788/383 654/3787/383
f 664/3789/383 665/3785/383 655/3790/383
f 665/3785/383 654/3787/383 655/3790/383
f 663/3791/383 664/3789/383 656/3792/383
f 664/3789/383 655/3790/383 656/3792/383
f 662/3793/383 663/3791/383 657/3794/383
f 663/3791/383 656/3792/383 657/3794/383
f 659/585/383 660/3795/383 661/586/383
f 661/586/383 662/3793/383 658/584/383
f 662/3793/383 657/3794/383 658/584/383
f 444/587/383 458/3796/383 457/588/383
f 666/592/384 667/3797/384 449/347/384
f 667/3797/2768 450/593/2768 449/347/2768
f 449/347/2768 462/348/2768 666/592/2768
f 462/348/2768 463/590/2768 666/592/2768
f 669/595/385 670/3798/385 675/3799/385
f 670/3798/385 677/3800/385 675/3799/385
f 677/3800/2769 674/3801/2769 675/3799/2769
f 675/3799/385 438/600/385 669/595/385
f 438/600/385 450/593/385 669/595/385
f 678/598/385 671/3802/385 672/3803/385
f 672/3803/2770 673/3804/2770 668/596/2770
f 668/596/385 463/590/385 452/597/385
f 452/597/385 676/3805/385 678/598/385
f 678/598/385 672/3803/385 668/596/385
f 687/3806/386 681/3807/386 676/3808/386
f 676/3808/386 452/597/386 686/3809/386
f 452/597/386 451/725/386 686/3809/386
f 451/725/386 685/3810/386 686/3809/386
f 687/3806/386 676/3808/386 686/3809/386
f 687/3806/2771 686/3809/2771 688/3811/2771
f 680/3812/386 679/3813/386 675/601/386
f 679/3813/386 683/3814/386 439/599/386
f 675/601/386 679/3813/386 439/599/386
f 683/3814/386 687/3806/386 684/3815/386
f 687/3806/386 688/3811/386 684/3815/386
f 684/3815/386 682/3816/386 683/3814/386
f 682/3816/386 439/599/386 683/3814/386
f 689/603/387 685/3817/387 453/337/387
f 685/3817/387 451/725/387 453/337/387
f 453/337/387 440/655/387 689/603/387
f 440/655/387 439/599/387 689/603/387
f 674/604/2772 677/613/2772 657/605/2772
f 457/609/389 689/3818/389 682/607/389
f 682/607/2773 684/616/2773 445/608/2773
f 664/612/2774 678/643/2774 676/610/2774
f 676/610/2775 681/617/2775 665/611/2775
f 677/613/2776 670/619/2776 658/614/2776
f 688/615/392 444/622/392 445/608/392
f 681/617/393 687/626/393 652/618/393
f 670/619/394 669/3819/394 659/620/394
f 686/621/395 458/642/395 444/622/395
f 659/625/396 669/3820/396 667/623/396
f 667/623/396 666/3821/396 660/624/396
f 687/626/2777 683/631/2777 653/627/2777
f 660/624/2778 666/3821/2778 668/628/2778
f 668/628/2779 673/633/2779 661/629/2779
f 679/630/2780 654/635/2780 653/627/2780
f 672/632/400 662/637/400 661/629/400
f 680/634/401 655/638/401 654/635/401
f 671/636/2781 663/644/2781 662/637/2781
f 675/639/2782 674/604/2782 656/606/2782
f 656/606/2783 655/638/2783 675/639/2783
f 458/642/404 686/621/404 685/640/404
f 685/640/404 689/3822/404 457/641/404
f 678/643/2784 664/612/2784 663/644/2784
f 721/3/406 720/1/406 730/78/406
f 696/4/407 714/3519/407 717/5/407
f 693/10/408 704/11/408 705/12/408
f 695/14/409 694/13/409 705/12/409
f 695/14/235 706/15/235 715/16/235
f 697/19/410 696/4/410 707/6/410
f 698/20/411 697/19/411 708/18/411
f 698/20/2785 709/21/2785 710/22/2785
f 722/24/413 724/89/413 725/25/413
f 720/27/414 721/3520/414 727/28/414
f 726/30/415 727/331/415 745/31/415
f 718/33/416 728/3521/416 729/34/416
f 718/36/417 719/90/417 737/31/417
f 730/38/418 731/38/418 733/38/418
f 736/38/407 737/38/407 735/38/407
f 738/39/413 739/3522/413 741/40/413
f 744/42/413 745/3523/413 743/43/413
f 725/47/2786 724/45/2786 742/332/2786
f 714/48/420 734/648/420 735/49/420
f 713/51/421 716/76/421 733/31/421
f 723/91/422 741/54/422 739/55/422
f 728/56/423 738/77/423 740/57/423
f 781/3/2787 780/1/2787 790/78/2787
f 754/58/426 774/3524/426 777/59/426
f 749/61/427 748/138/427 761/62/427
f 749/61/428 762/63/428 763/64/428
f 751/67/429 750/65/429 763/64/429
f 751/67/418 764/66/418 775/68/418
f 754/58/430 767/60/430 768/71/430
f 755/70/431 768/71/431 769/72/431
f 782/24/432 784/89/432 785/25/432
f 780/27/433 781/3520/433 787/28/433
f 786/30/434 787/331/434 805/31/434
f 778/33/435 788/3521/435 789/34/435
f 778/36/436 779/90/436 797/31/436
f 790/38/511 791/38/511 793/38/511
f 796/38/426 797/38/426 795/38/426
f 798/39/432 799/3522/432 801/40/432
f 804/42/432 805/3523/432 803/43/432
f 785/47/438 784/45/438 802/332/438
f 777/50/439 774/48/439 794/648/439
f 776/76/440 793/31/440 791/52/440
f 782/53/441 783/91/441 801/54/441
f 789/3/442 788/56/442 798/77/442
f 840/1/444 850/78/444 852/2/444
f 814/79/459 834/3525/459 837/80/459
f 818/152/446 817/487/446 830/141/446
f 809/170/447 808/718/447 821/167/447
f 809/170/448 822/83/448 823/84/448
f 810/82/449 823/84/449 824/85/449
f 815/87/450 814/79/450 827/81/450
f 815/87/451 828/88/451 829/174/451
f 816/177/452 829/174/452 830/141/452
f 842/24/453 844/89/453 845/25/453
f 840/27/454 841/3520/454 847/28/454
f 846/30/455 847/331/455 865/31/455
f 838/33/2788 848/3521/2788 849/34/2788
f 839/90/457 857/31/457 856/37/457
f 850/38/458 851/38/458 853/38/458
f 856/38/459 857/38/459 855/38/459
f 858/39/453 859/3522/453 861/40/453
f 864/42/453 865/3523/453 863/43/453
f 844/45/460 862/332/460 863/46/460
f 834/48/461 854/648/461 855/49/461
f 836/76/462 853/31/462 851/52/462
f 842/53/463 843/91/463 861/54/463
f 849/3/464 848/56/464 858/77/464
f 901/3/2789 900/1/2789 910/78/2789
f 874/333/466 894/3649/466 897/334/466
f 878/593/467 877/347/467 890/348/467
f 867/599/468 879/725/468 881/337/468
f 869/336/469 868/655/469 881/337/469
f 869/336/470 882/338/470 883/339/470
f 870/340/2790 883/339/2790 884/341/2790
f 874/333/472 887/335/472 888/343/472
f 875/344/473 888/343/473 889/346/473
f 877/347/474 876/345/474 889/346/474
f 902/24/475 904/89/475 905/25/475
f 900/27/476 901/3520/476 907/28/476
f 906/30/2791 907/331/2791 925/31/2791
f 898/33/478 908/3521/478 909/34/478
f 899/90/2792 917/31/2792 916/37/2792
f 910/38/480 911/38/480 913/38/480
f 916/38/481 917/38/481 915/38/481
f 918/39/475 919/3522/475 921/40/475
f 924/42/475 925/3523/475 923/43/475
f 904/45/482 922/332/482 923/46/482
f 894/48/483 914/648/483 915/49/483
f 896/76/484 913/31/484 911/52/484
f 902/53/485 903/91/485 921/54/485
f 909/3/2793 908/56/2793 918/77/2793
s 1
f 765/3823/487 753/3824/487 752/3825/487
f 926/3826/443 927/656/487 812/658/443
f 927/656/487 928/3827/443 813/657/487
f 928/3827/443 929/3828/443 825/3829/443
f 929/3828/443 930/3830/487 825/3829/443
f 766/3831/487 765/3823/487 752/3825/487
f 812/658/443 766/3831/487 926/3826/443
f 766/3831/487 752/3825/487 926/3826/443
f 928/3827/443 825/3829/443 813/657/487
f 947/3832/488 946/3833/488 945/3834/488
f 947/3832/488 945/3834/488 948/3835/488
f 945/3834/488 944/3836/488 948/3835/488
f 950/3837/488 949/3838/488 944/3836/488
f 949/3838/488 948/3835/488 944/3836/488
f 944/3836/488 943/3839/488 950/3837/488
f 951/3840/488 950/3837/488 885/3841/488
f 885/3841/488 950/3837/488 943/3839/488
f 952/3842/488 951/3840/488 886/3843/488
f 951/3840/488 885/3841/488 886/3843/488
f 955/3844/488 954/3845/488 938/3846/488
f 954/3845/488 953/3847/488 938/3846/488
f 956/3848/488 955/3844/488 939/3849/488
f 953/3847/488 952/3842/488 873/3850/488
f 952/3842/488 886/3843/488 873/3850/488
f 873/3850/488 872/3851/488 826/3852/488
f 957/3853/488 956/3848/488 940/3854/488
f 955/3844/488 938/3846/488 939/3849/488
f 959/3855/488 958/3856/488 998/3857/488
f 958/3856/488 957/3853/488 998/3857/488
f 960/3858/488 959/3855/488 997/3859/488
f 953/3847/488 873/3850/488 826/3852/488
f 959/3855/488 998/3857/488 997/3859/488
f 961/3860/488 960/3858/488 996/3861/488
f 956/3848/488 939/3849/488 940/3854/488
f 953/3847/488 826/3852/488 937/3862/488
f 953/3847/488 937/3862/488 938/3846/488
f 957/3853/488 940/3854/488 999/3863/488
f 998/3857/488 957/3853/488 999/3863/488
f 941/3864/488 942/3865/488 999/3863/488
f 940/3854/488 941/3864/488 999/3863/488
f 960/3858/488 997/3859/488 996/3861/488
f 996/3861/488 995/3866/488 961/3860/488
f 995/3866/488 994/3867/488 961/3860/488
f 994/3867/488 993/3868/488 992/3869/488
f 994/3867/488 992/3869/488 991/3870/488
f 962/3871/488 961/3860/488 991/3870/488
f 961/3860/488 994/3867/488 991/3870/488
f 963/3872/488 962/3871/488 990/3873/488
f 990/3873/488 962/3871/488 991/3870/488
f 990/3873/488 989/3874/488 963/3872/488
f 964/3875/488 963/3872/488 989/3874/488
f 967/3876/488 966/3877/488 968/3878/488
f 966/3877/488 965/3879/488 968/3878/488
f 965/3879/488 964/3875/488 988/3880/488
f 988/3880/488 964/3875/488 989/3874/488
f 988/3880/488 987/3881/488 980/3882/488
f 987/3881/488 986/3883/488 981/3884/488
f 980/3882/488 987/3881/488 981/3884/488
f 986/3883/488 985/3885/488 982/3886/488
f 985/3885/488 984/3887/488 983/3888/488
f 982/3886/488 985/3885/488 983/3888/488
f 982/3886/488 981/3884/488 986/3883/488
f 969/3889/488 968/3878/488 979/3890/488
f 968/3878/488 965/3879/488 988/3880/488
f 980/3882/488 968/3878/488 988/3880/488
f 968/3878/488 980/3882/488 979/3890/488
f 970/3891/488 969/3889/488 978/3892/488
f 969/3889/488 979/3890/488 978/3892/488
f 973/3893/488 972/3894/488 971/3895/488
f 971/3895/488 970/3891/488 977/659/488
f 970/3891/488 978/3892/488 977/659/488
f 974/661/488 973/3893/488 977/659/488
f 973/3893/488 971/3895/488 977/659/488
f 976/660/488 975/3896/488 974/661/488
f 1009/3897/489 1008/3898/489 1007/3899/489
f 1009/3897/489 1007/3899/489 1006/3900/489
f 1012/3901/489 1011/3902/489 1010/3903/489
f 1010/3903/489 1009/3897/489 1005/3904/489
f 1009/3897/489 1006/3900/489 1005/3904/489
f 1005/3904/489 1004/3905/489 1003/3906/489
f 1012/3901/489 1010/3903/489 1005/3904/489
f 1005/3904/489 1003/3906/489 1012/3901/489
f 1003/3906/489 1002/667/489 1012/3901/489
f 1001/3907/489 1000/3908/489 1017/3909/489
f 1001/3907/489 1017/3909/489 1016/3910/489
f 1013/666/489 1012/3901/489 1002/667/489
f 1002/667/489 1001/3907/489 1014/665/489
f 1001/3907/489 1016/3910/489 1015/3911/489
f 1001/3907/489 1015/3911/489 1014/665/489
s 0
f 1024/669/490 1025/3912/490 699/23/490
f 1025/3912/490 700/110/490 699/23/490
f 699/23/490 710/22/490 1024/669/490
f 710/22/490 711/107/490 1026/668/490
f 1033/672/491 1030/3913/491 1028/670/491
f 1030/3913/491 1027/3914/491 1028/670/491
f 1027/3914/491 1031/3915/491 690/995/491
f 700/110/491 1025/3916/491 1027/3914/491
f 1025/3916/491 1028/670/491 1027/3914/491
f 1029/671/491 1026/3917/491 711/107/491
f 1029/671/491 711/107/491 702/113/491
f 702/113/491 1032/3918/491 1029/671/491
f 1032/3918/491 1033/672/491 1029/671/491
f 1027/3914/491 690/995/491 700/110/491
s 1
f 1041/674/492 1032/3919/492 702/113/492
f 702/113/492 701/994/492 1043/673/492
f 1035/676/492 1039/3920/492 1040/3921/492
f 1039/3920/492 1042/3922/492 1040/3921/492
f 1042/3922/492 1037/3923/492 1040/3921/492
f 1040/3921/492 1038/677/492 1035/676/492
f 1038/677/492 691/7/492 1034/3924/492
f 691/7/492 690/995/492 1034/3924/492
f 690/995/492 1031/3925/492 1034/3924/492
f 1034/3924/492 1036/675/492 1038/677/492
s 0
f 1049/3926/494 1037/3927/494 1042/3922/494
f 1042/3922/494 1047/3928/494 1049/3926/494
f 1047/3928/494 1046/3929/494 1049/3926/494
f 1046/3929/494 692/9/494 1049/3926/494
f 692/9/494 691/7/494 1044/679/494
f 1049/3926/494 692/9/494 1044/679/494
f 1048/681/493 1050/3930/493 1043/3931/493
f 1043/3931/494 701/994/494 1048/681/494
f 701/994/494 703/8/494 1048/681/494
f 1051/683/495 1045/3932/495 704/11/495
f 1045/3932/495 703/8/495 704/11/495
f 704/11/495 693/10/495 1051/683/495
f 693/10/495 692/9/495 1051/683/495
s 1
f 1064/3933/498 1058/3934/2794 1059/684/496
f 1058/3934/2794 1062/3935/2795 1059/684/496
f 1059/684/496 1057/3936/498 1061/3937/498
f 1057/3936/498 1054/3938/498 1053/3939/498
f 1076/3940/2794 1055/3941/498 1069/3942/2796
f 1055/3941/498 1064/3933/498 1069/3942/2796
f 1068/3943/498 1071/3944/498 1069/3942/2796
f 1071/3944/498 1076/3940/2794 1069/3942/2796
f 1075/3945/2797 1069/3942/2796 1064/3933/498
f 1081/3946/498 1079/3947/498 1080/3948/498
f 1080/3948/498 1075/3945/2797 1064/3933/498
f 1057/3936/498 1053/3939/498 1061/3937/498
f 1054/3938/498 1052/3949/498 1053/3939/498
f 1052/3949/498 1070/3950/498 1072/3951/498
f 1080/3948/498 1064/3933/498 1082/3952/498
f 1064/3933/498 1059/684/496 1082/3952/498
f 1082/3952/498 1081/3946/498 1080/3948/498
f 1074/3953/498 1077/3954/498 1078/3955/498
f 771/123/498 1074/3953/498 1078/3955/498
f 771/123/498 1078/3955/498 1082/3952/498
f 1072/3951/498 1053/3939/498 1052/3949/498
f 1070/3950/498 1067/3956/498 1072/3951/498
f 770/74/498 771/123/498 1082/3952/498
f 1059/684/496 1061/3937/498 1060/685/497
f 770/74/498 1082/3952/498 1059/684/496
s 0
f 1066/3957/498 1065/3958/498 758/127/498
f 758/127/498 757/75/498 1056/686/498
f 757/75/498 1063/3959/498 1056/686/498
f 1073/687/498 1066/3957/498 758/127/498
s 1
f 1085/3960/499 1084/3961/499 1087/3962/499
f 1088/688/499 1069/3963/2796 1075/3964/2797
f 1096/3965/499 1085/3960/499 1091/3966/2798
f 1085/3960/499 1087/3962/499 1101/690/500
f 1087/3962/499 1088/688/499 1101/690/500
f 1088/688/499 1075/3964/2797 1089/3967/499
f 1097/689/499 1088/688/499 1089/3967/499
f 1097/689/499 1102/3968/499 1101/690/500
f 1101/690/500 1091/3966/2798 1085/3960/499
f 1091/3966/2798 1094/3969/499 1096/3965/499
s 0
f 1090/692/2799 1074/3970/2799 771/123/2799
f 771/123/499 760/3204/499 1100/691/499
f 760/3204/499 1099/3971/499 1098/3972/499
f 1100/691/2799 760/3204/2799 1098/3972/2799
f 1065/693/499 1083/3973/499 1086/3974/499
f 1086/3974/499 1095/3975/499 1065/693/499
f 1095/3975/2799 1092/3976/2799 1093/694/2799
f 1065/693/2799 1095/3975/2799 1093/694/2799
f 1093/694/499 746/126/499 758/127/499
f 1105/696/501 1103/3977/501 1121/3978/501
f 1121/3978/501 1119/3979/501 1118/3980/501
f 1118/3980/501 747/135/501 1121/3978/501
f 747/135/501 746/126/501 1109/695/501
f 1121/3978/501 747/135/501 1105/696/501
f 746/126/501 1093/3981/501 1106/3982/501
f 1109/695/501 1104/3983/501 1105/696/501
f 746/126/501 1106/3982/501 1109/695/501
s 1
f 1107/3984/501 1108/3985/501 1091/3986/2798
f 1101/697/500 1116/3987/501 1115/3988/501
f 1101/697/500 1115/3988/501 1113/3989/501
f 1117/3990/501 1107/3984/501 1091/3986/2798
f 1110/698/501 1112/3991/501 1111/699/502
f 1111/699/502 1117/3990/501 1091/3986/2798
f 1101/697/500 1113/3989/501 1110/698/501
f 1111/699/502 1091/3986/2798 1101/697/500
s 0
f 1124/701/2800 1114/3992/2800 1099/3971/2800
f 1099/3971/501 760/3204/501 1124/701/501
f 760/3204/501 759/702/501 1124/701/501
f 759/702/501 1120/3993/501 1123/3994/501
f 1120/3993/501 1122/3995/501 1127/3996/501
f 1123/3994/501 1120/3993/501 1127/3996/501
f 1123/3994/501 1126/3997/501 759/702/501
f 1126/3997/501 1125/700/501 759/702/501
f 892/703/503 1128/3998/503 1120/704/503
f 1120/704/503 759/702/503 761/62/503
f 761/62/503 748/138/503 892/703/503
f 748/138/503 747/135/503 1118/3999/503
f 892/703/503 748/138/503 832/4000/503
f 1118/3999/503 832/4000/503 748/138/503
f 1129/4001/504 1063/4002/504 757/75/504
f 757/75/504 756/73/504 1129/4001/504
f 756/73/504 769/72/504 1060/705/504
f 1129/4001/504 756/73/504 1060/705/504
f 1131/707/505 1130/4003/505 818/152/505
f 1130/4003/505 806/447/505 818/152/505
f 818/152/505 831/146/505 1131/707/505
f 831/146/505 820/157/505 1132/706/505
s 1
f 1141/709/507 1140/4004/508 1138/710/508
f 1140/4004/508 1133/4005/508 1138/710/508
f 1133/4005/508 1135/4006/508 1138/710/508
f 1135/4006/508 1134/4007/508 1138/710/508
f 1134/4007/508 1139/4008/508 806/447/508
f 1139/4008/508 807/158/508 806/447/508
f 806/447/508 1130/4009/508 1134/4007/508
f 1130/4009/508 1138/710/508 1134/4007/508
f 1138/710/508 1147/4010/508 1143/708/506
s 0
f 1137/4011/508 1150/4012/508 1132/4013/508
f 1146/4014/508 1136/4015/508 1148/4016/508
f 1146/4014/508 1148/4016/508 1149/714/508
f 1137/4011/508 1132/4013/508 820/157/508
f 819/450/508 1146/4014/508 1149/714/508
f 1149/714/508 1137/4011/508 820/157/508
s 1
f 1141/715/507 1143/708/506 1155/716/509
s 0
f 1153/719/509 1142/713/509 1154/4017/509
f 1142/713/509 1144/4018/509 1154/4017/509
f 1154/4017/509 1146/4019/509 821/167/509
f 1146/4019/509 819/450/509 821/167/509
f 807/158/509 1139/4008/509 1151/4020/509
f 1153/719/509 1154/4017/509 821/167/509
f 807/158/509 1151/4020/509 808/718/509
f 1151/4020/509 1153/719/509 808/718/509
f 811/86/511 824/85/511 835/172/511
f 1156/720/512 1157/4021/512 878/593/512
f 1157/4021/512 866/600/512 878/593/512
f 878/593/512 891/590/512 1156/720/512
f 891/590/512 880/597/512 1158/721/512
s 1
f 1161/722/513 1163/4022/513 1160/723/513
s 0
f 1165/4023/513 1163/4022/513 880/597/513
f 1163/4022/513 1161/722/513 880/597/513
f 1161/722/513 1158/4024/513 880/597/513
f 867/599/513 866/600/513 1159/4025/513
f 866/600/513 1157/4026/513 1159/4025/513
f 1159/4025/513 1162/724/513 1160/723/513
f 880/597/513 879/725/513 1165/4023/513
f 867/599/513 1159/4025/513 1164/726/513
f 1159/4025/513 1160/723/513 1164/726/513
f 1164/726/513 1165/4023/513 879/725/513
f 871/342/458 884/341/458 895/349/458
s 1
f 832/727/514 999/962/711 942/728/515
f 1080/730/516 1079/964/713 948/731/517
f 949/732/518 950/4027/2801 1075/733/518
f 950/4027/2801 1089/734/520 1075/733/518
f 1089/734/520 950/4027/2801 951/735/521
f 1000/739/524 1001/4028/523 1139/737/523
f 1001/4028/523 1151/4029/524 1139/737/523
f 1097/736/522 951/735/521 952/740/525
f 1153/742/527 1151/4030/528 1001/743/528
f 953/746/529 1116/4031/2802 1101/745/529
f 1101/745/529 1102/741/526 952/740/525
f 1003/748/532 1145/4032/530 1142/747/530
f 1142/747/530 1153/742/531 1002/744/531
f 1115/749/533 1116/4031/2803 953/746/534
f 1004/752/536 1154/4033/536 1144/751/536
f 1144/751/536 1145/4032/536 1003/748/537
f 1113/753/538 1115/749/533 954/750/535
f 1005/756/542 1136/759/2804 1146/755/540
f 1146/755/540 1154/4033/541 1004/752/541
f 1110/757/543 1113/753/538 955/754/539
f 1136/759/545 1005/756/545 1006/760/545
f 1112/762/546 1110/757/543 956/758/544
f 1149/764/548 1148/761/548 1006/760/548
f 1111/766/549 1112/762/546 957/763/547
f 1149/764/551 1007/765/551 1008/768/552
f 1117/770/553 1111/766/549 958/767/550
f 1150/772/555 1137/769/2805 1008/768/555
f 1107/774/556 1117/770/553 959/771/554
f 1132/778/559 1150/772/558 1009/773/558
f 1009/773/558 1010/776/558 1132/778/559
f 1108/779/560 1107/774/556 960/775/557
f 1011/782/561 1138/4034/561 1130/781/561
f 1130/781/561 1131/777/561 1010/776/561
f 962/784/563 1094/4035/2806 1091/783/562
f 1091/783/562 1108/779/2807 961/780/562
f 1147/785/564 1138/4034/564 1011/782/564
f 1096/787/565 1094/4035/2806 962/784/563
f 1143/791/567 1147/785/567 1012/786/567
f 1012/786/567 1013/789/567 1143/791/567
f 1085/792/568 1096/787/565 963/788/566
f 1152/794/570 1155/790/571 1013/789/571
f 1084/796/573 1085/792/568 964/793/569
f 1100/798/575 1098/4036/2808 886/799/576
f 1015/802/579 1140/807/584 1141/801/578
f 1141/801/578 1152/794/570 1014/795/572
f 1087/803/580 1084/796/573 965/797/574
f 886/799/576 1098/4036/2808 1099/805/582
f 1099/805/582 1114/812/588 873/806/583
f 1140/807/584 1015/802/579 1016/808/585
f 1088/810/587 1087/803/580 966/804/581
f 1114/812/588 1124/819/2809 872/813/589
f 1133/809/586 1016/808/585 1017/814/590
f 968/817/594 1068/4037/2810 1069/816/592
f 1069/816/592 1088/810/592 967/811/593
f 1125/818/595 826/918/674 872/813/596
f 1135/815/591 1017/814/590 1000/739/597
f 1071/820/598 1068/4037/2810 968/817/594
f 1076/822/600 1071/820/598 969/821/599
f 825/826/603 1047/4038/603 1042/824/602
f 1042/824/602 1039/830/603 813/825/603
f 1055/827/604 1076/822/600 970/823/601
f 1035/829/606 812/837/606 813/825/607
f 1164/831/608 1019/4039/608 1018/832/608
f 1064/834/609 1055/827/604 971/828/605
f 1036/836/610 766/844/610 812/837/610
f 1019/840/612 1164/4040/612 1160/838/611
f 1160/838/611 1163/845/611 1020/839/611
f 1058/841/613 1064/834/2811 972/835/614
f 1036/836/616 1034/4041/616 765/843/616
f 1165/833/617 1018/832/617 1020/839/618
f 1062/846/619 1058/841/613 973/842/615
f 765/850/621 1034/4042/621 1031/848/621
f 1031/848/621 1027/856/2812 753/849/621
f 1022/853/622 1161/4043/622 1162/851/622
f 1162/851/622 1159/4044/622 1021/852/622
f 1059/854/623 1062/846/619 974/847/620
f 1027/856/624 1030/862/624 752/857/624
f 1023/859/626 1156/865/626 1158/858/625
f 1158/858/625 1161/4043/625 1022/853/625
f 1059/854/627 975/855/2813 976/860/628
f 1030/862/629 1033/868/629 926/863/629
f 1023/859/630 1021/4045/630 1157/864/630
f 1021/4045/630 1159/831/2814 1157/864/630
f 1057/861/628 976/860/628 977/866/631
f 1032/869/634 1041/4046/2815 927/874/2815
f 927/874/2815 926/863/633 1032/869/634
f 1054/867/632 977/866/631 978/870/635
f 927/874/638 1041/4046/638 1043/872/637
f 1043/872/637 1050/877/637 928/873/637
f 1052/871/636 978/870/635 979/875/639
f 1050/877/641 1048/4047/642 929/878/642
f 1070/876/640 979/875/639 980/879/643
f 929/878/645 1048/4047/645 1045/881/645
f 1045/881/645 1051/4048/646 930/882/646
f 1072/883/647 1067/880/644 980/879/643
f 930/882/649 1051/4048/2816 1046/885/649
f 1046/885/649 1047/4038/649 825/826/649
f 1053/886/650 1072/883/647 981/884/648
f 932/890/652 1040/4049/652 1037/888/652
f 1037/888/652 1049/4050/653 931/889/653
f 1061/891/654 1053/886/650 982/887/651
f 1038/895/655 1040/4049/655 932/890/655
f 932/890/655 933/893/655 1038/895/655
f 984/897/657 1129/4051/2817 1060/896/657
f 1060/896/657 1061/891/657 983/892/657
f 931/889/658 1049/4050/658 1044/898/659
f 985/902/662 1056/907/665 1063/900/660
f 1063/900/660 1129/4051/2818 984/901/661
f 1028/903/663 935/893/663 934/904/663
f 986/906/664 1073/911/667 1056/907/665
f 936/910/666 935/4052/666 1025/908/666
f 935/4052/666 1028/4053/2819 1025/908/666
f 1073/911/667 986/906/664 987/912/668
f 936/910/671 1024/909/671 1026/914/670
f 1026/914/670 1029/905/2820 934/904/670
f 988/916/672 1083/919/672 1065/915/672
f 1065/915/672 1066/913/669 987/912/668
f 1126/917/673 937/923/673 826/918/674
f 1083/919/675 988/916/675 989/920/676
f 1123/922/678 938/926/678 937/923/673
f 990/924/679 1095/927/681 1086/921/677
f 1127/925/680 939/931/680 938/926/678
f 1095/927/681 990/924/679 991/928/682
f 1127/925/680 1122/4054/2821 940/930/684
f 992/933/685 1106/936/685 1093/932/685
f 1093/932/685 1092/929/683 991/928/682
f 940/930/684 1122/4054/2821 1120/934/686
f 1120/934/686 1128/939/689 941/935/687
f 1106/936/688 992/933/688 993/937/688
f 1128/939/689 892/729/690 942/728/690
f 1109/938/691 993/937/2822 994/940/692
f 1090/942/694 1100/798/575 885/800/577
f 1104/941/693 994/940/692 995/944/696
f 944/947/698 1077/950/698 1074/946/698
f 1074/946/698 1090/942/694 943/943/695
f 1105/945/697 995/944/696 996/948/699
f 1077/950/701 944/947/701 945/951/701
f 1103/949/700 996/948/699 997/953/702
f 1082/955/703 1078/952/704 945/951/704
f 1121/954/702 997/953/702 998/957/706
f 1082/959/708 946/4055/2823 947/960/709
f 1118/963/712 1119/958/707 998/957/706
f 998/957/706 999/962/711 1118/963/712
f 1081/961/710 947/960/709 948/731/517
s 0
f 1200/1/2824 1210/78/2824 1212/2/2824
f 1174/4/715 1194/3519/715 1197/5/715
f 1169/10/716 1182/11/716 1183/12/716
f 1170/13/717 1183/12/717 1184/15/717
f 1171/14/480 1184/15/480 1195/16/480
f 1175/19/718 1174/4/718 1187/6/718
f 1176/20/719 1175/19/719 1188/18/719
f 1202/24/720 1204/89/720 1205/25/720
f 1200/27/721 1201/3520/721 1207/28/721
f 1206/30/722 1207/331/722 1225/31/722
f 1198/33/2825 1208/3521/2825 1209/34/2825
f 1198/36/724 1199/90/724 1217/31/724
f 1210/38/725 1211/38/725 1213/38/725
f 1216/38/715 1217/38/715 1215/38/715
f 1218/39/720 1219/3522/720 1221/40/720
f 1224/42/720 1225/3523/720 1223/43/720
f 1205/47/726 1204/45/726 1222/332/726
f 1197/50/727 1194/48/727 1214/648/727
f 1193/51/728 1196/76/728 1213/31/728
f 1202/53/729 1203/91/729 1221/54/729
f 1208/56/730 1218/77/730 1220/57/730
f 1260/1/731 1270/78/731 1272/2/731
f 1234/58/732 1254/3524/732 1257/59/732
f 1227/135/733 1239/702/733 1241/62/733
f 1229/61/734 1228/138/734 1241/62/734
f 1229/61/735 1242/63/735 1243/64/735
f 1231/67/736 1230/65/736 1243/64/736
f 1231/67/737 1244/66/737 1255/68/737
f 1234/58/738 1247/60/738 1248/71/738
f 1235/70/739 1248/71/739 1249/72/739
f 1236/73/740 1249/72/740 1250/74/740
f 1262/24/741 1264/89/741 1265/25/741
f 1260/27/742 1261/3520/742 1267/28/742
f 1266/30/743 1267/331/743 1285/31/743
f 1258/33/744 1268/3521/744 1269/34/744
f 1258/36/2826 1259/90/2826 1277/31/2826
f 1270/38/2827 1271/38/2827 1273/38/2827
f 1276/38/732 1277/38/732 1275/38/732
f 1278/39/741 1279/3522/741 1281/40/741
f 1284/42/741 1285/3523/741 1283/43/741
f 1265/47/2828 1264/45/2828 1282/332/2828
f 1254/48/748 1274/648/748 1275/49/748
f 1253/51/749 1256/76/749 1273/31/749
f 1263/91/750 1281/54/750 1279/55/750
f 1269/3/751 1268/56/751 1278/77/751
f 1321/3/752 1320/1/752 1330/78/752
f 1294/79/753 1314/3525/753 1317/80/753
f 1287/158/754 1299/450/754 1301/167/754
f 1288/718/755 1301/167/755 1302/83/755
f 1290/82/756 1289/170/756 1302/83/756
f 1290/82/757 1303/84/757 1304/85/757
f 1295/87/758 1294/79/758 1307/81/758
f 1295/87/759 1308/88/759 1309/174/759
f 1296/177/760 1309/174/760 1310/141/760
f 1324/89/761 1325/25/761 1323/26/761
f 1320/27/762 1321/3520/762 1327/28/762
f 1326/30/2829 1327/331/2829 1345/31/2829
f 1318/33/764 1328/3521/764 1329/34/764
f 1318/36/765 1319/90/765 1337/31/765
f 1330/38/766 1331/38/766 1333/38/766
f 1336/38/753 1337/38/753 1335/38/753
f 1338/39/761 1339/3522/761 1341/40/761
f 1344/42/761 1345/3523/761 1343/43/761
f 1324/45/2830 1342/332/2830 1343/46/2830
f 1314/48/2831 1334/648/2831 1335/49/2831
f 1316/76/769 1333/31/769 1331/52/769
f 1323/91/2832 1341/54/2832 1339/55/2832
f 1329/3/2833 1328/56/2833 1338/77/2833
f 1381/3/772 1380/1/772 1390/78/772
f 1354/333/773 1374/3649/773 1377/334/773
f 1350/340/774 1363/339/774 1364/341/774
f 1354/333/775 1367/335/775 1368/343/775
f 1382/24/782 1384/89/782 1385/25/782
f 1380/27/777 1381/3520/777 1387/28/777
f 1386/30/778 1387/331/778 1405/31/778
f 1378/33/779 1388/3521/779 1389/34/779
f 1379/90/780 1397/31/780 1396/37/780
f 1390/38/781 1391/38/781 1393/38/781
f 1396/38/773 1397/38/773 1395/38/773
f 1398/39/782 1399/3522/782 1401/40/782
f 1404/42/782 1405/3523/782 1403/43/782
f 1384/45/2834 1402/332/2834 1403/46/2834
f 1374/48/2835 1394/648/2835 1395/49/2835
f 1376/76/785 1393/31/785 1391/52/785
f 1383/91/2836 1401/54/2836 1399/55/2836
f 1389/3/787 1388/56/787 1398/77/787
f 1532/4056/788 1531/4057/788 1530/4058/788
f 1530/4058/788 1529/4059/788 1528/4060/788
f 1528/4060/788 1527/4061/788 1533/4062/788
f 1527/4061/788 1526/4063/788 1534/4064/788
f 1533/4062/788 1527/4061/788 1534/4064/788
f 1532/4056/788 1530/4058/788 1528/4060/788
f 1533/4062/788 1532/4056/788 1528/4060/788
f 1536/4065/788 1535/4066/788 1525/4067/788
f 1535/4066/788 1534/4064/788 1526/4063/788
f 1525/4067/788 1535/4066/788 1526/4063/788
f 1537/4068/788 1536/4065/788 1523/4069/788
f 1539/967/788 1538/4070/788 1521/4071/788
f 1538/4070/788 1537/4068/788 1521/4071/788
f 1541/4072/788 1540/4073/788 1519/966/788
f 1540/4073/788 1539/967/788 1519/966/788
f 1542/4074/2837 1541/4072/2837 1518/4075/2837
f 1536/4065/788 1525/4067/788 1524/4076/788
f 1536/4065/788 1524/4076/788 1523/4069/788
f 1546/4077/788 1545/4078/788 1544/4079/788
f 1548/4080/788 1547/4081/788 1549/4082/788
f 1547/4081/788 1546/4077/788 1549/4082/788
f 1550/4083/788 1549/4082/788 1546/4077/788
f 1550/4083/788 1546/4077/788 1544/4079/788
f 1550/4083/788 1544/4079/788 1551/4084/788
f 1544/4079/788 1543/4085/788 1551/4084/788
f 1552/4086/788 1551/4084/788 1543/4085/788
f 1553/4087/788 1552/4086/788 1514/4088/788
f 1552/4086/788 1543/4085/788 1514/4088/788
f 1543/4085/788 1542/4074/788 1518/4075/788
f 1515/4089/788 1543/4085/788 1518/4075/788
f 1537/4068/788 1523/4069/788 1522/4090/788
f 1511/4091/788 1510/4092/788 1555/4093/788
f 1513/4094/788 1512/4095/788 1511/4091/788
f 1513/4094/788 1511/4091/788 1555/4093/788
f 1513/4094/788 1555/4093/788 1554/4096/788
f 1514/4088/788 1513/4094/788 1554/4096/788
f 1514/4088/788 1554/4096/788 1553/4087/788
f 1515/4089/788 1514/4088/788 1543/4085/788
f 1518/4075/788 1517/4097/788 1516/4098/788
f 1516/4098/788 1515/4089/788 1518/4075/788
f 1537/4068/788 1522/4090/788 1521/4071/788
f 1519/966/788 1518/4075/788 1541/4072/788
f 1539/967/788 1521/4071/788 1520/965/788
f 1498/4099/789 1499/4100/789 1500/4101/789
f 1498/4099/789 1500/4101/789 1501/4102/789
f 1497/4103/789 1498/4099/789 1501/4102/789
f 1502/4104/789 1503/4105/789 1497/4103/789
f 1503/4105/789 1504/4106/789 1497/4103/789
f 1497/4103/789 1501/4102/789 1502/4104/789
f 1496/4107/789 1497/4103/789 1504/4106/789
f 1495/4108/789 1496/4107/789 1505/4109/789
f 1496/4107/789 1504/4106/789 1505/4109/789
f 1494/4110/789 1495/4108/789 1507/4111/789
f 1495/4108/789 1505/4109/789 1506/4112/789
f 1506/4112/789 1507/4111/789 1495/4108/789
f 1507/4111/789 1508/968/789 1494/4110/789
f 1509/969/789 1492/4113/789 1493/970/789
f 1493/970/789 1494/4110/789 1508/968/789
f 1491/971/789 1488/4114/789 1489/972/789
f 1487/974/790 1486/4115/790 1485/975/790
f 1478/4116/790 1477/4117/790 1463/4118/790
f 1477/4117/790 1476/4119/790 1464/4120/790
f 1463/4118/790 1477/4117/790 1464/4120/790
f 1476/4119/790 1475/4121/790 1465/4122/790
f 1475/4121/790 1474/4123/790 1466/4124/790
f 1474/4123/790 1473/4125/790 1466/4124/790
f 1473/4125/790 1472/4126/790 1467/4127/790
f 1472/4126/790 1471/4128/790 1469/4129/790
f 1471/4128/790 1470/4130/790 1469/4129/790
f 1469/4129/790 1468/4131/790 1472/4126/790
f 1475/4121/790 1466/4124/790 1465/4122/790
f 1473/4125/790 1467/4127/790 1466/4124/790
f 1479/977/790 1478/4116/790 1462/978/790
f 1481/4132/790 1480/4133/790 1460/4134/790
f 1480/4133/790 1479/977/790 1461/979/790
f 1483/4135/790 1482/4136/790 1459/4137/790
f 1482/4136/790 1481/4132/790 1460/4134/790
f 1459/4137/790 1482/4136/790 1460/4134/790
f 1454/4138/790 1453/4139/790 1452/4140/790
f 1455/4141/790 1454/4138/790 1452/4140/790
f 1452/4140/790 1483/4135/790 1457/4142/790
f 1480/4133/790 1461/979/790 1460/4134/790
f 1478/4116/790 1463/4118/790 1462/978/790
f 1472/4126/790 1468/4131/790 1467/4127/790
f 1456/4143/790 1455/4141/790 1452/4140/790
f 1457/4142/790 1456/4143/790 1452/4140/790
f 1458/4144/790 1457/4142/790 1483/4135/790
f 1459/4137/790 1458/4144/790 1483/4135/790
f 1476/4119/790 1465/4122/790 1464/4120/790
f 1419/4145/791 1418/4146/791 1427/4147/791
f 1418/4146/791 1417/4148/791 1427/4147/791
f 1417/4148/791 1416/4149/791 1415/4150/791
f 1417/4148/791 1415/4150/791 1429/4151/791
f 1415/4150/791 1414/4152/791 1429/4151/791
f 1422/4153/791 1421/4154/791 1420/4155/791
f 1425/4156/791 1424/4157/791 1423/4158/791
f 1423/4158/791 1422/4153/791 1420/4155/791
f 1409/4159/791 1408/4160/791 1407/4161/791
f 1409/4159/791 1407/4161/791 1434/4162/791
f 1407/4161/791 1406/4163/791 1434/4162/791
f 1172/4164/791 1173/4165/791 1436/4166/791
f 1173/4165/791 1185/4167/791 1437/4168/791
f 1423/4158/791 1420/4155/791 1425/4156/791
f 1420/4155/791 1419/4145/791 1426/4169/791
f 1426/4169/791 1425/4156/791 1420/4155/791
f 1429/4151/791 1428/4170/791 1417/4148/791
f 1428/4170/791 1427/4147/791 1417/4148/791
f 1427/4147/791 1426/4169/791 1419/4145/791
f 1245/4171/791 1246/4172/791 1293/4173/791
f 1246/4172/791 1292/4174/791 1293/4173/791
f 1233/982/791 1245/4171/791 1293/4173/791
f 1305/4175/791 1306/4176/791 1352/4177/791
f 1233/982/791 1293/4173/791 1305/4175/791
f 1233/982/791 1305/4175/791 1442/4178/791
f 1305/4175/791 1352/4177/791 1442/4178/791
f 1352/4177/791 1353/4179/791 1443/4180/791
f 1442/4178/791 1352/4177/791 1443/4180/791
f 1353/4179/791 1365/4181/791 1450/4182/791
f 1365/4181/791 1366/4183/791 1451/4184/791
f 1365/4181/791 1451/4184/791 1450/4182/791
f 1450/4182/791 1449/4185/791 1444/4186/791
f 1353/4179/791 1450/4182/791 1444/4186/791
f 1448/4187/791 1447/4188/791 1446/4189/791
f 1449/4185/791 1448/4187/791 1445/4190/791
f 1430/4191/791 1429/4151/791 1413/4192/791
f 1429/4151/791 1414/4152/791 1413/4192/791
f 1431/4193/791 1430/4191/791 1412/4194/791
f 1430/4191/791 1413/4192/791 1412/4194/791
f 1432/4195/791 1431/4193/791 1411/4196/791
f 1431/4193/791 1412/4194/791 1411/4196/791
f 1433/4197/791 1432/4195/791 1410/4198/791
f 1432/4195/791 1411/4196/791 1410/4198/791
f 1436/4166/791 1435/4199/791 1172/4164/791
f 1435/4199/791 1434/4162/791 1406/4163/791
f 1172/4164/791 1435/4199/791 1406/4163/791
f 1434/4162/791 1433/4197/791 1409/4159/791
f 1433/4197/791 1410/4198/791 1409/4159/791
f 1449/4185/791 1445/4190/791 1444/4186/791
f 1448/4187/791 1446/4189/791 1445/4190/791
f 1437/4168/791 1436/4166/791 1173/4165/791
f 1439/4200/791 1438/4201/791 1186/4202/791
f 1438/4201/791 1437/4168/791 1185/4167/791
f 1441/980/791 1440/4203/791 1232/981/791
f 1440/4203/791 1439/4200/791 1232/981/791
f 1442/4178/791 1441/980/791 1233/982/791
f 1438/4201/791 1185/4167/791 1186/4202/791
f 1444/4186/791 1443/4180/791 1353/4179/791
f 1439/4200/791 1186/4202/791 1232/981/791
f 1561/984/792 1564/4204/792 1560/4205/792
f 1190/22/792 1191/107/792 1561/984/792
f 1191/107/792 1565/4206/792 1567/4207/792
f 1569/4208/792 1191/107/792 1567/4207/792
f 1569/4208/792 1576/4209/792 1191/107/792
f 1576/4209/792 1574/983/792 1191/107/792
f 1561/984/792 1560/4205/792 1190/22/792
f 1570/986/792 1573/4210/792 1559/4211/792
f 1573/4210/792 1558/4212/792 1559/4211/792
f 1558/4212/792 1563/4213/792 1559/4211/792
f 1559/4211/792 1575/4214/792 1568/4215/792
f 1568/4215/792 1566/4216/792 1570/986/792
f 1566/4216/792 1178/110/792 1570/986/792
f 1178/110/792 1177/23/792 1556/985/792
f 1177/23/792 1562/4217/792 1556/985/792
f 1562/4217/2838 1557/4218/2838 1556/985/2838
f 1556/985/792 1571/4219/792 1570/986/792
f 1571/4219/792 1572/4220/792 1570/986/792
f 1570/986/792 1559/4211/792 1568/4215/792
f 1585/988/793 1565/4221/793 1191/107/793
f 1191/107/793 1180/113/793 1584/987/793
f 1180/113/793 1578/4222/793 1582/4223/793
f 1584/987/793 1180/113/793 1582/4223/793
f 1583/990/793 1580/4224/793 1579/991/793
f 1579/991/2839 1581/4225/2839 1566/4226/2839
f 1581/4225/793 1166/995/793 1178/110/793
f 1178/110/793 1566/4226/793 1581/4225/793
f 1566/4226/793 1577/4227/793 1579/991/793
f 1577/4227/793 1586/989/793 1579/991/793
f 1597/993/794 1592/4228/794 1179/994/794
f 1592/4228/794 1595/4229/794 1179/994/794
f 1595/4229/794 1578/4230/794 1180/113/794
f 1180/113/794 1179/994/794 1595/4229/794
f 1179/994/794 1601/4231/794 1591/992/794
f 1601/4231/794 1602/4232/794 1599/4233/794
f 1599/4233/794 1590/4234/794 1601/4231/794
f 1590/4234/794 1591/992/794 1601/4231/794
f 1591/992/794 1598/4235/794 1597/993/794
f 1587/4236/794 1600/4237/794 1166/995/794
f 1600/4237/794 1167/7/794 1166/995/794
f 1166/995/794 1581/4238/794 1594/4239/794
f 1166/995/794 1594/4239/794 1593/4240/794
f 1588/4241/794 1587/4236/794 1166/995/794
f 1166/995/794 1593/4240/794 1596/996/794
f 1589/997/794 1588/4241/794 1166/995/794
f 1610/4242/795 1613/4243/795 1608/4244/795
f 1613/4243/795 1603/4245/795 1600/999/795
f 1603/4245/795 1606/4246/795 1605/998/795
f 1605/998/795 1604/4247/795 1167/7/795
f 1604/4247/795 1612/4248/795 1168/9/795
f 1612/4248/795 1607/4249/795 1168/9/795
f 1600/999/795 1608/4244/795 1613/4243/795
f 1603/4245/795 1605/998/795 1600/999/795
f 1604/4247/795 1168/9/795 1167/7/795
f 1609/1001/795 1611/4250/795 1601/1002/795
f 1601/1002/795 1179/994/795 1372/1000/795
f 1179/994/795 1181/8/795 1372/1000/795
f 1181/8/795 1312/4251/795 1372/1000/795
f 1619/4252/796 1621/4253/796 1617/4254/796
f 1621/4253/796 1615/4255/796 1614/4256/796
f 1614/4256/796 1616/4257/796 1618/4258/796
f 1621/4253/796 1614/4256/796 1617/4254/796
f 1607/4259/796 1620/4260/796 1168/9/796
f 1620/4260/796 1617/4254/796 1168/9/796
f 1614/4256/796 1618/4258/796 1622/1003/796
f 1622/1003/796 1312/4261/796 1181/8/796
f 1169/10/796 1168/9/796 1617/4254/796
f 1622/1003/796 1181/8/796 1182/11/796
f 1169/10/796 1617/4254/796 1614/4256/796
f 1614/4256/796 1622/1003/796 1169/10/796
f 1623/1005/797 1562/4262/797 1176/20/797
f 1562/4262/797 1177/23/797 1176/20/797
f 1176/20/797 1189/21/797 1623/1005/797
f 1189/21/797 1190/22/797 1560/1004/797
s 1
f 1622/1432/799 1292/1431/799 1312/1008/799
f 1292/1431/799 1246/1006/798 1312/1008/799
s 0
f 1625/4263/2840 1624/4264/2840 1237/75/2840
f 1624/4264/2841 1238/127/2841 1237/75/2841
f 1237/75/2841 1250/74/2841 1626/1010/2841
f 1625/4263/2841 1237/75/2841 1626/1010/2841
f 1250/74/2841 1251/123/2841 1627/4265/2841
f 1250/74/2841 1627/4265/2841 1629/4266/2841
f 1250/74/2841 1629/4266/2841 1628/1009/2841
f 1652/4267/2842 1656/1021/2842 1632/1020/2842
f 1650/4268/801 1226/126/801 1651/4269/801
f 1226/126/801 1238/127/801 1637/1012/801
f 1651/4269/801 1226/126/801 1637/1012/801
f 1238/127/801 1624/4270/801 1637/1012/801
f 1624/4270/801 1646/1013/801 1637/1012/801
f 1646/1013/2842 1633/4271/2842 1634/1011/2842
f 1652/4267/801 1632/1020/801 1650/4268/801
f 1651/4269/801 1652/4267/801 1650/4268/801
f 1635/4272/801 1631/4273/801 1634/1011/801
f 1631/4273/801 1630/1019/801 1634/1011/801
f 1633/4271/801 1635/4272/801 1634/1011/801
f 1663/1015/801 1658/4274/801 1638/4275/801
f 1658/4274/2842 1636/4276/2842 1638/4275/2842
f 1638/4275/2842 1640/4277/2842 1643/4278/2842
f 1663/1015/801 1638/4275/801 1639/1016/801
f 1643/4278/801 1644/4279/801 1639/1016/801
f 1639/1016/801 1647/4280/801 1659/4281/801
f 1659/4281/801 1661/4282/801 1649/4283/801
f 1639/1016/801 1649/4283/801 1657/1014/801
f 1655/4284/801 1654/4285/801 1649/4283/801
f 1649/4283/801 1639/1016/801 1659/4281/801
f 1661/4282/801 1655/4284/801 1649/4283/801
f 1643/4278/801 1639/1016/801 1638/4275/801
f 1657/1014/801 1649/4283/801 1648/4286/801
f 1662/1017/801 1660/4287/801 1645/4288/801
f 1662/1017/801 1645/4288/801 1642/1018/801
f 1240/3204/801 1653/4289/801 1662/1017/801
f 1627/4290/801 1251/123/801 1641/4291/801
f 1251/123/801 1240/3204/801 1662/1017/801
f 1641/4291/801 1251/123/801 1642/1018/801
f 1630/1019/801 1631/4273/801 1632/1020/801
f 1667/4292/802 1653/4293/802 1239/702/802
f 1653/4293/802 1240/3204/802 1239/702/802
f 1227/135/802 1226/126/802 1668/1022/802
f 1226/126/802 1650/4294/802 1668/1022/802
f 1649/4295/802 1654/4296/802 1664/4297/802
f 1654/4296/802 1667/4292/802 1666/4298/802
f 1665/4299/802 1664/4297/802 1654/4296/802
f 1666/4298/802 1665/4299/802 1654/4296/802
f 1667/4292/802 1239/702/802 1668/1022/802
f 1666/4298/802 1667/4292/802 1668/1022/802
s 1
f 1541/1023/803 1542/4300/804 1670/1024/804
s 0
f 1671/1027/806 1672/4301/806 1297/487/806
f 1672/4301/806 1298/152/806 1297/487/806
f 1297/487/806 1310/141/806 1671/1027/806
f 1310/141/806 1311/146/806 1671/1027/806
f 1677/4302/807 1676/4303/807 1681/4304/807
f 1676/4303/2843 1675/4305/2843 1686/1028/2843
f 1686/1028/807 1699/4306/807 1286/447/807
f 1676/4303/807 1686/1028/807 1681/4304/807
f 1678/4307/807 1674/4308/807 1681/4304/807
f 1674/4308/807 1677/4302/807 1681/4304/807
f 1682/4309/807 1679/4310/807 1678/4307/807
f 1681/4304/807 1682/4309/807 1678/4307/807
f 1686/1028/807 1286/447/807 1298/152/807
f 1672/4311/807 1683/1033/807 1684/4312/807
f 1683/1033/807 1680/1032/807 1684/4312/807
f 1672/4311/807 1684/4312/807 1685/1029/807
f 1685/1029/807 1681/4304/807 1686/1028/807
f 1298/152/807 1672/4311/807 1685/1029/807
f 1673/1030/807 1311/146/807 1300/157/807
f 1679/4310/807 1682/4309/807 1694/1034/807
f 1682/4309/807 1680/1032/807 1694/1034/807
f 1693/4313/807 1698/4314/807 1692/1037/807
f 1692/1037/807 1689/4315/807 1688/4316/807
f 1689/4315/807 1687/4317/807 1688/4316/807
f 1688/4316/807 1690/4318/807 1692/1037/807
f 1690/4318/807 1691/4319/807 1696/1035/807
f 1692/1037/807 1690/4318/807 1696/1035/807
f 1697/1036/807 1693/4313/807 1692/1037/807
f 1700/1039/808 1695/4320/808 1299/450/808
f 1695/4320/808 1300/157/808 1299/450/808
f 1287/158/808 1286/447/808 1699/1038/808
f 1699/1038/2844 1689/4321/2844 1700/1039/2844
f 1689/4321/808 1692/4322/808 1700/1039/808
f 1700/1039/808 1299/450/808 1287/158/808
f 1291/86/809 1304/85/809 1315/172/809
s 1
f 1604/1040/810 1448/1430/1121 1449/1041/811
s 0
f 1357/347/813 1704/4323/813 1701/1043/813
f 1704/4323/813 1702/4324/813 1701/1043/813
f 1701/1043/813 1708/4325/813 1358/593/813
f 1708/4325/813 1707/4326/813 1358/593/813
f 1711/1044/2845 1710/4327/2845 1709/1045/2845
f 1709/1045/813 1706/4328/813 1705/1046/813
f 1706/4328/813 1703/4329/813 1705/1046/813
f 1705/1046/813 1370/348/813 1711/1044/813
f 1370/348/813 1371/590/813 1711/1044/813
f 1712/4330/814 1716/4331/814 1346/600/814
f 1358/593/814 1707/4332/814 1720/4333/814
f 1707/4332/814 1714/4334/814 1718/1049/814
f 1720/4333/814 1707/4332/814 1718/1049/814
f 1669/1047/814 1670/4335/814 1719/1048/814
f 1714/4334/814 1669/1047/814 1718/1049/814
f 1712/4330/814 1346/600/814 1358/593/814
f 1720/4333/814 1712/4330/814 1358/593/814
f 1719/1048/814 1717/4336/814 1718/1049/814
f 1713/1050/814 1715/4337/814 1711/4338/814
f 1711/4338/814 1371/590/814 1713/1050/814
f 1371/590/814 1360/597/814 1713/1050/814
f 1360/597/814 1723/4339/814 1721/1051/814
f 1721/1051/2846 1722/4340/2846 1713/1050/2846
f 1717/1052/2847 1719/4341/2847 1730/1053/2847
f 1739/4342/815 1729/4343/815 1736/4344/815
f 1729/4343/815 1723/1055/815 1736/4344/815
f 1360/597/2847 1359/725/2847 1737/1056/2847
f 1359/725/815 1738/4345/815 1737/1056/815
f 1737/1056/2847 1736/4344/2847 1723/1055/2847
f 1347/599/815 1346/600/815 1716/1057/815
f 1732/4346/815 1733/4347/815 1726/1061/815
f 1733/4347/815 1724/4348/815 1726/1061/815
f 1726/1061/815 1727/4349/815 1734/1059/815
f 1732/4346/815 1726/1061/815 1735/1060/815
f 1727/4349/815 1728/4350/815 1734/1059/815
f 1745/1063/817 1738/4351/817 1361/337/817
f 1738/4351/817 1359/725/817 1361/337/817
f 1741/1068/817 1743/4352/817 1740/1069/817
f 1743/4352/817 1348/655/817 1740/1069/817
f 1348/655/817 1347/599/817 1731/4353/817
f 1740/1069/817 1732/4354/817 1735/1067/817
f 1348/655/817 1731/4353/817 1740/1069/817
f 1744/1070/818 1361/337/818 1362/338/818
f 1746/1072/818 1349/336/818 1348/655/818
f 1748/1075/819 1747/4355/819 1363/339/819
f 1747/4355/819 1362/338/819 1363/339/819
f 1363/339/819 1350/340/819 1748/1075/819
f 1350/340/819 1349/336/819 1748/1075/819
f 1351/342/766 1364/341/766 1375/349/766
f 1752/4356/820 1749/4357/820 1753/4358/820
f 1753/4358/820 1750/4359/820 1356/345/820
f 1356/345/820 1355/344/820 1753/4358/820
f 1355/344/820 1368/343/820 1757/1077/820
f 1753/4358/820 1355/344/820 1754/4360/820
f 1368/343/820 1369/346/820 1755/1076/820
f 1757/1077/820 1754/4360/820 1355/344/820
f 1754/4360/820 1752/4356/820 1753/4358/820
f 1758/1078/2848 1751/4361/2848 1759/1079/2848
f 1764/1085/822 1704/4362/822 1356/345/822
f 1704/4362/822 1357/347/822 1356/345/822
f 1768/4363/822 1766/4364/822 1370/348/822
f 1766/4364/822 1767/1086/822 1370/348/822
f 1767/1086/822 1755/4365/822 1369/346/822
f 1370/348/822 1705/4366/822 1768/4363/822
f 1705/4366/822 1765/4367/822 1751/4368/822
f 1768/4363/822 1705/4366/822 1751/4368/822
f 1765/4367/822 1760/4369/822 1751/4368/822
f 1760/4369/822 1761/4370/822 1751/4368/822
f 1761/4370/822 1762/4371/822 1751/4368/822
f 1751/4368/822 1758/4372/822 1768/4363/822
s 1
f 1676/1087/823 1494/1091/827 1493/1088/824
f 1677/1090/826 1495/1100/833 1494/1091/827
f 1612/1042/812 1449/1041/811 1450/1092/828
f 1719/1096/830 1670/1024/830 1542/4300/830
f 1542/4300/830 1543/1094/830 1719/1096/830
f 1372/1007/831 1246/1006/831 1245/1097/831
f 1674/1099/832 1496/1106/839 1495/1100/833
f 1607/1093/829 1450/1092/828 1451/1101/834
f 1543/1094/836 1544/4373/2849 1725/1103/836
f 1245/1097/837 1233/4374/837 1611/1104/837
f 1678/1105/838 1497/1115/844 1496/1106/839
f 1620/1102/835 1451/1101/834 1366/1107/840
f 1717/1111/842 1725/1103/842 1544/4373/842
f 1544/4373/842 1545/1109/842 1717/1111/842
f 1611/1104/2850 1233/4374/2850 1601/1114/843
f 1233/4374/2850 1232/1112/843 1601/1114/843
f 1679/1116/845 1694/4375/2851 1498/1121/852
f 1498/1121/852 1497/1115/844 1679/1116/845
f 1545/1109/846 1546/4376/2852 1720/1117/847
f 1232/1112/848 1186/1124/854 1599/1118/849
f 1672/1120/851 1671/4377/850 1499/1126/850
f 1499/1126/850 1498/1121/852 1672/1120/851
f 1498/1121/852 1694/4375/2851 1683/1119/850
f 1720/1117/847 1546/4376/2852 1547/1122/853
f 1186/1124/854 1185/1135/861 1590/1125/855
f 1700/1138/856 1500/1137/856 1695/1128/856
f 1500/1137/856 1499/1126/856 1695/1128/856
f 1499/1126/856 1671/4377/856 1673/1127/857
f 1452/1129/858 1453/1140/858 1666/1130/858
f 1716/1133/860 1712/4378/860 1547/4379/860
f 1547/4379/860 1548/1134/859 1716/1133/860
f 1548/1134/859 1740/4380/859 1731/1132/859
f 1185/1135/861 1173/1145/870 1591/1136/862
f 1692/1139/864 1698/1148/864 1501/1129/864
f 1501/1129/864 1500/1137/863 1692/1139/864
f 1453/1140/865 1454/1149/874 1665/1141/866
f 1732/1144/869 1740/4380/869 1548/1134/869
f 1548/1134/869 1549/1142/867 1732/1144/869
f 1173/1145/870 1172/4381/871 1598/1146/871
f 1693/1147/872 1502/1156/879 1501/1129/873
f 1454/1149/874 1455/4382/2853 1664/1150/875
f 1733/1143/868 1549/1142/867 1550/1151/876
f 1598/1146/871 1172/4381/871 1406/1153/877
f 1697/1155/878 1503/1165/878 1502/1156/879
f 1649/1159/882 1664/1150/875 1455/4382/2853
f 1455/4382/2853 1456/1157/880 1649/1159/882
f 1724/1152/883 1550/1151/883 1551/1160/884
f 1597/1154/877 1406/1153/877 1407/1162/886
f 1696/1164/888 1504/1172/893 1503/1165/878
f 1456/1157/880 1457/1173/894 1657/1166/889
f 1726/1161/885 1551/1160/884 1552/1167/890
f 1592/1163/887 1407/1162/886 1408/1169/891
f 1691/1171/892 1505/1180/902 1504/1172/893
f 1457/1173/894 1458/1181/903 1663/1174/895
f 1552/1167/896 1553/1183/905 1728/1175/897
f 1595/1170/2854 1408/1169/2855 1578/1178/900
f 1408/1169/2855 1409/1176/898 1578/1178/900
f 1690/1179/901 1506/1187/909 1505/1180/902
f 1458/1181/903 1459/1188/910 1658/1182/904
f 1553/1183/905 1554/4383/2856 1734/1184/906
f 1409/1176/898 1410/1193/913 1584/1185/907
f 1688/1186/908 1507/1196/916 1506/1187/909
f 1459/1188/910 1460/1197/917 1636/1189/911
f 1735/1192/912 1734/1184/906 1554/4383/2856
f 1554/4383/2856 1555/1190/912 1735/1192/912
f 1410/1193/913 1411/4384/2857 1585/1194/914
f 1687/1195/915 1508/1205/923 1507/1196/916
f 1460/1197/917 1461/1207/925 1638/1198/883
f 1743/1200/919 1741/1191/2858 1555/1190/919
f 1555/1190/919 1510/1201/918 1743/1200/919
f 1510/1201/918 1748/4385/2859 1746/1199/918
f 1585/1194/914 1411/4384/2857 1565/1204/922
f 1411/4384/2857 1412/1202/920 1565/1204/922
f 1689/1206/924 1699/4386/2860 1509/4387/2861
f 1509/4387/2861 1508/1205/923 1689/1206/924
f 1461/1207/925 1462/4388/2862 1640/1208/926
f 1412/1202/920 1413/1215/932 1569/1209/927
f 1492/1210/928 1509/4389/929 1699/1211/929
f 1640/1208/926 1462/4388/2862 1463/1213/930
f 1413/1215/932 1414/1219/935 1576/1216/933
f 1643/1214/931 1463/1213/930 1464/1217/934
f 1414/1219/935 1415/1223/939 1574/1220/936
f 1644/1218/803 1464/1217/934 1465/1221/937
f 1415/1223/939 1416/1227/940 1561/1224/940
f 1639/1222/938 1465/1221/937 1466/1225/941
f 1416/1227/943 1417/4390/943 1564/1228/943
f 1647/1226/942 1466/1225/941 1467/1229/944
f 1560/1233/947 1564/1228/947 1417/4390/947
f 1417/4390/947 1418/1231/946 1560/1233/947
f 1748/4385/948 1510/1201/948 1747/1236/949
f 1510/1201/948 1511/1234/948 1747/1236/949
f 1511/1234/948 1745/4391/948 1744/1235/948
f 1659/1230/945 1467/1229/944 1468/1237/950
f 1623/1232/952 1418/1231/2863 1419/1239/953
f 1738/1243/956 1745/4391/955 1511/1234/955
f 1511/1234/955 1512/1241/955 1738/1243/956
f 1661/1238/951 1468/1237/950 1469/1244/957
f 1562/1240/954 1419/1239/953 1420/1246/958
f 1736/1250/961 1737/1242/960 1512/1241/960
f 1512/1241/960 1513/1248/960 1736/1250/961
f 1654/1253/962 1655/1245/957 1469/1244/957
f 1469/1244/957 1470/1251/962 1654/1253/962
f 1557/1247/959 1420/1246/958 1421/1254/964
f 1742/1249/2864 1513/1248/2864 1739/1258/967
f 1513/1248/2864 1514/1256/965 1739/1258/967
f 1653/1261/969 1667/1252/969 1470/1251/969
f 1470/1251/969 1471/1259/968 1653/1261/969
f 1556/1262/970 1421/4392/2865 1422/1263/971
f 1723/1267/975 1729/1257/966 1514/1256/965
f 1514/1256/965 1515/1265/973 1723/1267/975
f 1471/1259/976 1472/1273/976 1660/1268/976
f 1571/1264/972 1422/1263/971 1423/1269/977
f 1721/1266/974 1515/1265/973 1516/1271/979
f 1472/1273/981 1473/1279/985 1645/1274/982
f 1572/1270/978 1423/1269/977 1424/1275/983
f 1722/1272/980 1516/1271/979 1517/1277/984
f 1473/1279/985 1474/1283/991 1642/1280/986
f 1424/1275/987 1425/1285/993 1573/1281/988
f 1517/1277/989 1518/4393/990 1715/1282/990
f 1474/1283/991 1475/4394/2866 1641/1284/992
f 1425/1285/993 1426/1293/1001 1558/1286/994
f 1711/1289/997 1715/1282/997 1518/4393/997
f 1518/4393/997 1519/1287/995 1711/1289/997
f 1627/1292/1000 1641/1284/992 1475/4394/2866
f 1475/4394/2866 1476/1290/998 1627/1292/1000
f 1426/1293/1001 1427/4395/2867 1563/1294/1002
f 1710/1288/996 1519/1287/995 1520/1295/1003
f 1476/1290/998 1477/1302/1008 1628/1297/1004
f 1563/1294/1005 1427/4395/1005 1428/1298/1005
f 1709/1296/1003 1520/1295/1003 1521/1300/1006
f 1477/1302/1008 1478/4396/1009 1626/1303/1009
f 1559/1299/1010 1428/1298/1010 1429/1304/1010
f 1706/1301/1007 1521/1300/1006 1522/1306/1011
f 1626/1303/1009 1478/4396/1009 1479/1308/1013
f 1575/1305/1015 1429/1304/1015 1430/1310/1016
f 1705/1314/1020 1703/1307/1012 1522/1306/1011
f 1522/1306/1011 1523/1312/1018 1705/1314/1020
f 1624/1317/1023 1625/1309/1014 1479/1308/1013
f 1479/1308/1013 1480/1315/1021 1624/1317/1023
f 1566/1320/1026 1568/1311/1017 1430/1310/1016
f 1430/1310/1016 1431/1318/1024 1566/1320/1026
f 1765/1313/1019 1523/1312/1018 1524/1321/1027
f 1646/1316/1022 1480/1315/1021 1481/1323/1029
f 1577/1319/1025 1431/1318/1024 1432/1325/1031
f 1760/1322/1028 1524/1321/1027 1525/1327/1033
f 1633/1324/1030 1481/1323/1029 1482/1329/1035
f 1586/1326/1032 1432/1325/1031 1433/1331/1037
f 1761/1328/1034 1525/1327/1033 1526/1333/1039
f 1635/1330/1036 1482/1329/1035 1483/1335/1040
f 1583/1332/1038 1433/1331/1037 1434/1337/1042
f 1751/1341/1045 1762/1334/1045 1526/1333/1045
f 1526/1333/1045 1527/1339/1043 1751/1341/1045
f 1632/1343/1047 1631/1336/1041 1483/1335/1040
f 1483/1335/1040 1452/1107/2868 1650/1342/1046
f 1452/1107/2868 1668/4397/2868 1650/1342/1046
f 1434/1337/1048 1435/4398/2869 1579/1344/1049
f 1759/1340/1044 1527/1339/1043 1528/1345/1050
f 1656/1349/1052 1652/1370/2870 1484/1347/1051
f 1484/1347/1051 1485/1356/2871 1630/1348/1051
f 1485/1356/2871 1634/1358/2871 1630/1348/1051
f 1581/1352/1054 1579/1344/1049 1435/4398/2869
f 1435/4398/2869 1436/1350/1053 1581/1352/1054
f 1758/1355/1055 1756/1346/1055 1528/1345/1055
f 1528/1345/1055 1529/1353/1055 1758/1355/1055
f 1485/1356/1056 1486/4399/1056 1637/1357/1056
f 1594/1351/1053 1436/1350/1053 1437/1359/1057
f 1768/1354/1059 1529/1353/1059 1530/1361/1060
f 1637/1357/1062 1486/4399/1062 1487/1363/1063
f 1593/1360/1058 1437/1359/1057 1438/1365/1064
f 1766/1362/1061 1530/1361/1060 1531/1367/1066
f 1651/1369/1067 1487/1107/1067 1484/1347/1067
f 1596/1366/1065 1438/1365/1064 1439/1371/1069
f 1755/1375/1071 1767/1368/1071 1531/1367/1071
f 1531/1367/1071 1532/1373/1071 1755/1375/1071
f 1589/1372/1070 1439/1371/1069 1440/1376/1072
f 1532/1373/831 1533/4400/2872 1754/1378/1074
f 1588/1377/1073 1440/1376/1072 1441/1379/1075
f 1752/1383/1076 1754/1378/1074 1533/4400/2872
f 1533/4400/2872 1534/1381/1076 1752/1383/1076
f 1600/1386/1077 1587/1380/2873 1441/1379/2873
f 1441/1379/2873 1442/1384/1077 1600/1386/1077
f 1749/1389/1080 1763/1382/2874 1534/1381/1078
f 1534/1381/1078 1535/1387/1078 1749/1389/1080
f 1366/1107/1081 1365/4401/2875 1619/1390/1082
f 1442/1384/1083 1443/1401/1091 1610/1392/1084
f 1750/1395/1087 1753/1388/2876 1535/1387/1087
f 1535/1387/1087 1536/1393/1085 1750/1395/1087
f 1619/1390/1082 1365/4401/2875 1353/1396/1088
f 1489/1398/1090 1488/1107/2877 1682/1399/1090
f 1443/1401/1091 1444/1410/1099 1613/1402/1092
f 1704/1405/1095 1764/1394/1086 1536/1393/1085
f 1536/1393/1085 1537/1403/1093 1704/1405/1095
f 1621/1397/1089 1353/1396/1088 1352/1406/1096
f 1490/1408/1097 1489/1398/1098 1681/1400/1098
f 1444/1410/1099 1445/1416/1105 1603/1411/1100
f 1537/1403/1093 1538/1418/2878 1701/1412/1101
f 1615/1407/1102 1352/1406/1102 1306/1413/1102
f 1684/1415/1103 1491/1421/1103 1490/1408/1103
f 1445/1416/1105 1446/1423/1112 1606/1417/1106
f 1538/1418/1107 1539/4402/2879 1708/1419/1108
f 1306/1413/1109 1305/4403/1110 1616/1420/1110
f 1680/1422/1111 1682/4404/2880 1488/4405/1111
f 1488/4405/1111 1491/1421/1111 1680/1422/1111
f 1446/1423/1112 1447/4406/2881 1605/1424/1113
f 1707/1427/1116 1708/1419/1108 1539/4402/2879
f 1539/4402/2879 1540/1425/1114 1707/1427/1116
f 1616/1420/1117 1305/4403/1117 1293/1428/1117
f 1675/1089/825 1493/1088/824 1492/1210/1118
f 1605/1424/1120 1447/4406/1120 1448/1430/1121
f 1540/1425/1114 1541/1023/803 1669/1025/805
f 1618/1429/1122 1293/1428/2882 1292/1431/1122
s 0
f 1803/1/2883 1813/78/2883 1815/2/2883
f 1777/4/1124 1797/3519/1124 1800/5/1124
f 1770/7/1125 1782/994/1125 1784/8/1125
f 1772/10/1126 1771/9/1126 1784/8/1126
f 1772/10/1127 1785/11/1127 1786/12/1127
f 1774/14/1128 1773/13/1128 1786/12/1128
f 1774/14/781 1787/15/781 1798/16/781
f 1805/24/1129 1807/89/1129 1808/25/1129
f 1803/27/1130 1804/3520/1130 1810/28/1130
f 1809/30/1131 1810/331/1131 1828/31/1131
f 1801/33/2884 1811/3521/2884 1812/34/2884
f 1801/36/2885 1802/90/2885 1820/31/2885
f 1813/38/1134 1814/38/1134 1816/38/1134
f 1819/38/1124 1820/38/1124 1818/38/1124
f 1821/39/1129 1822/3522/1129 1824/40/1129
f 1827/42/1129 1828/3523/1129 1826/43/1129
f 1807/45/1135 1825/332/1135 1826/46/1135
f 1800/50/1136 1797/48/1136 1817/648/1136
f 1799/76/2886 1816/31/2886 1814/52/2886
f 1805/53/2887 1806/91/2887 1824/54/2887
f 1812/3/1139 1811/56/1139 1821/77/1139
f 1863/1/2888 1873/78/2888 1875/2/2888
f 1837/58/1141 1857/3524/1141 1860/59/1141
f 1841/127/1142 1840/75/1142 1853/74/1142
f 1832/61/1143 1831/138/1143 1844/62/1143
f 1832/61/1144 1845/63/1144 1846/64/1144
f 1834/67/1145 1833/65/1145 1846/64/1145
f 1834/67/1134 1847/66/1134 1858/68/1134
f 1838/70/1146 1837/58/1146 1850/60/1146
f 1838/70/1147 1851/71/1147 1852/72/1147
f 1839/73/1148 1852/72/1148 1853/74/1148
f 1865/24/2889 1867/89/2889 1868/25/2889
f 1863/27/1150 1864/3520/1150 1870/28/1150
f 1869/30/2890 1870/331/2890 1888/31/2890
f 1861/33/1152 1871/3521/1152 1872/34/1152
f 1861/36/2891 1862/90/2891 1880/31/2891
f 1873/38/1154 1874/38/1154 1876/38/1154
f 1879/38/1141 1880/38/1141 1878/38/1141
f 1881/39/1149 1882/3522/1149 1884/40/1149
f 1887/42/1149 1888/3523/1149 1886/43/1149
f 1868/47/1156 1867/45/1156 1885/332/1156
f 1857/48/1157 1877/648/1157 1878/49/1157
f 1856/51/1158 1859/76/1158 1876/31/1158
f 1865/53/1159 1866/91/1159 1884/54/1159
f 1872/3/2892 1871/56/2892 1881/77/2892
f 1924/3/2893 1923/1/2893 1933/78/2893
f 1897/79/1162 1917/3525/1162 1920/80/1162
f 1893/82/1163 1892/170/1163 1905/83/1163
f 1893/82/1164 1906/84/1164 1907/85/1164
f 1898/87/1165 1897/79/1165 1910/81/1165
f 1927/89/2894 1928/25/2894 1926/26/2894
f 1923/27/2895 1924/3520/2895 1930/28/2895
f 1929/30/2896 1930/331/2896 1948/31/2896
f 1921/33/1169 1931/3521/1169 1932/34/1169
f 1922/90/1170 1940/31/1170 1939/37/1170
f 1933/38/1171 1934/38/1171 1936/38/1171
f 1939/38/1162 1940/38/1162 1938/38/1162
f 1941/39/1166 1942/3522/1166 1944/40/1166
f 1947/42/1166 1948/3523/1166 1946/43/1166
f 1927/45/1173 1945/332/1173 1946/46/1173
f 1917/48/2897 1937/648/2897 1938/49/2897
f 1919/76/1175 1936/31/1175 1934/52/1175
f 1925/53/1176 1926/91/1176 1944/54/1176
f 1932/3/1177 1931/56/1177 1941/77/1177
f 1984/3/2898 1983/1/2898 1993/78/2898
f 1957/333/1179 1977/3649/1179 1980/334/1179
f 1952/336/1180 1951/655/1180 1964/337/1180
f 1952/336/1181 1965/338/1181 1966/339/1181
f 1953/340/1182 1966/339/1182 1967/341/1182
f 1958/344/1183 1957/333/1183 1970/335/1183
f 1958/344/1184 1971/343/1184 1972/346/1184
f 1959/345/1185 1972/346/1185 1973/348/1185
f 1985/24/1186 1987/89/1186 1988/25/1186
f 1983/27/1187 1984/3520/1187 1990/28/1187
f 1989/30/1188 1990/331/1188 2008/31/1188
f 1981/33/1189 1991/3521/1189 1992/34/1189
f 1982/90/2899 2000/31/2899 1999/37/2899
f 1993/38/1191 1994/38/1191 1996/38/1191
f 1999/38/1179 2000/38/1179 1998/38/1179
f 2001/39/2900 2002/3522/2900 2004/40/2900
f 2007/42/1186 2008/3523/1186 2006/43/1186
f 1987/45/1192 2005/332/1192 2006/46/1192
f 1977/48/1193 1997/648/1193 1998/49/1193
f 1976/51/1194 1979/76/1194 1996/31/1194
f 1986/91/1195 2004/54/1195 2002/55/1195
f 1992/3/1196 1991/56/1196 2001/77/1196
f 2058/1434/1197 2057/4407/1197 2053/4408/1197
f 2057/4407/1197 2056/4409/1197 2054/4410/1197
f 2053/4408/1197 2057/4407/1197 2054/4410/1197
f 2056/4409/1197 2055/4411/1197 2054/4410/1197
f 2053/4408/1197 2052/1435/1197 2058/1434/1197
f 2052/1435/1197 2051/4412/1197 2050/1433/1197
f 2047/4413/1198 2046/4414/1198 2036/4415/1198
f 2046/4414/1198 2035/4416/1198 2036/4415/1198
f 2036/4415/1198 2037/4417/1198 2048/4418/1198
f 2047/4413/1198 2036/4415/1198 2048/4418/1198
f 2038/4419/1198 2039/4420/1198 2040/1436/1198
f 2037/4417/1198 2038/4419/1198 2049/1438/1198
f 2038/4419/1198 2040/1436/1198 2049/1438/1198
f 2040/1436/1198 2041/4421/1198 2042/1437/1198
f 2049/1438/1198 2048/4418/1198 2037/4417/1198
f 2032/4422/1198 2033/4423/1198 2034/4424/1198
f 2035/4416/1198 2046/4414/1198 2045/4425/1198
f 2032/4422/1198 2034/4424/1198 2035/4416/1198
f 2031/4426/1198 2032/4422/1198 2045/4425/1198
f 2032/4422/1198 2035/4416/1198 2045/4425/1198
f 2045/4425/1198 2044/4427/1198 2031/4426/1198
f 2044/4427/1198 2043/4428/1198 2029/4429/1198
f 2043/4428/1198 2042/1437/1198 2028/1440/1198
f 2042/1437/1198 2041/4421/1198 2026/4430/1198
f 2041/4421/1198 2024/4431/1198 2025/4432/1198
f 2026/4430/1198 2041/4421/1198 2025/4432/1198
f 2043/4428/1198 2028/1440/1198 2029/4429/1198
f 2030/4433/1198 2031/4426/1198 2044/4427/1198
f 2029/4429/1198 2030/4433/1198 2044/4427/1198
f 2042/1437/1198 2026/4430/1198 2027/1439/1198
f 2021/1441/1199 2022/4434/1199 2023/1442/1199
f 2013/4435/1199 2014/4436/1199 2015/4437/1199
f 2013/4435/1199 2015/4437/1199 2016/4438/1199
f 2010/1446/1199 2011/4439/1199 2012/4440/1199
f 2012/4440/1199 2013/4435/1199 2016/4438/1199
f 2012/4440/1199 2016/4438/1199 2017/1444/1199
f 2019/4441/1199 1775/4442/1199 2009/1445/1199
f 2018/4443/1199 2019/4441/1199 2009/1445/1199
f 2010/1446/1199 2012/4440/1199 2017/1444/1199
f 2017/1444/1199 2018/4443/1199 2009/1445/1199
f 1895/1447/1200 1896/4444/1200 1908/4445/1200
f 1895/1447/1200 1908/4445/1200 1909/1448/1200
f 1836/4446/1200 1848/4447/1200 1835/4448/1200
f 1848/4447/1200 1849/4449/1200 1835/4448/1200
f 1956/4450/1200 1968/4451/1200 1969/4452/1200
f 1956/4450/1200 1969/4452/1200 1776/4453/1200
f 1955/4454/1200 1956/4450/1200 1776/4453/1200
f 1955/4454/1200 1776/4453/1200 1788/4455/1200
f 1789/1449/1200 1835/4448/1200 1849/4449/1200
f 1955/4454/1200 1788/4455/1200 1789/1449/1200
f 1789/1449/1200 1849/4449/1200 1895/1447/1200
f 1909/1448/1200 1955/4454/1200 1789/1449/1200
f 2062/1451/1201 2063/4456/1201 1781/110/1201
f 1781/110/1201 1780/23/1201 2062/1451/1201
f 2064/1452/1201 2061/4457/1201 2060/4458/1201
f 2060/4458/1201 1793/22/1201 2064/1452/1201
f 2068/1454/2901 2067/4459/2901 2064/4460/2901
f 2064/4460/1202 1794/107/1202 2068/1454/1202
f 1794/107/1202 1783/113/1202 2068/1454/1202
f 2063/1455/2902 2069/4461/2902 2066/4462/2902
f 2066/4462/1202 1769/995/1202 2063/1455/1202
f 2070/1457/1203 2065/1453/1203 1782/994/1203
f 2065/1453/1203 1783/113/1203 1782/994/1203
f 1782/994/1203 1770/7/1203 2070/1457/1203
f 1770/7/1203 1769/995/1203 2066/1456/1203
f 2071/1459/1204 2072/4463/1204 1778/19/1204
f 1778/19/1204 1777/4/1204 2071/1459/1204
f 1777/4/1204 1790/6/1204 2071/1459/1204
f 1790/6/1204 1791/18/1204 2073/1458/1204
f 2075/4464/1205 2076/1464/1205 2072/1463/1205
f 2076/1464/1205 1779/20/1205 1778/19/1205
f 2081/1465/1205 2079/4465/1205 2080/1466/1205
f 2080/1466/1205 2073/4466/1205 1791/18/1205
f 1791/18/1205 1792/21/1205 2080/1466/1205
f 2081/1467/1206 1792/21/1206 1793/22/1206
f 2085/1469/1206 2083/4467/1206 2059/1450/1206
f 2083/4467/1206 2077/4468/1206 2059/1450/1206
f 2077/4468/1206 2078/4469/1206 2059/1450/1206
f 1779/20/1206 2076/4470/1206 2084/4471/1206
f 2076/4470/1206 2082/4472/1206 2084/4471/1206
f 1779/20/1206 2084/4471/1206 1780/23/1206
f 2084/4471/1206 2085/1469/1206 1780/23/1206
s 1
f 2087/1540/1234 2043/1539/1233 2086/4473/1209
f 2043/1539/1233 2044/1470/1207 1915/1472/1209
f 2086/4473/1209 2043/1539/1233 1915/1472/1209
s 0
f 2095/4474/2903 2091/4475/2903 2090/1473/2903
f 2088/4476/2903 2092/4477/2903 1829/126/2903
f 2094/4478/1211 2095/4474/1211 2090/1473/1211
f 2090/1473/2903 2088/4476/2903 1841/127/2903
f 2088/4476/1211 1829/126/1211 1841/127/1211
f 1854/123/1211 1843/3204/1211 2094/4478/1211
f 1843/3204/1211 2098/4479/1211 2094/4478/1211
f 1854/123/1211 2094/4478/1211 2090/1473/1211
f 2096/1474/2903 2097/4480/2903 2093/1475/2903
f 2109/4481/1212 2100/4482/1212 2103/4483/1212
f 2100/4482/1212 2093/4484/1212 2103/4483/1212
f 2093/4484/1212 2097/4485/1212 2103/4483/1212
f 2097/4485/1212 2101/1480/1212 2105/1479/1212
f 2103/4483/1212 2097/4485/1212 2105/1479/1212
f 1842/702/1212 2107/4486/1212 2109/4481/1212
f 2109/4481/1212 2103/4483/1212 2110/4487/1212
f 1843/3204/1212 1842/702/1212 2098/4488/1212
f 1842/702/1212 2109/4481/1212 2110/4487/1212
f 2102/1478/1212 2098/4488/1212 1842/702/1212
f 2108/1477/1212 2104/4489/1212 2102/1478/1212
f 1842/702/1212 2110/4487/1212 2108/1477/1212
f 2102/1478/1212 2104/4489/1212 2105/1479/1212
f 2099/1482/1212 2106/4490/1212 1829/126/1212
f 2106/4490/1212 1830/135/1212 1829/126/1212
f 2111/1484/1214 2107/4491/1214 1844/62/1214
f 2107/4491/2904 1842/702/2904 1844/62/2904
f 1844/62/2904 1831/138/2904 2111/1484/2904
f 1831/138/2904 1830/135/2904 2111/1484/2904
s 1
f 2060/1486/1216 2061/1689/1216 1955/1688/1216
f 1955/1688/1216 1909/1487/1216 2060/1486/1216
f 1909/1487/1216 2079/1544/1216 2081/1485/1215
s 0
f 2121/1489/1217 2112/4492/1217 1913/141/1217
f 1913/141/1217 1914/146/1217 2121/1489/1217
f 2118/1491/1217 2117/1497/1217 1900/487/1217
f 2117/1497/1217 1901/152/1217 1900/487/1217
f 2114/1494/1217 2120/4493/1217 1975/4494/1217
f 2120/4493/1217 2119/4495/1217 1975/4494/1217
f 2119/4495/1217 1915/4496/1217 1975/4494/1217
f 1975/4494/1217 2116/1492/1217 2114/1494/1217
f 1914/146/1218 1903/157/1218 2125/1495/1218
f 2123/1498/1218 2124/4497/1218 1901/152/1218
f 2124/4497/1218 1889/447/1218 1901/152/1218
f 2126/1499/1218 2086/4498/1218 1915/1500/1218
f 2129/1502/2905 2128/4499/2905 1890/158/2905
f 1890/158/1219 1889/447/1219 2129/1502/1219
f 1889/447/1219 2124/4500/1219 2127/1503/1219
f 2134/1506/1219 2131/4501/1219 2087/1504/1219
f 2131/4501/2905 2130/4502/2905 2087/1504/2905
f 2087/1504/1220 2086/4503/1220 2126/1505/1220
f 2135/1509/1219 2136/4504/1219 2125/4505/1219
f 2125/4505/2905 1903/157/2905 2135/1509/2905
f 1903/157/1219 1902/450/1219 2135/1509/1219
f 1902/450/1219 2132/1507/1219 2135/1509/1219
f 2128/1513/1221 2138/4506/1221 2137/1514/1221
f 2137/1514/1221 2140/4507/1221 1890/158/1221
f 2140/4507/1221 1891/718/1221 1890/158/1221
f 2141/4508/1221 2142/4509/1221 1904/167/1221
f 2142/4509/1221 2132/1507/1221 1904/167/1221
f 2143/1516/1222 2141/4510/1222 1905/83/1222
f 2141/4510/1222 1904/167/1222 1905/83/1222
f 1905/83/1222 1892/170/1222 2143/1516/1222
f 1892/170/1222 1891/718/1222 2143/1516/1222
f 1894/86/1154 1907/85/1154 1918/172/1154
f 2145/1518/1223 2144/4511/1223 1898/87/1223
f 2144/4511/1223 1899/177/1223 1898/87/1223
f 1898/87/1223 1911/88/1223 2145/1518/1223
f 1911/88/1223 1912/174/1223 2145/1518/1223
f 2148/4512/1224 2146/4513/1224 2153/1520/1224
f 2146/4513/1224 1912/174/1224 2153/1520/1224
f 1912/174/1224 1913/141/1224 2112/1519/1224
f 2147/4514/1224 2150/4515/1224 2149/1522/1224
f 2150/4515/2906 2115/4516/2906 1900/487/2906
f 2149/1522/1224 2150/4515/1224 1900/487/1224
f 1900/487/1224 1899/177/1224 2149/1522/1224
f 2152/1523/1224 2113/4517/1224 2116/1524/1224
s 1
f 2103/1526/1227 2021/4518/1227 2020/1527/1227
s 0
f 2156/4519/2907 2155/4520/2907 1961/593/2907
f 1973/348/1228 1974/590/1228 2158/4521/1228
f 1974/590/1228 2157/4522/1228 2158/4521/1228
f 2156/4519/1228 1961/593/1228 1960/347/1228
f 1973/348/1228 2158/4521/1228 2154/1529/1228
f 2154/1529/1228 2156/4519/1228 1960/347/1228
f 2159/1531/1229 2157/4523/1229 1974/590/1229
f 1974/590/1229 1963/597/1229 2159/1531/1229
f 2160/1532/1229 1949/600/1229 1961/593/1229
f 2165/1535/2908 2163/4524/2908 2161/1534/2908
f 2161/1534/1230 1963/597/1230 1962/725/1230
f 2162/1537/1230 2164/4525/1230 1950/599/1230
f 1950/599/1230 1949/600/1230 2162/1537/1230
f 2167/4526/1232 2165/4527/1232 1964/337/1232
f 2165/4527/1232 1962/725/1232 1964/337/1232
f 1951/655/1232 1950/599/1232 2166/4528/1232
f 1950/599/1232 2164/4529/1232 2166/4528/1232
f 1951/655/1232 2166/4528/1232 2168/1538/1232
f 2168/1538/1232 2167/4526/1232 1964/337/1232
f 1954/342/1171 1967/341/1171 1978/349/1171
s 1
f 2139/1577/2909 2042/1576/1235 2130/1541/1235
f 2042/1576/1235 2043/1539/1233 2130/1541/1235
f 2022/1542/1236 2021/4518/1237 2103/1526/1237
f 2079/1544/1238 1909/1487/1238 1908/1545/1238
f 1975/1471/1208 2044/1470/1207 2116/1549/1239
f 2044/1470/1207 2045/1547/1239 2116/1549/1239
f 2104/1550/1240 2108/1557/1248 2023/4530/2910
f 2023/4530/2910 2022/1542/1240 2104/1550/1240
f 2080/1546/2911 1908/1545/2911 2073/1553/1243
f 1908/1545/2911 1896/1551/1242 2073/1553/1243
f 2151/1548/1244 2045/1547/1245 2046/1554/1245
f 2020/1556/1247 2023/4530/2910 2108/1557/1248
f 2072/1561/1251 2071/1552/2912 1896/1551/1251
f 1896/1551/1251 1895/1559/1249 2072/1561/1251
f 2113/1564/1254 2152/1555/1254 2046/1554/1254
f 2046/1554/1254 2047/1562/1252 2113/1564/1254
f 2076/1567/1256 2075/1560/1256 1895/1559/1256
f 1895/1559/1256 1849/1565/1255 2076/1567/1256
f 2047/1562/1252 2048/1572/1260 2120/1568/1257
f 1849/1565/1258 1848/4531/1258 2084/1569/1258
f 2119/1571/1259 2120/1568/1257 2048/1572/1260
f 2048/1572/1260 2049/4532/1259 2126/1570/1259
f 2049/4532/1259 2134/4533/1259 2126/1570/1259
f 2084/1573/1261 1848/4534/1261 1836/1574/1262
f 2131/1578/1263 2134/4535/1263 2049/1556/1263
f 2049/1556/1263 2042/1576/1263 2131/1578/1263
f 1836/1574/1264 1835/4536/1264 2083/1579/1264
f 2140/1582/1266 2137/1587/2913 2025/4537/2913
f 2025/4537/2913 2024/1580/1266 2140/1582/1266
f 2077/1585/1267 2083/1579/2914 1835/4536/2914
f 1835/4536/2914 1789/1583/1267 2077/1585/1267
f 2026/1586/1268 2025/4537/1268 2137/1587/1268
f 2078/1590/1270 2074/1584/1269 1789/1583/1269
f 1789/1583/1269 1788/4538/1269 2059/1589/1269
f 1788/4538/1269 2062/4539/1269 2059/1589/1269
f 2128/1591/1271 2129/1596/1274 2027/4540/1274
f 2027/4540/1274 2026/1586/1271 2128/1591/1271
f 2063/1594/1272 2062/4539/2915 1788/4538/1272
f 1788/4538/1272 1776/1592/1272 2063/1594/1272
f 2028/1595/1273 2027/4540/1274 2129/1596/1274
f 2066/1600/1276 2069/1593/1276 1776/1592/1276
f 1776/1592/1276 1969/1598/1276 2066/1600/1276
f 2050/1601/1277 2051/4541/1277 2168/1602/1277
f 2124/1604/1278 2123/1609/1281 2029/1608/1281
f 2029/1608/1281 2028/1595/1273 2124/1604/1278
f 2052/1605/1279 2167/4542/1279 2168/1606/1279
f 2117/1610/1282 2118/1615/1286 2030/1614/1285
f 2030/1614/1285 2029/1608/1281 2117/1610/1282
f 2167/4542/1284 2052/1605/1284 2165/1613/1284
f 2052/1605/1284 2053/1611/1283 2165/1613/1284
f 2115/1616/1287 2150/1624/1294 2031/4543/2916
f 2031/4543/2916 2030/1614/1285 2115/1616/1287
f 2106/1619/1290 2099/1627/1288 2009/1626/1288
f 2009/1626/1288 1775/1617/1288 2106/1619/1290
f 2163/1612/2917 2053/1611/1291 2161/1622/1292
f 2053/1611/1291 2054/1620/1291 2161/1622/1292
f 2032/1623/1293 2031/4543/2916 2150/1624/1294
f 2092/1628/1295 2088/1636/1296 2010/1635/1296
f 2010/1635/1296 2009/1626/1295 2092/1628/1295
f 2159/1621/1297 2054/1620/1297 2157/1631/1297
f 2054/1620/1297 2055/1629/1297 2157/1631/1297
f 2033/1632/1298 2032/1623/1298 2147/1625/1298
f 2090/1634/1300 2011/4544/1300 2010/1635/1300
f 2158/1630/1301 2055/1629/1301 2056/1637/1301
f 2144/1639/1304 2145/1644/2918 2034/1643/2918
f 2034/1643/2918 2033/1632/1302 2144/1639/1304
f 2012/1640/1305 2011/4544/2919 2090/1634/1306
f 2056/1637/1307 2057/4545/1307 2156/1642/1307
f 2146/1645/1308 2148/1653/1308 2035/1652/1308
f 2035/1652/1308 2034/1643/1308 2146/1645/1308
f 2013/1646/1309 2012/1640/1309 2091/1641/1309
f 2155/1649/1311 2156/1642/1311 2057/4545/1311
f 2057/4545/1311 2058/1650/1311 2155/1649/1311
f 2058/1650/1311 2162/4546/2920 2160/1648/1310
f 2153/1651/1312 2036/1656/1316 2035/1652/1313
f 2094/1654/1314 2014/1598/1314 2013/1646/1314
f 2164/1655/1315 2162/4546/2921 2058/1650/2921
f 2058/1650/2921 2050/1601/1315 2164/1655/1315
f 2112/1657/1317 2121/4547/2922 2037/1661/1320
f 2037/1661/1320 2036/1656/1316 2112/1657/1317
f 2102/4548/1318 2015/1663/1318 2098/1658/1318
f 2015/1663/1318 2014/1598/1318 2098/1658/1318
f 2125/1660/1319 2136/1667/2923 2038/1666/2923
f 2038/1666/2923 2037/1661/1320 2125/1660/1319
f 2037/1661/1320 2121/4547/2922 2122/1659/1319
f 2097/1662/1321 2096/1670/2924 2016/1669/1322
f 2016/1669/1322 2015/1663/1322 2097/1662/1321
f 2015/1663/1322 2102/4548/1322 2101/1664/1323
f 2135/1665/1324 2039/1672/1324 2038/1666/1324
f 2089/1668/1325 2017/1673/1325 2016/1669/1325
f 2133/1671/1326 2040/1678/1326 2039/1672/1326
f 2100/1681/2925 2018/4549/1327 2093/1674/1327
f 2018/4549/1327 2017/1673/1327 2093/1674/1327
f 2070/1599/1329 1969/1598/1329 2065/1677/1329
f 1969/1598/1329 1968/1675/1328 2065/1677/1329
f 2132/1679/1330 2142/1685/1330 2041/1684/1330
f 2041/1684/1330 2040/1678/1330 2132/1679/1330
f 2019/1680/1331 2018/4549/1331 2100/1681/1331
f 1968/1675/1332 1956/4550/1332 2067/1683/1332
f 2143/4551/1333 2024/4552/1333 2141/1686/1333
f 2024/4552/1333 2041/1684/1333 2141/1686/1333
f 2107/1687/1334 2111/4553/1334 1775/4554/1334
f 1775/4554/1334 2019/1680/1334 2107/1687/1334
f 2064/1690/1337 2067/1683/2926 1956/4550/2926
f 1956/4550/2926 1955/1688/1336 2064/1690/1337
s 0
f 2203/1/1338 2213/78/1338 2215/2/1338
f 2177/4/1339 2197/3519/1339 2200/5/1339
f 2181/110/1340 2180/23/1340 2193/22/1340
f 2170/7/1341 2182/994/1341 2184/8/1341
f 2172/10/1342 2171/9/1342 2184/8/1342
f 2172/10/1343 2185/11/1343 2186/12/1343
f 2174/14/1344 2173/13/1344 2186/12/1344
f 2174/14/1191 2187/15/1191 2198/16/1191
f 2177/4/2927 2190/6/2927 2191/18/2927
f 2179/20/1346 2178/19/1346 2191/18/1346
f 2179/20/1347 2192/21/1347 2193/22/1347
f 2205/24/1348 2207/89/1348 2208/25/1348
f 2203/27/1349 2204/3520/1349 2210/28/1349
f 2210/331/1350 2228/31/1350 2227/32/1350
f 2201/33/1351 2211/3521/1351 2212/34/1351
f 2201/36/1352 2202/90/1352 2220/31/1352
f 2213/38/1361 2214/38/1361 2216/38/1361
f 2219/38/1339 2220/38/1339 2218/38/1339
f 2221/39/1348 2222/3522/1348 2224/40/1348
f 2227/42/1348 2228/3523/1348 2226/43/1348
f 2207/45/1354 2225/332/1354 2226/46/1354
f 2197/48/1355 2217/648/1355 2218/49/1355
f 2199/76/1356 2216/31/1356 2214/52/1356
f 2205/53/1357 2206/91/1357 2224/54/1357
f 2212/3/1358 2211/56/1358 2221/77/1358
f 2264/3/2928 2263/1/2928 2273/78/2928
f 2237/58/1360 2257/3524/1360 2260/59/1360
f 2234/67/1361 2247/66/1361 2258/68/1361
f 2238/70/1362 2237/58/1362 2250/60/1362
f 2265/24/1363 2267/89/1363 2268/25/1363
f 2263/27/1364 2264/3520/1364 2270/28/1364
f 2270/331/1365 2288/31/1365 2287/32/1365
f 2261/33/2929 2271/3521/2929 2272/34/2929
f 2262/90/1367 2280/31/1367 2279/37/1367
f 2273/38/1368 2274/38/1368 2276/38/1368
f 2279/38/1360 2280/38/1360 2278/38/1360
f 2281/39/1363 2282/3522/1363 2284/40/1363
f 2287/42/1363 2288/3523/1363 2286/43/1363
f 2268/47/1369 2267/45/1369 2285/332/1369
f 2260/50/1370 2257/48/1370 2277/648/1370
f 2259/76/1371 2276/31/1371 2274/52/1371
f 2265/53/1372 2266/91/1372 2284/54/1372
f 2272/3/1373 2271/56/1373 2281/77/1373
f 2324/3/2930 2323/1/2930 2333/78/2930
f 2297/79/1375 2317/3525/1375 2320/80/1375
f 2327/89/1376 2328/25/1376 2326/26/1376
f 2323/27/1377 2324/3520/1377 2330/28/1377
f 2330/331/1378 2348/31/1378 2347/32/1378
f 2321/33/1379 2331/3521/1379 2332/34/1379
f 2321/36/1380 2322/90/1380 2340/31/1380
f 2333/38/1381 2334/38/1381 2336/38/1381
f 2339/38/1375 2340/38/1375 2338/38/1375
f 2341/39/1376 2342/3522/1376 2344/40/1376
f 2347/42/1376 2348/3523/1376 2346/43/1376
f 2327/45/1382 2345/332/1382 2346/46/1382
f 2317/48/1383 2337/648/1383 2338/49/1383
f 2319/76/1384 2336/31/1384 2334/52/1384
f 2326/91/1385 2344/54/1385 2342/55/1385
f 2332/3/1386 2331/56/1386 2341/77/1386
f 2383/1/2931 2393/78/2931 2395/2/2931
f 2357/333/1388 2377/3649/1388 2380/334/1388
f 2352/336/1389 2365/338/1389 2366/339/1389
f 2353/340/1390 2366/339/1390 2367/341/1390
f 2358/344/1391 2357/333/1391 2370/335/1391
f 2358/344/1392 2371/343/1392 2372/346/1392
f 2385/24/1393 2387/89/1393 2388/25/1393
f 2383/27/1394 2384/3520/1394 2390/28/1394
f 2389/30/2932 2390/331/2932 2408/31/2932
f 2381/33/1396 2391/3521/1396 2392/34/1396
f 2382/90/2933 2400/31/2933 2399/37/2933
f 2393/38/1398 2394/38/1398 2396/38/1398
f 2399/38/1388 2400/38/1388 2398/38/1388
f 2401/39/1393 2402/3522/1393 2404/40/1393
f 2407/42/1393 2408/3523/1393 2406/43/1393
f 2387/45/1399 2405/332/1399 2406/46/1399
f 2377/48/2934 2397/648/2934 2398/49/2934
f 2379/76/2935 2396/31/2935 2394/52/2935
f 2385/53/1402 2386/91/1402 2404/54/1402
f 2392/3/2936 2391/56/2936 2401/77/2936
f 2487/4555/1404 2476/4556/1404 2478/4557/1404
f 2476/4556/1404 2477/4558/1404 2478/4557/1404
f 2484/4559/1404 2485/4560/1404 2486/4561/1404
f 2486/4561/1404 2487/4555/1404 2478/4557/1404
f 2486/4561/1404 2478/4557/1404 2479/1691/1404
f 2483/1693/1404 2484/4559/1404 2479/1691/1404
f 2484/4559/1404 2486/4561/1404 2479/1691/1404
f 2480/1692/1404 2481/4562/1404 2482/4563/1404
f 2480/1692/1404 2482/4563/1404 2483/1693/1404
f 2475/4564/1405 2442/4565/1405 2443/4566/1405
f 2475/4564/1405 2443/4566/1405 2444/4567/1405
f 2474/4568/1405 2475/4564/1405 2444/4567/1405
f 2445/4569/1405 2446/4570/1405 2456/4571/1405
f 2446/4570/1405 2447/4572/1405 2455/4573/1405
f 2474/4568/1405 2444/4567/1405 2473/4574/1405
f 2444/4567/1405 2445/4569/1405 2457/4575/1405
f 2473/4574/1405 2444/4567/1405 2457/4575/1405
f 2447/4572/1405 2448/4576/1405 2454/4577/1405
f 2448/4576/1405 2449/4578/1405 2452/4579/1405
f 2449/4578/1405 2450/4580/1405 2451/4581/1405
f 2449/4578/1405 2451/4581/1405 2452/4579/1405
f 2472/1696/1405 2473/4574/1405 2458/1694/1405
f 2458/1694/1405 2473/4574/1405 2457/4575/1405
f 2470/4582/1405 2471/4583/1405 2472/1696/1405
f 2468/4584/1405 2469/4585/1405 2470/4582/1405
f 2467/4586/1405 2468/4584/1405 2459/1695/1405
f 2468/4584/1405 2470/4582/1405 2472/1696/1405
f 2468/4584/1405 2472/1696/1405 2459/1695/1405
f 2448/4576/1405 2452/4579/1405 2453/4587/1405
f 2448/4576/1405 2453/4587/1405 2454/4577/1405
f 2463/4588/1405 2464/4589/1405 2465/4590/1405
f 2462/4591/1405 2463/4588/1405 2465/4590/1405
f 2462/4591/1405 2465/4590/1405 2466/4592/1405
f 2461/4593/1405 2462/4591/1405 2466/4592/1405
f 2447/4572/1405 2454/4577/1405 2455/4573/1405
f 2461/4593/1405 2466/4592/1405 2460/4594/1405
f 2466/4592/1405 2467/4586/1405 2460/4594/1405
f 2446/4570/1405 2455/4573/1405 2456/4571/1405
f 2459/1695/1405 2460/4594/1405 2467/4586/1405
f 2445/4569/1405 2456/4571/1405 2457/4575/1405
f 2434/1698/1406 2433/4595/1406 2420/1699/1406
f 2433/4595/1406 2432/4596/1406 2420/1699/1406
f 2431/4597/1406 2430/4598/1406 2423/4599/1406
f 2430/4598/1406 2429/4600/1406 2423/4599/1406
f 2428/4601/1406 2427/4602/1406 2425/4603/1406
f 2427/4602/1406 2426/4604/1406 2425/4603/1406
f 2429/4600/1406 2428/4601/1406 2425/4603/1406
f 2422/4605/1406 2421/4606/1406 2431/4597/1406
f 2421/4606/1406 2420/1699/1406 2432/4596/1406
f 2431/4597/1406 2421/4606/1406 2432/4596/1406
f 2419/4607/1406 2418/4608/1406 2436/4609/1406
f 2418/4608/1406 2417/4610/1406 2436/4609/1406
f 2414/4611/1406 2413/4612/1406 2411/4613/1406
f 2413/4612/1406 2412/4614/1406 2411/4613/1406
f 2429/4600/1406 2425/4603/1406 2424/4615/1406
f 2429/4600/1406 2424/4615/1406 2423/4599/1406
f 2415/4616/1406 2414/4611/1406 2410/4617/1406
f 2414/4611/1406 2411/4613/1406 2410/4617/1406
f 2416/4618/1406 2415/4616/1406 2410/4617/1406
f 2416/4618/1406 2410/4617/1406 2409/4619/1406
f 2417/4610/1406 2416/4618/1406 2409/4619/1406
f 2417/4610/1406 2409/4619/1406 2438/4620/1406
f 2409/4619/1406 2175/4621/1406 2439/4622/1406
f 2188/4623/1406 2189/4624/1406 2441/4625/1406
f 2189/4624/1406 2235/4626/1406 2441/4625/1406
f 2441/4625/1406 2440/4627/1406 2188/4623/1406
f 2440/4627/1406 2439/4622/1406 2176/4628/1406
f 2176/4628/1406 2188/4623/1406 2440/4627/1406
f 2439/4622/1406 2438/4620/1406 2409/4619/1406
f 2438/4620/1406 2437/4629/1406 2417/4610/1406
f 2175/4621/1406 2176/4628/1406 2439/4622/1406
f 2437/4629/1406 2436/4609/1406 2417/4610/1406
f 2431/4597/1406 2423/4599/1406 2422/4605/1406
f 2419/4607/1406 2436/4609/1406 2435/1697/1406
f 2420/1699/1406 2419/4607/1406 2435/1697/1406
f 2248/4630/1407 2236/4631/1407 2369/4632/1407
f 2248/4630/1407 2369/4632/1407 2368/4633/1407
f 2309/4634/1407 2308/4635/1407 2355/4636/1407
f 2308/4635/1407 2296/4637/1407 2355/4636/1407
f 2249/1702/1407 2248/4630/1407 2368/4633/1407
f 2356/1700/1407 2355/4636/1407 2296/4637/1407
f 2249/1702/1407 2368/4633/1407 2356/1700/1407
f 2356/1700/1407 2296/4637/1407 2295/1701/1407
f 2496/4638/1408 2491/4639/1408 2490/1706/1408
f 2490/1706/1408 2488/4640/1408 2496/4638/1408
f 2488/4640/1408 2497/4641/1408 2496/4638/1408
f 2495/4642/1408 2489/4643/1408 2169/995/1408
f 2495/4642/1408 2169/995/1408 2181/110/1408
f 2496/4638/2937 2497/4641/2937 2495/4642/2937
f 2493/1703/2938 2492/4644/2938 2494/1704/2938
f 2494/1704/2939 2496/4638/2939 2495/4642/2939
f 2495/4642/1408 2181/110/1408 2494/1704/1408
f 2181/110/1408 2194/107/1408 2494/1704/1408
f 2194/107/1408 2183/113/1408 2494/1704/1408
f 2501/1705/1409 2488/4640/1409 2490/1706/1409
f 2499/1709/1409 2493/1703/1409 2183/113/1409
f 2183/113/1409 2182/994/1409 2499/1709/1409
f 2182/994/1409 2170/7/1409 2499/1709/1409
f 2170/7/1409 2169/995/1409 2498/1708/1409
f 2169/995/1409 2489/4643/1409 2498/1708/1409
f 2489/4643/2940 2502/4645/2940 2498/1708/2940
s 1
f 2503/1711/1411 2375/4646/2941 2440/1712/1412
f 2440/1712/1412 2441/4647/1410 2504/1710/1410
f 2441/4647/1410 2315/4648/1410 2504/1710/1410
s 0
f 2516/4649/1413 2513/4650/1413 2508/4651/1413
f 2513/4650/2942 2512/4652/2942 2511/4653/2942
f 2508/4651/1413 2513/4650/1413 2518/4654/1413
f 2511/4653/1413 2520/4655/1413 2254/123/1413
f 2520/4655/1413 2521/1713/1413 2254/123/1413
f 2518/4654/1413 2506/4656/1413 2508/4651/1413
f 2518/4654/1413 2513/4650/1413 2511/4653/1413
f 2254/123/1413 2518/4654/1413 2511/4653/1413
f 2519/4657/1413 2510/4658/1413 2515/1714/1413
f 2510/4658/1413 2514/4659/1413 2515/1714/1413
f 2515/1714/1413 2514/4659/1413 2253/74/1413
f 2254/123/1413 2521/1713/1413 2253/74/1413
f 2505/1715/2943 2517/4660/2943 2241/127/2943
f 2241/127/1413 2240/75/1413 2505/1715/1413
f 2240/75/1413 2509/4661/1413 2507/1716/1413
f 2526/1717/1414 2527/4662/1414 2518/4663/1414
f 2518/4663/1414 2254/123/1414 2526/1717/1414
f 2254/123/1414 2243/3204/1414 2531/1718/1414
f 2523/1720/1414 2529/4664/1414 2229/126/1414
f 2229/126/1414 2241/127/1414 2525/1719/1414
f 2241/127/1414 2517/4665/1414 2525/1719/1414
f 2532/4666/1414 2530/1722/1414 2528/1721/1414
f 2530/1722/1414 2522/4667/1414 2524/1723/1414
f 2535/4668/1415 2533/4669/1415 2531/4670/1415
f 2531/4670/1415 2243/3204/1415 2535/4668/1415
f 2243/3204/1415 2242/702/1415 2535/4668/1415
f 2537/1724/1415 2530/4671/1415 2532/4672/1415
f 2532/4672/1415 2534/4673/1415 2538/1725/1415
f 2537/1724/1415 2532/4672/1415 2538/1725/1415
f 2538/1725/1415 2535/4668/1415 2242/702/1415
f 2536/1726/1415 2230/135/1415 2229/126/1415
f 2539/1729/1416 2537/1724/1416 2242/702/1416
f 2242/702/1416 2244/62/1416 2539/1729/1416
f 2375/1731/1416 2503/4674/1416 2231/138/1416
f 2231/138/1416 2230/135/1416 2375/1731/1416
f 2540/1732/1417 2244/62/1417 2245/63/1417
f 2504/1734/1417 2232/61/1417 2231/138/1417
f 2544/1736/1418 2542/4675/1418 2541/4676/1418
f 2541/4676/1418 2245/63/1418 2544/1736/1418
f 2315/1738/1418 2543/4677/1418 2233/65/1418
f 2233/65/1418 2232/61/1418 2315/1738/1418
f 2546/4678/1419 2544/4679/1419 2246/64/1419
f 2246/64/1419 2247/66/1419 2546/4678/1419
f 2247/66/1419 2234/67/1419 2546/4678/1419
f 2233/65/1419 2543/4680/1419 2545/1739/1419
f 2545/1739/1419 2546/4678/1419 2234/67/1419
f 2547/1740/1420 2548/4681/1420 2238/70/1420
f 2548/4681/1420 2239/73/1420 2238/70/1420
f 2251/71/1420 2252/72/1420 2547/1740/1420
f 2252/72/1420 2550/4682/1420 2554/4683/1420
f 2550/4682/2944 2552/4684/2944 2554/4683/2944
f 2252/72/1420 2554/4683/1420 2547/1740/1420
f 2556/1745/2945 2509/4685/2945 2240/75/2945
f 2240/75/1421 2239/73/1421 2556/1745/1421
f 2560/1748/1421 2558/4686/1421 2550/1746/1421
f 2550/1746/2945 2252/72/2945 2514/1747/2945
f 2252/72/1421 2253/74/1421 2514/1747/1421
f 2559/1750/1421 2513/4687/1421 2516/4688/1421
f 2516/4688/1421 2557/4689/1421 2559/1750/1421
f 2557/4689/1421 2549/1751/1421 2559/1750/1421
f 2549/1751/1421 2551/4690/1421 2555/1749/1421
s 1
f 2465/1752/1422 2464/4691/1422 2562/1753/1422
s 0
f 2301/152/1423 2300/487/1423 2564/1755/1423
f 2568/1757/1423 2571/4692/1423 2569/1758/1423
f 2572/1760/1423 2567/4693/1423 2565/1761/1423
f 2575/1764/1423 2574/4694/1423 2566/1763/1423
f 2566/1763/1423 2313/141/1423 2314/146/1423
f 2578/1766/1424 2575/1764/1424 2314/146/1424
f 2314/146/1424 2303/157/1424 2583/1765/1424
f 2577/4695/1424 2569/4696/1424 2571/1767/1424
f 2571/1767/2946 2579/4697/2946 2582/1768/2946
f 2582/1768/1424 2584/4698/1424 2581/1769/1424
f 2581/1769/1424 2577/4695/1424 2571/1767/1424
f 2576/1771/1424 2580/4699/1424 2289/447/1424
f 2289/447/1424 2301/152/1424 2570/1770/1424
f 2589/1773/1425 2583/4700/1425 2303/157/1425
f 2303/157/1425 2302/450/1425 2589/1773/1425
f 2586/1776/1425 2581/4701/1425 2584/4702/1425
f 2584/4702/1425 2588/1774/1425 2586/1776/1425
f 2585/1777/1425 2290/158/1425 2289/447/1425
f 2302/450/1426 2304/167/1426 2593/1779/1426
f 2590/1781/1426 2594/4703/1426 2592/1782/1426
f 2591/1784/1426 2291/718/1426 2290/158/1426
f 2601/1787/1427 2593/4704/1427 2304/167/1427
f 2304/167/1427 2305/83/1427 2601/1787/1427
f 2595/4705/1427 2597/1789/1427 2591/1788/1427
f 2597/1789/1427 2292/170/1427 2291/718/1427
f 2600/1791/1427 2598/4706/1427 2599/4707/1427
f 2599/4707/1427 2592/1792/1427 2600/1791/1427
f 2592/1792/1427 2594/4708/1427 2602/1790/1427
f 2594/4708/1427 2596/4709/1427 2602/1790/1427
f 2598/1793/1428 2600/4710/1428 2604/1794/1428
f 2600/4710/1428 2606/4711/1428 2604/1794/1428
f 2604/1794/1428 2610/4712/1428 2608/1795/1428
f 2597/1796/1428 2561/4713/1428 2562/1797/1428
f 2562/1797/1428 2607/4714/1428 2293/82/1428
f 2293/82/1428 2292/170/1428 2562/1797/1428
f 2609/1798/1428 2611/4715/1428 2605/1799/1428
f 2605/1799/1428 2603/4716/1428 2306/84/1428
f 2603/4716/1428 2305/83/1428 2306/84/1428
f 2612/1801/2947 2614/4717/2947 2608/4718/2947
f 2608/4718/1429 2610/4719/1429 2612/1801/1429
f 2610/4719/1429 2613/4720/1429 2612/1801/1429
f 2613/4720/1429 2609/4721/1429 2306/84/1429
f 2306/84/1429 2307/85/1429 2613/4720/1429
f 2307/85/1429 2294/86/1429 2612/1801/1429
f 2613/4720/1429 2307/85/1429 2612/1801/1429
f 2294/86/1429 2293/82/1429 2607/1800/1429
f 2294/86/1368 2307/85/1368 2318/172/1368
f 2616/1803/1430 2615/4722/1430 2298/87/1430
f 2298/87/1430 2297/79/1430 2616/1803/1430
f 2297/79/1430 2310/81/1430 2616/1803/1430
f 2310/81/1430 2311/88/1430 2617/1802/1430
f 2311/88/1430 2618/4723/1430 2617/1802/1430
f 2618/1804/1431 2311/88/1431 2312/174/1431
f 2622/4724/1431 2621/4725/1431 2619/1806/1431
f 2621/4725/1431 2299/177/1431 2619/1806/1431
f 2298/87/1431 2615/4726/1431 2619/1806/1431
f 2615/4726/2948 2620/4727/2948 2624/4728/2948
f 2619/1806/1431 2615/4726/1431 2624/4728/1431
f 2624/4728/2948 2623/4729/2948 2619/1806/2948
f 2625/1807/1432 2312/174/1432 2313/141/1432
f 2627/4730/1432 2623/4731/1432 2567/1811/1432
f 2623/4731/1432 2624/1809/1432 2567/1811/1432
f 2628/4732/1432 2564/4733/1432 2626/1813/1432
f 2564/4733/1432 2300/487/1432 2626/1813/1432
f 2300/487/1432 2299/177/1432 2626/1813/1432
s 1
f 2413/1814/1433 2414/4734/1433 2533/1815/1433
s 0
f 2630/1817/1434 2373/348/1434 2374/590/1434
f 2631/1819/1434 2361/593/1434 2360/347/1434
f 2632/1821/1435 2374/590/1435 2363/597/1435
f 2633/1823/1435 2349/600/1435 2361/593/1435
f 2639/1825/1436 2637/4735/1436 2634/4736/1436
f 2634/4736/1436 2363/597/1436 2639/1825/1436
f 2635/1828/1436 2638/4737/1436 2350/599/1436
f 2350/599/1436 2349/600/1436 2635/1828/1436
f 2349/600/1436 2633/1826/1436 2635/1828/1436
f 2362/725/1437 2364/337/1437 2643/1829/1437
f 2640/1831/1437 2642/4738/1437 2351/655/1437
f 2351/655/1437 2350/599/1437 2640/1831/1437
f 2350/599/2949 2638/4739/2949 2641/1832/2949
f 2645/4740/1438 2643/4741/1438 2364/337/1438
f 2364/337/1438 2365/338/1438 2645/4740/1438
f 2365/338/1438 2352/336/1438 2645/4740/1438
f 2645/4740/1438 2352/336/1438 2644/1833/1438
f 2352/336/1438 2351/655/1438 2644/1833/1438
f 2351/655/1438 2642/4742/1438 2646/1834/1438
f 2354/342/1381 2367/341/1381 2378/349/1381
f 2647/1835/1439 2648/4743/1439 2629/4744/1439
f 2629/4744/1439 2360/347/1439 2359/345/1439
f 2373/348/1439 2630/4745/1439 2650/4746/1439
f 2630/4745/2950 2649/4747/2950 2650/4746/2950
f 2647/1835/1439 2629/4744/1439 2359/345/1439
f 2373/348/1439 2650/4746/1439 2372/346/1439
f 2650/4746/1439 2647/1835/1439 2372/346/1439
s 1
f 2529/1837/1440 2523/2048/1440 2439/1838/1440
f 2439/1838/1440 2440/1712/1412 2536/1836/1440
f 2440/1712/1412 2375/4646/2941 2536/1836/1440
f 2531/1841/1441 2533/1815/1441 2414/4734/1441
f 2414/4734/1441 2415/1839/1441 2531/1841/1441
f 2597/1842/1442 2595/4748/1442 2466/4749/1442
f 2466/4749/1442 2465/1752/1442 2597/1842/1442
f 2543/1845/1443 2315/4648/1443 2441/4647/1443
f 2441/4647/1443 2235/1843/1443 2543/1845/1443
f 2415/1839/1445 2416/4750/1445 2527/1846/1445
f 2580/1848/1446 2576/4751/1446 2467/1849/1446
f 2467/1849/1446 2466/4749/1446 2585/1847/1446
f 2466/4749/1446 2595/4748/1446 2591/4752/2951
f 2466/4749/1446 2591/4752/2951 2585/1847/1446
f 2527/1846/2952 2416/4750/1448 2518/1852/1448
f 2416/4750/1448 2417/1850/1447 2518/1852/1448
f 2564/1854/1449 2628/1861/2953 2468/1855/1449
f 2468/1855/1449 2467/1849/1449 2570/1853/1449
f 2467/1849/1449 2576/4751/1449 2570/1853/1449
f 2417/1850/1450 2418/4753/1450 2508/1856/1450
f 2501/1870/2954 2368/4754/2955 2488/1859/1452
f 2368/4754/2955 2369/1857/1451 2488/1859/1452
f 2469/1860/1453 2468/1855/1453 2628/1861/1453
f 2617/1863/1454 2443/1873/1454 2442/1864/1455
f 2516/1868/1456 2508/1856/2956 2418/4753/2956
f 2418/4753/2956 2419/1866/1456 2516/1868/1456
f 2356/1869/1457 2368/4754/1457 2501/1870/1457
f 2621/1872/1459 2622/1881/2957 2470/4755/1458
f 2470/4755/1458 2469/1860/1458 2621/1872/1459
f 2574/1884/2958 2444/1883/2958 2566/4756/2958
f 2444/1883/2958 2443/1873/1460 2625/1875/1461
f 2566/4756/2958 2444/1883/2958 2625/1875/1461
f 2443/1873/1460 2617/1863/1460 2618/1874/1461
f 2549/1878/1463 2557/1867/1463 2419/1866/1463
f 2419/1866/1463 2420/1876/1462 2549/1878/1463
f 2490/1879/1464 2491/1891/1464 2355/1890/1464
f 2355/1890/1464 2356/1869/1464 2490/1879/1464
f 2471/1880/1465 2470/4755/1465 2622/1881/1465
f 2575/1885/1466 2578/1894/2959 2445/1893/2959
f 2445/1893/2959 2444/1883/1466 2575/1885/1466
f 2551/1888/1469 2553/1877/2960 2420/1876/2961
f 2420/1876/2961 2421/1886/1467 2551/1888/1469
f 2496/1889/1470 2309/4757/1470 2355/1890/1470
f 2623/1892/1471 2627/1901/1471 2472/1900/1471
f 2472/1900/1471 2471/1880/1471 2623/1892/1471
f 2589/1904/1472 2446/1903/1472 2583/1895/1473
f 2446/1903/1472 2445/1893/1472 2583/1895/1473
f 2555/1887/1468 2421/1886/1467 2422/1896/1474
f 2308/1898/1475 2309/4757/1475 2496/1889/1475
f 2567/1902/1476 2572/1912/1476 2473/4758/1476
f 2473/4758/1476 2472/1900/1476 2567/1902/1476
f 2601/1915/1477 2447/1914/1477 2593/4759/1477
f 2447/1914/1477 2446/1903/1477 2587/1905/1477
f 2593/4759/1477 2447/1914/1477 2587/1905/1477
f 2513/1908/1480 2559/1897/2962 2422/1896/2962
f 2422/1896/2962 2423/1906/1478 2513/1908/1480
f 2296/1909/1481 2308/1898/1482 2494/1899/1482
f 2474/1911/1483 2473/4758/1483 2572/1912/1483
f 2605/4760/2963 2448/1922/1491 2603/1916/1485
f 2448/1922/1491 2447/1914/1484 2603/1916/1485
f 2512/1907/1486 2423/1906/1486 2424/1917/1486
f 2493/1919/1489 2499/1929/1487 2295/1928/1487
f 2295/1928/1487 2296/1909/1487 2493/1919/1489
f 2624/1921/1490 2620/1931/1490 2475/1930/1490
f 2475/1930/1490 2474/1911/1490 2624/1921/1490
f 2474/1911/1490 2573/1913/1490 2565/1920/1490
f 2448/1922/1491 2605/4760/2963 2611/1923/1492
f 2511/1918/1493 2424/1917/1493 2425/1925/1494
f 2498/1927/1495 2249/4761/1495 2295/1928/1495
f 2615/1932/1496 2616/1865/2964 2442/1864/1496
f 2442/1864/1496 2475/1930/1496 2615/1932/1496
f 2613/1987/1497 2450/4762/1497 2609/1933/1497
f 2450/4762/1497 2449/1924/1497 2609/1933/1497
f 2520/1926/1498 2425/1925/1498 2426/1934/1498
f 2502/1936/1499 2248/1945/2965 2249/1937/1499
f 2610/1941/1500 2604/1948/1500 2451/4763/1500
f 2451/4763/1500 2450/1939/1500 2610/1941/1500
f 2426/1942/1501 2427/4764/1502 2515/1943/1502
f 2489/1946/1503 2495/1952/1503 2236/4765/1503
f 2236/4765/1503 2248/1945/1503 2489/1946/1503
f 2452/1947/1504 2451/4763/1504 2604/1948/1504
f 2515/1943/1505 2427/4764/1505 2428/1950/1505
f 2369/1857/1507 2236/4765/2966 2495/1952/1507
f 2650/1953/1508 2477/1959/1508 2476/1954/1508
f 2600/1956/1510 2602/1961/1515 2453/4766/2967
f 2453/4766/2967 2452/1947/1509 2600/1956/1510
f 2428/1950/1511 2429/4767/1511 2510/1957/1511
f 2649/1958/1512 2478/1966/1512 2477/1959/1513
f 2454/1960/1514 2453/4766/2967 2602/1961/1515
f 2514/1965/1516 2510/1957/1516 2429/4767/1516
f 2429/4767/1516 2430/1963/1516 2514/1965/1516
f 2637/4768/1518 2479/4769/1518 2634/4770/1518
f 2479/4769/1518 2478/1966/1517 2632/1968/1518
f 2634/4770/1518 2479/4769/1518 2632/1968/1518
f 2478/1966/1517 2649/1958/2968 2630/1967/1517
f 2590/1970/1520 2588/1979/1519 2455/1978/1519
f 2455/1978/1519 2454/1960/1519 2590/1970/1520
f 2454/1960/1519 2596/1962/1519 2594/1969/1519
f 2430/1963/1521 2431/4771/1521 2558/1971/1521
f 2545/1972/1522 2235/4772/1522 2189/1973/1522
f 2643/1976/1524 2645/1988/1525 2480/1977/1525
f 2480/1977/1525 2479/4769/1525 2639/1975/1523
f 2479/4769/1525 2637/4768/1525 2639/1975/1523
f 2584/1980/1526 2582/1990/1526 2456/4773/1526
f 2456/4773/1526 2455/1978/1526 2584/1980/1526
f 2558/1971/2969 2431/4771/2970 2550/1983/1527
f 2431/4771/2970 2432/1981/1527 2550/1983/1527
f 2546/1974/2971 2189/1973/2971 2544/1986/1530
f 2189/1973/2971 2188/1984/1528 2544/1986/1530
f 2644/1987/1531 2481/4762/1531 2480/1977/1531
f 2457/1989/1532 2456/4773/1532 2582/1990/1532
f 2432/1981/1533 2433/2000/2972 2554/1992/1534
f 2542/1985/1529 2188/1984/1528 2541/4774/2973
f 2188/1984/1528 2176/1993/1535 2540/1995/1537
f 2541/4774/2973 2188/1984/1528 2540/1995/1537
f 2482/1996/1538 2481/4775/1539 2644/1997/1539
f 2571/1999/1541 2568/2008/1541 2458/2007/1541
f 2458/2007/1541 2457/1989/1541 2571/1999/1541
f 2433/2000/1542 2434/4776/1542 2547/2001/1542
f 2539/1994/1536 2176/1993/1535 2537/4777/1543
f 2176/1993/1535 2175/2002/1543 2530/2004/1543
f 2537/4777/1543 2176/1993/1535 2530/2004/1543
f 2642/2005/1544 2640/2014/1549 2483/4778/2974
f 2483/4778/2974 2482/1996/1538 2642/2005/1544
f 2563/2006/1545 2459/2016/1545 2458/2007/1545
f 2548/2011/1546 2547/2001/1546 2434/4776/1546
f 2434/4776/1546 2435/2009/1546 2548/2011/1546
f 2175/2002/1547 2409/4779/1547 2524/2012/1547
f 2484/2013/1548 2483/4778/2974 2640/2014/1549
f 2577/4780/1551 2460/4781/1551 2569/2017/1551
f 2460/4781/1551 2459/2016/1551 2569/2017/1551
f 2509/2020/1552 2556/2010/1552 2435/2009/1552
f 2435/2009/1552 2436/2018/1552 2509/2020/1552
f 2524/2012/1554 2409/4779/1554 2410/2021/1554
f 2638/2023/1555 2635/2033/2975 2485/4782/2975
f 2485/4782/2975 2484/2013/1548 2638/2023/1555
f 2592/2025/1557 2599/4783/1557 2461/2026/1557
f 2461/2026/1557 2460/4781/1556 2586/2024/1556
f 2460/4781/1556 2577/4780/1556 2581/4784/1556
f 2460/4781/1556 2581/4784/1556 2586/2024/1556
f 2507/2019/1558 2436/2018/1558 2437/2027/1558
f 2532/2031/1560 2528/2022/1559 2410/2021/1559
f 2410/2021/1559 2411/2029/1559 2532/2031/1560
f 2486/2032/1561 2485/4782/1561 2635/2033/1561
f 2608/2036/1563 2614/2047/2976 2462/2037/1562
f 2462/2037/1562 2461/2026/1562 2598/2035/1562
f 2461/2026/1562 2599/4783/2977 2598/2035/1562
f 2517/2040/1566 2505/2028/2978 2437/2027/2979
f 2437/2027/2979 2438/2038/1564 2517/2040/1566
f 2534/2030/1567 2411/2029/1567 2412/2041/1567
f 2629/2044/1568 2648/2049/1569 2487/2045/1569
f 2487/2045/1569 2486/2032/1568 2631/2043/1568
f 2486/2032/1568 2636/2034/1568 2633/4785/2980
f 2486/2032/1568 2633/4785/2980 2631/2043/1568
f 2612/2046/1570 2463/2050/1570 2462/2037/1570
f 2525/2039/1565 2438/2038/1564 2439/1838/1571
f 2412/2041/1572 2413/1814/1572 2535/1816/1572
f 2476/1954/1573 2487/2045/1574 2648/2049/1574
f 2607/2051/1576 2562/1844/1575 2464/4786/1576
f 2464/4786/1576 2463/2050/1575 2607/2051/1576
s 0
f 2685/1/2981 2695/78/2981 2697/2/2981
f 2659/4/1578 2679/3519/1578 2682/5/1578
f 2656/14/1398 2669/15/1398 2680/16/1398
f 2660/19/1579 2659/4/1579 2672/6/1579
f 2687/24/1580 2689/89/1580 2690/25/1580
f 2685/27/2982 2686/3520/2982 2692/28/2982
f 2691/30/1582 2692/331/1582 2710/31/1582
f 2683/33/2983 2693/3521/2983 2694/34/2983
f 2684/90/1584 2702/31/1584 2701/37/1584
f 2695/38/1585 2696/38/1585 2698/38/1585
f 2701/38/1578 2702/38/1578 2700/38/1578
f 2703/39/1580 2704/3522/1580 2706/40/1580
f 2709/42/1580 2710/3523/1580 2708/43/1580
f 2689/45/1586 2707/332/1586 2708/46/1586
f 2682/50/2984 2679/48/2984 2699/648/2984
f 2681/76/2985 2698/31/2985 2696/52/2985
f 2688/91/2986 2706/54/2986 2704/55/2986
f 2694/3/2987 2693/56/2987 2703/77/2987
f 2745/1/1591 2755/78/1591 2757/2/1591
f 2719/58/1592 2739/3524/1592 2742/59/1592
f 2716/67/1585 2729/66/1585 2740/68/1585
f 2720/70/1593 2719/58/1593 2732/60/1593
f 2720/70/1594 2733/71/1594 2734/72/1594
f 2747/24/1595 2749/89/1595 2750/25/1595
f 2745/27/1596 2746/3520/1596 2752/28/1596
f 2752/331/2988 2770/31/2988 2769/32/2988
f 2743/33/1598 2753/3521/1598 2754/34/1598
f 2744/90/1599 2762/31/1599 2761/37/1599
f 2755/38/2989 2756/38/2989 2758/38/2989
f 2761/38/2990 2762/38/2990 2760/38/2990
f 2763/39/1595 2764/3522/1595 2766/40/1595
f 2769/42/1595 2770/3523/1595 2768/43/1595
f 2749/45/2991 2767/332/2991 2768/46/2991
f 2739/48/1602 2759/648/1602 2760/49/1602
f 2741/76/1603 2758/31/1603 2756/52/1603
f 2747/53/1604 2748/91/1604 2766/54/1604
f 2754/3/1605 2753/56/1605 2763/77/1605
f 2806/3/2992 2805/1/2992 2815/78/2992
f 2779/79/1607 2799/3525/1607 2802/80/1607
f 2772/158/1608 2784/450/1608 2786/167/1608
f 2773/718/1609 2786/167/1609 2787/83/1609
f 2775/82/1610 2774/170/1610 2787/83/1610
f 2775/82/1611 2788/84/1611 2789/85/1611
f 2780/87/1612 2779/79/1612 2792/81/1612
f 2781/177/1613 2780/87/1613 2793/88/1613
f 2781/177/1614 2794/174/1614 2795/141/1614
f 2809/89/2993 2810/25/2993 2808/26/2993
f 2805/27/1616 2806/3520/1616 2812/28/1616
f 2811/30/2994 2812/331/2994 2830/31/2994
f 2803/33/1618 2813/3521/1618 2814/34/1618
f 2804/90/1619 2822/31/1619 2821/37/1619
f 2815/38/1620 2816/38/1620 2818/38/1620
f 2821/38/1621 2822/38/1621 2820/38/1621
f 2823/39/1615 2824/3522/1615 2826/40/1615
f 2829/42/1615 2830/3523/1615 2828/43/1615
f 2809/45/1622 2827/332/1622 2828/46/1622
f 2799/48/2995 2819/648/2995 2820/49/2995
f 2801/76/2996 2818/31/2996 2816/52/2996
f 2807/53/2997 2808/91/2997 2826/54/2997
f 2814/3/1626 2813/56/1626 2823/77/1626
f 2866/3/1627 2865/1/1627 2875/78/1627
f 2839/333/1628 2859/3649/1628 2862/334/1628
f 2834/336/1629 2847/338/1629 2848/339/1629
f 2835/340/2998 2848/339/2998 2849/341/2998
f 2839/333/1631 2852/335/1631 2853/343/1631
f 2840/344/1632 2853/343/1632 2854/346/1632
f 2867/24/1633 2869/89/1633 2870/25/1633
f 2865/27/2999 2866/3520/2999 2872/28/2999
f 2871/30/1635 2872/331/1635 2890/31/1635
f 2863/33/1636 2873/3521/1636 2874/34/1636
f 2864/90/1637 2882/31/1637 2881/37/1637
f 2875/38/1638 2876/38/1638 2878/38/1638
f 2881/38/1628 2882/38/1628 2880/38/1628
f 2883/39/1633 2884/3522/1633 2886/40/1633
f 2889/42/3000 2890/3523/3000 2888/43/3000
f 2869/45/3001 2887/332/3001 2888/46/3001
f 2859/48/3002 2879/648/3002 2880/49/3002
f 2861/76/1641 2878/31/1641 2876/52/1641
f 2867/53/1642 2868/91/1642 2886/54/1642
f 2874/3/1643 2873/56/1643 2883/77/1643
f 2941/4787/1644 2942/4788/1644 2943/4789/1644
f 2950/4790/1644 2941/4787/1644 2943/4789/1644
f 2946/4791/1644 2947/4792/1644 2945/4793/1644
f 2947/4792/1644 2948/2052/1644 2945/4793/1644
f 2949/2053/1644 2950/4790/1644 2944/2054/1644
f 2950/4790/1644 2943/4789/1644 2944/2054/1644
f 2944/2054/1644 2945/4793/1644 2948/2052/1644
f 2936/2055/1645 2939/2059/1645 2938/2056/1645
f 2940/2058/1645 2937/4794/1645 2935/2057/1645
f 2936/2055/1645 2937/4794/1645 2940/2058/1645
f 2911/4795/1646 2910/4796/1646 2933/4797/1646
f 2910/4796/1646 2909/4798/1646 2934/4799/1646
f 2909/4798/1646 2908/4800/1646 2934/4799/1646
f 2908/4800/1646 2907/4801/1646 2934/4799/1646
f 2913/4802/1646 2912/4803/1646 2911/4795/1646
f 2910/4796/1646 2934/4799/1646 2933/4797/1646
f 2914/4804/1646 2913/4802/1646 2911/4795/1646
f 2917/2060/1646 2916/4805/1646 2915/2061/1646
f 2915/2061/1646 2914/4804/1646 2933/4797/1646
f 2914/4804/1646 2911/4795/1646 2933/4797/1646
f 2933/4797/1646 2932/2062/1646 2915/2061/1646
f 2931/4806/1646 2930/4807/1646 2929/4808/1646
f 2932/2062/1646 2931/4806/1646 2917/2060/1646
f 2931/4806/1646 2929/4808/1646 2918/4809/1646
f 2918/4809/1646 2929/4808/1646 2920/4810/1646
f 2928/4811/1646 2927/4812/1646 2926/4813/1646
f 2929/4808/1646 2928/4811/1646 2920/4810/1646
f 2928/4811/1646 2926/4813/1646 2921/4814/1646
f 2920/4810/1646 2928/4811/1646 2921/4814/1646
f 2925/4815/1646 2924/4816/1646 2923/4817/1646
f 2926/4813/1646 2925/4815/1646 2921/4814/1646
f 2925/4815/1646 2923/4817/1646 2921/4814/1646
f 2923/4817/1646 2922/4818/1646 2921/4814/1646
f 2920/4810/1646 2919/4819/1646 2918/4809/1646
f 2918/4809/1646 2917/2060/1646 2931/4806/1646
f 2657/4820/1647 2658/4821/1647 2670/4822/1647
f 2891/4823/1647 2657/4820/1647 2900/4824/1647
f 2657/4820/1647 2670/4822/1647 2901/4825/1647
f 2894/4826/1647 2893/4827/1647 2892/4828/1647
f 3080/4829/3003 2894/4826/3003 2896/4830/3003
f 2894/4826/1647 2892/4828/1647 2896/4830/1647
f 2895/4831/3004 3079/4832/3004 3080/4829/3004
f 2898/4833/1647 2897/4834/1647 2891/4823/1647
f 2897/4834/1647 2896/4830/1647 2892/4828/1647
f 2891/4823/1647 2897/4834/1647 2892/4828/1647
f 2896/4830/3004 2895/4831/3004 3080/4829/3004
f 2777/4835/1647 2778/4836/1647 2790/4837/1647
f 2791/4838/1647 2837/4839/1647 2777/4835/1647
f 2837/4839/1647 2838/4840/1647 2777/4835/1647
f 2777/4835/1647 2790/4837/1647 2791/4838/1647
f 2838/4840/1647 2850/4841/1647 2777/4835/1647
f 2850/4841/1647 2851/4842/1647 2777/4835/1647
f 2851/4842/1647 2906/4843/1647 2777/4835/1647
f 2906/4843/1647 2905/4844/1647 2731/4845/1647
f 2905/4844/1647 2904/4846/1647 2730/4847/1647
f 2904/4846/1647 2903/2063/1647 2718/2065/1647
f 2903/2063/1647 2902/4848/1647 2717/2064/1647
f 2902/4848/1647 2901/4825/1647 2671/4849/1647
f 2717/2064/1647 2902/4848/1647 2671/4849/1647
f 2901/4825/1647 2900/4824/1647 2657/4820/1647
f 2900/4824/1647 2899/4850/1647 2891/4823/1647
f 2899/4850/1647 2898/4833/1647 2891/4823/1647
f 2731/4845/1647 2777/4835/1647 2906/4843/1647
f 2904/4846/1647 2718/2065/1647 2730/4847/1647
f 2730/4847/1647 2731/4845/1647 2905/4844/1647
f 2901/4825/1647 2670/4822/1647 2671/4849/1647
f 2954/2067/1648 2952/4851/1648 2676/107/1648
f 2952/4851/1648 2675/22/1648 2676/107/1648
f 2955/2069/1648 2956/4852/1648 2662/23/1648
f 2956/4852/1648 2663/110/1648 2662/23/1648
f 2958/2071/1649 2953/4853/1649 2665/113/1649
f 2953/4853/1649 2676/107/1649 2665/113/1649
f 2959/2073/3005 2960/4854/3005 2663/110/3005
f 2960/4854/1649 2651/995/1649 2663/110/1649
f 2961/2075/1650 2957/2070/1650 2664/994/1650
f 2957/2070/1650 2665/113/1650 2664/994/1650
f 2962/2077/1650 2963/4855/1650 2652/7/1650
f 2652/7/1650 2651/995/1650 2962/2077/1650
f 2965/2079/1651 2964/4856/1651 2666/8/1651
f 2964/4856/1651 2664/994/1651 2666/8/1651
f 2966/2081/1651 2967/4857/1651 2653/9/1651
f 2653/9/1651 2652/7/1651 2966/2081/1651
f 2970/2084/1652 2654/10/1652 2653/9/1652
f 2653/9/1652 2967/2082/1652 2970/2084/1652
f 2973/2086/1652 2971/4858/1652 2968/4859/1652
f 2968/4859/1652 2666/8/1652 2973/2086/1652
f 2666/8/1652 2667/11/1652 2973/2086/1652
f 2979/2088/1653 2975/4860/1653 2668/12/1653
f 2975/4860/3006 2969/4861/3006 2667/11/3006
f 2668/12/1653 2975/4860/1653 2667/11/1653
f 2668/12/1653 2977/4862/1653 2978/2087/1653
f 2976/4863/1653 2655/13/1653 2974/2090/1653
f 2655/13/1653 2654/10/1653 2974/2090/1653
f 2980/2091/1654 2977/4864/1654 2669/15/1654
f 2977/4864/1654 2668/12/1654 2669/15/1654
f 2669/15/1654 2656/14/1654 2980/2091/1654
f 2656/14/1654 2655/13/1654 2976/2092/1654
f 2797/4865/1655 2981/4866/1655 2660/19/1655
f 2981/4866/1655 2661/20/1655 2660/19/1655
f 2660/19/1655 2673/18/1655 2797/4865/1655
f 2674/21/1655 2984/4867/1655 2985/2093/1655
f 2985/2093/1655 2983/4868/1655 2673/18/1655
f 2983/4868/1655 2982/4869/1655 2797/4865/1655
f 2983/4868/1655 2797/4865/1655 2673/18/1655
f 2993/2095/1657 2987/4870/1657 2989/4871/1657
f 2993/2095/1657 2989/4871/1657 3000/4872/1657
f 2990/4873/1657 2988/4874/1657 2661/20/1657
f 2988/4874/1657 2986/4875/1657 2661/20/1657
f 2993/2095/1657 3000/4872/1657 2951/2094/1657
f 3000/4872/1657 2996/4876/1657 2951/2094/1657
f 2981/4877/1657 2990/4873/1657 2661/20/1657
f 2996/4876/1657 2999/4878/1657 2994/4879/1657
f 2662/23/1657 2661/20/1657 2986/4875/1657
f 2999/4878/1657 2998/4880/1657 2994/4879/1657
f 2662/23/1657 2986/4875/1657 2993/2095/1657
f 2996/4876/1657 2994/4879/1657 2951/2094/1657
f 2997/2096/1657 2984/4881/1657 2675/22/1657
f 2984/4881/1657 2674/21/1657 2675/22/1657
f 2675/22/1657 2952/4882/1657 2995/2097/1657
f 2857/4883/1657 2982/2099/1657 2992/2098/1657
f 2982/2099/1657 2983/4884/1657 2991/2100/1657
f 2982/2103/3007 2857/2349/3007 2892/4885/3007
f 2892/4885/3007 2893/2101/3007 2982/2103/3007
f 2735/74/1659 2736/123/1659 3006/2104/1659
f 3005/2108/1659 3004/2111/1659 2723/127/1659
f 2723/127/1659 2722/75/1659 3005/2108/1659
f 2722/75/1659 3001/2106/1659 3005/2108/1659
f 2736/123/1660 2725/3204/1660 3009/2109/1660
f 3007/4886/1660 3008/4887/1660 3004/2111/1660
f 3008/4887/1660 2711/126/1660 3004/2111/1660
f 3014/2114/3008 3012/4888/3008 3009/4889/3008
f 3009/4889/1661 2725/3204/1661 3014/2114/1661
f 2725/3204/1661 2724/702/1661 3014/2114/1661
f 2724/702/1661 3023/2112/1661 3014/2114/1661
f 3020/4890/1661 3022/4891/1661 3015/4892/1661
f 3015/4892/1661 3017/4893/1661 3019/2116/1661
f 3017/4893/1661 3013/2117/1661 3019/2116/1661
f 3010/4894/1661 3018/4895/1661 3016/2119/1661
f 3010/4894/1661 3016/2119/1661 2712/135/1661
f 2711/126/1661 3008/4896/1661 3013/2117/1661
f 3008/4896/1661 3011/2115/1661 3013/2117/1661
f 3019/2116/1661 3020/4890/1661 3015/4892/1661
f 3010/4894/1661 2712/135/1661 2711/126/1661
f 3013/2117/1661 3010/4894/1661 2711/126/1661
f 3024/2118/3009 3025/4897/3009 3027/4898/3009
f 3027/4898/1662 2713/138/1662 3024/2118/1662
f 2713/138/1662 2712/135/1662 3016/2119/1662
f 3022/2120/1662 3029/4899/1662 3026/2121/1662
f 3030/4900/1662 3023/4901/1662 3028/2123/1662
f 3023/4901/1662 2724/702/1662 3028/2123/1662
f 3034/2124/1663 3028/4902/1663 2726/62/1663
f 2726/62/1663 2727/63/1663 3034/2124/1663
f 2727/63/1663 3031/4903/1663 3033/2125/1663
f 2714/61/1663 2713/138/1663 3027/2126/1663
f 3036/2129/1664 3035/4904/1664 2728/64/1664
f 3035/4904/3010 3031/4905/3010 2728/64/3010
f 3031/4905/1664 2727/63/1664 2728/64/1664
f 2715/65/1664 2714/61/1664 3032/2130/1664
f 3039/2132/1665 3037/4906/1665 2729/66/1665
f 3037/4906/1665 2728/64/1665 2729/66/1665
f 2716/67/1665 2715/65/1665 3038/2131/1665
f 2716/67/1665 3038/2131/1665 3039/2132/1665
f 3044/2134/1666 3043/4907/1666 3040/2133/1666
f 3040/2133/1666 3042/4908/1666 3001/4909/1666
f 3001/4909/1666 2722/75/1666 3040/2133/1666
f 2722/75/1666 2721/73/1666 3040/2133/1666
f 2734/72/1666 2735/74/1666 3044/2134/1666
f 2735/74/1666 3002/4910/1666 3044/2134/1666
f 3002/4910/1666 3041/4911/1666 3044/2134/1666
f 3040/2133/1666 2721/73/1666 2734/72/1666
f 3035/2348/3011 2914/4912/3011 3031/2137/3011
f 2914/4912/3011 2915/2135/3011 3031/2137/3011
f 3048/2142/1669 3050/4913/1669 2782/487/1669
f 3050/4913/1669 2783/152/1669 2782/487/1669
f 2782/487/1669 2795/141/1669 3048/2142/1669
f 2795/141/1669 2796/146/1669 3049/2141/1669
f 2796/146/1670 2785/157/1670 3056/2143/1670
f 3051/2146/1670 3053/4914/1670 2771/447/1670
f 2771/447/1670 2783/152/1670 3051/2146/1670
f 3054/2149/1670 3052/4915/1670 3046/4916/1670
f 3046/4916/1670 3045/2147/1670 3054/2149/1670
f 3058/2150/1672 3056/4917/1672 2785/157/1672
f 2772/158/1672 2771/447/1672 3053/4918/1672
f 3058/2150/1672 2785/157/1672 2784/450/1672
f 2772/158/1672 3053/4918/1672 3058/2150/1672
f 2776/86/1600 2789/85/1600 2800/172/1600
f 3046/2156/3012 3052/2182/3012 2938/2181/3012
f 2938/2181/3013 2939/2154/3013 3046/2156/3013
f 3060/2159/1674 3061/4919/1674 2855/348/1674
f 2855/348/1674 2856/590/1674 3060/2159/1674
f 2856/590/1674 3065/2157/1674 3060/2159/1674
f 3063/2161/1674 3059/4920/1674 3064/2160/1674
f 3064/2160/1674 2843/593/1674 2842/347/1674
f 3067/2163/1675 3066/4921/1675 2831/600/1675
f 2831/600/1675 2843/593/1675 3067/2163/1675
f 3069/2165/1675 3068/4922/1675 3065/2164/1675
f 3065/2164/1675 2856/590/1675 2845/597/1675
f 2845/597/1676 2844/725/1676 3071/2166/1676
f 2832/599/1676 2831/600/1676 3066/2168/1676
f 3073/4923/1677 3072/4924/1677 3070/2170/1677
f 3072/4924/1677 2833/655/1677 3070/2170/1677
f 3075/2171/1677 3074/4925/1677 3071/4926/1677
f 3071/4926/1677 2844/725/1677 3075/2171/1677
f 3077/4927/3014 3075/4928/3014 2846/337/3014
f 2834/336/3014 2833/655/3014 3076/2172/3014
f 2833/655/3014 3072/4929/3014 3076/2172/3014
f 3076/2172/3014 3077/4927/3014 2847/338/3014
f 3077/4927/3014 2846/337/3014 2847/338/3014
f 2836/342/1620 2849/341/1620 2860/349/1620
f 3078/2173/1679 3063/4930/1679 2842/347/1679
f 2841/345/1679 2854/346/1679 3078/2173/1679
f 2854/346/1679 2855/348/1679 3061/4931/1679
f 3078/2173/1679 2854/346/1679 3061/4931/1679
f 3045/2175/3015 3047/4932/3015 2939/2176/3015
f 2939/2176/1680 2940/4933/1680 3055/2174/1680
f 2940/4933/3015 3057/4934/3015 3055/2174/3015
f 2915/2135/1681 2916/4935/1681 3034/2177/1681
f 2981/2180/1682 2797/2102/1682 2893/2101/1682
f 2893/2101/1682 2894/2178/1682 2981/2180/1682
f 3054/2183/3016 3057/4934/3016 2940/4933/3016
f 2940/4933/1683 2938/2181/1683 3054/2183/1683
f 3028/2186/3017 3034/2177/3017 2916/4935/3017
f 2916/4935/1684 2917/2184/1684 3028/2186/1684
f 2990/2179/3018 2894/2178/3018 3080/2187/3018
f 3023/2191/1686 3030/2185/1686 2917/2184/1686
f 2917/2184/1686 2918/2189/1686 3023/2191/1686
f 2918/2189/3019 2919/2193/3019 3014/2192/3019
f 2919/2193/3020 2920/4936/3020 3012/2194/3020
f 3012/2194/3021 2920/4936/3021 3009/4937/3021
f 2920/4936/1689 2921/2195/1689 3006/2197/1689
f 3009/4937/1689 2920/4936/1689 3006/2197/1689
f 2921/2195/3022 3041/2202/3022 3002/2196/3022
f 2987/2198/1690 2896/2351/1690 2897/2199/1690
f 2921/2195/3023 2922/2208/3023 3044/2201/3023
f 2989/2200/1692 2897/2199/1692 2898/2203/1692
f 3061/2207/3024 3060/2214/3024 2942/2213/3024
f 2942/2213/1693 2941/2205/1693 3061/2207/1693
f 2922/2208/3025 2923/2215/3025 3043/2209/3025
f 3000/2204/3026 2898/2203/3026 2899/2210/3026
f 3062/2212/3027 2943/2221/3027 2942/2213/3027
f 2923/2215/3028 2924/4938/3028 3040/2216/3028
f 2899/2210/3029 2900/2226/3029 2999/2217/3029
f 2970/2220/3030 2972/2288/3030 2851/2287/3030
f 2851/2287/1699 2850/2218/1699 2970/2220/1699
f 3068/4939/1700 2944/2231/1700 3065/2222/1700
f 2944/2231/3031 2943/2221/3031 3065/2222/3031
f 3040/2223/3032 2924/4940/3032 2925/2224/3032
f 2900/2226/3033 2901/4941/3033 2998/2227/3033
f 2976/2230/3034 2974/2219/3034 2850/2218/3034
f 2850/2218/3035 2838/2228/3035 2976/2230/3035
f 3074/2243/3036 2945/2242/3036 3071/2233/3036
f 2945/2242/3036 2944/2231/3036 3071/2233/3036
f 2944/2231/3036 3068/4939/3036 3069/2232/3036
f 3001/2236/1705 3042/2225/1705 2925/2224/1705
f 2925/2224/1705 2926/2234/1705 3001/2236/1705
f 2998/2227/3037 2901/4941/3037 2902/2237/3037
f 2977/2241/3038 2980/4942/3038 2838/4943/3038
f 2838/4943/1707 2837/2239/1707 2977/2241/1707
f 3075/2244/1708 3077/2253/1708 2946/2252/1708
f 2946/2252/3039 2945/2242/3039 3075/2244/3039
f 3003/2235/1709 2926/2234/1709 2927/2245/1709
f 2951/2249/3040 2994/2238/3040 2902/2237/3040
f 2902/2237/3041 2903/2247/3041 2951/2249/3041
f 2837/2239/1711 2791/2260/1711 2979/2250/1711
f 3076/2251/1712 2947/4944/1712 2946/2252/1712
f 3004/2256/1713 3005/2246/1713 2927/2245/1713
f 2927/2245/1713 2928/2254/1713 3004/2256/1713
f 2956/2259/3042 2955/2248/3042 2903/2247/3042
f 2903/2247/3042 2904/2257/3042 2956/2259/3042
f 2791/2260/3043 2790/4945/3043 2975/2261/3043
f 3072/2264/1716 3073/4946/1716 2948/4947/1716
f 2948/4947/1716 2947/2262/1716 3072/2264/1716
f 3008/2267/3044 3007/2255/3044 2928/2254/3044
f 2928/2254/1717 2929/2265/1717 3008/2267/1717
f 2960/2270/3045 2959/2258/3045 2904/2257/3045
f 2904/2257/3045 2905/2268/3045 2960/2270/3045
f 2975/2261/3046 2790/4945/3046 2969/2273/3046
f 2790/4945/1719 2778/2271/1719 2969/2273/1719
f 3066/2275/3047 3067/2283/3047 2949/2276/3047
f 2949/2276/3047 2948/4947/3047 3070/2274/3047
f 2948/4947/3048 3073/4946/3048 3070/2274/3048
f 3011/2266/1721 2929/2265/1721 2930/2277/1721
f 2963/2281/3049 2962/2269/3049 2905/2268/3049
f 2905/2268/1722 2906/2279/1722 2963/2281/1722
f 2778/2271/1723 2777/4948/1723 2971/2282/1723
f 3064/2284/3050 3059/2294/3050 2950/2293/3050
f 2950/2293/1724 2949/2276/1724 3064/2284/1724
f 3019/2278/3051 2930/2277/3051 2931/2285/3051
f 2967/2289/1726 2966/2280/1726 2906/2279/1726
f 2906/2279/1726 2851/2287/1726 2967/2289/1726
f 2971/2282/1727 2777/4948/1727 2968/2292/1727
f 2777/4948/1727 2731/2290/1727 2968/2292/1727
f 3063/2295/1728 3078/2155/1728 2941/2154/1728
f 2941/2154/3052 2950/2293/3052 3063/2295/3052
f 3022/2298/3053 3020/2286/3053 2931/2285/3053
f 2931/2285/3054 2932/2296/3054 3022/2298/3054
f 2965/2291/3055 2731/2290/3055 2964/2301/3055
f 2731/2290/1730 2730/2299/1730 2964/2301/1730
f 2932/2296/1731 2933/4949/1731 3026/2302/1731
f 2961/2300/1732 2730/2299/1732 2957/2305/1732
f 2730/2299/1732 2718/2303/1732 2957/2305/1732
f 3026/2302/3056 2933/4949/3056 3015/2308/3056
f 2933/4949/1733 2934/2306/1733 3015/2308/1733
f 3013/2309/1734 2907/4950/1734 2908/2310/1734
f 2953/2314/3057 2958/2304/3057 2718/2303/3057
f 2718/2303/1735 2717/2312/1735 2953/2314/1735
f 2934/2306/3058 2907/4950/3058 3013/2309/3058
f 3010/2311/3059 2908/2310/3059 2909/2315/3059
f 2952/2319/1738 2954/2313/1738 2717/2312/1738
f 2717/2312/1738 2671/2317/1738 2952/2319/1738
f 3016/2322/3060 3018/2316/3060 2909/2315/3060
f 2909/2315/1739 2910/2320/1739 3016/2322/1739
f 2671/2317/1740 2670/4951/1740 2997/2323/1740
f 3024/2321/1741 2910/2320/1741 2911/2324/1741
f 2984/2328/1742 2997/2323/1742 2670/4951/1742
f 2670/4951/1742 2658/2326/1742 2984/2328/1742
f 3050/2331/3061 3048/4952/3061 2936/2337/3061
f 2936/2337/3062 2935/2329/3062 3050/2331/3062
f 3027/2333/3063 3025/2325/3063 2911/2324/3063
f 2911/2324/3064 2912/4953/3064 3032/2332/3064
f 2912/4953/1744 3039/4954/1744 3038/4955/1744
f 2912/4953/1744 3038/4955/1744 3032/2332/1744
f 2983/2336/3065 2985/2327/3065 2658/2326/3065
f 2658/2326/3065 2657/2334/3065 2983/2336/3065
f 3058/2346/3066 2937/2345/3066 3056/2339/3066
f 2937/2345/1746 2936/2337/1746 3056/2339/1746
f 2936/2337/3066 3048/4952/3066 3049/2338/3066
f 3039/4956/3067 2912/4957/3067 3037/2342/3067
f 2912/4957/3067 2913/2340/3067 3037/2342/3067
f 2991/2335/1748 2657/2334/1748 2891/2343/1748
f 3053/2347/3068 3051/4958/3068 2935/4959/3068
f 2935/4959/3068 2937/2345/3068 3053/2347/3068
f 2913/2340/3069 2914/4912/3069 3035/2348/3069
f 2891/2343/3070 2892/4885/3070 2857/2349/3070
f 2987/2198/3071 2993/2353/3071 2895/2350/3071
f 2986/2352/3072 3079/4960/3072 2895/2350/3072
f 2988/2188/1754 3080/2187/1754 3079/2354/1754
f 3116/3/1755 3115/1/1755 3125/78/1755
f 3089/4/1756 3109/3519/1756 3112/5/1756
f 3084/10/3073 3097/11/3073 3098/12/3073
f 3086/14/1758 3085/13/1758 3098/12/1758
f 3086/14/1638 3099/15/1638 3110/16/1638
f 3089/4/1759 3102/6/1759 3103/18/1759
f 3091/20/1760 3090/19/1760 3103/18/1760
f 3091/20/1761 3104/21/1761 3105/22/1761
f 3117/24/1768 3119/89/1768 3120/25/1768
f 3115/27/1763 3116/3520/1763 3122/28/1763
f 3122/331/3074 3140/31/3074 3139/32/3074
f 3113/33/1765 3123/3521/1765 3124/34/1765
f 3113/36/1766 3114/90/1766 3132/31/1766
f 3125/38/1767 3126/38/1767 3128/38/1767
f 3131/38/1756 3132/38/1756 3130/38/1756
f 3133/39/1768 3134/3522/1768 3136/40/1768
f 3139/42/1768 3140/3523/1768 3138/43/1768
f 3120/47/1769 3119/45/1769 3137/332/1769
f 3112/50/1770 3109/48/1770 3129/648/1770
f 3111/76/1771 3128/31/1771 3126/52/1771
f 3118/91/1772 3136/54/1772 3134/55/1772
f 3123/56/1773 3133/77/1773 3135/57/1773
f 3175/1/3075 3185/78/3075 3187/2/3075
f 3149/58/1775 3169/3524/1775 3172/59/1775
f 3144/61/1776 3157/63/1776 3158/64/1776
f 3145/65/1777 3158/64/1777 3159/66/1777
f 3146/67/1767 3159/66/1767 3170/68/1767
f 3149/58/1778 3162/60/1778 3163/71/1778
f 3150/70/1779 3163/71/1779 3164/72/1779
f 3177/24/1780 3179/89/1780 3180/25/1780
f 3175/27/1781 3176/3520/1781 3182/28/1781
f 3182/331/3076 3200/31/3076 3199/32/3076
f 3173/33/1783 3183/3521/1783 3184/34/1783
f 3173/36/1784 3174/90/1784 3192/31/1784
f 3185/38/1785 3186/38/1785 3188/38/1785
f 3191/38/1775 3192/38/1775 3190/38/1775
f 3193/39/1780 3194/3522/1780 3196/40/1780
f 3199/42/1780 3200/3523/1780 3198/43/1780
f 3180/47/1786 3179/45/1786 3197/332/1786
f 3169/48/1787 3189/648/1787 3190/49/1787
f 3168/51/1788 3171/76/1788 3188/31/1788
f 3177/53/1789 3178/91/1789 3196/54/1789
f 3184/3/1790 3183/56/1790 3193/77/1790
f 3235/1/1791 3245/78/1791 3247/2/1791
f 3209/79/1792 3229/3525/1792 3232/80/1792
f 3205/82/1793 3218/84/1793 3219/85/1793
f 3209/79/1794 3222/81/1794 3223/88/1794
f 3239/89/1795 3240/25/1795 3238/26/1795
f 3235/27/1796 3236/3520/1796 3242/28/1796
f 3242/331/1797 3260/31/1797 3259/32/1797
f 3233/33/1798 3243/3521/1798 3244/34/1798
f 3234/90/1799 3252/31/1799 3251/37/1799
f 3245/38/1800 3246/38/1800 3248/38/1800
f 3251/38/1792 3252/38/1792 3250/38/1792
f 3253/39/1795 3254/3522/1795 3256/40/1795
f 3259/42/1795 3260/3523/1795 3258/43/1795
f 3239/45/1801 3257/332/1801 3258/46/1801
f 3229/48/1802 3249/648/1802 3250/49/1802
f 3231/76/1803 3248/31/1803 3246/52/1803
f 3237/53/1804 3238/91/1804 3256/54/1804
f 3244/3/1805 3243/56/1805 3253/77/1805
f 3296/3/3077 3295/1/3077 3305/78/3077
f 3269/333/1807 3289/3649/1807 3292/334/1807
f 3264/336/1808 3263/655/1808 3276/337/1808
f 3264/336/1809 3277/338/1809 3278/339/1809
f 3265/340/1810 3278/339/1810 3279/341/1810
f 3270/344/1811 3269/333/1811 3282/335/1811
f 3299/89/1812 3300/25/1812 3298/26/1812
f 3295/27/1813 3296/3520/1813 3302/28/1813
f 3302/331/1814 3320/31/1814 3319/32/1814
f 3293/33/3078 3303/3521/3078 3304/34/3078
f 3294/90/1816 3312/31/1816 3311/37/1816
f 3305/38/1817 3306/38/1817 3308/38/1817
f 3311/38/1807 3312/38/1807 3310/38/1807
f 3313/39/1812 3314/3522/1812 3316/40/1812
f 3319/42/1818 3320/3523/1818 3318/43/1818
f 3299/45/1819 3317/332/1819 3318/46/1819
f 3289/48/1820 3309/648/1820 3310/49/1820
f 3288/51/1821 3291/76/1821 3308/31/1821
f 3298/91/1822 3316/54/1822 3314/55/1822
f 3304/3/3079 3303/56/3079 3313/77/3079
f 3400/4961/1824 3387/4962/1824 3388/4963/1824
f 3400/4961/1824 3388/4963/1824 3389/4964/1824
f 3396/4965/1824 3397/4966/1824 3390/2359/1824
f 3397/4966/1824 3398/4967/1824 3390/2359/1824
f 3395/2361/1824 3396/4965/1824 3390/2359/1824
f 3399/4968/1824 3400/4961/1824 3389/4964/1824
f 3399/4968/1824 3389/4964/1824 3398/4967/1824
f 3389/4964/1824 3390/2359/1824 3398/4967/1824
f 3394/4969/1824 3395/2361/1824 3391/2360/1824
f 3392/4970/1824 3393/4971/1824 3391/2360/1824
f 3393/4971/1824 3394/4969/1824 3391/2360/1824
f 3364/4972/1825 3363/4973/1825 3383/4974/1825
f 3363/4973/1825 3362/4975/1825 3383/4974/1825
f 3365/4976/1825 3364/4972/1825 3383/4974/1825
f 3382/4977/1825 3381/4978/1825 3379/4979/1825
f 3381/4978/1825 3380/4980/1825 3379/4979/1825
f 3365/4976/3080 3383/4974/3080 3378/4981/3080
f 3383/4974/1825 3382/4977/1825 3378/4981/1825
f 3382/4977/1825 3379/4979/1825 3378/4981/1825
f 3372/4982/1825 3371/4983/1825 3370/4984/1825
f 3375/4985/1825 3374/4986/1825 3369/4987/1825
f 3374/4986/1825 3373/4988/1825 3370/4984/1825
f 3369/4987/1825 3374/4986/1825 3370/4984/1825
f 3373/4988/1825 3372/4982/1825 3370/4984/1825
f 3376/4989/1825 3375/4985/1825 3368/4990/1825
f 3368/4990/1825 3375/4985/1825 3369/4987/1825
f 3377/2362/1825 3376/4989/1825 3367/2363/1825
f 3367/2363/1825 3376/4989/1825 3368/4990/1825
f 3378/4981/1825 3377/2362/1825 3365/4976/1825
f 3366/2364/1825 3365/4976/1825 3377/2362/1825
f 3355/4991/1826 3356/4992/1826 3345/4993/1826
f 3356/4992/1826 3344/4994/1826 3345/4993/1826
f 3345/4993/1826 3346/4995/1826 3347/4996/1826
f 3353/4997/1826 3354/4998/1826 3348/4999/1826
f 3354/4998/1826 3355/4991/1826 3347/4996/1826
f 3348/4999/1826 3354/4998/1826 3347/4996/1826
f 3360/5000/1826 3361/5001/1826 3338/5002/1826
f 3361/5001/1826 3353/4997/1826 3337/5003/1826
f 3337/5003/1826 3338/5002/1826 3361/5001/1826
f 3355/4991/1826 3345/4993/1826 3347/4996/1826
f 3348/4999/1826 3349/5004/1826 3336/5005/1826
f 3349/5004/1826 3350/5006/1826 3336/5005/1826
f 3336/5005/1826 3350/5006/1826 3335/5007/1826
f 3351/5008/1826 3352/5009/1826 3332/2365/1826
f 3336/5005/1826 3337/5003/1826 3348/4999/1826
f 3337/5003/1826 3353/4997/1826 3348/4999/1826
f 3350/5006/1826 3351/5008/1826 3335/5007/1826
f 3351/5008/1826 3332/2365/1826 3334/2367/1826
f 3335/5007/1826 3351/5008/1826 3334/2367/1826
f 3342/5010/1826 3343/5011/1826 3344/4994/1826
f 3344/4994/1826 3356/4992/1826 3342/5010/1826
f 3356/4992/1826 3357/2370/1826 3341/5012/1826
f 3342/5010/1826 3356/4992/1826 3341/5012/1826
f 3227/2369/1826 3341/5012/1826 3357/2370/1826
f 3339/5013/1826 3340/5014/1826 3360/5000/1826
f 3340/5014/1826 3227/2369/1826 3358/2368/1826
f 3360/5000/1826 3338/5002/1826 3339/5013/1826
f 3359/5015/1826 3360/5000/1826 3340/5014/1826
f 3340/5014/1826 3358/2368/1826 3359/5015/1826
f 3100/5016/1827 3101/5017/1827 3148/5018/1827
f 3101/5017/1827 3147/5019/1827 3148/5018/1827
f 3328/5020/1827 3327/5021/1827 3326/5022/1827
f 3331/5023/1827 3330/5024/1827 3280/5025/1827
f 3330/5024/1827 3329/5026/1827 3268/5027/1827
f 3328/5020/1827 3326/5022/1827 3325/5028/1827
f 3329/5026/1827 3328/5020/1827 3221/5029/1827
f 3328/5020/1827 3325/5028/1827 3221/5029/1827
f 3325/5028/1827 3324/5030/1827 3221/5029/1827
f 3280/5025/1827 3281/5031/1827 3331/5023/1827
f 3268/5027/1827 3280/5025/1827 3330/5024/1827
f 3324/5030/1827 3323/2373/1827 3221/5029/1827
f 3088/5032/1827 3100/5016/1827 3148/5018/1827
f 3160/5033/1827 3161/5034/1827 3087/5035/1827
f 3161/5034/1827 3207/5036/1827 3087/5035/1827
f 3088/5032/1827 3148/5018/1827 3160/5033/1827
f 3087/5035/1827 3088/5032/1827 3160/5033/1827
f 3267/5037/1827 3268/5027/1827 3329/5026/1827
f 3321/5038/1827 3087/5035/1827 3207/5036/1827
f 3208/2372/1827 3220/5039/1827 3323/2373/1827
f 3220/5039/1827 3221/5029/1827 3323/2373/1827
f 3321/5038/1827 3207/5036/1827 3322/2371/1827
f 3207/5036/1827 3208/2372/1827 3322/2371/1827
f 3221/5029/1827 3267/5037/1827 3329/5026/1827
f 3404/5040/1828 3402/5041/1828 3092/23/1828
f 3402/5041/1828 3093/110/1828 3092/23/1828
f 3105/22/1828 3106/107/1828 3408/5042/1828
f 3408/5042/1828 3406/5043/1828 3105/22/1828
f 3406/5043/1828 3409/5044/1828 3105/22/1828
f 3401/2374/1828 3404/5040/1828 3092/23/1828
f 3105/22/1828 3409/5044/1828 3401/2374/1828
f 3411/5045/1828 3410/5046/1828 3403/2377/1828
f 3410/5046/1828 3405/2375/1828 3403/2377/1828
f 3421/2380/1830 3413/5047/1830 3418/5048/1830
f 3413/5047/1830 3417/5049/1830 3418/5048/1830
f 3418/5048/1830 3403/5050/1830 3407/5051/1830
f 3408/5052/1830 3106/107/1830 3428/5053/1830
f 3106/107/1830 3095/113/1830 3426/5054/1830
f 3428/5053/1830 3106/107/1830 3426/5054/1830
f 3422/2379/1830 3426/5054/1830 3095/113/1830
f 3421/2380/1830 3418/5048/1830 3424/2378/1830
f 3418/5048/1830 3407/5051/1830 3424/2378/1830
f 3407/5051/1830 3427/5055/1830 3424/2378/1830
f 3427/5055/1830 3425/5056/1830 3424/2378/1830
f 3422/2379/1830 3095/113/1830 3421/2380/1830
f 3419/5057/1830 3415/5058/1830 3093/110/1830
f 3415/5058/1830 3414/2381/1830 3093/110/1830
f 3414/2381/1830 3416/5059/1830 3423/2384/1830
f 3416/5059/1830 3412/5060/1830 3423/2384/1830
f 3423/2384/1830 3081/995/1830 3414/2381/1830
f 3093/110/1830 3402/5061/1830 3419/5057/1830
f 3402/5061/3081 3420/5062/3081 3419/5057/3081
f 3429/5063/1831 3421/5064/1831 3433/2383/1831
f 3421/5064/1831 3095/113/1831 3433/2383/1831
f 3095/113/1831 3094/994/1831 3431/2382/1831
f 3094/994/1831 3430/5065/1831 3431/2382/1831
f 3432/2385/1831 3434/5066/1831 3082/7/1831
f 3082/7/1831 3081/995/1831 3423/2384/1831
f 3094/994/1832 3096/8/1832 3436/2386/1832
f 3083/9/1832 3082/7/1832 3434/2388/1832
f 3436/5067/1833 3096/8/1833 3437/2390/1833
f 3096/8/1833 3097/11/1833 3437/2390/1833
f 3097/11/1833 3084/10/1833 3437/2390/1833
f 3084/10/1833 3083/9/1833 3435/2391/1833
s 1
f 3287/2392/1834 3227/2488/1869 3340/2393/1835
s 0
f 3441/2395/1837 3165/74/1837 3166/123/1837
f 3438/2398/1837 3445/5068/1837 3153/127/1837
f 3153/127/1837 3152/75/1837 3438/2398/1837
f 3152/75/1837 3444/5069/1837 3287/2397/1837
f 3447/5070/1837 3446/5071/1837 3448/2400/1837
f 3446/5071/1837 3439/2401/1837 3448/2400/1837
f 3439/2401/1837 3443/5072/1837 3449/2399/1837
f 3443/5072/1837 3440/5073/1837 3449/2399/1837
f 3440/5073/1837 3442/5074/1837 3449/2399/1837
f 3451/5075/1839 3447/5076/1839 3452/2404/1839
f 3447/5076/1839 3448/2402/1839 3452/2404/1839
f 3460/2405/1838 3453/5077/1838 3450/5078/1838
f 3450/5078/1839 3166/123/1839 3460/2405/1839
f 3166/123/1839 3155/3204/1839 3461/2406/1839
f 3458/5079/1838 3459/5080/1838 3457/2407/1838
f 3141/126/1839 3153/127/1839 3455/2408/1839
f 3153/127/1838 3445/5081/1838 3455/2408/1838
f 3455/2408/1838 3456/5082/1838 3458/5079/1838
f 3455/2408/1839 3458/5079/1839 3457/2407/1839
f 3465/2410/1840 3461/5083/1840 3155/3204/1840
f 3155/3204/1840 3154/702/1840 3465/2410/1840
f 3464/5084/1840 3462/5085/1840 3457/2411/1840
f 3462/5085/1840 3142/135/1840 3457/2411/1840
f 3466/2412/1841 3468/5086/1841 3467/2413/1841
f 3143/138/1841 3142/135/1841 3466/2412/1841
f 3142/135/1841 3462/5087/1841 3466/2412/1841
f 3462/5087/1841 3469/5088/1841 3466/2412/1841
f 3471/2414/1841 3470/5089/1841 3463/5090/1841
f 3463/5090/1841 3154/702/1841 3471/2414/1841
f 3472/2416/3082 3471/5091/3082 3156/62/3082
f 3156/62/3082 3157/63/3082 3472/2416/3082
f 3157/63/3082 3144/61/3082 3472/2416/3082
f 3144/61/3082 3143/138/3082 3467/2415/3082
f 3473/2417/1843 3474/5092/1843 3477/5093/1843
f 3477/5093/1843 3444/5094/1843 3151/73/1843
f 3444/5094/1843 3152/75/1843 3151/73/1843
f 3164/72/1843 3165/74/1843 3480/5095/1843
f 3165/74/1843 3441/5096/1843 3480/5095/1843
f 3441/5096/3083 3479/5097/3083 3480/5095/3083
f 3480/5095/1843 3478/5098/1843 3475/5099/1843
f 3473/2417/1843 3477/5093/1843 3151/73/1843
f 3480/5095/1843 3475/5099/1843 3473/2417/1843
f 3164/72/1843 3480/5095/1843 3473/2417/1843
f 3443/2418/3083 3476/5100/3083 3481/2419/3083
s 1
f 3483/2694/3084 3385/2693/3085 3482/2423/1845
f 3385/2693/3085 3386/2421/1844 3482/2423/1845
s 0
f 3225/141/1846 3226/146/1846 3493/2424/1846
f 3485/2427/1846 3490/5101/1846 3213/152/1846
f 3213/152/1846 3212/487/1846 3488/2426/1846
f 3492/2430/1846 3489/5102/1846 3486/5103/1846
f 3486/5103/1846 3494/2428/1846 3492/2430/1846
f 3226/146/1847 3215/157/1847 3500/2431/1847
f 3495/2434/1847 3497/5104/1847 3201/447/1847
f 3201/447/1847 3213/152/1847 3490/2433/1847
f 3498/5105/1847 3491/5106/1847 3499/2436/1847
f 3491/5106/1847 3494/2428/1847 3499/2436/1847
f 3215/157/1848 3214/450/1848 3503/2437/1848
f 3501/2439/3086 3502/5107/3086 3504/2443/3086
f 3504/2443/1848 3202/158/1848 3501/2439/1848
f 3202/158/1848 3201/447/1848 3497/2440/1848
f 3214/450/1849 3216/167/1849 3506/2441/1849
f 3203/718/1849 3202/158/1849 3504/2443/1849
f 3216/167/1850 3217/83/1850 3508/2445/1850
f 3204/170/1850 3203/718/1850 3505/2447/1850
f 3512/5108/1851 3509/5109/1851 3508/5110/1851
f 3508/5110/1851 3217/83/1851 3512/5108/1851
f 3217/83/1851 3218/84/1851 3512/5108/1851
f 3205/82/1851 3204/170/1851 3511/2449/1851
f 3204/170/1851 3507/5111/1851 3511/2449/1851
f 3507/5111/1851 3510/5112/1851 3511/2449/1851
f 3511/2449/1851 3512/5108/1851 3218/84/1851
f 3206/86/1852 3219/85/1852 3230/172/1852
f 3518/5113/1853 3517/5114/1853 3514/5115/1853
f 3513/5116/1853 3516/5117/1853 3211/177/1853
f 3523/5118/1853 3518/5113/1853 3515/2450/1853
f 3518/5113/1853 3514/5115/1853 3515/2450/1853
f 3513/5116/1853 3211/177/1853 3210/87/1853
f 3520/5119/1853 3523/5118/1853 3515/2450/1853
f 3514/5115/1853 3513/5116/1853 3210/87/1853
f 3223/88/1853 3224/174/1853 3522/5120/1853
f 3224/174/1853 3521/5121/1853 3522/5120/1853
f 3521/5121/3087 3519/5122/3087 3522/5120/3087
f 3515/2450/1853 3514/5115/1853 3210/87/1853
f 3223/88/1853 3522/5120/1853 3515/2450/1853
f 3224/174/1854 3225/141/1854 3487/2451/1854
f 3525/2454/1854 3488/5123/1854 3212/487/1854
f 3212/487/1854 3211/177/1854 3516/5124/1854
f 3516/5124/1854 3524/2453/1854 3212/487/1854
f 3523/2457/1854 3486/5125/1854 3526/2455/1854
f 3486/5125/1854 3489/5126/1854 3526/2455/1854
s 1
f 3425/2458/1855 3148/2692/3088 3147/2459/1855
s 0
f 3272/347/1856 3529/5127/1856 3527/2461/1856
f 3529/5127/1856 3528/5128/1856 3527/2461/1856
f 3527/2461/1856 3531/2463/1856 3273/593/1856
f 3533/2462/1856 3532/5129/1856 3530/5130/1856
f 3530/5130/1856 3285/348/1856 3533/2462/1856
f 3535/5131/1857 3536/5132/1857 3534/2464/1857
f 3536/5132/1857 3261/600/1857 3534/2464/1857
f 3261/600/1857 3273/593/1857 3531/2463/1857
f 3538/2466/1857 3539/5133/1857 3537/5134/1857
f 3537/5134/1857 3533/5135/1857 3538/2466/1857
f 3533/5135/1857 3286/590/1857 3538/2466/1857
f 3275/597/1857 3482/5136/1857 3484/2465/1857
f 3275/597/1857 3484/2465/1857 3286/590/1857
f 3541/5137/1858 3540/5138/1858 3536/2467/1858
f 3540/5138/1858 3262/599/1858 3536/2467/1858
f 3543/2468/1858 3544/5139/1858 3539/5140/1858
f 3544/5139/1858 3537/5141/1858 3539/5140/1858
f 3543/2468/3089 3539/5140/3089 3483/2469/3089
f 3483/2469/3090 3482/5142/3090 3274/725/3090
f 3482/5142/1858 3275/597/1858 3274/725/1858
f 3274/725/1858 3542/5143/1858 3543/2468/1858
f 3545/2470/1859 3542/5144/1859 3276/337/1859
f 3542/5144/1859 3274/725/1859 3276/337/1859
f 3276/337/1859 3263/655/1859 3545/2470/1859
f 3263/655/1859 3262/599/1859 3540/2471/1859
f 3266/342/1800 3279/341/1800 3290/349/1800
f 3547/2473/1860 3546/2474/1860 3270/344/1860
f 3546/2474/3091 3271/345/3091 3270/344/3091
f 3270/344/3091 3283/343/3091 3547/2473/3091
f 3283/343/3091 3284/346/3091 3548/2472/3091
f 3529/2475/1862 3272/347/1862 3271/345/1862
f 3551/2477/1862 3552/5145/1862 3548/5146/1862
f 3530/5147/1862 3549/5148/1862 3550/5149/1862
f 3551/2477/1862 3548/5146/1862 3284/346/1862
f 3285/348/1862 3530/5147/1862 3550/5149/1862
f 3550/5149/1862 3551/2477/1862 3285/348/1862
s 1
f 3445/2480/1864 3438/2394/1836 3340/2393/1835
f 3340/2393/1835 3339/2478/1863 3445/2480/1864
f 3424/2460/1865 3147/2459/1865 3101/2481/1865
f 3484/2422/1866 3386/2421/1866 3384/2483/1867
f 3362/2485/1868 3363/2496/1868 3515/2486/1868
f 3444/2489/1870 3477/2500/1878 3341/2499/1877
f 3341/2499/1877 3227/2488/1869 3444/2489/1870
f 3101/2490/1871 3100/2501/3092 3426/2491/1872
f 3550/2493/1873 3388/5150/1873 3387/2494/1873
f 3363/2496/1874 3364/2507/1875 3520/2497/1875
f 3474/2498/1876 3342/2509/1876 3341/2499/1877
f 3100/2501/1879 3088/5151/1879 3428/2502/1879
f 3389/2503/1880 3388/5150/1880 3550/2493/1880
f 3523/2506/1882 3520/2497/3093 3364/2507/1883
f 3364/2507/1883 3365/2514/1881 3486/2505/1881
f 3365/2514/1881 3496/2516/1881 3494/5152/3094
f 3365/2514/1881 3494/5152/3094 3486/2505/1881
f 3473/2508/1884 3343/5153/3095 3342/2509/1884
f 3408/2512/1887 3428/2502/1887 3088/5151/1887
f 3088/5151/1887 3087/2510/1885 3408/2512/1887
f 3532/5154/1888 3390/2523/1888 3530/2513/1888
f 3390/2523/1888 3389/2503/1888 3530/2513/1888
f 3365/2514/1890 3366/2524/1897 3499/2515/1891
f 3344/2517/1892 3343/5155/1893 3473/2518/1893
f 3087/2510/1885 3321/2528/1894 3409/2520/1894
f 3537/2522/1896 3544/2531/1896 3391/5156/1896
f 3391/5156/1896 3390/2523/1896 3537/2522/1896
f 3390/2523/1896 3532/5154/1896 3533/2521/1895
f 3366/2524/1897 3367/5157/3096 3498/2525/1898
f 3345/2526/1899 3344/2517/1899 3475/2519/1899
f 3321/2528/1900 3322/5158/1900 3401/2529/1900
f 3392/2530/1901 3391/5156/1901 3544/2531/1901
f 3491/2535/1904 3498/5159/1904 3367/5160/1904
f 3367/5160/1904 3368/2533/1902 3491/2535/1904
f 3480/2536/1905 3346/5161/1905 3345/2526/1905
f 3401/2529/1906 3322/5158/1906 3323/2537/1907
f 3545/2551/3097 3393/2550/3097 3542/2541/1909
f 3393/2550/3097 3392/2539/1909 3542/2541/1909
f 3492/2534/1903 3368/2533/1902 3489/2544/1912
f 3368/2533/1902 3369/2542/1910 3489/2544/1912
f 3347/2545/1913 3346/5161/1913 3480/2536/1913
f 3402/2549/1916 3404/2538/1908 3323/2537/1907
f 3323/2537/1907 3324/2547/1914 3402/2549/1916
f 3540/2552/1918 3541/2561/1917 3394/2560/1917
f 3394/2560/1917 3393/2550/1917 3540/2552/1918
f 3526/2543/1911 3369/2542/1910 3518/2555/1921
f 3369/2542/1910 3370/2553/1919 3518/2555/1921
f 3453/2566/1922 3348/5162/1922 3450/2557/1922
f 3348/5162/1922 3347/2545/1922 3450/2557/1922
f 3347/2545/1922 3479/2546/3098 3441/2556/1922
f 3420/2548/1915 3324/2547/1914 3325/2558/1923
f 3536/2562/1926 3535/2572/1925 3395/2571/1925
f 3395/2571/1925 3394/2560/1925 3536/2562/1926
f 3517/2554/1927 3370/2553/3099 3371/2563/1928
f 3349/2565/1929 3348/5162/1930 3453/2566/1930
f 3419/2559/1924 3325/2558/1923 3326/2568/1932
f 3534/2570/1934 3396/2577/1934 3395/2571/1934
f 3371/2563/1935 3372/5163/1935 3513/2573/1935
f 3465/2583/1941 3350/2582/1940 3461/2574/1936
f 3350/2582/1940 3349/2565/1929 3461/2574/1936
f 3415/2569/1933 3326/2568/1932 3327/2575/1937
f 3531/2578/1938 3527/5164/1938 3397/5165/1938
f 3397/5165/1938 3396/2577/1938 3531/2578/1938
f 3516/2581/1939 3513/2573/1939 3372/5163/1939
f 3372/5163/1939 3373/2579/1939 3516/2581/1939
f 3470/2592/3100 3351/2591/3101 3463/2584/1942
f 3351/2591/3101 3350/2582/1940 3463/2584/1942
f 3414/2576/1943 3327/2575/1943 3328/2585/1944
f 3398/2587/1946 3397/5166/1946 3527/2588/1946
f 3373/2579/1947 3374/5167/3102 3525/2590/1948
f 3472/2603/3103 3352/2602/3104 3471/2593/1949
f 3352/2602/3104 3351/2591/1949 3471/2593/1949
f 3416/2586/1945 3328/2585/1944 3329/2594/1950
f 3546/2597/1953 3547/2608/3105 3399/2598/1954
f 3399/2598/1954 3398/2587/1954 3529/2596/1952
f 3398/2587/1954 3528/2589/1954 3529/2596/1952
f 3488/2601/1957 3525/2590/1948 3374/5167/3102
f 3374/5167/3102 3375/2599/1955 3488/2601/1957
f 3467/2604/1960 3468/2649/3106 3332/5168/1958
f 3332/5168/1958 3352/2602/1958 3467/2604/1960
f 3423/2607/1963 3412/2595/1951 3329/2594/1950
f 3329/2594/1950 3330/2605/1961 3423/2607/1963
f 3548/2609/1964 3552/2618/1964 3400/5169/1964
f 3400/5169/1964 3399/2598/1964 3548/2609/1964
f 3490/2612/1968 3485/2600/1956 3375/2599/1955
f 3375/2599/1955 3376/2610/1966 3490/2612/1968
f 3448/2615/1969 3449/2624/1979 3354/2623/1978
f 3354/2623/1978 3353/2613/1969 3448/2615/1969
f 3434/2617/1972 3432/2606/1962 3330/2605/1961
f 3330/2605/1961 3331/5170/3107 3435/2616/1971
f 3331/5170/3107 3437/5171/3107 3435/2616/1971
f 3387/2494/1973 3400/5169/1973 3552/2618/1973
f 3497/2621/1976 3495/2611/1967 3376/2610/1966
f 3376/2610/1966 3377/2619/1974 3497/2621/1976
f 3442/2622/1977 3355/2631/1977 3354/2623/1978
f 3437/5172/3108 3331/5173/3108 3436/2627/1981
f 3331/5173/3108 3281/2625/1980 3436/2627/1981
f 3281/2625/1980 3431/2629/1980 3430/2626/1980
f 3281/2625/1982 3280/2633/1986 3433/2628/1983
f 3377/2619/1974 3378/2637/1984 3502/2630/1984
f 3440/2632/1985 3481/2660/3109 3356/5174/3109
f 3356/5174/3109 3355/2631/1985 3440/2632/1985
f 3280/2633/1986 3268/5175/3110 3429/2634/1987
f 3504/2636/1988 3502/2630/1988 3378/2637/1988
f 3378/2637/1988 3379/2644/3111 3505/2635/1988
f 3379/2644/3111 3510/2646/3111 3507/5176/3111
f 3379/2644/3111 3507/5176/3111 3505/2635/1988
f 3357/2638/1989 3356/5177/1990 3481/2639/1990
f 3421/2643/1993 3429/2634/1987 3268/5175/3110
f 3268/5175/3110 3267/2641/1992 3421/2643/1993
f 3379/2644/1994 3380/5178/1994 3511/2645/1994
f 3443/2647/1995 3439/2656/2000 3358/5179/3112
f 3358/5179/3112 3357/2638/1989 3443/2647/1995
f 3333/2648/1996 3332/5168/1996 3468/2649/1996
f 3267/2641/1997 3221/5180/1997 3417/2651/1997
f 3511/2652/1998 3380/5181/1998 3381/2653/1998
f 3359/2655/1999 3358/5179/3112 3439/2656/2000
f 3469/2658/2002 3334/2666/2002 3333/2659/2002
f 3417/2651/2003 3221/5180/2003 3220/2661/2003
f 3512/2654/2004 3381/2653/3113 3382/2663/2004
f 3447/2665/2005 3451/2674/3114 3360/5182/3115
f 3360/5182/3115 3359/2655/1999 3447/2665/2005
f 3462/2667/2006 3464/2677/2016 3335/2676/2015
f 3335/2676/2015 3334/2666/2006 3462/2667/2006
f 3403/2670/2009 3418/2662/3116 3220/2661/3116
f 3220/2661/3116 3208/2668/2008 3403/2670/2009
f 3508/5183/2010 3509/2664/2011 3382/2663/2010
f 3382/2663/2010 3383/5184/3117 3500/2671/2010
f 3383/5184/3117 3519/2681/3117 3521/5185/3117
f 3383/5184/3117 3521/5185/3117 3487/5186/2011
f 3506/5187/2010 3508/5183/2010 3382/2663/2010
f 3503/2672/2011 3506/5187/2010 3382/2663/2010
f 3383/5184/3117 3487/5186/2011 3493/5188/3117
f 3383/5184/3117 3493/5188/3117 3500/2671/2010
f 3361/2673/2012 3360/5182/2013 3451/2674/2013
f 3457/2678/2017 3459/2684/2024 3336/2683/2023
f 3336/2683/2023 3335/2676/2015 3457/2678/2017
f 3411/2669/2018 3208/2668/2018 3207/2679/2019
f 3519/2681/2020 3383/5184/2020 3362/2485/2020
f 3353/2613/2021 3361/2673/2012 3452/2675/2014
f 3458/2682/2022 3337/2688/2022 3336/2683/2023
f 3410/2680/2025 3207/2679/2025 3161/2685/2026
f 3456/2687/2028 3338/5189/2028 3337/2688/2028
f 3407/2691/2029 3405/2686/2027 3161/2685/2026
f 3161/2685/2026 3160/2689/2029 3407/2691/2029
f 3339/2478/2030 3338/5189/2030 3456/2687/2030
f 3427/2690/2031 3160/2689/3118 3148/2692/2031
f 3539/2695/2034 3538/5190/3119 3384/5191/3119
f 3384/5191/3119 3385/2693/2032 3539/2695/2034
s 0
f 3587/1/2035 3597/78/2035 3599/2/2035
f 3561/4/2036 3581/3519/2036 3584/5/2036
f 3558/14/1817 3571/15/1817 3582/16/1817
f 3589/24/2037 3591/89/2037 3592/25/2037
f 3587/27/2038 3588/3520/2038 3594/28/2038
f 3593/30/2039 3594/331/2039 3612/31/2039
f 3585/33/3120 3595/3521/3120 3596/34/3120
f 3585/36/3121 3586/90/3121 3604/31/3121
f 3597/38/2042 3598/38/2042 3600/38/2042
f 3603/38/2036 3604/38/2036 3602/38/2036
f 3605/39/2037 3606/3522/2037 3608/40/2037
f 3611/42/2037 3612/3523/2037 3610/43/2037
f 3591/45/2043 3609/332/2043 3610/46/2043
f 3584/50/2044 3581/48/2044 3601/648/2044
f 3583/76/2045 3600/31/2045 3598/52/2045
f 3589/53/3122 3590/91/3122 3608/54/3122
f 3595/56/2047 3605/77/2047 3607/57/2047
f 3647/1/2048 3657/78/2048 3659/2/2048
f 3621/58/2049 3641/3524/2049 3644/59/2049
f 3616/61/2050 3615/138/2050 3628/62/2050
f 3616/61/2051 3629/63/2051 3630/64/2051
f 3618/67/2052 3617/65/2052 3630/64/2052
f 3618/67/2042 3631/66/2042 3642/68/2042
f 3622/70/2053 3621/58/2053 3634/60/2053
f 3622/70/2054 3635/71/2054 3636/72/2054
f 3649/24/2055 3651/89/2055 3652/25/2055
f 3647/27/2056 3648/3520/2056 3654/28/2056
f 3653/30/2057 3654/331/2057 3672/31/2057
f 3645/33/2058 3655/3521/2058 3656/34/2058
f 3646/90/2059 3664/31/2059 3663/37/2059
f 3657/38/2128 3658/38/2128 3660/38/2128
f 3663/38/2049 3664/38/2049 3662/38/2049
f 3665/39/2055 3666/3522/2055 3668/40/2055
f 3671/42/2055 3672/3523/2055 3670/43/2055
f 3651/45/2062 3669/332/2062 3670/46/2062
f 3641/48/2063 3661/648/2063 3662/49/2063
f 3640/51/3123 3643/76/3123 3660/31/3123
f 3649/53/2065 3650/91/2065 3668/54/2065
f 3656/3/2066 3655/56/2066 3665/77/2066
f 3708/3/3124 3707/1/3124 3717/78/3124
f 3681/79/2068 3701/3525/2068 3704/80/2068
f 3675/718/2069 3688/167/2069 3689/83/2069
f 3677/82/2070 3676/170/2070 3689/83/2070
f 3677/82/2071 3690/84/2071 3691/85/2071
f 3682/87/2072 3681/79/2072 3694/81/2072
f 3682/87/2073 3695/88/2073 3696/174/2073
f 3683/177/2074 3696/174/2074 3697/141/2074
f 3711/89/2075 3712/25/2075 3710/26/2075
f 3707/27/2076 3708/3520/2076 3714/28/2076
f 3713/30/2077 3714/331/2077 3732/31/2077
f 3705/33/2078 3715/3521/2078 3716/34/2078
f 3706/90/3125 3724/31/3125 3723/37/3125
f 3717/38/2140 3718/38/2140 3720/38/2140
f 3723/38/3126 3724/38/3126 3722/38/3126
f 3725/39/2075 3726/3522/2075 3728/40/2075
f 3731/42/2075 3732/3523/2075 3730/43/2075
f 3711/45/2081 3729/332/2081 3730/46/2081
f 3701/48/3127 3721/648/3127 3722/49/3127
f 3703/76/2083 3720/31/2083 3718/52/2083
f 3710/91/2084 3728/54/2084 3726/55/2084
f 3716/3/3128 3715/56/3128 3725/77/3128
f 3768/3/3129 3767/1/3129 3777/78/3129
f 3741/333/2087 3761/3649/2087 3764/334/2087
f 3742/344/2088 3741/333/2088 3754/335/2088
f 3769/24/2089 3771/89/2089 3772/25/2089
f 3767/27/2090 3768/3520/2090 3774/28/2090
f 3773/30/2091 3774/331/2091 3792/31/2091
f 3765/33/2092 3775/3521/2092 3776/34/2092
f 3766/90/3130 3784/31/3130 3783/37/3130
f 3777/38/3131 3778/38/3131 3780/38/3131
f 3783/38/2087 3784/38/2087 3782/38/2087
f 3785/39/2089 3786/3522/2089 3788/40/2089
f 3791/42/2089 3792/3523/2089 3790/43/2089
f 3772/47/2095 3771/45/2095 3789/332/2095
f 3761/48/2096 3781/648/2096 3782/49/2096
f 3763/76/2097 3780/31/2097 3778/52/2097
f 3769/53/3132 3770/91/3132 3788/54/3132
f 3776/3/2099 3775/56/2099 3785/77/2099
f 3888/5192/2100 3889/5193/2100 3890/5194/2100
f 3888/5192/2100 3890/5194/2100 3891/5195/2100
f 3887/5196/2100 3888/5192/2100 3892/5197/2100
f 3888/5192/2100 3891/5195/2100 3892/5197/2100
f 3892/5197/2100 3699/5198/2100 3887/5196/2100
f 3699/5198/2100 3893/5199/2100 3887/5196/2100
f 3894/5200/2100 3895/5201/2100 3885/5202/2100
f 3895/5201/2100 3896/2698/2100 3884/5203/2100
f 3885/5202/2100 3895/5201/2100 3884/5203/2100
f 3886/5204/2100 3887/5196/2100 3893/5199/2100
f 3883/5205/2100 3884/5203/2100 3896/2698/2100
f 3885/5202/2100 3886/5204/2100 3894/5200/2100
f 3886/5204/2100 3893/5199/2100 3894/5200/2100
f 3882/5206/2100 3883/5205/2100 3913/2697/2100
f 3881/5207/2100 3882/5206/2100 3914/5208/2100
f 3883/5205/2100 3896/2698/2100 3913/2697/2100
f 3896/2698/2100 3897/5209/2100 3912/2696/2100
f 3897/5209/2100 3898/5210/2100 3911/5211/2100
f 3898/5210/2100 3899/5212/2100 3910/5213/2100
f 3899/5212/2100 3900/5214/2100 3909/5215/2100
f 3898/5210/2100 3910/5213/2100 3911/5211/2100
f 3900/5214/2100 3901/5216/2100 3902/5217/2100
f 3900/5214/2100 3902/5217/2100 3903/5218/2100
f 3897/5209/2100 3911/5211/2100 3912/2696/2100
f 3880/5219/2100 3881/5207/2100 3915/5220/2100
f 3882/5206/2100 3913/2697/2100 3914/5208/2100
f 3900/5214/2100 3903/5218/2100 3909/5215/2100
f 3904/5221/2100 3905/5222/2100 3907/5223/2100
f 3905/5222/2100 3906/5224/2100 3907/5223/2100
f 3877/5225/2100 3878/5226/2100 3879/5227/2100
f 3876/5228/2100 3877/5225/2100 3879/5227/2100
f 3876/5228/2100 3879/5227/2100 3915/5220/2100
f 3879/5227/2100 3880/5219/2100 3915/5220/2100
f 3916/5229/2100 3874/5230/2100 3875/5231/2100
f 3875/5231/2100 3876/5228/2100 3916/5229/2100
f 3916/5229/2100 3876/5228/2100 3915/5220/2100
f 3904/5221/2100 3907/5223/2100 3908/5232/2100
f 3903/5218/2100 3904/5221/2100 3908/5232/2100
f 3903/5218/2100 3908/5232/2100 3909/5215/2100
f 3914/5208/2100 3915/5220/2100 3881/5207/2100
f 3909/5215/2100 3910/5213/2100 3899/5212/2100
f 3864/5233/2101 3863/5234/2101 3861/5235/2101
f 3863/5234/2101 3862/5236/2101 3861/5235/2101
f 3864/5233/2101 3861/5235/2101 3873/5237/2101
f 3861/5235/2101 3860/5238/2101 3873/5237/2101
f 3860/5238/2101 3859/5239/2101 3873/5237/2101
f 3873/5237/2101 3872/2699/2101 3864/5233/2101
f 3865/5240/2101 3864/5233/2101 3872/2699/2101
f 3868/5241/2101 3867/5242/2101 3866/5243/2101
f 3868/5241/2101 3866/5243/2101 3865/5240/2101
f 3871/2700/2101 3870/5244/2101 3869/2701/2101
f 3869/2701/2101 3868/5241/2101 3865/5240/2101
f 3865/5240/2101 3872/2699/2101 3869/2701/2101
f 3837/5245/2102 3838/5246/2102 3832/5247/2102
f 3838/5246/2102 3828/5248/2102 3829/5249/2102
f 3829/5249/2102 3830/5250/2102 3832/5247/2102
f 3830/5250/2102 3831/5251/2102 3832/5247/2102
f 3838/5246/2102 3829/5249/2102 3832/5247/2102
f 3803/2702/2102 3835/5252/2102 3836/2703/2102
f 3836/2703/2102 3837/5245/2102 3833/2704/2102
f 3833/2704/2102 3837/5245/2102 3832/5247/2102
f 3833/2704/2102 3834/5253/2102 3803/2702/2102
f 3834/5253/2102 3802/5254/2102 3803/2702/2102
f 3848/5255/2102 3849/5256/2102 3823/5257/2102
f 3849/5256/2102 3850/5258/2102 3823/5257/2102
f 3823/5257/2102 3824/5259/2102 3848/5255/2102
f 3825/5260/2102 3826/5261/2102 3827/5262/2102
f 3824/5259/2102 3825/5260/2102 3847/5263/2102
f 3847/5263/2102 3848/5255/2102 3824/5259/2102
f 3846/5264/2102 3847/5263/2102 3825/5260/2102
f 3857/5265/2102 3858/5266/2102 3811/5267/2102
f 3858/5266/2102 3845/5268/2102 3811/5267/2102
f 3846/5264/2102 3825/5260/2102 3839/5269/2102
f 3825/5260/2102 3827/5262/2102 3839/5269/2102
f 3856/5270/2102 3857/5265/2102 3811/5267/2102
f 3845/5268/2102 3846/5264/2102 3840/5271/2102
f 3827/5262/2102 3828/5248/2102 3839/5269/2102
f 3828/5248/2102 3838/5246/2102 3839/5269/2102
f 3855/5272/2102 3856/5270/2102 3812/2708/2102
f 3846/5264/2102 3839/5269/2102 3840/5271/2102
f 3856/5270/2102 3811/5267/2102 3812/2708/2102
f 3845/5268/2102 3840/5271/2102 3806/2707/2102
f 3840/5271/2102 3841/2705/2102 3806/2707/2102
f 3841/2705/2102 3842/5273/2102 3805/2706/2102
f 3842/5273/2102 3843/5274/2102 3805/2706/2102
f 3843/5274/2102 3844/5275/2102 3804/5276/2102
f 3844/5275/2102 3835/5252/2102 3804/5276/2102
f 3835/5252/2102 3803/2702/2102 3804/5276/2102
f 3804/5276/2102 3805/2706/2102 3843/5274/2102
f 3811/5267/2102 3845/5268/2102 3810/5277/2102
f 3810/5277/2102 3845/5268/2102 3806/2707/2102
f 3808/5278/2102 3809/5279/2102 3807/5280/2102
f 3809/5279/2102 3810/5277/2102 3807/5280/2102
f 3806/2707/2102 3807/5280/2102 3810/5277/2102
f 3820/5281/2102 3821/5282/2102 3822/5283/2102
f 3822/5283/2102 3823/5257/2102 3850/5258/2102
f 3851/5284/2102 3852/5285/2102 3817/5286/2102
f 3852/5285/2102 3853/5287/2102 3817/5286/2102
f 3822/5283/2102 3850/5258/2102 3851/5284/2102
f 3819/5288/2102 3820/5281/2102 3818/5289/2102
f 3820/5281/2102 3822/5283/2102 3818/5289/2102
f 3822/5283/2102 3851/5284/2102 3818/5289/2102
f 3854/5290/2102 3855/5272/2102 3816/5291/2102
f 3855/5272/2102 3812/2708/2102 3815/2710/2102
f 3816/5291/2102 3855/5272/2102 3815/2710/2102
f 3851/5284/2102 3817/5286/2102 3818/5289/2102
f 3853/5287/2102 3854/5290/2102 3817/5286/2102
f 3816/5291/3133 3817/5286/3133 3854/5290/3133
f 3812/2708/2102 3813/5292/2102 3814/2709/2102
f 3752/5293/3134 3753/5294/3134 3801/5295/3134
f 3801/5295/2103 3800/5296/2103 3752/5293/2103
f 3800/5296/2103 3799/5297/2103 3740/5298/2103
f 3752/5293/2103 3800/5296/2103 3740/5298/2103
f 3693/5299/2103 3739/5300/2103 3798/5301/2103
f 3739/5300/2103 3740/5298/2103 3799/5297/2103
f 3739/5300/2103 3799/5297/2103 3798/5301/2103
f 3679/5302/2103 3680/5303/2103 3692/5304/2103
f 3693/5299/2103 3798/5301/2103 3692/5304/2103
f 3798/5301/2103 3797/5305/2103 3692/5304/2103
f 3633/5306/2103 3679/5302/2103 3797/5305/2103
f 3679/5302/2103 3692/5304/2103 3797/5305/2103
f 3793/5307/2103 3559/5308/2103 3560/5309/2103
f 3793/5307/2103 3560/5309/2103 3572/5310/2103
f 3794/5311/2103 3793/5307/2103 3573/5312/2103
f 3793/5307/2103 3572/5310/2103 3573/5312/2103
f 3794/5311/2103 3573/5312/2103 3619/5313/2103
f 3619/5313/2103 3620/5314/2103 3795/2712/2103
f 3620/5314/2103 3632/2713/2103 3795/2712/2103
f 3795/2712/2103 3794/5311/2103 3619/5313/2103
f 3633/5306/2103 3797/5305/2103 3796/2711/2103
f 3633/5306/2103 3796/2711/2103 3632/2713/2103
f 3564/23/2104 3918/5315/2104 3917/2714/2104
f 3918/5315/2104 3920/5316/2104 3917/2714/2104
f 3921/5317/2104 3565/110/2104 3922/2715/2104
f 3565/110/2104 3564/23/2104 3922/2715/2104
f 3924/2716/2104 3923/5318/2104 3919/5319/2104
f 3919/5319/2104 3577/22/2104 3924/2716/2104
f 3578/107/2105 3567/113/2105 3926/2717/2105
f 3553/995/2105 3565/110/2105 3921/2719/2105
f 3930/2722/2106 3926/5320/2106 3567/113/2106
f 3567/113/2106 3566/994/2106 3930/2722/2106
f 3929/5321/2106 3928/5322/2106 3925/2723/2106
f 3928/5322/2106 3927/2724/2106 3925/2723/2106
f 3927/2724/2106 3931/5323/2106 3553/995/2106
f 3931/5323/2106 3554/7/2106 3553/995/2106
f 3935/2726/2107 3933/5324/2107 3932/2725/2107
f 3932/2725/2107 3566/994/2107 3568/8/2107
f 3934/2727/2107 3555/9/2107 3554/7/2107
f 3940/2729/2108 3936/5325/2108 3935/5326/2108
f 3935/5326/2108 3568/8/2108 3940/2729/2108
f 3938/2730/2108 3939/5327/2108 3937/2731/2108
f 3556/10/2108 3555/9/2108 3938/2730/2108
f 3555/9/2108 3934/5328/2108 3938/2730/2108
f 3557/13/2109 3556/10/2109 3937/2732/2109
f 3943/2735/2109 3944/5329/2109 3940/5330/2109
f 3940/5330/2109 3569/11/2109 3943/2735/2109
f 3569/11/2109 3570/12/2109 3943/2735/2109
f 3945/2737/2111 3942/5331/2111 3571/15/2111
f 3942/5331/2111 3570/12/2111 3571/15/2111
f 3571/15/2111 3558/14/2111 3945/2737/2111
f 3558/14/2111 3557/13/2111 3941/2736/2111
f 3941/2736/2111 3946/5332/2111 3945/2737/2111
f 3951/2739/3135 3947/5333/3135 3949/5334/3135
f 3949/5334/2112 3562/19/2112 3951/2739/2112
f 3562/19/2112 3561/4/2112 3951/2739/2112
f 3561/4/2112 3574/6/2112 3951/2739/2112
f 3574/6/2112 3575/18/2112 3950/2738/2112
f 3575/18/2112 3948/5335/2112 3950/2738/2112
f 3956/2741/2113 3952/5336/2113 3953/2742/2113
f 3953/2742/2113 3948/5337/2113 3576/21/2113
f 3948/5337/2113 3575/18/2113 3576/21/2113
f 3576/21/2113 3959/2740/2113 3953/2742/2113
f 3949/5338/2113 3955/5339/2113 3954/5340/2113
f 3957/2743/2113 3958/5341/2113 3563/20/2113
f 3562/19/2113 3949/5338/2113 3954/5340/2113
f 3954/5340/2113 3957/2743/2113 3562/19/2113
f 3959/2744/2114 3576/21/2114 3577/22/2114
f 3918/2746/2114 3564/23/2114 3563/20/2114
s 1
f 3699/2748/2115 3892/5342/2115 3960/2749/2115
s 0
f 3965/5343/2117 3964/5344/2117 3963/2751/2117
f 3963/2751/2117 3962/5345/2117 3968/5346/2117
f 3968/5346/2117 3970/5347/2117 3963/2751/2117
f 3970/5347/2117 3625/127/2117 3963/2751/2117
f 3624/75/2117 3965/5343/2117 3963/2751/2117
f 3973/2753/2117 3976/5348/2117 3966/2754/2117
f 3976/5348/2117 3967/5349/2117 3966/2754/2117
f 3966/2754/2117 3637/74/2117 3974/2752/2117
f 3637/74/2117 3638/123/2117 3974/2752/2117
f 3969/2757/2117 3961/5350/2117 3971/2755/2117
f 3961/5350/2117 3975/5351/2117 3971/2755/2117
f 3970/5352/2119 3978/5353/2119 3625/127/2119
f 3978/5353/2119 3979/5354/2119 3625/127/2119
f 3990/2758/2119 3989/5355/2119 3613/126/2119
f 3979/5354/2119 3990/2758/2119 3625/127/2119
f 4003/5356/2119 3993/5357/2119 3987/5358/2119
f 3993/5357/2119 4000/5359/2119 3987/5358/2119
f 4000/5359/2119 3999/5360/2119 3987/5358/2119
f 3982/2762/2119 3977/5361/2119 3981/2763/2119
f 3977/5361/2119 3980/5362/2119 3981/2763/2119
f 3987/5358/2119 3999/5360/2119 3986/5363/2119
f 3999/5360/2119 3982/2762/2119 3986/5363/2119
f 3969/5364/2119 3972/5365/2119 3983/2764/2119
f 3972/5365/2119 3986/5363/2119 3982/2762/2119
f 3983/2764/2119 3972/5365/2119 3982/2762/2119
f 3985/2765/2119 3988/5366/2119 3974/2766/2119
f 3638/123/2119 3627/3204/2119 4006/5367/2119
f 3627/3204/2119 3997/5368/2119 4006/5367/2119
f 3997/5368/2119 4007/5369/2119 4006/5367/2119
f 3984/2767/2119 4005/5370/2119 4004/5371/2119
f 3984/2767/2119 4004/5371/2119 3985/2765/2119
f 4004/5371/2119 4002/5372/2119 3985/2765/2119
f 3638/123/2119 4006/5367/2119 3984/2767/2119
f 3974/2766/3136 3638/123/3136 3984/2767/3136
f 4001/2770/2119 3996/5373/2119 3998/2768/2119
f 3998/2768/2119 3995/5374/2119 4008/2769/2119
f 3997/2771/2120 3627/3204/2120 3626/702/2120
f 4018/5375/2120 4017/5376/2120 4014/2775/2120
f 4017/5376/2120 3995/5377/2120 4014/2775/2120
f 3995/5377/2120 3998/2773/2120 4014/2775/2120
f 3998/2773/2120 4019/5378/2120 4023/5379/2120
f 4025/2774/2120 3998/2773/2120 4023/5379/2120
f 4019/5378/2120 4020/5380/2120 4023/5379/2120
f 4015/5381/2120 4016/5382/2120 4013/5383/2120
f 4015/5381/2120 4013/5383/2120 3994/5384/2120
f 4013/5383/2120 4010/2777/2120 4009/2776/2120
f 3992/5385/2120 3994/5384/2120 4009/2776/2120
f 4009/2776/2120 3994/5384/2120 4013/5383/2120
f 3613/126/2120 3989/5386/2120 3614/135/2120
f 3989/5386/2120 4009/2776/2120 3614/135/2120
f 4022/5387/2120 4021/5388/2120 4012/5389/2120
f 4021/5388/2120 3614/135/2120 4010/2777/2120
f 4011/5390/2120 4024/5391/2120 4012/5389/2120
f 4024/5391/2120 4022/5387/2120 4012/5389/2120
f 4021/5388/3137 4010/2777/3137 4012/5389/3137
f 4020/2778/2121 4019/5378/2121 4029/2779/2121
f 4030/2782/2121 4028/5392/2121 4026/5393/2121
f 4026/5393/2121 3626/702/2121 4030/2782/2121
f 3626/702/2121 3628/62/2121 4030/2782/2121
f 3628/62/2121 3615/138/2121 4031/2781/2121
f 3615/138/2121 3614/135/2121 4021/5394/2121
f 4031/2781/2121 3615/138/2121 4021/5394/2121
f 4021/5394/2121 4032/5395/2121 4031/2781/2121
f 4033/2784/2122 3965/5396/2122 3623/73/2122
f 3965/5396/2122 3624/75/2122 3623/73/2122
f 3623/73/2122 3636/72/2122 4033/2784/2122
f 3636/72/2122 3637/74/2122 4033/2784/2122
s 1
f 3952/2785/2123 3799/5397/3138 3800/2786/2123
s 0
f 4034/2789/2124 4035/5398/2124 3684/487/2124
f 4035/5398/2124 3685/152/2124 3684/487/2124
f 3684/487/2124 3697/141/2124 4034/2789/2124
f 3697/141/2124 3698/146/2124 4036/2788/2124
f 4040/2790/2125 4038/5399/2125 4036/5400/2125
f 4036/5400/2125 3698/146/2125 4040/2790/2125
f 3698/146/2125 3687/157/2125 4041/2791/2125
f 4037/2793/2125 4039/5401/2125 3673/447/2125
f 3673/447/2125 3685/152/2125 4037/2793/2125
f 4052/5402/2126 4045/5403/2126 4048/5404/2126
f 4049/2794/2126 4041/5405/2126 3687/157/2126
f 4052/5402/2126 4048/5404/2126 4053/5406/2126
f 4048/5404/2126 4049/2794/2126 4053/5406/2126
f 3686/450/2126 4053/5406/2126 4049/2794/2126
f 4044/2796/2126 4051/5407/2126 4050/2797/2126
f 4050/2797/2126 3674/158/2126 4042/2795/2126
f 3674/158/2126 3673/447/2126 4042/2795/2126
f 3673/447/2126 4039/5408/2126 4042/2795/2126
f 4039/5408/2126 4047/5409/2126 4046/5410/2126
f 4042/2795/2126 4039/5408/2126 4043/5411/2126
f 4046/5410/2126 4043/5411/2126 4039/5408/2126
f 4054/2799/2127 4053/5412/2127 3686/450/2127
f 3686/450/2127 3688/167/2127 4054/2799/2127
f 3688/167/2127 3675/718/2127 4054/2799/2127
f 3675/718/2127 3674/158/2127 4050/2798/2127
f 3678/86/2128 3691/85/2128 3702/172/2128
s 1
f 3972/2802/2131 3971/2848/2146 3849/2847/2145
f 3849/2847/2145 3848/2800/2129 3972/2802/2131
s 0
f 4057/5413/3139 4056/5414/3139 4055/5415/3139
f 4055/5415/2132 4060/5416/2132 4057/5413/2132
f 4060/5416/2132 4061/2803/2132 3744/347/2132
f 4057/5413/2132 4060/5416/2132 3744/347/2132
f 4058/2804/2132 4059/5417/2132 3757/348/2132
f 3757/348/2132 3758/590/2132 4058/2804/2132
f 3758/590/2132 4062/5418/2132 4063/2805/2132
f 4069/2807/2133 4068/5419/2133 3745/593/2133
f 4068/5419/2133 3733/600/2133 3745/593/2133
f 3745/593/2133 4061/5420/2133 4065/2806/2133
f 4064/2810/2133 4062/5421/2133 3747/597/2133
f 4062/5421/2133 3758/590/2133 3747/597/2133
f 3747/597/2133 4066/2808/2133 4064/2810/2133
f 4071/2812/2134 4066/5422/2134 3747/597/2134
f 3747/597/2134 3746/725/2134 4080/2811/2134
f 4075/2814/2134 4074/5423/2134 3733/600/2134
f 4074/5423/2134 3734/599/2134 3733/600/2134
f 3733/600/2134 4068/5424/2134 4070/2813/2134
f 4076/5425/2134 4077/2817/2134 4078/2816/2134
f 4077/2817/2134 4072/5426/2134 4073/5427/2134
f 4079/2815/2134 4077/2817/2134 4073/5427/2134
f 4083/2819/2136 4080/2811/2136 3746/725/2136
f 3746/725/2136 3748/337/2136 4089/2818/2136
f 3748/337/2136 4090/5428/2136 4089/2818/2136
f 4082/2820/2136 4084/5429/2136 3734/599/2136
f 4084/5429/2136 3735/655/2136 3734/599/2136
f 3734/599/2136 4074/5430/2136 4081/2821/2136
f 4087/2823/2136 4085/5431/2136 4086/2824/2136
f 4086/2824/2136 4076/5432/2136 4088/2822/2136
f 4076/5432/2136 4078/5433/2136 4088/2822/2136
f 4100/2827/2137 4085/5434/2137 4098/5435/2137
f 4085/5434/2137 4087/5436/2137 4094/5437/2137
f 4094/5437/2137 4098/5435/2137 4085/5434/2137
f 4100/2827/3140 4098/5435/3140 4097/2825/3140
f 4095/5438/2137 4090/5439/2137 4104/5440/2137
f 4090/5439/2137 3748/337/2137 4104/5440/2137
f 3748/337/2137 3749/338/2137 4104/5440/2137
f 3749/338/2137 4099/2828/2137 4103/2830/2137
f 4104/5440/2137 3749/338/2137 4103/2830/2137
f 4091/5441/2137 4096/5442/2137 3736/336/2137
f 3735/655/2137 4084/5443/2137 4093/2831/2137
f 4093/2831/2137 4092/5444/2137 3736/336/2137
f 4092/5444/2137 4091/5441/2137 3736/336/2137
f 4097/2833/2138 4108/5445/2138 4109/2834/2138
f 4109/2834/2138 4110/5446/2138 4105/5447/2138
f 4110/5446/2138 3737/340/2138 4105/5447/2138
f 3737/340/2138 3736/336/2138 4096/5448/2138
f 4096/5448/2138 4106/5449/2138 3737/340/2138
f 4106/5449/2138 4105/5447/2138 3737/340/2138
f 4105/5447/2138 4101/2832/2138 4109/2834/2138
f 4111/2835/2138 4107/5450/2138 4099/5451/2138
f 4099/5451/2138 3749/338/2138 4111/2835/2138
f 4112/2836/3141 4111/5452/3141 3750/339/3141
f 3750/339/2139 3751/341/2139 4112/2836/2139
f 3751/341/2139 3738/342/2139 4112/2836/2139
f 3738/342/2139 3737/340/2139 4110/2837/2139
f 3738/342/2140 3751/341/2140 3762/349/2140
f 4114/5453/2141 4116/5454/2141 4115/5455/2141
f 4115/5455/2141 3743/345/2141 4114/5453/2141
f 3743/345/2141 3742/344/2141 4114/5453/2141
f 3755/343/2141 3756/346/2141 4118/5456/2141
f 4118/5456/2141 4117/5457/2141 4113/2838/2141
f 3755/343/2141 4118/5456/2141 4113/2838/2141
f 4113/2838/2141 4114/5453/2141 3742/344/2141
f 3960/5458/2142 4118/5459/2142 3759/2840/2142
f 4118/5459/2142 3756/346/2142 3759/2840/2142
f 3756/346/2142 3757/348/2142 4059/2839/2142
f 3744/347/2142 3743/345/2142 4115/2841/2142
s 1
f 4118/2845/2143 3960/2749/2143 3892/5342/2143
f 3892/5342/2143 3891/2843/2143 4118/2845/2143
f 3975/2846/2144 3850/2854/2144 3849/2847/2145
f 3948/2851/2147 3953/2787/3142 3800/2786/3142
f 3800/2786/3142 3801/2849/2147 3948/2851/2147
f 4059/2852/2149 4058/5460/2150 3893/2856/2149
f 3893/2856/2149 3699/2748/2149 4059/2852/2149
f 3961/2853/2151 3851/5461/3143 3850/2854/2151
f 3801/2849/2152 3753/5462/2152 3951/2855/2152
f 3893/2856/2153 4058/5460/2153 4063/2857/2154
f 3983/2864/2161 3852/5463/3144 3969/2861/2158
f 3852/5463/3144 3851/2859/2156 3969/2861/2158
f 4064/2868/2165 3895/2867/2164 4062/2862/2159
f 3895/2867/2164 3894/2858/2155 4062/2862/2159
f 3853/2863/2160 3852/5463/3144 3983/2864/2161
f 4067/2866/2163 3896/2874/2163 3895/2867/2164
f 3854/2869/2166 3853/2863/2160 3981/2865/2162
f 4032/2871/2168 3803/2878/2168 3802/2872/2169
f 4066/2875/2170 4071/2881/2175 3897/2880/2174
f 3897/2880/2174 3896/2874/2170 4066/2875/2170
f 3855/2876/2171 3854/2869/3145 3980/2870/2171
f 4021/2879/2173 4022/2887/2182 3804/2886/2181
f 3804/2886/2181 3803/2878/2172 4021/2879/2173
f 4080/2882/2176 4083/5464/3146 3898/2888/2183
f 3898/2888/2183 3897/2880/2174 4080/2882/2176
f 3856/2883/2177 3855/2876/2178 3977/2877/2178
f 4024/2885/2180 3805/2894/2189 3804/2886/2181
f 3898/2888/2183 4083/5464/3146 4089/2889/2184
f 3857/2891/2186 3856/2883/2177 3982/2884/2179
f 4011/2893/2188 3806/5465/2188 3805/2894/2189
f 4095/2902/2190 3900/2901/2190 4090/2895/2190
f 3900/2901/2190 3899/2890/2185 4090/2895/2190
f 3858/2896/2191 3857/2891/2186 3999/2892/2187
f 3807/2898/2193 3806/5465/3147 4011/2893/2194
f 4104/2900/2196 3901/2907/2196 3900/2901/2196
f 3845/2903/2197 3858/2896/2191 4000/2897/2192
f 4010/2905/2199 3808/2909/2202 3807/2898/2193
f 4103/2906/2200 3902/2911/2200 3901/2907/2200
f 4013/2908/2201 3809/2913/2205 3808/2909/2202
f 4102/2910/2203 3903/2914/2203 3902/2911/2203
f 4016/2912/2204 3810/2917/3148 3809/2913/2205
f 4107/2919/3149 3904/2918/2206 4099/2915/2207
f 3904/2918/2206 3903/2914/2206 4099/2915/2207
f 4015/2916/2208 3811/2921/2212 3810/2917/2209
f 4112/2924/3150 3905/2923/3151 4111/2920/2211
f 3905/2923/3151 3904/2918/2210 4111/2920/2211
f 3994/2922/2213 3991/2927/2213 3812/2926/2213
f 3812/2926/2213 3811/2921/2212 3994/2922/2213
f 4110/2925/2214 4109/5466/3152 3906/5467/3152
f 3906/5467/3152 3905/2923/2214 4110/2925/2214
f 3992/2928/2215 4009/2933/2215 3813/2932/2215
f 3813/2932/2215 3812/2926/2215 3992/2928/2215
f 3907/2929/2217 3906/5468/2218 4109/2930/2218
f 3989/2934/2219 3990/2941/3153 3814/2940/3154
f 3814/2940/3154 3813/2932/2219 3989/2934/2219
f 4097/2935/2220 4098/2943/2227 3908/5469/3155
f 3908/5469/3155 3907/2929/2220 4097/2935/2220
f 4041/2938/2223 4049/3029/3156 3859/3028/2223
f 3859/3028/2223 3860/2936/2221 4041/2938/2223
f 3979/2939/2224 3815/2948/2232 3814/2940/2225
f 3909/2942/2226 3908/5469/3155 4098/2943/2227
f 4040/2937/2222 3860/2936/2221 3861/2945/2229
f 3978/2947/2231 3816/2953/2235 3815/2948/2232
f 4087/2949/2233 4088/2956/2238 3910/2955/2237
f 3910/2955/2237 3909/2942/2226 4087/2949/2233
f 4036/2952/2234 4038/2946/2230 3861/2945/2229
f 3861/2945/2229 3862/2950/2234 4036/2952/2234
f 3970/2954/2236 3968/2963/2245 3817/2962/2244
f 3817/2962/2244 3816/2953/2235 3970/2954/2236
f 4078/2957/2239 4079/2965/2247 3911/5470/3157
f 3911/5470/3157 3910/2955/2237 4078/2957/2239
f 4035/2960/2242 4034/2951/3158 3862/2950/3159
f 3862/2950/3159 3863/2958/2240 4035/2960/2242
f 3962/2961/2243 3818/2971/2243 3817/2962/2244
f 3912/2964/2246 3911/5470/3157 4079/2965/2247
f 4039/2969/2249 4037/2959/2241 3863/2958/2240
f 3863/2958/2240 3864/2967/2249 4039/2969/2249
f 3963/2970/2250 3819/5471/2250 3818/2971/2251
f 3913/2972/2252 3912/2964/2246 4073/2966/2248
f 3864/2967/2254 3865/2980/2263 4046/2974/2255
f 3820/2975/2257 3819/5472/3160 3963/2976/2258
f 3913/2972/2260 4072/2973/2260 4077/2978/2261
f 3865/2980/2263 3866/2984/2267 4043/2981/2264
f 3965/2982/2265 4033/2987/3161 3821/2986/2265
f 3821/2986/2265 3820/2975/2257 3965/2982/2265
f 4086/2990/2272 3915/2989/2271 4076/2983/2266
f 3915/2989/2271 3914/2979/2262 4076/2983/2266
f 3866/2984/2267 3867/5473/2268 4042/2985/2268
f 3966/2988/2269 3967/2995/2269 3822/5474/2269
f 3822/5474/2269 3821/2986/2269 3966/2988/2269
f 4100/2998/2280 3916/2997/2279 4085/2991/2273
f 3916/2997/2279 3915/2989/2271 4085/2991/2273
f 3867/2992/2274 3868/3000/2282 4044/2993/2275
f 3823/2994/2276 3822/5474/2277 3967/2995/2277
f 4101/2999/2281 4105/3042/3162 3874/5475/2281
f 3874/5475/2281 3916/2997/2279 4101/2999/2281
f 3868/3000/2282 3869/5476/3163 4051/3001/2283
f 3824/3002/2284 3823/2994/2276 3976/2996/2278
f 4050/3006/2286 4051/3001/2283 3869/5476/3163
f 3869/5476/3163 3870/3004/2286 4050/3006/2286
f 3974/3007/2287 3988/3012/3164 3825/5477/3164
f 3825/5477/3164 3824/3002/2284 3974/3007/2287
f 4053/3010/2290 4054/3005/2290 3870/3004/2290
f 3870/3004/2290 3871/3008/2288 4053/3010/2290
f 3826/3011/2291 3825/5477/2291 3988/3012/2291
f 4052/3009/2289 3871/3008/2288 3872/3014/2292
f 3827/3016/2293 3826/3011/2293 3985/3013/2293
f 3951/3018/2295 3753/5478/2295 3752/3019/2295
f 4045/3015/2297 3872/3014/3165 3873/3021/2298
f 3828/3023/2300 3827/3016/2301 4002/3017/2301
f 3949/3027/2303 3947/3020/2303 3752/3019/2303
f 3752/3019/2303 3740/3025/2303 3949/3027/2303
f 4048/3022/2299 3873/3021/2298 3859/3028/2305
f 4005/3030/2306 3829/3033/2306 3828/3023/2300
f 3740/3025/2307 3739/5479/2307 3954/3031/2307
f 3984/3032/2308 3830/5480/3166 3829/3033/2309
f 3954/3031/2310 3739/5479/2310 3693/3034/2310
f 3831/3036/2311 3830/5480/2311 3984/3032/2311
f 3958/3039/2312 3957/3035/2312 3693/3034/2312
f 3693/3034/2312 3692/3040/2313 3958/3039/2312
f 3692/3040/2313 3920/3045/2313 3918/3038/2312
f 3875/3041/2314 3874/5475/2315 4105/3042/2315
f 4007/3044/2317 3832/3049/2317 3831/3036/2317
f 3920/3045/2318 3692/3040/2318 3680/3046/2319
f 4096/3048/2321 4091/3054/2326 3876/5481/3167
f 3876/5481/3167 3875/3041/2314 4096/3048/2321
f 4028/3057/3168 3833/5482/2322 4026/5483/2322
f 3833/5482/2322 3832/3049/2322 3997/3050/2322
f 4026/5483/2322 3833/5482/2322 3997/3050/2322
f 3917/3047/2320 3680/3046/2319 3679/3051/2323
f 3877/3053/2325 3876/5481/3167 4091/3054/2326
f 3834/3056/2328 3833/5482/3169 4028/3057/2329
f 3921/3060/2332 3922/3052/2332 3679/3051/2332
f 3679/3051/2332 3633/3061/2333 3921/3060/2332
f 3633/3061/2333 3929/3066/2331 3925/3059/2331
f 3878/3062/2334 3877/3053/2325 4092/3055/2327
f 4031/2873/2335 3802/2872/2335 3834/3064/2328
f 3929/3066/2336 3633/3061/2336 3632/3067/2337
f 4084/3069/2338 4082/3075/2342 3879/5484/3170
f 3879/5484/3170 3878/3062/2338 4084/3069/2338
f 3836/3070/2339 3835/5485/3171 4027/3071/2339
f 3632/3067/2340 3620/3082/2340 3927/3073/2340
f 3880/3074/2341 3879/5484/3170 4082/3075/2342
f 3998/3078/2345 3996/3085/2352 3837/3079/2346
f 3837/3079/2346 3836/3070/2344 4019/3077/2344
f 3836/3070/2344 4029/3072/2344 4019/3077/2344
f 3931/3081/2348 3927/3073/2349 3620/3082/2349
f 3620/3082/2349 3619/5486/2347 3934/3080/2347
f 3619/5486/2347 3938/3086/2349 3934/3080/2347
f 4074/3083/2350 4075/3090/2355 3881/5487/3172
f 3881/5487/3172 3880/3074/2341 4074/3083/2350
f 4001/3084/2351 3838/3093/2351 3837/3079/2346
f 3938/3086/2353 3619/5486/3173 3573/3087/2353
f 3882/3089/2354 3881/5487/3172 4075/3090/2355
f 4008/3092/2357 3839/5488/2363 3838/3093/2358
f 3937/3095/2360 3939/3088/2361 3573/3087/2361
f 3573/3087/2361 3572/3096/2361 3937/3095/2360
f 3572/3096/2361 3946/3099/2361 3941/3094/2359
f 4068/3097/2362 4069/3103/2367 3883/5489/3174
f 3883/5489/3174 3882/3089/2354 4068/3097/2362
f 4017/3106/3175 3840/5490/2364 3995/3098/2364
f 3840/5490/2364 3839/2992/2363 3995/3098/2364
f 3946/3099/2365 3572/3096/2365 3560/3100/2365
f 3884/3102/2366 3883/5489/3174 4069/3103/2367
f 3841/3105/2369 3840/5490/2369 4017/3106/2369
f 3942/3110/2371 3945/3101/3176 3560/3100/3176
f 3560/3100/3176 3559/3108/2371 3942/3110/2371
f 4061/3111/2373 4060/3117/2380 3885/5491/3177
f 3885/5491/3177 3884/3102/2366 4061/3111/2373
f 3842/3112/2374 3841/3105/2375 4018/3107/2375
f 3559/3114/2377 3793/5492/2378 3944/3115/2378
f 3886/3116/2379 3885/5491/3177 4060/3117/2380
f 3843/3119/2382 3842/3112/2374 4014/3113/2376
f 3944/3115/2385 3793/5492/2385 3940/3123/2385
f 3793/5492/2385 3794/3121/2384 3940/3123/2385
f 3887/3124/2386 3886/3116/2379 4055/3118/2381
f 3844/3126/2388 3843/3119/2382 4025/3120/2383
f 3936/3122/2392 3794/3121/2392 3935/3130/2392
f 3794/3121/2392 3795/3128/2390 3935/3130/2392
f 4115/3132/2393 4116/3139/2393 3888/3138/2393
f 3888/3138/2393 3887/3124/2386 4115/3132/2393
f 3887/3124/2386 4056/3125/2387 4057/3131/2393
f 4027/3071/2394 3835/5485/2394 4020/3133/2394
f 3835/5485/2394 3844/3126/2388 4020/3133/2394
f 3932/3136/2396 3933/3129/3178 3795/3128/3178
f 3795/3128/3178 3796/3134/2395 3932/3136/2396
f 4114/3137/2397 3889/5493/2397 3888/3138/2398
f 4003/3140/2400 3846/3147/3179 3845/2903/2400
f 3930/3135/3180 3796/3134/3181 3926/5494/3181
f 3796/3134/3181 3797/3141/2401 3924/3143/2401
f 3926/5494/3181 3796/3134/3181 3924/3143/2401
f 3890/3144/2402 3889/5493/2402 4114/3137/2402
f 3987/3146/2403 3847/3152/2408 3846/3147/2404
f 3923/3142/2406 3797/3141/2406 3919/3150/2406
f 3797/3141/2406 3798/3148/2405 3919/3150/2406
f 3798/3148/2405 3956/3153/2405 3959/3149/2405
f 3890/3151/2407 4113/5495/2407 4117/2844/2407
f 3986/2801/2130 3848/2800/2129 3847/3152/2408
f 3798/3148/2409 3799/5397/2409 3952/2785/2409
s 0
f 4153/1/3182 4163/78/3182 4165/2/3182
f 4127/4/2411 4147/3519/2411 4150/5/2411
f 4122/10/2412 4121/9/2412 4134/8/2412
f 4122/10/2413 4135/11/2413 4136/12/2413
f 4124/14/2414 4123/13/2414 4136/12/2414
f 4124/14/3131 4137/15/3131 4148/16/3131
f 4127/4/2415 4140/6/2415 4141/18/2415
f 4129/20/2416 4128/19/2416 4141/18/2416
f 4129/20/2417 4142/21/2417 4143/22/2417
f 4157/89/2418 4158/25/2418 4156/26/2418
f 4153/27/2419 4154/3520/2419 4160/28/2419
f 4160/331/3183 4178/31/3183 4177/32/3183
f 4151/33/2421 4161/3521/2421 4162/34/2421
f 4151/36/3184 4152/90/3184 4170/31/3184
f 4163/38/3185 4164/38/3185 4166/38/3185
f 4169/38/3186 4170/38/3186 4168/38/3186
f 4171/39/2418 4172/3522/2418 4174/40/2418
f 4177/42/2418 4178/3523/2418 4176/43/2418
f 4157/45/2424 4175/332/2424 4176/46/2424
f 4147/48/3187 4167/648/3187 4168/49/3187
f 4149/76/2426 4166/31/2426 4164/52/2426
f 4156/91/3188 4174/54/3188 4172/55/3188
f 4162/3/3189 4161/56/3189 4171/77/3189
f 4214/3/2429 4213/1/2429 4223/78/2429
f 4187/58/2430 4207/3524/2430 4210/59/2430
f 4184/67/2431 4197/66/2431 4208/68/2431
f 4215/24/2432 4217/89/2432 4218/25/2432
f 4213/27/2433 4214/3520/2433 4220/28/2433
f 4220/331/3190 4238/31/3190 4237/32/3190
f 4211/33/2435 4221/3521/2435 4222/34/2435
f 4211/36/3191 4212/90/3191 4230/31/3191
f 4223/38/3192 4224/38/3192 4226/38/3192
f 4229/38/2430 4230/38/2430 4228/38/2430
f 4231/39/2432 4232/3522/2432 4234/40/2432
f 4237/42/2432 4238/3523/2432 4236/43/2432
f 4218/47/2439 4217/45/2439 4235/332/2439
f 4207/48/2440 4227/648/2440 4228/49/2440
f 4209/76/3193 4226/31/3193 4224/52/3193
f 4216/91/2442 4234/54/2442 4232/55/2442
f 4222/3/2443 4221/56/2443 4231/77/2443
f 4274/3/3194 4273/1/3194 4283/78/3194
f 4247/79/2445 4267/3525/2445 4270/80/2445
f 4243/82/2446 4256/84/2446 4257/85/2446
f 4247/79/2447 4260/81/2447 4261/88/2447
f 4275/24/2448 4277/89/2448 4278/25/2448
f 4273/27/2449 4274/3520/2449 4280/28/2449
f 4280/331/2450 4298/31/2450 4297/32/2450
f 4271/33/2451 4281/3521/2451 4282/34/2451
f 4272/90/2452 4290/31/2452 4289/37/2452
f 4283/38/3195 4284/38/3195 4286/38/3195
f 4289/38/3196 4290/38/3196 4288/38/3196
f 4291/39/2448 4292/3522/2448 4294/40/2448
f 4297/42/2448 4298/3523/2448 4296/43/2448
f 4277/45/2454 4295/332/2454 4296/46/2454
f 4267/48/2455 4287/648/2455 4288/49/2455
f 4266/51/2456 4269/76/2456 4286/31/2456
f 4275/53/2457 4276/91/2457 4294/54/2457
f 4282/3/3197 4281/56/3197 4291/77/3197
f 4334/3/2459 4333/1/2459 4343/78/2459
f 4307/333/2460 4327/3649/2460 4330/334/2460
f 4302/336/2461 4301/655/2461 4314/337/2461
f 4302/336/2462 4315/338/2462 4316/339/2462
f 4303/340/2463 4316/339/2463 4317/341/2463
f 4307/333/2464 4320/335/2464 4321/343/2464
f 4308/344/2465 4321/343/2465 4322/346/2465
f 4310/347/2466 4309/345/2466 4322/346/2466
f 4335/24/2467 4337/89/2467 4338/25/2467
f 4333/27/2468 4334/3520/2468 4340/28/2468
f 4339/30/2469 4340/331/2469 4358/31/2469
f 4331/33/2470 4341/3521/2470 4342/34/2470
f 4332/90/3198 4350/31/3198 4349/37/3198
f 4343/38/3199 4344/38/3199 4346/38/3199
f 4349/38/2460 4350/38/2460 4348/38/2460
f 4351/39/2467 4352/3522/2467 4354/40/2467
f 4357/42/2467 4358/3523/2467 4356/43/2467
f 4337/45/2475 4355/332/2475 4356/46/2475
f 4327/48/2476 4347/648/2476 4348/49/2476
f 4326/51/2477 4329/76/2477 4346/31/2477
f 4336/91/3200 4354/54/3200 4352/55/3200
f 4342/3/2479 4341/56/2479 4351/77/2479
f 4446/5496/2480 4447/5497/2480 4428/5498/2480
f 4429/5499/2480 4430/5500/2480 4445/5501/2480
f 4430/5500/2480 4431/5502/2480 4444/5503/2480
f 4445/5501/2480 4430/5500/2480 4444/5503/2480
f 4446/5496/2480 4428/5498/2480 4429/5499/2480
f 4445/5501/2480 4446/5496/2480 4429/5499/2480
f 4431/5502/2480 4432/3159/2480 4443/3158/2480
f 4432/3159/2480 4433/5504/2480 4442/3157/2480
f 4433/5504/3201 4434/5505/3201 4441/5506/3201
f 4442/3157/2480 4433/5504/2480 4441/5506/2480
f 4434/5505/2480 4435/5507/2480 4440/5508/2480
f 4435/5507/2480 4436/5509/2480 4439/5510/2480
f 4440/5508/2480 4435/5507/2480 4439/5510/2480
f 4436/5509/3201 4437/5511/3201 4438/5512/3201
f 4436/5509/2480 4438/5512/2480 4439/5510/2480
f 4444/5503/3201 4431/5502/3201 4443/3158/3201
f 4440/5508/2480 4441/5506/2480 4434/5505/2480
f 4412/5513/2481 4413/5514/2481 4415/5515/2481
f 4413/5514/2481 4414/5516/2481 4415/5515/2481
f 4401/5517/2481 4402/5518/2481 4403/5519/2481
f 4422/5520/2481 4423/5521/2481 4404/5522/2481
f 4423/5521/2481 4424/5523/2481 4404/5522/2481
f 4424/5523/2481 4401/5517/2481 4403/5519/2481
f 4424/5523/2481 4403/5519/2481 4404/5522/2481
f 4421/5524/2481 4422/5520/2481 4405/5525/2481
f 4419/3162/2481 4420/5526/2481 4407/3160/2481
f 4420/5526/2481 4421/5524/2481 4406/5527/2481
f 4407/3160/2481 4420/5526/2481 4406/5527/2481
f 4417/5528/2481 4418/5529/2481 4409/5530/2481
f 4418/5529/2481 4419/3162/2481 4408/3161/2481
f 4409/5530/2481 4418/5529/2481 4408/3161/2481
f 4412/5513/2481 4415/5515/2481 4416/5531/2481
f 4416/5531/2481 4417/5528/2481 4410/5532/2481
f 4422/5520/2481 4404/5522/2481 4405/5525/2481
f 4411/5533/2481 4412/5513/2481 4416/5531/2481
f 4410/5532/2481 4411/5533/2481 4416/5531/2481
f 4421/5524/2481 4405/5525/2481 4406/5527/2481
f 4409/5530/2481 4410/5532/2481 4417/5528/2481
f 4387/5534/2482 4388/5535/2482 4389/5536/2482
f 4386/5537/2482 4387/5534/2482 4389/5536/2482
f 4265/3165/2482 4385/5538/2482 4392/5539/2482
f 4385/5538/3202 4386/5537/3202 4390/5540/3202
f 4383/5541/2482 4384/5542/2482 4395/5543/2482
f 4384/5542/2482 4265/3165/2482 4394/3164/2482
f 4395/5543/2482 4384/5542/2482 4394/3164/2482
f 4376/5544/2482 4377/5545/2482 4375/5546/2482
f 4377/5545/2482 4378/5547/2482 4400/5548/2482
f 4375/5546/2482 4377/5545/2482 4400/5548/2482
f 4400/5548/2482 4374/5549/2482 4375/5546/2482
f 4397/5550/2482 4398/5551/2482 4380/5552/2482
f 4398/5551/2482 4399/5553/2482 4379/5554/2482
f 4380/5552/2482 4398/5551/2482 4379/5554/2482
f 4396/5555/2482 4397/5550/2482 4381/5556/2482
f 4399/5553/2482 4400/5548/2482 4378/5547/2482
f 4399/5553/2482 4378/5547/2482 4379/5554/2482
f 4397/5550/2482 4380/5552/2482 4381/5556/2482
f 4382/5557/2482 4383/5541/2482 4396/5555/2482
f 4385/5538/2482 4390/5540/2482 4391/5558/2482
f 4386/5537/2482 4389/5536/2482 4390/5540/2482
f 4396/5555/2482 4381/5556/2482 4382/5557/2482
f 4395/5543/2482 4396/5555/2482 4383/5541/2482
f 4385/5538/2482 4391/5558/2482 4392/5539/2482
f 4392/5539/2482 4393/3163/2482 4265/3165/2482
f 4367/5559/2482 4366/5560/2482 4365/5561/2482
f 4365/5561/2482 4364/5562/2482 4368/5563/2482
f 4364/5562/2482 4363/5564/2482 4368/5563/2482
f 4368/5563/2482 4367/5559/2482 4365/5561/2482
f 4370/3168/2482 4369/5565/2482 4362/3166/2482
f 4369/5565/2482 4368/5563/2482 4363/5564/2482
f 4362/3166/3202 4369/5565/3202 4363/5564/3202
f 4372/5566/2482 4371/5567/2482 4361/3167/2482
f 4371/5567/2482 4370/3168/2482 4361/3167/2482
f 4359/5568/2482 4373/5569/2482 4360/5570/2482
f 4373/5569/2482 4372/5566/2482 4361/3167/2482
f 4361/3167/2482 4360/5570/2482 4373/5569/2482
f 4139/3169/2483 4125/5571/2483 4186/3170/2483
f 4125/5571/2483 4198/5572/2483 4186/3170/2483
f 4186/3170/2483 4185/5573/2483 4318/3171/2483
f 4185/5573/2483 4319/5574/2483 4318/3171/2483
f 4306/3172/2483 4138/5575/2483 4139/3169/2483
f 4318/3171/2483 4306/3172/2483 4139/3169/2483
f 4245/5576/2483 4199/5577/2483 4126/5578/2483
f 4199/5577/2483 4198/5572/2483 4125/5571/2483
f 4126/5578/2483 4199/5577/2483 4125/5571/2483
f 4126/5578/2483 4138/5575/2483 4246/3174/2483
f 4138/5575/2483 4306/3172/2483 4246/3174/2483
f 4305/3173/2483 4259/5579/2483 4258/5580/2483
f 4305/3173/2483 4258/5580/2483 4246/3174/2483
f 4246/3174/2483 4245/5576/2483 4126/5578/2483
f 4451/5581/2484 4453/5582/2484 4131/110/2484
f 4143/22/2484 4144/107/2484 4456/5583/2484
f 4143/22/2484 4456/5583/2484 4449/5584/2484
f 4451/5581/2484 4131/110/2484 4130/23/2484
f 4143/22/2484 4449/5584/2484 4448/3175/2484
f 4448/3175/2484 4451/5581/2484 4130/23/2484
f 4452/3176/2484 4455/5585/2484 4454/3177/2484
f 4455/3179/2485 4459/5586/2485 4458/3180/2485
f 4144/107/2485 4133/113/2485 4460/3182/2485
f 4119/995/2485 4131/110/2485 4453/3184/2485
f 4120/7/2486 4119/995/2486 4457/3186/2486
f 4467/3190/2486 4458/5587/2486 4459/3188/2486
f 4459/3188/2486 4463/5588/2486 4462/3189/2486
f 4464/5589/2486 4460/3182/2486 4465/3192/2486
f 4460/3182/2486 4133/113/2486 4465/3192/2486
f 4133/113/2486 4132/994/2486 4465/3192/2486
f 4475/3193/2487 4472/5590/2487 4469/5591/2487
f 4469/5591/2487 4473/5592/2487 4475/3193/2487
f 4473/5592/2487 4474/5593/2487 4475/3193/2487
f 4474/5593/3203 4461/5594/3203 4132/994/3203
f 4121/9/2487 4120/7/2487 4468/5595/2487
f 4120/7/2487 4466/5596/2487 4468/5595/2487
f 4466/5596/2487 4470/5597/2487 4468/5595/2487
f 4475/3193/2487 4474/5593/2487 4134/8/2487
f 4474/5593/2487 4132/994/2487 4134/8/2487
f 4121/9/2487 4468/5595/2487 4475/3193/2487
s 1
f 4325/3197/2488 4265/3286/2488 4384/3198/2489
s 0
f 4480/5598/2491 4481/5599/2491 4485/3201/2491
f 4481/5599/2491 4203/74/2491 4485/3201/2491
f 4203/74/2491 4204/123/2491 4483/3200/2491
f 4204/123/3204 4484/5600/3204 4483/3200/3204
f 4478/5601/3205 4480/5598/3205 4485/3201/3205
f 4477/3203/3205 4486/5602/3205 4482/5603/3205
f 4482/5603/2491 4191/127/2491 4477/3203/2491
f 4191/127/2491 4190/75/2491 4477/3203/2491
f 4491/3206/2492 4484/5604/2492 4204/123/2492
f 4204/123/2492 4193/3204/2492 4491/3206/2492
f 4490/3209/2492 4489/5605/2492 4482/3207/2492
f 4489/5605/2492 4179/126/2492 4191/127/2492
f 4482/3207/2492 4489/5605/2492 4191/127/2492
f 4503/3211/2493 4499/5606/2493 4488/3210/2493
f 4488/3210/2493 4193/3204/2493 4192/702/2493
f 4502/5607/2493 4501/5608/2493 4497/5609/2493
f 4497/5609/2493 4492/5610/2493 4493/3212/2493
f 4494/5611/2493 4498/5612/2493 4180/135/2493
f 4494/5611/2493 4180/135/2493 4179/126/2493
f 4179/126/2493 4489/5613/2493 4494/5611/2493
f 4489/5613/2493 4496/5614/2493 4495/3213/2493
f 4489/5613/2493 4495/3213/2493 4493/3212/2493
f 4494/5611/2493 4489/5613/2493 4493/3212/2493
f 4500/3214/2493 4502/5607/2493 4497/5609/2493
f 4500/3214/2493 4497/5609/2493 4493/3212/2493
f 4504/5615/2494 4497/5616/2494 4501/5617/2494
f 4508/3215/2494 4503/5618/2494 4192/702/2494
f 4504/5615/2494 4501/5617/2494 4508/3215/2494
f 4194/62/2494 4506/5619/2494 4508/3215/2494
f 4506/5619/2494 4504/5615/2494 4508/3215/2494
f 4505/5620/2494 4507/3217/2494 4498/3216/2494
f 4507/3217/2494 4181/138/2494 4180/135/2494
f 4511/3220/2495 4506/5621/2495 4195/63/2495
f 4506/5621/2495 4194/62/2495 4195/63/2495
f 4195/63/2495 4513/3218/2495 4511/3220/2495
f 4512/5622/2495 4514/5623/2495 4510/3222/2495
f 4514/5623/2495 4182/61/2495 4181/138/2495
f 4510/3222/2495 4514/5623/2495 4181/138/2495
f 4517/5624/2496 4516/5625/2496 4513/5626/2496
f 4513/5626/2496 4195/63/2496 4517/5624/2496
f 4195/63/2496 4196/64/2496 4520/3224/2496
f 4517/5624/2496 4195/63/2496 4520/3224/2496
f 4515/3226/2496 4519/5627/2496 4183/65/2496
f 4183/65/2496 4182/61/2496 4515/3226/2496
f 4182/61/2496 4514/5628/2496 4518/3225/2496
f 4196/64/2497 4197/66/2497 4521/5629/2497
f 4197/66/2497 4184/67/2497 4521/5629/2497
f 4521/5629/2497 4184/67/2497 4522/3228/2497
f 4184/67/2497 4183/65/2497 4519/3227/2497
f 4524/3230/2498 4523/5630/2498 4188/70/2498
f 4188/70/2498 4187/58/2498 4524/3230/2498
f 4187/58/2498 4200/60/2498 4524/3230/2498
f 4200/60/2498 4201/71/2498 4525/3229/2498
f 4201/71/3206 4526/5631/3206 4525/3229/3206
f 4528/3232/2499 4526/5632/2499 4201/71/2499
f 4201/71/2499 4202/72/2499 4533/5633/2499
f 4533/5633/2499 4532/3231/2499 4201/71/2499
f 4527/3234/2499 4529/5634/2499 4531/5635/2499
f 4531/5635/2499 4530/5636/2499 4527/3234/2499
f 4530/5636/2499 4189/73/2499 4527/3234/2499
f 4189/73/2499 4188/70/2499 4527/3234/2499
f 4535/3237/2500 4534/5637/2500 4533/5638/2500
f 4533/5638/2500 4202/72/2500 4535/3237/2500
f 4202/72/2500 4203/74/2500 4535/3237/2500
f 4203/74/2500 4481/3235/2500 4535/3237/2500
f 4530/3238/2500 4325/5639/2500 4476/5640/2500
f 4536/3239/2500 4479/5641/2500 4189/73/2500
f 4479/5641/2500 4190/75/2500 4189/73/2500
f 4530/3238/2500 4476/5640/2500 4536/3239/2500
s 1
f 4430/3240/2501 4539/5642/3207 4538/3241/2502
s 0
f 4544/3244/2504 4540/5643/2504 4251/152/2504
f 4540/5643/2504 4545/5644/2504 4251/152/2504
f 4251/152/2504 4250/487/2504 4544/3244/2504
f 4547/3246/2504 4542/5645/2504 4541/5646/2504
f 4541/5646/2504 4263/141/2504 4547/3246/2504
f 4263/141/2504 4264/146/2504 4547/3246/2504
f 4549/3248/2505 4546/5647/2505 4264/146/2505
f 4264/146/2505 4253/157/2505 4549/3248/2505
f 4548/5648/2505 4550/5649/2505 4545/3249/2505
f 4550/5649/2505 4239/447/2505 4545/3249/2505
f 4553/3251/2507 4551/5650/2507 4253/157/2507
f 4253/157/2507 4252/450/2507 4553/3251/2507
f 4552/5651/2506 4555/3253/2506 4550/3252/2506
f 4555/3253/2506 4554/5652/2506 4239/447/2506
f 4554/5652/2507 4240/158/2507 4239/447/2507
f 4558/3255/3208 4556/3250/3208 4252/450/3208
f 4252/450/2508 4254/167/2508 4558/3255/2508
f 4254/167/2508 4559/5653/2508 4562/3254/2508
f 4554/5654/2508 4557/5655/2508 4240/158/2508
f 4557/5655/2508 4560/5656/2508 4561/3256/2508
f 4240/158/2508 4557/5655/2508 4561/3256/2508
f 4565/3258/2509 4564/5657/2509 4563/3259/2509
f 4563/3259/2509 4568/5658/2509 4242/170/2509
f 4242/170/2509 4241/718/2509 4563/3259/2509
f 4241/718/2509 4561/3257/2509 4563/3259/2509
f 4567/5659/2509 4559/5660/2509 4255/83/2509
f 4559/5660/2509 4254/167/2509 4255/83/2509
f 4255/83/2509 4569/3260/2509 4567/5659/2509
f 4567/5659/2509 4569/3260/2509 4566/3262/2509
f 4571/3264/2510 4569/5661/2510 4256/84/2510
f 4569/5661/2510 4255/83/2510 4256/84/2510
f 4256/84/2510 4243/82/2510 4571/3264/2510
f 4243/82/2510 4242/170/2510 4568/3263/2510
f 4244/86/2437 4257/85/2437 4268/172/2437
f 4572/3265/2511 4575/5662/2511 4574/5663/2511
f 4574/5663/2511 4249/177/2511 4248/87/2511
f 4262/174/2511 4573/5664/2511 4577/5665/2511
f 4573/5664/2511 4576/5666/2511 4577/5665/2511
f 4572/3265/2511 4574/5663/2511 4248/87/2511
f 4262/174/2511 4577/5665/2511 4261/88/2511
f 4577/5665/2511 4572/3265/2511 4261/88/2511
f 4573/3266/2512 4262/174/2512 4263/141/2512
f 4543/3268/2512 4250/487/2512 4249/177/2512
s 1
f 4476/3199/2490 4384/3198/2489 4383/3270/2513
s 0
f 4578/3272/2515 4579/5667/2515 4581/5668/2515
f 4581/5668/2515 4582/5669/2515 4578/3272/2515
f 4582/5669/2515 4311/593/2515 4578/3272/2515
f 4323/348/2515 4324/590/2515 4583/5670/2515
f 4324/590/2515 4580/5671/2515 4583/5670/2515
f 4580/5671/2515 4584/5672/2515 4583/5670/2515
f 4578/3272/2515 4311/593/2515 4310/347/2515
f 4323/348/2515 4583/5670/2515 4578/3272/2515
f 4582/5673/2516 4585/5674/2516 4311/593/2516
f 4585/5674/2516 4589/5675/2516 4311/593/2516
f 4589/5675/2516 4588/3273/2516 4311/593/2516
f 4591/5676/2516 4586/5677/2516 4587/5678/2516
f 4591/5676/2516 4587/5678/2516 4538/5679/2516
f 4593/5680/2516 4591/5676/2516 4538/5679/2516
f 4539/5681/2516 4580/5682/2516 4593/5680/2516
f 4580/5682/2516 4324/590/2516 4593/5680/2516
f 4593/5680/2516 4538/5679/2516 4539/5681/2516
f 4313/597/2516 4590/5683/2516 4592/3274/2516
f 4592/3274/2516 4593/5680/2516 4324/590/2516
f 4605/5684/2517 4590/5685/2517 4313/597/2517
f 4312/725/2517 4604/3275/2517 4601/3277/2517
f 4604/3275/2517 4595/5686/2517 4596/5687/2517
f 4604/3275/2517 4596/5687/2517 4599/3276/2517
f 4605/5684/2517 4313/597/2517 4312/725/2517
f 4586/5688/2517 4591/5689/2517 4605/5684/2517
f 4601/3277/2517 4586/5688/2517 4605/5684/2517
f 4605/5684/2517 4312/725/2517 4601/3277/2517
f 4602/5690/2517 4597/5691/2517 4594/3278/2517
f 4597/5691/2517 4598/5692/2517 4594/3278/2517
f 4594/3278/2517 4603/5693/2517 4300/599/2517
f 4588/3279/3209 4600/5694/3209 4602/5690/3209
f 4594/3278/2517 4300/599/2517 4299/600/2517
f 4588/3279/2517 4602/5690/2517 4594/3278/2517
f 4606/3281/2518 4604/5695/2518 4314/337/2518
f 4604/5695/2518 4312/725/2518 4314/337/2518
f 4314/337/2518 4301/655/2518 4606/3281/2518
f 4301/655/2518 4300/599/2518 4603/3280/2518
f 4304/342/2453 4317/341/2453 4328/349/2453
s 1
f 4539/5642/3207 4430/3240/2501 4580/3284/2520
f 4430/3240/2501 4429/3282/2519 4580/3284/2520
f 4587/3285/2521 4432/3288/2523 4431/3242/2503
f 4530/3287/2522 4531/3292/2527 4385/3291/2526
f 4385/3291/2526 4265/3286/2522 4530/3287/2522
f 4586/3289/2524 4601/3295/2530 4433/3294/2529
f 4433/3294/2529 4432/3288/2523 4586/3289/2524
f 4529/3290/2525 4386/3297/2525 4385/3291/2526
f 4599/3293/2528 4434/3299/2534 4433/3294/2529
f 4527/3296/2531 4387/3300/2531 4386/3297/2531
f 4596/3298/2533 4435/3306/2539 4434/3299/2534
f 4523/3301/2536 4524/5696/3210 4388/3396/3211
f 4388/3396/3211 4387/3300/2535 4523/3301/2536
f 4473/3302/2537 4318/5697/2537 4319/3303/2537
f 4595/3305/2538 4436/3312/2538 4435/3306/2539
f 4389/3307/2540 4388/5698/3212 4524/3308/2540
f 4306/3310/2541 4318/5697/2542 4473/3302/2542
f 4606/5699/2545 4437/5700/2545 4604/3313/2545
f 4437/5700/2545 4436/3312/2544 4604/3313/2545
f 4526/3314/2548 4528/3321/2553 4390/5701/3213
f 4390/5701/3213 4389/3307/2546 4526/3314/2548
f 4305/3315/2549 4306/3310/2541 4469/3311/2543
f 4603/3319/2550 4594/3326/2550 4438/5702/2550
f 4438/5702/2550 4437/3317/2550 4603/3319/2550
f 4391/3320/2552 4390/5701/3213 4528/3321/2553
f 4259/3323/2555 4305/3315/2555 4472/3316/2555
f 4439/3325/2556 4438/5702/2557 4594/3326/2557
f 4534/3333/2564 4392/5703/3214 4533/3328/2559
f 4392/5703/3214 4391/3320/2552 4533/3328/2559
f 4468/3329/2560 4258/3336/2560 4259/3323/2560
f 4440/3330/2561 4439/3325/2556 4598/3327/2558
f 4393/3332/2563 4392/5703/3214 4534/3333/2564
f 4470/3335/2566 4246/5704/2566 4258/3336/2566
f 4441/3337/2567 4440/3330/2561 4597/3331/2562
f 4394/3339/2569 4393/3332/2570 4535/3334/2570
f 4453/3342/2572 4451/5705/2572 4245/3343/2572
f 4245/3343/2572 4246/5704/3215 4457/3341/2572
f 4246/5704/3215 4470/3335/3215 4466/5706/3216
f 4246/5704/3215 4466/5706/3216 4457/3341/2572
f 4442/3344/2573 4441/3337/2567 4602/3338/2568
f 4480/3352/2580 4395/5707/3217 4481/3346/2575
f 4395/5707/3217 4394/3339/2569 4481/3346/2575
f 4448/3347/2576 4199/5708/2576 4245/3348/2577
f 4588/3350/2578 4589/3357/2583 4443/5709/3218
f 4443/5709/3218 4442/3344/2573 4588/3350/2578
f 4396/3351/2579 4395/5707/3217 4480/3352/2580
f 4198/3354/2581 4199/5708/2581 4448/3347/2581
f 4444/3356/2582 4443/5709/3218 4589/3357/2583
f 4397/3359/2585 4396/3351/2586 4478/3353/2586
f 4460/3362/2588 4464/3368/3219 4186/3367/3219
f 4186/3367/3219 4198/3354/2589 4460/3362/2588
f 4198/3354/2589 4449/3355/2589 4456/3361/2588
f 4582/3363/2590 4581/3370/2596 4445/5710/3220
f 4445/5710/3220 4444/3356/2582 4582/3363/2590
f 4398/3364/2591 4397/3359/2585 4485/3360/2587
f 4465/3366/2593 4185/3373/2593 4186/3367/2593
f 4446/3369/2595 4445/5710/3220 4581/3370/2596
f 4491/3378/2598 4399/3377/2598 4484/3372/2598
f 4399/3377/2598 4398/3364/2591 4484/3372/2598
f 4474/3304/3221 4319/3303/2601 4461/3374/2601
f 4319/3303/2601 4185/3373/2599 4461/3374/2601
f 4447/3375/2602 4446/3369/2603 4579/3371/2603
f 4499/3386/2604 4400/3385/2604 4488/3379/2604
f 4400/3385/2604 4399/3377/2604 4488/3379/2604
f 4462/3382/2605 4463/5711/2605 4139/5712/2605
f 4139/5712/2605 4138/3380/2605 4462/3382/2605
f 4428/3383/2606 4447/5713/2606 4578/3376/2606
f 4508/5714/2607 4374/5715/2607 4503/3387/2607
f 4374/5715/2607 4400/3385/2607 4503/3387/2607
f 4467/3389/2608 4471/3381/2608 4138/3380/2608
f 4138/3380/2608 4126/3390/2608 4458/3388/2608
f 4126/3390/2608 4450/3392/3222 4454/5716/2608
f 4126/3390/2608 4454/5716/2608 4458/3388/2608
f 4126/3390/2609 4125/3395/2610 4452/3391/2610
f 4455/3394/2611 4452/3391/2611 4125/3395/2611
f 4125/3395/2611 4139/3396/2611 4459/3393/2611
f 4139/3396/2611 4463/5717/2611 4459/3393/2611
f 4568/3398/2612 4563/3400/3223 4402/5718/2612
f 4402/5718/2612 4401/3396/2612 4568/3398/2612
f 4403/3399/2613 4402/5718/3224 4563/3400/2613
f 4404/3402/2614 4403/3399/2615 4564/3401/2615
f 4561/3404/2617 4560/3406/2619 4405/5719/3225
f 4405/5719/3225 4404/3402/2614 4561/3404/2617
f 4406/3405/2618 4405/5719/3225 4560/3406/2619
f 4359/3408/2621 4360/3412/2622 4517/3409/2622
f 4554/3411/2623 4555/3415/2627 4407/5720/3226
f 4407/5720/3226 4406/3405/2618 4554/3411/2623
f 4360/3412/2624 4361/5721/2625 4516/3413/2625
f 4408/3414/2626 4407/5720/3226 4555/3415/2627
f 4516/3413/3227 4361/5721/3227 4513/3419/2629
f 4361/5721/3227 4362/3417/2629 4513/3419/2629
f 4550/3420/2630 4548/3424/2634 4409/3423/2633
f 4409/3423/2633 4408/3414/2626 4550/3420/2630
f 4509/3418/2631 4362/3417/2631 4363/3421/2632
f 4545/3425/2635 4540/3430/2638 4410/5722/3228
f 4410/5722/3228 4409/3423/2633 4545/3425/2635
f 4511/3422/3229 4363/3421/2636 4506/3428/2636
f 4363/3421/2636 4364/3426/2636 4506/3428/2636
f 4411/3429/2637 4410/5722/3228 4540/3430/2638
f 4504/3427/2641 4364/3426/2641 4497/3434/2641
f 4364/3426/2641 4365/3432/2639 4497/3434/2641
f 4574/3436/2643 4575/3439/2643 4412/5723/2643
f 4412/5723/2643 4411/3429/2642 4574/3436/2643
f 4411/3429/2642 4544/3431/2642 4543/3435/2642
f 4492/3433/2644 4365/3432/2644 4366/3396/2645
f 4413/3438/2646 4412/5723/3230 4575/3439/2646
f 4366/3441/2648 4367/5724/2649 4494/3442/2649
f 4577/3444/2650 4414/3451/2650 4413/3445/2651
f 4498/3449/2653 4494/3442/2653 4367/5724/2653
f 4367/5724/2653 4368/3447/2653 4498/3449/2653
f 4576/3450/2654 4415/3455/2654 4414/3451/2654
f 4507/3454/2655 4505/3448/2655 4368/3447/2655
f 4368/3447/2655 4369/3452/2655 4507/3454/2655
f 4542/5725/3231 4416/3459/3232 4541/5726/3233
f 4416/3459/3232 4415/3455/2656 4573/3456/2656
f 4541/5726/3233 4416/3459/3232 4573/3456/2656
f 4510/3453/2657 4369/3452/2657 4370/3457/2657
f 4416/3459/2658 4542/5725/2658 4547/3460/2659
f 4514/3464/2661 4512/3458/3234 4370/3457/2661
f 4370/3457/2661 4371/3462/2661 4514/3464/2661
f 4549/3469/2548 4418/3468/2666 4546/3465/2662
f 4418/3468/2666 4417/3461/2660 4546/3465/2662
f 4518/3463/2663 4371/3462/2663 4372/3466/2664
f 4553/3475/2671 4419/3474/2670 4551/3470/2667
f 4419/3474/2670 4418/3468/2666 4551/3470/2667
f 4519/3473/2669 4515/3467/2665 4372/3466/2664
f 4372/3466/2664 4373/3471/2668 4519/3473/2669
f 4558/5727/3235 4420/3480/2674 4556/3476/2672
f 4420/3480/2674 4419/3474/2670 4556/3476/2672
f 4521/3479/2673 4522/3472/2542 4373/3471/2542
f 4373/3471/2542 4359/3477/2673 4521/3479/2673
f 4420/3480/2674 4558/5727/3235 4562/3481/2675
f 4567/3486/2680 4422/3485/2679 4559/3483/2677
f 4422/3485/2679 4421/3482/2676 4559/3483/2677
f 4566/3484/2678 4423/3491/2684 4422/3485/2679
f 4501/3489/2682 4502/3494/2687 4375/3493/2686
f 4375/3493/2686 4374/3487/2681 4501/3489/2682
f 4570/3490/2683 4424/3495/2683 4423/3491/2684
f 4500/3492/2685 4376/3498/2685 4375/3493/2686
f 4571/5728/3236 4401/5729/3236 4569/3496/2501
f 4401/5729/3236 4424/3495/2688 4569/3496/2501
f 4495/3497/2689 4377/5730/3237 4376/3498/2690
f 4378/3499/2692 4377/5730/3237 4495/3497/2689
f 4489/3501/2693 4490/3507/2693 4379/3506/2693
f 4379/3506/2693 4378/3499/2693 4489/3501/2693
f 4605/3512/3238 4425/3511/3238 4590/3504/2695
f 4425/3511/3238 4426/3502/2695 4590/3504/2695
f 4487/3505/2696 4380/3509/2699 4379/3506/2697
f 4426/3502/2698 4427/5731/2698 4593/3508/2698
f 4482/3510/2700 4486/3516/2704 4381/3515/2703
f 4381/3515/2703 4380/3509/2699 4482/3510/2700
f 4591/3513/2701 4593/5732/3239 4427/5733/3239
f 4427/5733/3239 4425/3511/2701 4591/3513/2701
f 4477/3514/2702 4382/3517/2702 4381/3515/2703
f 4584/3283/2705 4429/3282/2705 4428/3383/2705
f 4479/3518/2706 4536/3271/2514 4383/3270/2513
f 4383/3270/2513 4382/3517/2706 4479/3518/2706
